signe_livre	occurrences	region	candidat_hpo	label_hpo	portee_proposee	definition_hpo	commentaire_hpo	decision	motif
cardiac defects	60	heart	HP:0031546	Cardiac conduction abnormality	EXACT (j=0.67)	Any anomaly of the progression of electrical impulses through the heart.	The conduction system of the heart initiates and coordinates the electric signal that causes the rhythmic and synchronized contractions of the atria and ventricles. In higher vertebrates, this system 	PARENT:HP:0001627	parapluie — toute anomalie structurale du coeur ; le candidat propose (conduction) etait faux
hearing loss	41	ears	HP:0000365	Hearing impairment	RELATED (déclaré par HPO)	A decreased magnitude of the sensory perception of sound.	Hearing loss can be categorized by which part of the auditory system is damaged, as conductive hearing loss, sensorineural hearing loss, and mixed hearing loss. Another axis of classification uses the	HP:0000365	Hearing impairment — RELATED chez HPO mais meme concept clinique ; postnatal, sera ecarte par le filtre foetal
imperforate anus	25	abdomen	HP:0002023	Anal atresia	RELATED (déclaré par HPO)	Congenital absence of the anus, i.e., the opening at the bottom end of the intestinal tract.		HP:0002023	Anal atresia — RELATED chez HPO, synonymie classique et sans ambiguite
cardiac defect	20	heart	HP:0031546	Cardiac conduction abnormality	EXACT (j=0.67)	Any anomaly of the progression of electrical impulses through the heart.	The conduction system of the heart initiates and coordinates the electric signal that causes the rhythmic and synchronized contractions of the atria and ventricles. In higher vertebrates, this system 	PARENT:HP:0001627	idem, singulier
cleft lip with or without cleft palate	15	mouth	HP:0000202	Orofacial cleft	NARROW (j=0.75)	The presence of a cleft (gap, opening, or groove) in the oral cavity, including cleft of the upper lip and/or cleft of the palate. Cleft of the upper lip is visible as a groove or fissure in the lip, most frequently due to a congenital failure of the maxillary and median nasal processes to fuse. Cle		PARENT:HP:0000202	Orofacial cleft — la forme du livre couvre deux entites distinctes, on pose le parent
hirschsprung disease	14	abdomen	HP:0002251	Aganglionic megacolon	RELATED (déclaré par HPO)	An abnormality resulting from a lack of intestinal ganglion cells (i.e., an aganglionic section of bowel) that results in bowel obstruction with enlargement of the colon.	Aganglionic megacolon is characterized by congenital absence of intrinsic ganglion cells in the myenteric (Auerbach) and submucosal (Meissner) plexuses of the gastrointestinal tract.	HP:0002251	Aganglionic megacolon — RELATED chez HPO, meme entite
fifth-finger clinodactyly	12	limbs	HP:0030084	Clinodactyly	NAME (j=0.50)	An angulation of a digit at an interphalangeal joint in the plane of the palm (finger) or sole (toe).		HP:0004209	HPO separe Clinodactyly (HP:0030084) de Clinodactyly of the 5th finger : la forme du livre est la specifique
prenatal onset of growth deficiency	11	growth	HP:0001511	Intrauterine growth retardation	EXACT (j=0.75)	An abnormal restriction of fetal growth with fetal weight below the tenth percentile for gestational age.	Intrauterine growth restriction is a newer term that is preferred over Intrauterine growth retardation. The causes of IUGR include maternal abnormalities (chronic hypertension, cyanotic heart disease,	HP:0001511	Intrauterine growth retardation — equivalent
small nose	11	craniofacial	HP:0003196	Short nose	RELATED (déclaré par HPO)	Distance from nasion to subnasale more than two standard deviations below the mean, or alternatively, an apparently decreased length from the nasal root to the nasal tip.	Note: a small nose has both decreased height and a decreased width. These should be coded separately.	PARENT:HP:0005105	court, etroit ou hypoplasique ne sont pas le meme axe ; Short nose serait une sur-precision
supernumerary nipples	11	skin	HP:0002558	Supernumerary nipple	RELATED (déclaré par HPO)	Presence of more than two nipples.		HP:0002558	Supernumerary nipple — pluriel seul en cause
inner epicanthal folds	8	eyes	HP:0000286	Epicanthus	EXACT (j=0.67)	A fold of skin starting above the medial aspect of the upper eyelid and arching downward to cover, pass in front of and lateral to the medial canthus.	In extreme cases, the skin fold can start as high as the eyebrow; this is called epicanthus superciliaris.	HP:0000286	Epicanthus — « inner » est redondant, l'epicanthus est par definition medial
small hands and feet	8	limbs	HP:0001773	Short foot	EXACT (j=0.67)	A measured foot length that is more than 2 SD below the mean for a newborn of 27 - 41 weeks gestation, or foot that is less than the 3rd centile for individuals from birth to 16 years of age (objective). Alternatively, a foot that appears disproportionately short (subjective).		HP:0200055+HP:0001773	forme composite : deux signes distincts, tous deux codes (Small hand + Short foot)
low-set posteriorly rotated ears	7	ears	HP:0000358	Posteriorly rotated ears	NAME (j=0.75)	A type of abnormal location of the ears in which the position of the ears is characterized by posterior rotation (the superior part of the ears is rotated towards the back of the head, and the inferior part of the ears towards the front).	Angle formed by the line perpendicular to the Frankfurt plane and the medial longitudinal axis of the ear (the two most remote points of the ear) greater than two standard deviations above the mean fo	HP:0000369+HP:0000358	forme composite : implantation basse ET rotation posterieure, deux HPO distincts
epilepsy	7	neuro	HP:0001250	Seizure	RELATED (déclaré par HPO)	A seizure is an intermittent abnormality of nervous system physiology characterized by a transient occurrence of signs and/or symptoms due to abnormal excessive or synchronous neuronal activity in the brain.	A type of electrographic seizure has been proposed in neonates which does not have a clinical correlate, it is electrographic only. The term epilepsy is not used to describe recurrent febrile seizures	HP:0001250	Seizure — RELATED chez HPO ; postnatal, ecarte par le filtre foetal
normal intelligence	6	neuro						NON	hors champ foetal — vient de Smith qui decrit des enfants ; ecarte par le filtre
hypoplastic left heart	6	heart	HP:0004383	Hypoplastic left ventricle	NAME (j=0.50)	A severe congenital heart defect characterized by underdevelopment of the left ventricle.	This feature most often occurs as part of the Hypoplastic left heart syndrome (HLHS), which may comprise additional malfmorations atresia of the aortic or mitral orifice and hypoplasia of the ascendin	HP:0004383	Hypoplastic left ventricle — le livre designe le ventricule
midfacial hypoplasia	6	craniofacial						HP:0011800	Midface retrusion — definition HPO : recul de l'etage moyen
low hairline	6	craniofacial	HP:0000294	Low anterior hairline	NAME (j=0.67)	Distance between the hairline (trichion) and the glabella (the most prominent point on the frontal bone above the root of the nose), in the midline, more than two SD below the mean. Alternatively, an apparently decreased distance between the hairline and the glabella.	This feature gives the appearance of a short forehead. It is distinct from hirsutism of the forehead. In the latter, orientation of hair growth is lateral and texture and density of hair differs from 	HP:0000294	Low anterior hairline — sans precision le livre parle de l'anterieure
refractive errors	6	eyes						HP:0000539	Abnormality of refraction — postnatal, ecarte par le filtre foetal
frontal prominence	6	craniofacial	HP:0011220	Prominent forehead	EXACT (j=0.67)	Forward prominence of the entire forehead, due to protrusion of the frontal bone.	Not to be confused with frontal bossing.	HP:0011220	Prominent forehead — equivalent
short horizontal ribs	6	thorax	HP:0000773	Short ribs	NAME (j=0.67)	Reduced rib length.		HP:0000773	Short ribs — « horizontal » est une precision radiologique, pas un autre signe
hernias	6	abdomen	HP:0100790	Hernia	RELATED (déclaré par HPO)			PARENT:HP:0100790	Hernia — parapluie, le siege n'est pas precise
low-set malformed ears	5	ears	HP:0000369	Low-set ears	NAME (j=0.67)	Upper insertion of the ear to the scalp below an imaginary horizontal line drawn between the inner canthi of the eye and extending posteriorly to the ear.			
postnatal onset of growth deficiency	5	growth	HP:0008897	Postnatal growth retardation	EXACT (j=0.75)	Slow or limited growth after birth.			
vertical talus	5	limbs	HP:0001838	Rocker bottom foot	EXACT (j=0.67)	The presence of both a prominent heel and a convex contour of the sole.	Congenital vertical talus is characterized by pes valgus, a rigid flatfoot deformity (as opposed to a flexible calcaneovalgus foot) caused by a malpositioned navicular bone at the neck of the talus; t		
mild to severe intellectual disability	5	neuro	HP:0001256	Mild intellectual disability	NAME (j=0.75)	Mild intellectual disability (ID) is defined as a type of ID characterized by mildly sub-average adaptive functioning and intellectual functioning, with an intelligence quotient (IQ) the range of 50-69.			
umbilical and inguinal hernias	5	abdomen	HP:0000023	Inguinal hernia	NAME (j=0.67)	Protrusion of the contents of the abdominal cavity through the inguinal canal.	Inguinal hernia appears as a bulge in the groin.		
short trunk	5	skeletal							
cardiovascular defects	5	heart							
postnatal onset microcephaly	5	craniofacial	HP:0005484	Secondary microcephaly	EXACT (j=0.67)	Head circumference which falls below 2 standard deviations below the mean for age and gender because of insufficient head growth after birth.			
genitourinary anomalies	5	genitourinary	HP:0000119	Abnormality of the genitourinary system	EXACT (j=0.67)	The presence of any abnormality of the genitourinary system.			
pulmonary hypertension	5	thorax	HP:0002092	Pulmonary arterial hypertension	NAME (j=0.67)	Pulmonary hypertension is defined mean pulmonary artery pressure of 25mmHg or more and pulmonary capillary wedge pressure of 15mmHg or less when measured by right heart catheterisation at rest and in a supine position.	Pulmonary hypertension can be secondary to known cardiac, pulmonary, or hepatic disease. If no cause is identifiable, the term primary pulmonary hypertension is used.		
normal stature	5	performance							
autism spectrum disorders	5	neuro	HP:0000729	Autistic behavior	RELATED (déclaré par HPO)	Persistent deficits in social interaction and communication and interaction as well as a markedly restricted repertoire of activity and interest as well as repetitive patterns of behavior.	This term can be used to refer to autism spectrum disorder as a phenotypic feature that can be a component of a disease. Autism spectrum disorder range from a severe form, called autistic disorder, to	HP:0000717	idem, pluriel
late closure of fontanels	4	craniofacial	HP:0001476	Delayed closure of the anterior fontanelle	EXACT (j=0.60)	A delay in closure (ossification) of the anterior fontanelle, which generally undergoes closure around the 18th month of life.			
slanted palpebral fissures	4	eyes	HP:0000494	Downslanted palpebral fissures	EXACT (j=0.75)	The palpebral fissure inclination is more than two standard deviations below the mean.			
colobomata of iris	4	eyes							
vertebral defects	4	skeletal	HP:0003422	Vertebral segmentation defect	NAME (j=0.67)	An abnormality related to a defect of vertebral separation during development.	The vertebral column derives from somites, transient paired segments of mesoderm that surround the neural tube in the early embryo. The formation of the vertebrar involves many processes including res		
shortness of stature	4	growth							
cleft palate alone	4	mouth	HP:0000175	Cleft palate	NAME (j=0.67)	Cleft palate is a developmental defect of the palate resulting from a failure of fusion of the palatine processes and manifesting as a separation of the roof of the mouth (soft and hard palate).	Cleft palate is a developmental defect that occurs between the 7th and 12th week of pregnancy. Normally, the palatine processes fuse during this time to form the soft and hard palate. A failure of fus		
short nose with anteverted nares	4	craniofacial	HP:0000463	Anteverted nares	NAME (j=0.50)	Anteriorly-facing nostrils viewed with the head in the Frankfurt horizontal and the eyes of the observer level with the eyes of the subject. This gives the appearance of an upturned nose (upturned nasal tip).	The tip of the nose is upturned and is positioned superiorly to the nasal base, allowing the nares to be easily visualized from the front. With maturation and growth of the nasal ridge and tip, the na		
fetal fingertip pads	4	limbs	HP:0001212	Prominent fingertip pads	EXACT (j=0.75)	"A soft tissue prominence of the ventral aspects of the fingertips. The term \""persistent fetal fingertip pads\"" is often used as a synonym, but should better not be used because it implies knowledge of history of the patient which often does not exist."			
hypoplastic genitalia	4	genitourinary	HP:0000050	Hypoplastic male external genitalia	EXACT (j=0.67)	Underdevelopment of part or all of the male external reproductive organs (which include the penis, the scrotum and the urethra).			
retarded osseous maturation	4	skeletal							
multiple wormian bones	4	craniofacial	HP:0002645	Wormian bones	NAME (j=0.67)	The presence of extra bones within a cranial suture. Wormian bones are irregular isolated bones which appear in addition to the usual centers of ossification of the cranium.	Irregular, isolated bones in the lambdoidal suture or at the fontanelles.		
neural tube closure defect	4	neuro	HP:0045005	Neural tube defect	NAME (j=0.75)	A neural tube defect arises when the neural tube, the embryonic precursor of the brain and spinal cord, fails to close during neurulation. The cranial region (anencephaly) or the low spine (open spina bifida; myelomeningocele) are most commonly affected although, in the severe NTD craniorachischisis			
rib defects	4	thorax	HP:0030282	Posterior rib gap	EXACT (j=0.67)	Radiolucent focal defect of the posterior portion of a rib shaft. The 'gaps' may lead to flail chest.			
fine sparse hair	4	skin	HP:0002213	Fine hair	NAME (j=0.67)	Hair that is fine or thin to the touch.			
underossified phalanges	4	limbs							
kleeblattschadel anomaly	4	craniofacial						HP:0002676	Cloverleaf skull — synonyme allemand du meme signe
short extremities	4	limbs							
hydropic appearance	4	other							
autism spectrum disorder	4	neuro	HP:0000729	Autistic behavior	RELATED (déclaré par HPO)	Persistent deficits in social interaction and communication and interaction as well as a markedly restricted repertoire of activity and interest as well as repetitive patterns of behavior.	This term can be used to refer to autism spectrum disorder as a phenotypic feature that can be a component of a disease. Autism spectrum disorder range from a severe form, called autistic disorder, to	HP:0000717	Autism — le terme HPO, pas « Autistic behavior »
bulbous nasal tip	4	craniofacial	HP:0000414	Bulbous nose	RELATED (déclaré par HPO)	Increased volume and globular shape of the anteroinferior aspect of the nose.	This is a bundled term, but as it is useful in practice it is kept here. This alteration of size and shape may be limited to the tip, but may involve the lower third of the nose. If only the width of 	HP:0000414	Bulbous nose
carpal tunnel syndrome	4	limbs	HP:0012185	Constrictive median neuropathy	RELATED (déclaré par HPO)	Injury to the median nerve caused by its entrapment at the wrist as it traverses through the carpal tunnel. Clinically, constrictive median neuropathy is characterized by pain, paresthesia, and weakness in the median nerve distribution of the hand.	Constrictive median neuropathy is the major clinical feature of carpal tunnel syndrome.	HP:0012185	Constrictive median neuropathy — le terme HPO
narrow bifrontal diameter	3	craniofacial	HP:0000341	Narrow forehead	EXACT (j=0.50)	Width of the forehead or distance between the frontotemporales is more than two standard deviations below the mean (objective); or apparently narrow intertemporal region (subjective).	A reduced distance between the temporal regions (temples) on each side of the head to one another. Frontotemporalis is a point lateral to the vertical component of the supraorbital ridge, where there 		
wide fontanels	3	craniofacial	HP:0000239	Large fontanelles	EXACT (j=0.67)	In newborns, the two frontal bones, two parietal bones, and one occipital bone are joined by fibrous sutures, which form a small posterior fontanelle, and a larger, diamond-shaped anterior fontanelle. These regions allow for the skull to pass the birth canal and for later growth. The fontanelles gra	There are six membrane-covered openings between the cranial sutures in the incompletely ossified skull of the fetus or newborn infant that normally close sometime after birth (anterior fontanel, crani		
broad thorax	3	thorax							
incomplete rotation of colon	3	abdomen	HP:0002566	Intestinal malrotation	EXACT (j=0.50)	An abnormality of the intestinal rotation and fixation that normally occurs during the development of the gut. This can lead to volvulus, or twisting of the intestine that causes obstruction and necrosis.			
short or webbed neck	3	neck	HP:0000465	Webbed neck	NAME (j=0.67)	Pterygium colli is a congenital skin fold that runs along the sides of the neck down to the shoulders. It involves an ectopic fibrotic facial band superficial to the trapezius muscle. Excess hair-bearing skin is also present and extends down the cervical region well beyond the normal hairline.			
iris heterochromia	3	eyes	HP:0007818	Central heterochromia	EXACT (j=0.67)	The presence of distinct colors in the central (pupillary) zone of the iris than in the mid-peripheral (ciliary) zone.			
brain anomalies	3	neuro							
dimples	3	skin	HP:0000960	Sacral dimple	NAME (j=0.50)	A cutaneous indentation resulting from tethering of the skin to underlying structures (bone) of the intergluteal cleft.			
gastrointestinal defects	3	abdomen	HP:0002012	Abnormality of the abdominal organs	EXACT (j=0.67)	An abnormality of the viscera of the abdomen.	The abdominal organs comprise the stomach, small and large intestines, liver, pancreas, bile tract, and spleen.		
short upslanting palpebral fissures	3	eyes	HP:0000582	Upslanted palpebral fissure	EXACT (j=0.75)	The palpebral fissure inclination is more than two standard deviations above the mean for age (objective); or, the inclination of the palpebral fissure is greater than typical for age.			
short downslanting palpebral fissures	3	eyes	HP:0000494	Downslanted palpebral fissures	EXACT (j=0.75)	The palpebral fissure inclination is more than two standard deviations below the mean.			
colobomata	3	eyes							
porencephaly	3	neuro							
learning disabilities	3	neuro	HP:0001328	Specific learning disability	NAME (j=0.67)	Impairment of certain skills such as reading or writing, coordination, self-control, or attention that interfere with the ability to learn. The impairment is not related to a global deficiency of intelligence.	The term learning disability is used with different meanings in different contexts. Significant impairments of mental functioning with a reduction in IQ below 70 should be coded as mental retardation.		
asymmetry	3	craniofacial	HP:0000267	Cranial asymmetry	NAME (j=0.50)	Asymmetry of the bones of the skull.			
behavior problems	3	neuro							
enamel defects	3	mouth							
moderate to severe intellectual disability	3	neuro	HP:0002342	Moderate intellectual disability	NAME (j=0.75)	Moderate intellectual disability (ID) is defined as a type of ID characterized by moderately sub-average adaptive functioning and intellectual functioning, with an intelligence quotient (IQ) the range of 35-49.			
abnormal ears	3	ears	HP:0000357	Abnormal location of ears	NAME (j=0.67)	Abnormal location of the ear.			
triangular-shaped face	3	craniofacial							
renal defect	3	genitourinary	HP:0000124	Renal tubular dysfunction	EXACT (j=0.67)	Abnormal function of the renal tubule. The basic functional unit of the kidney, the nephron, consists of a renal corpuscle attached to a renal tubule, with roughly 0.8 to 1.5 nephrons per adult kidney. The functions of the renal tubule include reabsorption of water, electrolytes, glucose, and amino 			
abnormal electroencephalograph	3	neuro							
wide sutures	3	craniofacial	HP:0000239	Large fontanelles	NARROW (j=0.67)	In newborns, the two frontal bones, two parietal bones, and one occipital bone are joined by fibrous sutures, which form a small posterior fontanelle, and a larger, diamond-shaped anterior fontanelle. These regions allow for the skull to pass the birth canal and for later growth. The fontanelles gra	There are six membrane-covered openings between the cranial sutures in the incompletely ossified skull of the fetus or newborn infant that normally close sometime after birth (anterior fontanel, crani		
accelerated osseous maturation	3	skeletal	HP:0005616	Accelerated skeletal maturation	NAME (j=0.50)	An abnormally increased rate of skeletal maturation. Accelerated skeletal maturation can be diagnosed on the basis of an estimation of the bone age from radiographs of specific bones in the human body.			
poland sequence	3	limbs							
absence of olfactory bulbs	3	neuro	HP:0001341	Olfactory lobe agenesis	EXACT (j=0.50)				
intrauterine growth deficiency	3	growth	HP:0001510	Growth delay	EXACT (j=0.67)	A deficiency or slowing down of growth pre- and postnatally.	Poor or abnormally slow gains in weight or height in a child.		
decreased range of motion at elbows	3	limbs	HP:0001377	Limited elbow extension	EXACT (j=0.40)	Limited ability to straighten the arm at the elbow joint.			
lateral displacement of inner canthi	3	eyes	HP:0006397	Lateral displacement of patellae	NAME (j=0.40)				
median cleft lip	3	mouth	HP:0000161	Median cleft upper lip	NAME (j=0.75)	A type of cleft lip presenting as a midline (median) gap in the upper lip.			
dacryostenosis	3	eyes							
postnatal onset of short stature	3	growth	HP:0004322	Short stature	NAME (j=0.50)	"A height below that which is expected according to age and gender norms. Although there is no universally accepted definition of short stature, many refer to \""short stature\"" as height more than 2 standard deviations below the mean for age and gender (or below the 3rd percentile for age and gender "			
anal anomalies	3	abdomen							
dilated lateral ventricles	3	neuro	HP:0002119	Ventriculomegaly	EXACT (j=0.67)	An increase in size of the ventricular system of the brain.			
inguinal and umbilical hernia	3	abdomen	HP:0000023	Inguinal hernia	NAME (j=0.67)	Protrusion of the contents of the abdominal cavity through the inguinal canal.	Inguinal hernia appears as a bulge in the groin.		
delayed sexual development	3	genitourinary	HP:0001263	Global developmental delay	EXACT (j=0.67)	A delay in the achievement of motor or mental milestones in the domains of development of a child, including motor skills, speech and language, cognitive skills, and social and emotional skills. This term should only be used to describe children younger than five years of age.	Developmental retardation is any significant lag in development in the any or all of the physical, cognitive, behavioral, emotional, or social spheres. Note that the term intellectual disability (ment		
hyperpigmentation	3	skin	HP:0000953	Hyperpigmentation of the skin	NAME (j=0.50)	A darkening of the skin related to an increase in melanin production and deposition.			
broad first toe	3	limbs	HP:0001837	Broad toe	NAME (j=0.67)	Visible increase in width of the non-hallux digit without an increase in the dorso-ventral dimension.	Note that the girth may be increased in a broad toe, but this must be distinguished from Macrodactyly because in Macrodactyly the length is increased as well. The affected digit should be specified. N		
moebius sequence	3	neuro							
urinary tract defects	3	genitourinary	HP:0000010	Recurrent urinary tract infections	EXACT (j=0.50)	Repeated infections of the urinary tract.	The urinary tract comprises the kidneys, ureters, a bladder, and a urethra.		
high clavicles	3	thorax							
small ilia	3	skeletal							
metaphyseal flare	3	limbs							
neurologic complications	3	neuro							
restricted joint mobility	3	limbs	HP:0001376	Limitation of joint mobility	NAME (j=0.50)	A reduction in the freedom of movement of one or more joints.			
horizontal acetabula	3	skeletal							
pelvic dysplasia	3	skeletal							
choanal stenosis or atresia	3	craniofacial	HP:0200138	Bilateral choanal atresia/stenosis	NAME (j=0.75)				
exposure keratopathy	3	eyes							
limb asymmetry	3	limbs	HP:0100559	Lower limb asymmetry	NAME (j=0.67)	A difference in length or diameter between the left and right leg.			
hypoplastic maxilla	3	craniofacial							
short hands and feet	3	limbs	HP:0001773	Short foot	EXACT (j=0.67)	A measured foot length that is more than 2 SD below the mean for a newborn of 27 - 41 weeks gestation, or foot that is less than the 3rd centile for individuals from birth to 16 years of age (objective). Alternatively, a foot that appears disproportionately short (subjective).			
metaphyseal cupping of the distal ulna	3	skeletal	HP:0003021	Metaphyseal cupping	NAME (j=0.50)	Metaphyseal cupping refers to an inward bulging of the metaphyseal profile giving the metaphysis a cup-like appearance.			
velvety translucent skin	3	skin	HP:0000977	Soft skin	EXACT (j=0.67)	Subjective impression of increased softness upon palpation of the skin.			
rupture	3	heart	HP:0012223	Splenic rupture	NAME (j=0.50)	A breach of the capsule of the spleen.			
intracranial arterial tortuosity	3	neuro	HP:0005116	Arterial tortuosity	NAME (j=0.67)	Abnormal tortuous (i.e., twisted) form of arteries.			
aneurysm of other vessels	3	heart							
submandibular branchial cysts	3	neck	HP:0009796	Branchial cyst	NAME (j=0.67)	A branchial cyst is a remnant of embryonic development resulting from a failure of obliteration of a branchial cleft and consists of a subcutaneous cystic mass. Cysts are located anterior or posterior to the ear or in the submandibular region.	Branchial cyst have to be distinguished from the preauricular cysts and sinuses, which are ectodermal remnants from an aberrant development of the auditory tubercles, tend to be bilateral, and are loc		
vascular malformations	3	skin	HP:0006576	Hepatic vascular malformations	NAME (j=0.67)				
moderate-to-severe intellectual disability	3	neuro	HP:0001249	Intellectual disability	NAME (j=0.67)	The term intellectual disability or intellectual developmental disorder is used to describe significantly sub-average intellectual and adaptive functioning based on clinical assessment and as measured by individually administered, appropriately normed, standardized and validated tests of intellectua	This term should be used for children who are at least five years old. For younger children, consider using the term Global developmental delay (HP:0001263). According to the WHO classification, Disor		
accentuated lumbar lordosis	3	skeletal	HP:0002938	Lumbar hyperlordosis	EXACT (j=0.67)	An abnormal accentuation of the inward curvature of the spine in the lumbar region.			
anterior wedging of vertebral bodies	3	skeletal	HP:0004568	Beaking of vertebral bodies	EXACT (j=0.60)	Anterior tongue-like protrusions of the vertebral bodies.			
short middle and distal phalanges	3	limbs	HP:0005819	Short middle phalanx of finger	EXACT (j=0.75)	Short (hypoplastic) middle phalanx of finger, affecting one or more fingers.			
congenital heart disease	3	heart	HP:0001627	Abnormal heart morphology	EXACT (j=0.50)	Any structural anomaly of the heart.			
genitourinary malformations	3	genitourinary	HP:0000119	Abnormality of the genitourinary system	EXACT (j=0.67)	The presence of any abnormality of the genitourinary system.			
renal cysts	3	genitourinary	HP:0000107	Renal cyst	RELATED (déclaré par HPO)	A fluid filled sac in the kidney.		HP:0000107	Renal cyst — pluriel
ligamentous laxity	3	skeletal	HP:0001382	Joint hypermobility	RELATED (déclaré par HPO)	The capability that a joint (or a group of joints) has to move, passively and/or actively, beyond normal limits along physiological axes.	Synonyms of joint hypermobility (JH) include joint laxity and double-jointedness. In general terms, joint hyperlaxity is often considered a further synonym of JH. JH may be caused by a number of facto	HP:0001382	Joint hypermobility — RELATED layperson
broad flat nasal bridge	3	craniofacial	HP:0000431	Wide nasal bridge	RELATED (déclaré par HPO)	Increased breadth of the nasal bridge (and with it, the nasal root).	Care should be taken to distinguish between increased width of bone and Fullness of paranasal tissue. A wide nasal bridge should be distinguished from Telecanthus and Hypertelorism. A wide nasal bridg		
accessory nipples	3	skin	HP:0002558	Supernumerary nipple	RELATED (déclaré par HPO)	Presence of more than two nipples.			
mild growth deficiency	3	growth	HP:0001530	Mild postnatal growth retardation	RELATED (déclaré par HPO)	A mild degree of slow or limited growth after birth, being between two and three standard deviations below age- and sex-related norms.			
short hands	3	limbs	HP:0004279	Short palm	RELATED (déclaré par HPO)	Short palm.	This term refers to a developmental finding resulting in short palms. This term is reserved for individuals with shortening of all four metacarpals 2-5. Individuals with fewer than four shortened meta	HP:0200055	Small hand — pas « Short palm »
cognitive delays	3	neuro	HP:0001263	Global developmental delay	RELATED (déclaré par HPO)	A delay in the achievement of motor or mental milestones in the domains of development of a child, including motor skills, speech and language, cognitive skills, and social and emotional skills. This term should only be used to describe children younger than five years of age.	Developmental retardation is any significant lag in development in the any or all of the physical, cognitive, behavioral, emotional, or social spheres. Note that the term intellectual disability (ment		
speech difficulties	3	neuro	HP:0000750	Delayed speech and language development	RELATED (déclaré par HPO)	A degree of language development that is significantly below the norm for a child of a specified age.	Language delay can be characterized by a failure to meet the developmental milestones for language development, an inability to follow directions, or slow or incomprehensible speech after the age of t	PARENT:HP:0002167	parapluie ; « delayed speech » serait plus precis que le livre
refractive error	2	eyes							
wide gap between first and second toes	2	limbs	HP:0001852	Sandal gap	EXACT (j=0.83)	A widely spaced gap between the first toe (the great toe) and the second toe.			
auricular septal defect	2	heart	HP:0001671	Abnormal cardiac septum morphology	EXACT (j=0.67)	An anomaly of the intra-atrial or intraventricular septum.			
aberrant subclavian artery	2	heart	HP:0031632	Aberrant right subclavian artery	NAME (j=0.75)	Abnormal origin of the right subclavian artery from the descending aorta. The right subclavian artery normally arises from the brachiocephalic trunk, which divides into the right common carotid artery and right subclavian artery.			
anomalous auricles	2	ears							
feeble fetal activity	2	other	HP:0001558	Decreased fetal movement	EXACT (j=0.50)	An abnormal reduction in quantity or strength of fetal movements.			
low-set auricles	2	ears							
microgyria	2	neuro							
wormian cranial bones	2	craniofacial	HP:0002645	Wormian bones	NAME (j=0.67)	The presence of extra bones within a cranial suture. Wormian bones are irregular isolated bones which appear in addition to the usual centers of ossification of the cranium.	Irregular, isolated bones in the lambdoidal suture or at the fontanelles.		
syndactyly of third and fourth fingers	2	limbs	HP:0010709	2-4 finger cutaneous syndactyly	EXACT (j=0.60)	A soft tissue continuity in the anteroposterior axis between the second (index) to the fourth (ring) finger that extends distally to at least the level of the proximal interphalangeal joints.			
fused vertebrae	2	skeletal	HP:0002948	Vertebral fusion	EXACT (j=0.67)	A developmental defect leading to the union of two adjacent vertebrae.			
anophthalmos	2	eyes	HP:0011478	True anophthalmia	EXACT (j=0.50)	Absence of globe, optic nerve, chiasm and optic tracts. No evidence of ocular tissue on MRI scan or examination.	True anophthalmia implies an early failure of eye development.		
limited elbow supination	2	limbs	HP:0005852	Limited elbow extension and supination	NAME (j=0.75)				
abnormal scapula	2	skeletal	HP:0000782	Abnormal scapula morphology	NAME (j=0.67)	Any abnormality of the scapula, also known as the shoulder blade.			
abnormal sternum	2	skeletal	HP:0000766	Abnormal sternum morphology	NAME (j=0.67)	An anomaly of the sternum, also known as the breastbone.			
subarachnoid cyst	2	neuro							
hypoplastic external genitalia	2	genitourinary	HP:0000050	Hypoplastic male external genitalia	NAME (j=0.75)	Underdevelopment of part or all of the male external reproductive organs (which include the penis, the scrotum and the urethra).			
short webbed neck	2	neck	HP:0000465	Webbed neck	NAME (j=0.67)	Pterygium colli is a congenital skin fold that runs along the sides of the neck down to the shoulders. It involves an ectopic fibrotic facial band superficial to the trapezius muscle. Excess hair-bearing skin is also present and extends down the cervical region well beyond the normal hairline.			
hypoplastic dermal ridges	2	limbs	HP:0009891	Underdeveloped supraorbital ridges	EXACT (j=0.50)	Flatness of the supraorbital portion of the frontal bones.			
patent ductus arteriosis	2	heart	HP:0001643	Patent ductus arteriosus	NAME (j=0.50)	In utero, the ductus arteriosus (DA) serves to divert ventricular output away from the lungs and toward the placenta by connecting the main pulmonary artery to the descending aorta. A patent ductus arteriosus (PDA) in the first 3 days of life is a physiologic shunt in healthy term and preterm newbor			
genitourinary defects	2	genitourinary							
metopic ridging	2	craniofacial	HP:0005487	Prominent metopic ridge	EXACT (j=0.67)	Vertical bony ridge positioned in the midline of the forehead.	The ridge may extend from the hairline to the glabella or may be partial. The frontal suture of the skull is a dense connective tissue structure that divides the two halves of the frontal bone of the 		
ventricular and atrial septal defects	2	heart	HP:0001629	Ventricular septal defect	NAME (j=0.75)	A hole between the two bottom chambers (ventricles) of the heart. The defect is centered around the most superior aspect of the ventricular septum.			
distal axial triradius	2	limbs	HP:0001042	High axial triradius	NAME (j=0.50)				
learning difficulties	2	neuro							
short terminal phalanges	2	limbs	HP:0009803	Short phalanx of finger	EXACT (j=0.67)	Short (hypoplastic) phalanx of finger, affecting one or more phalanges.			
brain malformations	2	neuro							
low-set and or malformed ears	2	ears	HP:0000369	Low-set ears	NAME (j=0.67)	Upper insertion of the ear to the scalp below an imaginary horizontal line drawn between the inner canthi of the eye and extending posteriorly to the ear.			
vacterl association	2	other							
severe to profound intellectual disability	2	neuro	HP:0002187	Profound intellectual disability	NAME (j=0.75)	Profound intellectual disability (ID) is defined as a type of ID characterized by profoundly sub-average adaptive functioning and intellectual functioning, with an intelligence quotient (IQ) below 20.	Persons with profound mental retardation generally require constant care.		
retinal defect	2	eyes							
poor fine and gross motor coordination	2	neuro	HP:0007010	Poor fine motor coordination	NAME (j=0.80)	An abnormality of the ability (skills) to perform a precise movement of small muscles with the intent to perform a specific act. Fine motor skills are required to mediate movements of the wrists, hands, fingers, feet, and toes.			
central precocious puberty	2	genitourinary	HP:0000826	Precocious puberty	NAME (j=0.67)	The onset of secondary sexual characteristics before a normal age. Although it is difficult to define normal age ranges because of the marked variation with which puberty begins in normal children, precocious puberty can be defined as the onset of puberty before the age of 8 years in girls or 9 year			
upward slant to palpebral fissures	2	eyes	HP:0000494	Downslanted palpebral fissures	EXACT (j=0.60)	The palpebral fissure inclination is more than two standard deviations below the mean.			
premature loss of deciduous anterior teeth	2	mouth	HP:0006323	Premature loss of primary teeth	EXACT (j=0.80)	Loss of the primary (also known as deciduous) teeth before the usual age.	The primary teeth are usually shed and replaced by the permanent teeth, usually by the age of six years. With premature loss of primary teeth, there is a delay between the loss of the primary teeth an		
ovarian agenesis	2	genitourinary							
inner canthal folds	2	eyes							
thickened ear helices	2	ears	HP:0000391	Thickened helices	NAME (j=0.67)	Increased thickness of the helix of the ear.			
hypertelorism or telecanthus	2	eyes	HP:0000316	Hypertelorism	NAME (j=0.50)	Interpupillary distance more than 2 SD above the mean (alternatively, the appearance of an increased interpupillary distance or widely spaced eyes).			
rounded face	2	craniofacial							
abnormal palmar creases	2	limbs	HP:0000954	Single transverse palmar crease	EXACT (j=0.50)	The distal and proximal transverse palmar creases are merged into a single transverse palmar crease.	The presence of a single palmar crease (instead of the two palmar creases that are typically present).		
gastrointestinal reflux	2	abdomen							
renal and urinary tract anomalies	2	genitourinary	HP:0000079	Abnormality of the urinary system	EXACT (j=0.75)	An abnormality of the urinary system.			
brachymetacarpy	2	limbs							
monodactyly	2	limbs	HP:0004058	Hand monodactyly	NAME (j=0.50)				
postnatal onset short stature	2	growth	HP:0004322	Short stature	NAME (j=0.50)	"A height below that which is expected according to age and gender norms. Although there is no universally accepted definition of short stature, many refer to \""short stature\"" as height more than 2 standard deviations below the mean for age and gender (or below the 3rd percentile for age and gender "			
sparse arched eyebrows	2	craniofacial	HP:0002553	Highly arched eyebrow	EXACT (j=0.67)	Increased height of the central portion of the eyebrow, forming a crescent, semicircular, or inverted U shape.	Most eyebrows have some arch with downturning medially and laterally.		
hypoplastic notched nares	2	craniofacial	HP:0000430	Underdeveloped nasal alae	EXACT (j=0.67)	Thinned, deficient, or excessively arched ala nasi.	The alae nasi are the lateral portions of the nose or the wings of the nostrils, which partly encircle the nostrils (nares). They are usually about the width of the columella, but vary greatly dependi		
kidney and urinary tract anomalies	2	genitourinary	HP:0000079	Abnormality of the urinary system	EXACT (j=0.75)	An abnormality of the urinary system.			
autistic features	2	neuro							
long narrow face	2	craniofacial	HP:0000275	Narrow face	NAME (j=0.67)	Bizygomatic (upper face) and bigonial (lower face) width are both more than 2 standard deviations below the mean (objective); or, an apparent reduction in the width of the upper and lower face (subjective).	Objective measurement of the upper facial width is made with spreading calipers. The tips of the calipers are passed over the zygomatic arches until the maximum width is determined. Objective measurem		
large low-set posteriorly rotated ears	2	ears	HP:0000358	Posteriorly rotated ears	NAME (j=0.60)	A type of abnormal location of the ears in which the position of the ears is characterized by posterior rotation (the superior part of the ears is rotated towards the back of the head, and the inferior part of the ears towards the front).	Angle formed by the line perpendicular to the Frankfurt plane and the medial longitudinal axis of the ear (the two most remote points of the ear) greater than two standard deviations above the mean fo		
long smooth philtrum	2	mouth	HP:0000319	Smooth philtrum	NAME (j=0.67)	Flat skin surface, with no ridge formation in the central region of the upper lip between the nasal base and upper vermilion border.	There is a spectrum of this finding from total absence of the philtral ridges to a some prominence of the ridges. The central groove varies from absent to shallow. Normal values for the frequency of s		
cafe au lait macules	2	skin	HP:0000957	Cafe-au-lait spot	EXACT (j=0.60)	Cafe-au-lait spots are hyperpigmented lesions that can vary in color from light brown to dark brown with smooth borders and having a size of 1.5 cm or more in adults and 0.5 cm or more in children.	The phrase cafe-au-lait comes from the French word for milk-coffee. A single cafe-au-lait spot can be an isolated finding in otherwise normal individuals. Multiple cafe-au-lait spots often indicate th		
large prominent ears	2	ears	HP:0000400	Macrotia	EXACT (j=0.67)	Median longitudinal ear length greater than two standard deviations above the mean and median ear width greater than two standard deviations above the mean (objective); or, apparent increase in length and width of the pinna (subjective).	This is acknowledged to be a bundled term but retained here because of its usefulness in practice. Ear length is determined by the maximal distance from the superior aspect to the inferior aspect of t		
deep palmar and plantar creases	2	skin	HP:0001869	Deep plantar creases	NAME (j=0.75)	The presence of unusually deep creases (ridges/wrinkles) on the skin of sole of foot.			
prominent dysplastic ears	2	ears	HP:0000377	Abnormal pinna morphology	EXACT (j=0.67)	An abnormality of the pinna, which is also referred to as the auricle or external ear.	The term 'dysplastic' is no longer accepted as a descriptor for an ear with unusual morphology. Each specific anatomical component of the ear should be described when the ear is thought to be abnormal		
strabismus or amblyopia	2	eyes	HP:0000486	Strabismus	NAME (j=0.50)	A misalignment of the eyes so that the visual axes deviate from bifoveal fixation. The classification of strabismus may be based on a number of features including the relative position of the eyes, whether the deviation is latent or manifest, intermittent or constant, concomitant or otherwise and ac			
microbrachycephaly	2	craniofacial							
short incurved fifth finger	2	limbs	HP:0009237	Short 5th finger	EXACT (j=0.75)	Hypoplasia (congenital reduction in size) of the fifth finger, also known as the little finger.			
malignancy	2	other							
hypoplastic ala nasi	2	craniofacial	HP:0000430	Underdeveloped nasal alae	EXACT (j=0.50)	Thinned, deficient, or excessively arched ala nasi.	The alae nasi are the lateral portions of the nose or the wings of the nostrils, which partly encircle the nostrils (nares). They are usually about the width of the columella, but vary greatly dependi		
prominent heels	2	limbs	HP:0012428	Prominent calcaneus	EXACT (j=0.67)	Protruding heel bone, or calcaneus.			
decreased retinal pigmentation	2	eyes	HP:0005590	Spotty hypopigmentation	EXACT (j=0.50)				
cutaneous nevi	2	skin	HP:0003764	Nevus	RELATED (j=0.50)	A nevus is a type of hamartoma that is a circumscribed stable malformation of the skin.	The word Nevus derives from the Latin word Knee-vus meaning birthmark or mole.		
missing teeth	2	mouth	HP:0000674	Anodontia	RELATED (j=0.67)	The absence of all teeth from the normal series by a failure to develop.	Anodontia can affect both primary and permanent teeth. Alternatively, there can be anodontia of just the permanent teeth. Anodontia must be distinguished from non-erupted teeth.	PARENT:HP:0009804	Tooth agenesis — hypodontie ou anodontie, le livre ne tranche pas
malignancies	2	other							
neonatal cholestasis	2	abdomen	HP:0001396	Cholestasis	NAME (j=0.50)	Impairment of bile flow due to obstruction in bile ducts.			
prematurity	2	other	HP:0034236	Apnea of prematurity	NAME (j=0.50)	Recurrent episodes of apnea occurring in infants born less than 37 weeks of gestation, defined specifically as a pause of breathing for more than 15-20 s, or accompanied by oxygen desaturation (SpO2 not more than 80% for at least 4 s) and bradycardia (heart rate less than 2/3 of baseline for at leas			
deep sacral dimple	2	skeletal	HP:0000960	Sacral dimple	NAME (j=0.67)	A cutaneous indentation resulting from tethering of the skin to underlying structures (bone) of the intergluteal cleft.			
hydrocephalus secondary to aqueductal stenosis	2	neuro	HP:0002410	Aqueductal stenosis	NAME (j=0.50)	Stenosis of the cerebral aqueduct (also known as the mesencephalic duct, aqueductus mesencephali, or aqueduct of Sylvius), which connects the third cerebral ventricle in the diencephalon to the fourth ventricle, which is between the pons and cerebellum.			
tortuosity of retinal vessels	2	eyes	HP:0007768	Central retinal vessel vascular tortuosity	EXACT (j=0.75)	The presence of an increased number of twists and turns of retinal blood vessels (arteries, arterioles, veins, venules).			
inguinal or umbilical hernia	2	abdomen	HP:0000023	Inguinal hernia	NAME (j=0.67)	Protrusion of the contents of the abdominal cavity through the inguinal canal.	Inguinal hernia appears as a bulge in the groin.		
atrioventricular canal	2	heart	HP:0001674	Complete atrioventricular canal defect	EXACT (j=0.67)	A congenital heart defect characterized by a specific combination of heart defects with a common atrioventricular valve, primum atrial septal defect and inlet ventricular septal defect.	The complete form of AVC shows an ostium primum atrial septal defect, a common atrioventricular valve and a variable deficiency of the interventricular septum inlet. CAVC can be classified into types 		
prominent corneal nerves	2	eyes	HP:0010726	Prominent corneal nerve fibers	NAME (j=0.75)	Abnormal prominence of the corneal nerve fibers.			
thin deep-set nails	2	skin	HP:0001814	Deep-set nails	NAME (j=0.67)	Deeply placed nails.			
increased anteroposterior diameter of chest	2	thorax	HP:0005253	Increased anterioposterior diameter of thorax	EXACT (j=0.60)				
small upturned nose	2	craniofacial	HP:0000463	Anteverted nares	EXACT (j=0.67)	Anteriorly-facing nostrils viewed with the head in the Frankfurt horizontal and the eyes of the observer level with the eyes of the subject. This gives the appearance of an upturned nose (upturned nasal tip).	The tip of the nose is upturned and is positioned superiorly to the nasal base, allowing the nares to be easily visualized from the front. With maturation and growth of the nasal ridge and tip, the na		
perthes disease	2	skeletal							
sparse eyelashes and eyebrows	2	skin	HP:0000653	Sparse eyelashes	NAME (j=0.67)	Decreased density/number of eyelashes.			
absence of mesentery	2	abdomen							
joint limitation	2	skeletal	HP:0001376	Limitation of joint mobility	NAME (j=0.67)	A reduction in the freedom of movement of one or more joints.			
hyperkeratotic lesions	2	skin							
cervical spine anomalies	2	skeletal	HP:0002949	Fused cervical vertebrae	EXACT (j=0.50)	A congenital anomaly characterized by a joining (fusion) of two or more cervical vertebral bodies with one another.			
broad proximal phalanges	2	limbs	HP:0009852	Broad proximal phalanges of the hand	NAME (j=0.75)	Increased width of the proximal phalanges of the finger.			
tethered spinal cord	2	neuro	HP:0002144	Tethered cord	NAME (j=0.67)	During normal embryological development, the spinal cord first occupies the entire length of the vertebral column but goes on to assume a position at the level of L1 due to differential growth of the conus medullaris and the vertebral column. The filum terminale is a slender, threadlike structure th			
metopic ridge	2	craniofacial	HP:0005487	Prominent metopic ridge	NAME (j=0.67)	Vertical bony ridge positioned in the midline of the forehead.	The ridge may extend from the hairline to the glabella or may be partial. The frontal suture of the skull is a dense connective tissue structure that divides the two halves of the frontal bone of the 		
indentations on posterior rim of helix	2	ears							
posterior fossa brain anomalies	2	neuro	HP:0000932	Abnormal posterior cranial fossa morphology	EXACT (j=0.75)	An abnormality of the fossa cranii posterior (the posterior fossa), which is made up primarily of the occipital bone and which surrounds to the foramen magnum.	The floor of the cranial cavity is divided into three distinct depressions called the anterior, middle, and posterior cranial fossa. The posterior cranial fossa, the most posterior and deep of the thr		
prenatal overgrowth	2	growth	HP:0001548	Overgrowth	NAME (j=0.50)	Excessive postnatal growth which may comprise increased weight, increased length, and/or increased head circumference.			
hip involvement	2	limbs							
peripheral hypertonia	2	neuro	HP:0001276	Hypertonia	NAME (j=0.50)	A condition in which there is increased muscle tone so that arms or legs, for example, are stiff and difficult to move.	Spasticity is a term that is often used interchangeably with hypertonia. Spasticity, however, is a particular type of hypertonia in which the muscles' spasms are increased by movement. In this type, p		
genital hypoplasia	2	genitourinary	HP:0003241	External genital hypoplasia	NAME (j=0.67)	Underdevelopment of part or all of the external reproductive organs.	Partial or complete failure of the genitalia to develop, often as a consequence of hypogonadism.		
undermodeling of long bones	2	skeletal	HP:0000947	Dumbbell-shaped long bone	NAME (j=0.50)	An abnormal appearance of the long bones with resemblance to a dumbbell, a short bar with a weight at each end. That is, the long bone is shortened and displays flaring (widening) of the metaphyses.			
syndactyly of fingers and toes	2	limbs	HP:0001770	Toe syndactyly	NAME (j=0.67)	"Webbing or fusion of the toes, involving soft parts only or including bone structure. Bony fusions are referred to as \""bony\"" Syndactyly if the fusion occurs in a radio-ulnar axis. Fusions of bones of the toes in a proximo-distal axis are referred to as \""Symphalangism\""."			
defects in laterality	2	other	HP:0012831	Laterality	NAME (j=0.50)	The localization with respect to the side of the body of the specified phenotypic abnormality.			
forearm bowing	2	limbs	HP:0005891	Progressive forearm bowing	NAME (j=0.67)	Progressive bending or abnormal curvature of the forearm skeleton.			
cystic dysplasia of kidney	2	genitourinary	HP:0000107	Renal cyst	RELATED (j=0.67)	A fluid filled sac in the kidney.			
initial hypotonia	2	neuro	HP:0001252	Hypotonia	NAME (j=0.50)	Hypotonia is an abnormally low muscle tone (the amount of tension or resistance to movement in a muscle). Even when relaxed, muscles have a continuous and passive partial contraction which provides some resistance to passive stretching. Hypotonia thus manifests as diminished resistance to passive st	Hypotonia can be caused by abnormalities of the central nervous system, any element of the motor unit (including the lower motoneuron), or both. Hypotonia is not a specific diagnosis, but can be obser		
upslant to palpebral fissures	2	eyes	HP:0000494	Downslanted palpebral fissures	NAME (j=0.50)	The palpebral fissure inclination is more than two standard deviations below the mean.			
thin vermillion border	2	mouth	HP:0000233	Thin vermilion border	EXACT (j=0.67)	Height of the vermilion of the medial part of the lip more than 2 SD below the mean, or apparently reduced height of the vermilion of the lip in the frontal view. The vermilion is the red part of the lips (and confusingly, the vermilion itself is also often referred to as being equivalent the lips).	The vermilion is the red part of the lips, and the vermilion border is the rim of paler skin that demarcates the vermilion from the rest of the skin of the face.		
short great toes	2	limbs	HP:0001831	Short toe	NAME (j=0.67)	A toe that appears disproportionately short compared to the foot.	This finding must be distinguished from digits that are of increased girth but of normal length and that of a long mid- and hind foot with normal digit lengths. The affected digits should be specified		
small phallus	2	genitourinary							
iris dysplasia	2	eyes							
electroencephalographic abnormalities	2	neuro							
upsweep of frontal scalp hair	2	skin	HP:0002236	Frontal upsweep of hair	NAME (j=0.75)	Upward and/or sideward growth of anterior hair.			
enlarged corpus callosum	2	neuro	HP:0001273	Abnormal corpus callosum morphology	EXACT (j=0.50)	Abnormality of the corpus callosum.	The corpus callosum, a broad thick band of nerve fibers that connects the right and left cerebral hemispheres, is the largest white matter structure in the brain. This finding can be demonstrated by c		
hypermobile joints	2	skeletal							
distal digital hypoplasia	2	limbs	HP:0005033	Distal ulnar hypoplasia	NAME (j=0.50)	Underdevelopment of the distal portion of the ulna.			
postaxial polydactyly of hands and feet	2	limbs	HP:0001162	Postaxial hand polydactyly	NAME (j=0.75)	Supernumerary digits located at the ulnar side of the hand (that is, on the side with the fifth finger).			
cystic dysplasia of kidneys	2	genitourinary	HP:0000107	Renal cyst	RELATED (j=0.67)	A fluid filled sac in the kidney.			
retinal pigmentary changes	2	eyes	HP:0001000	Abnormality of skin pigmentation	EXACT (j=0.67)	An abnormality of the pigmentation of the skin.			
conduction defects	2	heart	HP:0031546	Cardiac conduction abnormality	EXACT (j=0.67)	Any anomaly of the progression of electrical impulses through the heart.	The conduction system of the heart initiates and coordinates the electric signal that causes the rhythmic and synchronized contractions of the atria and ventricles. In higher vertebrates, this system 		
scoliosis kyphosis	2	skeletal	HP:0002650	Scoliosis	NAME (j=0.50)	The presence of an abnormal lateral curvature of the spine.			
limb reduction defects	2	limbs	HP:0006368	Forearm reduction defects	NAME (j=0.50)				
increased birth weight	2	performance	HP:0001518	Small for gestational age	EXACT (j=0.50)	Smaller than normal size according to sex and gestational age related norms, defined as a weight below the 10th percentile for the gestational age.			
upper limb defects	2	limbs	HP:0003851	Lytic defects in metaphyses of the upper limbs	NAME (j=0.60)				
sparse scalp hair eyebrows and eyelashes	2	skin	HP:0002209	Sparse scalp hair	NAME (j=0.60)	Decreased number of hairs per unit area of skin of the scalp.	Hypotrichosis should not be used as a synonym as, formally, it means underdevelopment of the hair. No normal values for number of hairs per unit area exist.		
atresia of external ear canal	2	ears	HP:0000413	Atresia of the external auditory canal	NAME (j=0.60)	Absence or failure to form of the external auditory canal.			
normal cognitive function	2	performance							
neuronal migration defects	2	neuro	HP:0002269	Abnormality of neuronal migration	NAME (j=0.50)	An abnormality resulting from an anomaly of neuronal migration, i.e., of the process by which neurons travel from their origin to their final position in the brain.			
abundant scalp hair	2	craniofacial	HP:0002209	Sparse scalp hair	NAME (j=0.50)	Decreased number of hairs per unit area of skin of the scalp.	Hypotrichosis should not be used as a synonym as, formally, it means underdevelopment of the hair. No normal values for number of hairs per unit area exist.		
umbilical or inguinal hernias	2	abdomen	HP:0000023	Inguinal hernia	NAME (j=0.67)	Protrusion of the contents of the abdominal cavity through the inguinal canal.	Inguinal hernia appears as a bulge in the groin.		
obstructive uropathy	2	genitourinary							
pre- and postaxial polydactyly	2	limbs	HP:0100259	Postaxial polydactyly	NAME (j=0.67)	A form of polydactyly in which the extra digit or digits are localized on the side of the fifth finger or fifth toe.			
pseudoclubbing	2	limbs							
frontal and occipital prominence	2	craniofacial	HP:0011220	Prominent forehead	EXACT (j=0.50)	Forward prominence of the entire forehead, due to protrusion of the frontal bone.	Not to be confused with frontal bossing.		
defects of neuronal migration	2	neuro	HP:0002269	Abnormality of neuronal migration	NAME (j=0.50)	An abnormality resulting from an anomaly of neuronal migration, i.e., of the process by which neurons travel from their origin to their final position in the brain.			
tibial hemimelia	2	limbs							
anal atresia stenosis	2	abdomen	HP:0002023	Anal atresia	NAME (j=0.67)	Congenital absence of the anus, i.e., the opening at the bottom end of the intestinal tract.			
cardiac septal defects	2	heart	HP:0001671	Abnormal cardiac septum morphology	EXACT (j=0.67)	An anomaly of the intra-atrial or intraventricular septum.			
absence of multiple fingers	2	limbs	HP:0011299	Partial absence of finger	NAME (j=0.50)	The absence of a phalangeal segment of a finger.	The part that is absent may be specified. The distal modifier specifies the loss of the distal phalanx; clinically this is defined by the absence of the nail. The proximal modifier specifies the loss 		
hypoplastic scaphoid	2	limbs							
hypoplastic finger and toenails	2	skin	HP:0001800	Hypoplastic toenails	NAME (j=0.67)	Underdevelopment of the toenail.			
bowed tibiae	2	limbs							
full forehead	2	craniofacial							
delayed calvarial ossification	2	skeletal	HP:0001216	Delayed ossification of carpal bones	EXACT (j=0.50)	Ossification of carpal bones occurs later than age-adjusted norms.			
metaphyseal irregularities of long bones	2	limbs	HP:0003015	Flared metaphysis	EXACT (j=0.60)	The presence of a splayed (i.e.,flared) metaphyseal segment of one or more long bones.	Figure 11 of PMID:12853662 shows metaphyseal flaring.		
double-outlet left ventricle	2	heart	HP:0001711	Abnormal left ventricle morphology	EXACT (j=0.50)	Any structural abnormality of the left ventricle of the heart.			
hypoplastic right heart	2	heart	HP:0010954	Hypoplastic right ventricle	EXACT (j=0.75)	Underdevelopment of the right ventricle.	Hypoplastic right ventricle generally occurs as part of the Hypoplastic right heart syndrome (HRHS), which causes inadequate blood flow to the lungs postnatally and thus leads to cyanosis. HRHS involv		
defects of cloacal development	2	genitourinary							
sex-reversal	2	genitourinary							
short flat nose	2	craniofacial	HP:0000457	Depressed nasal ridge	EXACT (j=0.67)	Lack of prominence of the nose resulting from a posteriorly-placed nasal ridge.	The adjective 'depressed' here does not indicate an active process but a status. The feature should be assessed in a profile view. This finding is typically associated with a Short columella, but this		
low-set small malformed ears	2	ears	HP:0000369	Low-set ears	NAME (j=0.50)	Upper insertion of the ear to the scalp below an imaginary horizontal line drawn between the inner canthi of the eye and extending posteriorly to the ear.			
disproportionately short oval-shaped tibiae	2	limbs	HP:0005736	Short tibia	EXACT (j=0.50)	Underdevelopment (reduced size) of the tibia.			
short rounded metacarpals and metatarsals	2	limbs	HP:0006161	Short metacarpals with rounded proximal ends	NAME (j=0.50)				
hypoplasia of epiglottis and larynx	2	neck	HP:0005349	Hypoplasia of the epiglottis	NAME (j=0.67)	Hypoplasia of the epiglottis.			
focal dilatation of distal tubules of kidney	2	genitourinary							
small vermis	2	neuro							
persisting left superior vena cava	2	heart	HP:0005301	Persistent left superior vena cava	NAME (j=0.67)	A rare congenital vascular anomaly that results when the left superior cardinal vein caudal to the innominate vein fails to regress.			
midline cleft lip and palate	2	craniofacial	HP:0000161	Median cleft upper lip	EXACT (j=0.75)	A type of cleft lip presenting as a midline (median) gap in the upper lip.			
small thoracic cage	2	thorax	HP:6000327	Thoracic cage flatness	NAME (j=0.50)	The anteroposterior dimension of the chest on the lateral radiograph is often relatively narrow compared with the chest width on the frontal radiograph.			
narrow nasal passages	2	craniofacial	HP:0000418	Narrow nasal ridge	NAME (j=0.50)	Decreased width of the nasal ridge.	This feature may be accompanied by narrow nasal bridge and narrow nasal base, which should be coded separately.		
mild metaphyseal flare	2	limbs							
small irregular epiphyses	2	skeletal	HP:0010582	Irregular epiphyses	NAME (j=0.67)	An alteration of the normally smooth contour of the epiphysis leading to an irregular appearance.			
bowed lower extremities	2	limbs	HP:0002061	Lower limb spasticity	EXACT (j=0.50)	Spasticity (velocity-dependent increase in tonic stretch reflexes with increased muscle tone and hyperexcitable tendon reflexes) in the muscles of the lower limbs, hips, and pelvis.			
numbness or tingling of the limbs	2	neuro							
short metacarpals and phalanges	2	limbs	HP:0009803	Short phalanx of finger	EXACT (j=0.67)	Short (hypoplastic) phalanx of finger, affecting one or more phalanges.			
dumbbell-shaped femora	2	skeletal							
dorsal kyphosis	2	skeletal	HP:0002808	Kyphosis	NAME (j=0.50)	Exaggerated anterior convexity of the thoracic vertebral column.			
knock-knee	2	limbs							
flattening of femoral head	2	limbs	HP:0001357	Plagiocephaly	NARROW (j=0.67)	Asymmetric head shape, which is usually a combination of unilateral occipital flattening with ipsilateral frontal prominence, leading to rhomboid cranial shape.	Plagiocephaly may affect the posterior skull alone. With plagiocephaly, one can see a combination of unilateral occipital flattening with ipsilateral frontal prominence, leading to rhomboid cranial sh		
hexadactyly	2	limbs	HP:0100259	Postaxial polydactyly	EXACT (j=0.50)	A form of polydactyly in which the extra digit or digits are localized on the side of the fifth finger or fifth toe.			
decreased bone density	2	skeletal	HP:0004349	Reduced bone mineral density	EXACT (j=0.75)	A reduction of bone mineral density, that is, of the amount of matter per cubic centimeter of bones.			
cranial nerve deficits	2	neuro	HP:0001291	Abnormal cranial nerve morphology	EXACT (j=0.50)	Structural abnormality affecting one or more of the cranial nerves, which emerge directly from the brain stem.			
obtuse mandibular angle	2	skeletal	HP:0005446	Obtuse angle of mandible	NAME (j=0.50)	Abnormally flat (obtuse) angle of the mandible. The angle of the mandibular, located at the junction between the body and the ramus of the mandible, is normally close to being a right angle. This terms describes an abnormal increase of this angle such that the mandible appears flatter than normal.	See PMID:17213440 Figure 1G for an example of an obtuse mandibular angle.		
airway compromise	2	thorax							
clavicular dysplasia	2	skeletal							
prominent ear crus	2	ears	HP:0000411	Protruding ear	EXACT (j=0.67)	Angle formed by the plane of the ear and the mastoid bone greater than the 97th centile for age (objective); or, outer edge of the helix more than 2 cm from the mastoid at the point of maximum distance (objective).			
fluctuating hearing loss	2	ears	HP:0000365	Hearing impairment	RELATED (j=0.67)	A decreased magnitude of the sensory perception of sound.	Hearing loss can be categorized by which part of the auditory system is damaged, as conductive hearing loss, sensorineural hearing loss, and mixed hearing loss. Another axis of classification uses the		
sacrococcygeal eversion resembling a human tail	2	other	HP:0002825	Caudal appendage	EXACT (j=0.40)	The presence of a tail-like skin appendage located adjacent to the sacrum.			
radiohumeral synostosis	2	limbs	HP:0003041	Humeroradial synostosis	EXACT (j=0.67)	An abnormal osseous union (fusion) between the radius and the humerus.			
gastrointestinal anomalies	2	abdomen							
refractive visual errors	2	eyes							
learning disability	2	neuro	HP:0001328	Specific learning disability	NAME (j=0.67)	Impairment of certain skills such as reading or writing, coordination, self-control, or attention that interfere with the ability to learn. The impairment is not related to a global deficiency of intelligence.	The term learning disability is used with different meanings in different contexts. Significant impairments of mental functioning with a reduction in IQ below 70 should be coded as mental retardation.		
orbital dystopia	2	eyes	HP:0030867	Vertical orbital dystopia	NAME (j=0.67)	The orbits do not lie on the same horizontal plane, that is, one eye is lower than the other.			
blurring of disk margins	2	eyes							
brachydactyly of hands	2	limbs	HP:0001156	Brachydactyly	NAME (j=0.50)	Digits that appear disproportionately short compared to the hand/foot. The word brachydactyly is used here to describe a series distinct patterns of shortened digits (brachydactyly types A-E). This is the sense used here.			
anterior anus	2	abdomen							
prenatal and postnatal growth deficiency	2	growth	HP:0001511	Intrauterine growth retardation	EXACT (j=0.75)	An abnormal restriction of fetal growth with fetal weight below the tenth percentile for gestational age.	Intrauterine growth restriction is a newer term that is preferred over Intrauterine growth retardation. The causes of IUGR include maternal abnormalities (chronic hypertension, cyanotic heart disease,		
short arms and legs	2	limbs	HP:0006385	Short lower limbs	EXACT (j=0.67)	Shortening of the legs related to developmental hypoplasia of the bones of the leg.			
abnormal femoral neck	2	limbs	HP:0003367	Abnormal femoral neck morphology	NAME (j=0.75)	An abnormality of the femoral neck (which is the process of bone, connecting the femoral head with the femoral shaft).			
increased mandibular angle	2	craniofacial	HP:0003102	Increased carrying angle	NAME (j=0.50)	An abnormal increase in the carrying angle, which is the angle he long axis of the extended forearm as it lies lateral to the long axis of the arm.	Anatomically, the carrying angle in human adults is approximately 10 degrees in men and 13 degrees in women. Increasing the carrying angle may lead to elbow instability and pain during exercise or in 		
thoracic deformity	2	thorax							
short neck and trunk	2	skeletal	HP:0000470	Short neck	NAME (j=0.67)	Diminished length of the neck.			
long slim limbs	2	limbs							
bowing of femora	2	limbs							
wrinkled palms	2	skin	HP:0007517	Palmoplantar cutis laxa	EXACT (j=0.67)	Loose, wrinkled skin of hands and feet.			
characteristic facial appearance	2	craniofacial	HP:0000280	Coarse facial features	EXACT (j=0.50)	Absence of fine and sharp appearance of brows, nose, lips, mouth, and chin, usually because of rounded and heavy features or thickened skin with or without thickening of subcutaneous and bony tissues.			
multiple early fractures	2	skeletal	HP:0002757	Recurrent fractures	EXACT (j=0.67)	The repeated occurrence of bone fractures (implying an abnormally increased tendency for fracture).	This term will be made obsolete. The annotations need to be checked.		
tall broad forehead	2	craniofacial	HP:0000337	Broad forehead	NAME (j=0.67)	Width of the forehead or distance between the frontotemporales is more than two standard deviations above the mean (objective); or apparently increased distance between the two sides of the forehead.	Frontotemporalis is a point lateral to the vertical component of the supraorbital ridge, where there is a hollowing. Spreading caliper tips are placed in the deepest part of that hollow. Note that thi		
hypoplastic supraorbital margins	2	craniofacial	HP:0000336	Prominent supraorbital ridges	EXACT (j=0.50)	Greater than average forward and/or lateral protrusion of the supraorbital portion of the frontal bones.			
jowly double-chinned appearance	2	craniofacial							
translucent and redundant facial skin	2	skin	HP:0001582	Redundant skin	NAME (j=0.50)	Loose and sagging skin often associated with loss of skin elasticity.			
prominent upper central incisors	2	mouth	HP:0000675	Macrodontia of permanent maxillary central incisor	EXACT (j=0.75)	Increased size of the maxillary central secondary incisor tooth.			
blood vessels visible through the skin	2	skin							
venous varicosities	2	skin	HP:0002626	Venous varicosities of celiac and mesenteric vessels	NAME (j=0.40)	Elongated and tortuous mesenteric veins, which comprise the inferior mesenteric vein and the superior mesenteric vein.			
friable skin with minor trauma	2	skin							
wide and atrophic scars	2	skin	HP:0001075	Atrophic scars	NAME (j=0.67)	Scars that form a depression compared to the level of the surrounding skin because of damage to the collagen, fat or other tissues below the skin.			
rupture of vessels with minor trauma and surgery	2	heart							
rupture of spleen and bowel	2	abdomen							
rupture of uterine arteries	2	genitourinary	HP:0100718	Uterine rupture	NAME (j=0.67)				
subtle marfanoid habitus	2	skeletal	HP:0001519	Disproportionate tall stature	EXACT (j=0.67)	A tall and slim body build with increased arm span to height ratio (>1.05) and a reduced upper-to-lower segment ratio (<0.85), i.e., unusually long arms and legs. The extremities as well as the hands and feet are unusually slim.			
usually normal intelligence	2	neuro							
irregular placement of teeth	2	mouth	HP:0040079	Irregular dentition	EXACT (j=0.67)				
callus formation	2	limbs	HP:0030268	Hyperplastic callus formation	NAME (j=0.67)	Increased growth of callus, the bony and cartilaginous material that forms a connecting bridge across a bone fracture during fracture healing.			
signs of increased intracranial pressure	2	neuro	HP:0002516	Increased intracranial pressure	NAME (j=0.75)	An increase of the pressure inside the cranium (skull) and thereby in the brain tissue and cerebrospinal fluid.	Normal values of intracranial pressure in adults are around 7-15 mm Hg in the supine position. The term pseudotumor cerebri (also: idiopathic intracranial hypertension or benign intracranial hypertens		
intracerebral calcifications	2	neuro	HP:0005671	Bilateral intracerebral calcifications	NAME (j=0.67)	Deposition of calcium salts on both sides of the cerebrum.			
sexual precocity	2	other							
angiomata	2	skin							
shepherd s crook deformity	2	skeletal							
hemorrhage	2	other	HP:0000225	Gingival bleeding	EXACT (j=0.50)	Hemorrhage affecting the gingiva.			
broad depressed nasal bridge	2	craniofacial	HP:0000431	Wide nasal bridge	EXACT (j=0.75)	Increased breadth of the nasal bridge (and with it, the nasal root).	Care should be taken to distinguish between increased width of bone and Fullness of paranasal tissue. A wide nasal bridge should be distinguished from Telecanthus and Hypertelorism. A wide nasal bridg		
electroencephalograph abnormalities	2	neuro							
difficulty opening mouth	2	mouth	HP:0000211	Trismus	EXACT (j=0.50)	Limitation in the ability to open the mouth.			
iris defects	2	eyes	HP:0012805	Iris transillumination defect	NAME (j=0.67)	Transmission of light through the iris as visualized upon slit lamp examination or infrared iris transillumination videography. The light passes through defects in the pigmentation of the iris.	Initially, transillumination defects are usually slit-like, but if pigment loss increases, the defects may be become larger and irregularly shaped.		
iliac flaring	2	skeletal							
agenesis hypoplasia of corpus callosum	2	neuro	HP:0001274	Agenesis of corpus callosum	NAME (j=0.75)	Absence of the corpus callosum as a result of the failure of the corpus callosum to develop, which can be the result of a failure in any one of the multiple steps of callosal development including cellular proliferation and migration, axonal growth or glial patterning at the midline.			
ligamentous hyperlaxity	2	other							
moderately enlarged broad skull	2	craniofacial	HP:0002682	Broad skull	NAME (j=0.50)	Increased width of the skull.			
frontonasal overgrowth	2	craniofacial	HP:0001548	Overgrowth	NAME (j=0.50)	Excessive postnatal growth which may comprise increased weight, increased length, and/or increased head circumference.			
elevated serum alkaline phosphatase	2	other	HP:0003155	Elevated circulating alkaline phosphatase concentration	EXACT (j=0.75)	Abnormally increased serum levels of alkaline phosphatase activity.			
generalized demineralization	2	skeletal	HP:0006462	Generalized bone demineralization	NAME (j=0.67)	A generalized decrease in bone mineral density.	The terms Osteopenia or Osteoporosis should be preferred to this term, which may be obsoleted in the future.		
short femora	2	limbs							
broad metaphyses	2	limbs	HP:0006413	Broad tibial metaphyses	NAME (j=0.67)				
mild to moderate platyspondyly	2	skeletal							
irregular vertebral end plates	2	skeletal	HP:0003301	Irregular vertebral endplates	EXACT (j=0.75)	An irregular surface of the vertebral end plates, which are normally relatively smooth.			
psychomotor retardation	2	neuro	HP:0011342	Mild global developmental delay	EXACT (j=0.67)	A mild delay in the achievement of motor or mental milestones in the domains of development of a child.			
hypoplasia of the basilar portions of the ilia	2	skeletal							
macrocranium	2	craniofacial							
short trunk with prominent abdomen	2	thorax							
absent or severely retarded ossification of the vertebral bodies and sacrum	2	skeletal	HP:0005885	Absent ossification of cervical vertebral bodies	NAME (j=0.50)	A lack of bone mineralization of one or more body of cervical vertebra.			
squared vertebral bodies	2	skeletal	HP:0000926	Platyspondyly	EXACT (j=0.50)	A flattened vertebral body shape with reduced distance between the vertebral endplates.			
narrow upper thoracic inlet	2	thorax							
elongated proximal fibulae	2	limbs							
broad ilia	2	skeletal							
short great toe	2	limbs	HP:0001831	Short toe	NAME (j=0.67)	A toe that appears disproportionately short compared to the foot.	This finding must be distinguished from digits that are of increased girth but of normal length and that of a long mid- and hind foot with normal digit lengths. The affected digits should be specified		
shortening of phalanges and metatarsals of the great toe	2	limbs	HP:0005035	Shortening of all phalanges of the toes	NAME (j=0.50)	Developmental hypoplasia (shortening) of all phalanges of the foot.			
small ilia with lack of normal flare	2	skeletal							
craniofacial abnormalities	2	craniofacial	HP:0004484	Craniofacial asymmetry	EXACT (j=0.67)	Asymmetry of the bones of the skull and the face.			
hypoplasia of the facial bones	2	craniofacial	HP:0034261	Aplasia/Hypoplasia of facial bones	NAME (j=0.75)	A developmental defect characterized by absence or underdevelopment of one or more facial bone.			
foreshortened vertebral bodies	2	skeletal	HP:0000926	Platyspondyly	EXACT (j=0.50)	A flattened vertebral body shape with reduced distance between the vertebral endplates.			
short horizontally oriented ribs	2	thorax	HP:0000773	Short ribs	NAME (j=0.50)	Reduced rib length.			
inguinal herniae	2	abdomen							
fetal hydrops	2	other	HP:0001790	Nonimmune hydrops fetalis	EXACT (j=0.67)	A type of hydrops fetalis in which there is no identifiable circulating antibody to red blood cell antigens .			
short thick ribs	2	thorax	HP:0000773	Short ribs	NAME (j=0.67)	Reduced rib length.			
secondary glaucoma	2	eyes	HP:0000501	Glaucoma	NAME (j=0.50)	Glaucoma refers loss of retinal ganglion cells in a characteristic pattern of optic neuropathy usually associated with increased intraocular pressure.	The feature that differentiates glaucoma from other causes of visual morbidity is a characteristic pattern of damage to the optic nerve head. This is most easily recognized at the superior and inferio		
combined hearing loss	2	ears	HP:0000365	Hearing impairment	RELATED (j=0.67)	A decreased magnitude of the sensory perception of sound.	Hearing loss can be categorized by which part of the auditory system is damaged, as conductive hearing loss, sensorineural hearing loss, and mixed hearing loss. Another axis of classification uses the	HP:0000410	Mixed hearing impairment
bowing of the radius	2	skeletal	HP:0002986	Radial bowing	EXACT (j=0.50)	A bending or abnormal curvature of the radius.			
high arched eyebrows	2	craniofacial	HP:0002553	Highly arched eyebrow	RELATED (déclaré par HPO)	Increased height of the central portion of the eyebrow, forming a crescent, semicircular, or inverted U shape.	Most eyebrows have some arch with downturning medially and laterally.		
coloboma of choroid	2	eyes	HP:0000567	Chorioretinal coloboma	RELATED (déclaré par HPO)	Absence of a region of the retina, retinal pigment epithelium, and choroid.			
small hands	2	limbs	HP:0200055	Small hand	RELATED (déclaré par HPO)	Disproportionately small hand.			
posterior urethral valves	2	genitourinary	HP:0010957	Congenital posterior urethral valve	RELATED (déclaré par HPO)	A developmental defect resulting in an obstructing membrane in the posterior male urethra.	Congenital posterior urethral valve is a cause of bladder outlet obstruction in male newborns. It results from a failure of resorption of the caudal end of the Wolffian duct into the primitive cloaca 		
teeth abnormalities	2	mouth	HP:0000164	Abnormality of the dentition	RELATED (déclaré par HPO)	Any abnormality of the teeth.	Any abnormality of the primary (deciduous) or permanent teeth.		
cervical vertebral anomalies	2	skeletal	HP:0003319	Abnormality of the cervical spine	RELATED (déclaré par HPO)	Any abnormality of the cervical vertebral column.			
hyperextensible fingers	2	limbs	HP:0001187	Hyperextensibility of the finger joints	RELATED (déclaré par HPO)	The ability of the finger joints to move beyond their normal range of motion.			
peripheral vascular disease	2	other	HP:0004950	Peripheral arterial stenosis	RELATED (déclaré par HPO)	Narrowing of peripheral arteries with reduction of blood flow to the limbs. This feature may be quantified as an ankle-brachial index of less than 0.9, and may be manifested clinically as claudication.	The ankle-brachial index (ABI; the ratio of systolic blood pressure in the ankle to that in the arm), is a measure of occlusion of peripheral arteries in the leg. Peripheral arterial stenosis may be o		
cystic kidneys	2	genitourinary	HP:0000107	Renal cyst	RELATED (déclaré par HPO)	A fluid filled sac in the kidney.			
protruding ears	2	ears	HP:0000411	Protruding ear	RELATED (déclaré par HPO)	Angle formed by the plane of the ear and the mastoid bone greater than the 97th centile for age (objective); or, outer edge of the helix more than 2 cm from the mastoid at the point of maximum distance (objective).		HP:0000411	pluriel
leg length discrepancy	2	limbs	HP:0100559	Lower limb asymmetry	RELATED (déclaré par HPO)	A difference in length or diameter between the left and right leg.		HP:0100559	Lower limb asymmetry
lipomas	2	skin	HP:0001012	Multiple lipomas	RELATED (déclaré par HPO)	The presence of multiple lipomas (a type of benign tissue made of fatty tissue).	A lipoma is a benign tumor composed of fatty tissue. They are the most common form of soft tissue tumor and are usually soft to the touch, movable, and generally painless (but there is a separate enti	HP:0001012	Multiple lipomas
cleft lip palate	2	mouth	HP:0000202	Orofacial cleft	RELATED (déclaré par HPO)	The presence of a cleft (gap, opening, or groove) in the oral cavity, including cleft of the upper lip and/or cleft of the palate. Cleft of the upper lip is visible as a groove or fissure in the lip, most frequently due to a congenital failure of the maxillary and median nasal processes to fuse. Cle		HP:0000202	Orofacial cleft — parapluie exact de « cleft lip/palate »
slender long bones	2	skeletal	HP:0003100	Slender long bone	RELATED (déclaré par HPO)	Reduced diameter of a long bone.			
tight skin	2	skin	HP:0100679	Lack of skin elasticity	RELATED (déclaré par HPO)				
sparse thin hair	2	skin	HP:0008070	Sparse hair	RELATED (déclaré par HPO)	Reduced density of hairs.	This term applies if the number of hair shafts per unit area is reduced. The term fine hair is used to describe hair with a reduced diameter.		
protrude the tongue	1	mouth							
relatively small stature	1	performance	HP:0004322	Short stature	EXACT (j=0.67)	"A height below that which is expected according to age and gender norms. Although there is no universally accepted definition of short stature, many refer to \""short stature\"" as height more than 2 standard deviations below the mean for age and gender (or below the 3rd percentile for age and gender "			
awkward gait	1	performance							
increased weight in adolescence	1	performance	HP:0004324	Increased body weight	NAME (j=0.50)	Abnormally increased body weight.			
speckling of iris	1	eyes							
peripheral hypoplasia of iris	1	eyes	HP:0007676	Hypoplasia of the iris	NAME (j=0.67)	Congenital underdevelopment of the iris.			
fine lens opacities	1	eyes	HP:0000518	Cataract	EXACT (j=0.67)	A cataract is an opacity or clouding that develops in the crystalline lens of the eye or in its capsule.	Note that some ophthalmologists call any opacity in the lens a cataract, while others restrict the term to lens opacities that impair vision. We use the term to refer to the first meaning (any lens op		
acquired cataracts	1	eyes	HP:0000518	Cataract	NAME (j=0.50)	A cataract is an opacity or clouding that develops in the crystalline lens of the eye or in its capsule.	Note that some ophthalmologists call any opacity in the lens a cataract, while others restrict the term to lens opacities that impair vision. We use the term to refer to the first meaning (any lens op		
overfolding of angulated upper helix	1	ears	HP:0004453	Overfolding of the superior helices	EXACT (j=0.40)	A condition in which the superior portion of the helix is folded over to a greater degree than normal.			
small or absent earlobes	1	ears	HP:0000385	Small earlobe	NAME (j=0.67)	Reduced volume of the earlobe.	All gradations in size of the earlobe may be seen from absent to clearly enlarged compared to average. This finding is highly variable.		
fluid accumulation in middle ear	1	ears	HP:0000370	Abnormality of the middle ear	NAME (j=0.40)	An abnormality of the middle ear.			
hypoplasia of midphalanx of fifth finger	1	limbs	HP:0004220	Short middle phalanx of the 5th finger	EXACT (j=0.60)	Hypoplastic/small middle phalanx of the fifth finger.	Brachymesophalangia-V, a short and broad middle phalanx of the fifth digit, is the most common of all skeletal anomalies of the hand. When this feature appears alone, it is clinically known as brachyd		
single crease	1	limbs	HP:0000954	Single transverse palmar crease	EXACT (j=0.67)	The distal and proximal transverse palmar creases are merged into a single transverse palmar crease.	The presence of a single palmar crease (instead of the two palmar creases that are typically present).		
distal position of palmar axial triradius	1	limbs							
ulnar loop dermal ridge pattern	1	limbs							
open field dermal ridge patterning in hallucal area	1	limbs							
hypoplasia of pelvis	1	skeletal	HP:0500026	Hypoplasia of the musculature of the pelvis	NAME (j=0.67)	Underdevelopment of the musculature of the pelvis.			
outward lateral flare of iliac wings	1	skeletal							
shallow acetabular angle	1	skeletal	HP:0003180	Flat acetabular roof	EXACT (j=0.50)	Flattening of the superior part of the acetabulum, which is a cup-shaped cavity at the base of the hipbone into which the ball-shaped head of the femur fits. The acetabular roof thereby appears horizontal rather than arched, as it normally does.			
dry hyperkeratotic skin	1	skin	HP:0000958	Dry skin	NAME (j=0.67)	Skin characterized by the lack of natural or normal moisture.			
infections in the perigenital area	1	skin							
fine soft and often sparse hair	1	other	HP:0002213	Fine hair	NAME (j=0.40)	Hair that is fine or thin to the touch.			
straight pubic hair at adolescence	1	other	HP:0002225	Sparse pubic hair	NAME (j=0.40)	Reduced number or density of pubic hair.			
relatively small penis	1	genitourinary	HP:0000054	Micropenis	EXACT (j=0.67)	Abnormally small penis. At birth, the normal penis is about 3 cm (stretched length from pubic tubercle to tip of penis) with micropenis less than 2.0-2.5 cm.			
low placement of ears	1	ears	HP:0000369	Low-set ears	EXACT (j=0.50)	Upper insertion of the ear to the scalp below an imaginary horizontal line drawn between the inner canthi of the eye and extending posteriorly to the ear.			
two ossification centers in manubrium sterni	1	skeletal							
funnel or pigeon breast	1	thorax							
gastrointestinal tract anomalies	1	abdomen	HP:0000079	Abnormality of the urinary system	EXACT (j=0.50)	An abnormality of the urinary system.			
incomplete fusion of vertebral arches of lower spine	1	skeletal							
only 11 ribs	1	skeletal	HP:0000878	11 pairs of ribs	NAME (j=0.50)	Presence of only 11 pairs of ribs.	Normally, there are 12 pairs of ribs.		
posterior occipitoatlantal hypermobility	1	skeletal							
hypoplastic posterior arch c1	1	skeletal	HP:0012304	Hypoplastic aortic arch	NAME (j=0.40)	Underdevelopment of the arch of aorta.			
dysplasia of pelvis	1	skeletal							
dysplasia of midphalanx of fifth finger	1	limbs	HP:0004209	Clinodactyly of the 5th finger	EXACT (j=0.40)	Clinodactyly refers to a bending or curvature of the fifth finger in the radial direction (i.e., towards the 4th finger).	Minor degrees of curvature of the small finger are so common as to be considered normal.		
poor moro reflex	1	neuro	HP:0034362	Dull foveal reflex	EXACT (j=0.40)	Reduced brightness of the foveal reflex, which normally is a bright pinpoint of light that is observed to move sideways or up and down in response to movement of the opthalmoscope.			
excess skin on back of neck	1	neck	HP:0005989	Redundant neck skin	EXACT (j=0.60)	Excess skin around the neck, often lying in horizontal folds.	With age and increased vertical growth of the neck, excess nuchal skin may disappear and the neck may become broad or webbed. If the skin folds are vertical or paravertical, the term Neck webbing shou		
postmature birth	1	other							
hypoplasia of skeletal muscle	1	skeletal	HP:0009004	Hypoplasia of the musculature	EXACT (j=0.67)	Underdevelopment of the musculature.			
diminished response to sound	1	neuro	HP:0012154	Anhedonia	EXACT (j=0.50)	Decreased ability or inability to experience, feel, or anticipate pleasure from activities, experiences, or stimuli that are typically found pleasurable by the individual. This may involve diminished enjoyment of previously rewarding experiences (e.g., hobbies, social interactions, or sexual activit			
small oral opening	1	mouth	HP:0000160	Narrow mouth	EXACT (j=0.50)	Distance between the commissures of the mouth more than 2 SD below the mean. Alternatively, an apparently decreased width of the oral aperture (subjective).	The width of the mouth varies with facial movement and must be assessed when the subject has a relaxed (neutral) face. This term replaces microstomia, small oral aperture, and small mouth because the 		
narrow palatal arch	1	mouth							
absence of distal crease on fifth finger	1	limbs	HP:0009244	Distal fifth finger symphalangism	NAME (j=0.43)	Fusion of the terminal/distal and middle phalanges of the 5th finger.			
hemangiomata	1	skin	HP:0001028	Hemangioma	RELATED (déclaré par HPO)	A hemangioma is a benign tumor characterized by blood-filled spaces lined by benign endothelial cells. A hemangioma characterized by large endothelial spaces (caverns) is called a cavernous hemangioma (in contrast to a hemangioma with small endothelial spaces, which is called capillary hemangioma).			
cystic kidney	1	genitourinary	HP:0000107	Renal cyst	RELATED (déclaré par HPO)	A fluid filled sac in the kidney.			
factor vii deficiency	1	other	HP:0008169	Reduced factor VII activity	RELATED (déclaré par HPO)	Reduced activity of coagulation factor VII. Factor VII is part of the extrinsic coagulation pathway, which is initiated at the site of injury in response to the release of tissue factor (fIII). Tissue factor and activated factor VII catalyze the activation of factor X.			
puffy cheeks	1	craniofacial	HP:0000293	Full cheeks	RELATED (déclaré par HPO)	Increased prominence or roundness of soft tissues between zygomata and mandible.			
full lower lip	1	mouth	HP:0000179	Thick lower lip vermilion	RELATED (déclaré par HPO)	Increased thickness of the lower lip, leading to a prominent appearance of the lower lip. The height of the vermilion of the lower lip in the midline is more than 2 SD above the mean. Alternatively, an apparently increased height of the vermilion of the lower lip in the frontal view (subjective).	Normal values for the height of the vermilion are available [Farkas, 1981] but measurements are not commonly used. Most clinicians determine this feature subjectively. The lower lip is typically thick		
idiopathic thrombocytopenic purpura	1	other	HP:0001973	Autoimmune thrombocytopenia	RELATED (déclaré par HPO)	The presence of thrombocytopenia in combination with detection of antiplatelet antibodies.	Autoimmune thrombocytopenia is causes by accelerated destruction of auto-antibody sensitized platelets in the reticular-endothelial system. Common etiologies include idiopathic thrombocytopenic purpur		
wrinkled skin	1	skin	HP:0100678	Premature skin wrinkling	RELATED (déclaré par HPO)	The presence of an increased degree of wrinkling (irregular folds and indentations) of the skin as compared with age-related norms.			
colon diverticula	1	abdomen	HP:0002253	Colonic diverticula	RELATED (déclaré par HPO)	The presence of multiple diverticula of the colon.			
nevi	1	skin	HP:0003764	Nevus	RELATED (déclaré par HPO)	A nevus is a type of hamartoma that is a circumscribed stable malformation of the skin.	The word Nevus derives from the Latin word Knee-vus meaning birthmark or mole.		
short fourth metatarsals	1	limbs	HP:0004689	Short fourth metatarsal	RELATED (déclaré par HPO)	Short fourth metatarsal bone.			
bipartite clavicles	1	skeletal	HP:0006585	Congenital pseudoarthrosis of the clavicle	RELATED (déclaré par HPO)	The two portions of the clavicle (corresponding to the two primary ossification centers of the clavicle) are connected by a fibrous bridge that is contiguous with the periosteum, and a synovial membrane develops, resulting in a clavicle with a bipartite appearance radiographically. Congenital pseuda	In congenital pseudarthrosis of the clavicle, the two primary ossification centers fail to unite, probably due to a disruption of diaphyseal membranous ossification. See PMID:22295044, Figure 1, for t		
chubby cheeks	1	craniofacial	HP:0000293	Full cheeks	RELATED (déclaré par HPO)	Increased prominence or roundness of soft tissues between zygomata and mandible.			
protruding lower lip	1	mouth	HP:0000232	Everted lower lip vermilion	RELATED (déclaré par HPO)	An abnormal configuration of the lower lip such that it is turned outward i.e., everted, with the Inner aspect of the lower lip vermilion (normally opposing the teeth) being visible in a frontal view.	In frontal view, with the face relaxed, the apparent height of the lower lip vermilion is excessive and the lower incisors may be visible. On profile view, the vermilion is more convex than usual. An 		
sweating abnormalities	1	skin	HP:0000971	Abnormal sweat gland morphology	RELATED (déclaré par HPO)	Any structural abnormality of the sweat gland.			
cloudy corneas	1	eyes	HP:0007759	Opacification of the corneal stroma	RELATED (déclaré par HPO)	Reduced transparency of the stroma of cornea.			
tapered fingers	1	limbs	HP:0001182	Tapered finger	RELATED (déclaré par HPO)	The gradual reduction in girth of the finger from proximal to distal.			
hypoxia	1	other	HP:0012418	Hypoxemia	RELATED (déclaré par HPO)	An abnormally low level of blood oxygen.	Note that hypoxemia is defined as a condition where arterial oxygen tension is below normal (80-100mmHg). Hypoxia is defined as the failure of oxygenation at the tissue level. Hypoxia is not measured 		
thymic aplasia hypoplasia	1	other	HP:0010515	Aplasia/Hypoplasia of the thymus	RELATED (déclaré par HPO)	Absence or underdevelopment of the thymus.			
absence of the parotid gland	1	other	HP:0009740	Aplasia of the parotid gland	RELATED (déclaré par HPO)	Absence of the parotid gland.			
missing central incisors	1	mouth	HP:0006289	Agenesis of central incisor	RELATED (déclaré par HPO)	Agenesis of one or more central incisors, i.e., of lower secondary incisor, lower primary incisor, upper secondary incisor, or of upper central primary incisor.			
small or absent adenoids	1	mouth	HP:0040256	Aplastic/Hypoplastic nasopharyngeal adenoids	RELATED (déclaré par HPO)	Absence or underdevelopment of the nasopharyngeal adenoids.			
testicular dysgenesis	1	genitourinary	HP:0008733	Dysplastic testis	RELATED (déclaré par HPO)	A descriptive term denoting a developmental anomaly of the male gonad characterized by architectural disorganization of the testicular parenchyma, which may include irregular or poorly formed seminiferous tubules, a thinned tunica albuginea, and increased or fibrotic interstitial tissue. Macroscopic			
dysseborrheic dermatitis	1	skin	HP:0001051	Seborrheic dermatitis	RELATED (déclaré par HPO)	Seborrheic dermatitis is a form of eczema which is closely related to dandruff. It causes dry or greasy peeling of the scalp, eyebrows, and face, and sometimes trunk.	Dandruff.		
pancreatic cyst	1	abdomen	HP:0001737	Pancreatic cysts	RELATED (déclaré par HPO)	A cyst of the pancreas that possess a lining of mucous epithelium.	Pancreatic cysts are to be distinguished from pancreatic pseudocysts that do not possess a lining of mucous epithelium.		
short limb dwarfism	1	growth	HP:0008873	Disproportionate short-limb short stature	RELATED (déclaré par HPO)	A type of disproportionate short stature characterized by a short limbs but an average-sized trunk.	A type of dwarfism (marked short stature with adult height below 147 cm) in which the limbs are disproportionately affected. Note that brachymelia is a general term referring to shortening of the limb		
delayed mineralization of pubic bone	1	skeletal	HP:0008788	Delayed pubic bone ossification	RELATED (déclaré par HPO)	Delayed maturation and calcification of the pubic bone.			
depressive disorder	1	neuro	HP:0000716	Depression	RELATED (déclaré par HPO)	Frequently experiencing feelings of being down, miserable, and/or hopeless; struggling to recover from these moods; having a pessimistic outlook on the future; feeling a pervasive sense of shame; having a low self-worth; experiencing thoughts of suicide and engaging in suicidal behavior.			
dislocated radial heads	1	limbs	HP:0003083	Dislocated radial head	RELATED (déclaré par HPO)	A dislocation of the head of the radius from its socket in the elbow joint.			
primary pulmonary hypertension	1	heart	HP:0002092	Pulmonary arterial hypertension	RELATED (déclaré par HPO)	Pulmonary hypertension is defined mean pulmonary artery pressure of 25mmHg or more and pulmonary capillary wedge pressure of 15mmHg or less when measured by right heart catheterisation at rest and in a supine position.	Pulmonary hypertension can be secondary to known cardiac, pulmonary, or hepatic disease. If no cause is identifiable, the term primary pulmonary hypertension is used.		
thin sparse hair	1	skin	HP:0008070	Sparse hair	RELATED (déclaré par HPO)	Reduced density of hairs.	This term applies if the number of hair shafts per unit area is reduced. The term fine hair is used to describe hair with a reduced diameter.		
acromegaly	1	endocrine	HP:0033794	Acral overgrowth	RELATED (déclaré par HPO)	Excessive growth of hands and feet (predominantly due to soft tissue swelling). Typical manifestations include shoe size increase, foot enlargement, glove tightness, and hand enlargement.	This term should be used to encode the overgrowth of hands and feet that can be seen in acromegaly, a rare disorder caused by excessive growth hormone production, most commonly from an adenoma of the 		
total alopecia	1	skin	HP:0007418	Alopecia totalis	RELATED (déclaré par HPO)	Loss of all scalp hair.			
poor school performance	1	neuro	HP:0001249	Intellectual disability	RELATED (déclaré par HPO)	The term intellectual disability or intellectual developmental disorder is used to describe significantly sub-average intellectual and adaptive functioning based on clinical assessment and as measured by individually administered, appropriately normed, standardized and validated tests of intellectua	This term should be used for children who are at least five years old. For younger children, consider using the term Global developmental delay (HP:0001263). According to the WHO classification, Disor		
pancreatic insufficiency	1	abdomen	HP:0001738	Exocrine pancreatic insufficiency	RELATED (déclaré par HPO)	Impaired function of the exocrine pancreas associated with a reduced ability to digest foods because of lack of digestive enzymes.			
chronic ear infections	1	ears	HP:0000389	Chronic otitis media	RELATED (déclaré par HPO)	Chronic otitis media refers to fluid, swelling, or infection of the middle ear that does not heal and may cause permanent damage to the ear.			
craniostenosis	1	craniofacial	HP:0001363	Craniosynostosis	RELATED (déclaré par HPO)	Craniosynostosis refers to the premature closure of the cranial sutures. Primary craniosynostosis refers to the closure of one or more sutures due to abnormalities in skull development, and secondary craniosynostosis results from failure of brain growth.	Skull deformity caused by the premature closure of the cranial sutures. Craniostenosis is a deformity of the skull caused by craniosynostosis, with consequent cessation of skull growth.		
poor weight gain								HP:0001508	Failure to thrive — RELATED layperson
failure to gain weight								HP:0001508	Failure to thrive — le candidat propose (Increased body weight) etait l'inverse
liver disease								PARENT:HP:0001392	parapluie
neuropathy								HP:0009830	Peripheral neuropathy
radial ray defects								PARENT:HP:0006501	Aplasia/Hypoplasia of the radius — parapluie, le rayon radial englobe le pouce
congenital hypotonia								HP:0001319	Neonatal hypotonia
cognitive delay								HP:0001263	Global developmental delay
inflammatory bowel disease								HP:0002037	le terme HPO
tall forehead								HP:0000348	High forehead
mental restriction								HP:0001249	infections 2026-09-17 — Intellectual disability — « mental restriction » est la formule du livre
psychomotor restriction								HP:0001263	infections 2026-09-17 — Global developmental delay
growth restriction								HP:0001511	infections 2026-09-17 — Intrauterine growth retardation — contexte fœtal
head circumference less than the fifth percentile								HP:0000252	infections 2026-09-17 — Microcephaly — définition même du terme
enlarged placenta								HP:0006267	infections 2026-09-17 — Large placenta
enlargement of pericerebral spaces								HP:0012704	infections 2026-09-17 — Enlarged subarachnoid space (EXACT HPO)
diffuse porencephalic changes								HP:0002132	infections 2026-09-17 — Porencephalic cyst
micropolygyria								HP:0002126	infections 2026-09-17 — Polymicrogyria — synonyme ancien
ventricular enlargement								HP:0002119	infections 2026-09-17 — Ventriculomegaly — contexte cérébral
periventricular calcifications								HP:0007229	infections 2026-09-17 — Intracerebral periventricular calcifications
calcification in the periventricular region								HP:0007229	infections 2026-09-17 — Intracerebral periventricular calcifications
calcifications								HP:0002514	infections 2026-09-17 — Cerebral calcification — contexte : lésions cérébrales du CMV
calcified lesions								HP:0002514	infections 2026-09-17 — Cerebral calcification — contexte : toxoplasmose, cerveau/tronc/moelle
cerebral white matter perivascular calcifications								HP:0002514	infections 2026-09-17 — Cerebral calcification — le périvasculaire n'a pas de terme, on prend le parent
calcification in the thalamus								HP:0025041	infections 2026-09-17 — Thalamic calcification
necrotic lesions or calcification in the basal ganglia								HP:0002135	infections 2026-09-17 — Basal ganglia calcification — la nécrose n'a pas de terme
dysplastic cortex								HP:0002539	infections 2026-09-17 — Cortical dysplasia
dysplasia of the hippocampus								HP:0025101	infections 2026-09-17 — Dysgenesis of the hippocampus
olfactory bulb lesions								HP:0040327	infections 2026-09-17 — Abnormal morphology of the olfactory bulb
temporal cysts								HP:0010576	infections 2026-09-17 — Intracranial cystic lesion — pas de terme temporal
meningoencephalitis								HP:0002383	infections 2026-09-17 — Infectious encephalitis — contexte : infection congénitale
encephalitis								HP:0002383	infections 2026-09-17 — Infectious encephalitis — contexte : infection congénitale
acute meningitis								HP:0001287	infections 2026-09-17 — Meningitis
basilar meningitis								HP:0001287	infections 2026-09-17 — Meningitis
liver necrosis								HP:0002605	infections 2026-09-17 — Hepatic necrosis
language and behavior disorders								HP:0000708	infections 2026-09-17 — Behavioral abnormality — le langage n'a pas de terme commun
motor dysfunction								HP:0100022	infections 2026-09-17 — Abnormality of movement
cerebral ischemic injury								HP:0002637	infections 2026-09-17 — Cerebral ischemia
ischemic necrosis								HP:0002637	infections 2026-09-17 — Cerebral ischemia — contexte : neuropathologie de la syphilis
skin scars								HP:0000987	infections 2026-09-17 — Atypical scarring of skin — cicatrices de la varicelle congénitale
dermatomally distributed cicatricial lesions								HP:0000987	infections 2026-09-17 — Atypical scarring of skin
dysfunction of the autonomic nervous system								HP:0012332	infections 2026-09-17 — Autonomic dysfunction
vesicular or bullous skin lesions								HP:0200037	infections 2026-09-17 — Skin vesicle
non-immune hydrops								HP:0001790	infections 2026-09-17 — Nonimmune hydrops fetalis
snuffles								HP:0012384	infections 2026-09-17 — Rhinitis — le « snuffles » de la syphilis congénitale
hypoplasia of bones or muscles								HP:0009826	infections 2026-09-17 — Limb undergrowth — contexte : membres (varicelle)
absent or malformed digits								HP:0011297	infections 2026-09-17 — Abnormal digit morphology
esophageal dilation and reflux								HP:0002020	infections 2026-09-17 — Gastroesophageal reflux
chronic anemia								HP:0001903	infections 2026-09-17 — Anemia
acute aplastic crisis								HP:0005510	infections 2026-09-17 — Transient erythroblastopenia — crise aplasique du parvovirus
hemorrhagic infarcts								HP:0002170	infections 2026-09-17 — Intracranial hemorrhage — contexte cérébral (HSV)
neurological findings								NON	infections 2026-09-17 — catégorie, pas un signe
periventricular halo								NON	infections 2026-09-17 — signe échographique sans terme HPO
lenticulostriate vasculopathy								NON	infections 2026-09-17 — pas de terme HPO
ventricular erosion								NON	infections 2026-09-17 — histologie — canal FOETO
radial glial cell loss								NON	infections 2026-09-17 — histologie — canal FOETO
inflammation								NON	infections 2026-09-17 — trop général
necrosis								NON	infections 2026-09-17 — histologie — canal FOETO
cell loss								NON	infections 2026-09-17 — histologie — canal FOETO
subependymal gliosis								NON	infections 2026-09-17 — histologie — canal FOETO
owl’s eye nuclei								NON	infections 2026-09-17 — inclusion cytomégalique — canal FOETO
owl's eye cells								NON	infections 2026-09-17 — inclusion cytomégalique — canal FOETO
multinucleated giant cells								NON	infections 2026-09-17 — histologie — canal FOETO
destructive lesions								NON	infections 2026-09-17 — trop général
necrotic lesions								NON	infections 2026-09-17 — histologie — canal FOETO
adrenal necrosis								NON	infections 2026-09-17 — histologie — canal FOETO
lung necrosis								NON	infections 2026-09-17 — histologie — canal FOETO
meningeal fibrosis								NON	infections 2026-09-17 — histologie — canal FOETO
erythroblastosis								NON	infections 2026-09-17 — pas de terme HPO (érythroblastose fœtale)
mucocutaneous lesions								NON	infections 2026-09-17 — trop général
condylomata lata								NON	infections 2026-09-17 — pas de terme HPO
palsies								NON	infections 2026-09-17 — trop général
dental findings								NON	infections 2026-09-17 — catégorie
ophthalmic findings								NON	infections 2026-09-17 — catégorie
cns findings								NON	infections 2026-09-17 — catégorie
musculoskeletal findings								NON	infections 2026-09-17 — catégorie
abnormalities on imaging								NON	infections 2026-09-17 — pas un signe
malformation								NON	infections 2026-09-17 — trop général
