id	syndrome	syndrome_id	livre	chapitre	organe_llm	attribution	signe	verbatim	cand1	cand2	cand3	choix
954	1.1 Thanatophoric Dysplasia, Types 1 and 2 (MIM 187600, 187601)	ORPHA:2655	keeling	ch28_brain_malformations	brain	direct	temporal lobe malformation	In thanatophoric dysplasia, megalencephaly is associated with temporal lobe malformation	FOETO:PF.MUL-MAL-031 | Mégalencéphalie | multi_organe | 0.8	FOETO:PF.MUL-MET-149 | Hypoplasie temporale | multi_organe | 0.6		FOETO:PF.MUL-MET-149
955	1.1 Thanatophoric Dysplasia, Types 1 and 2 (MIM 187600, 187601)	ORPHA:2655	keeling	ch28_brain_malformations	brain	direct	abnormally developed temporal lobes	associating abnormally developed temporal lobes with abnormal radiating sulci and a lack of Ammon’s horn				NOUVEAU
956	1.1 Thanatophoric Dysplasia, Types 1 and 2 (MIM 187600, 187601)	ORPHA:2655	keeling	ch28_brain_malformations	brain	direct	abnormal radiating sulci	associating abnormally developed temporal lobes with abnormal radiating sulci and a lack of Ammon’s horn				NON
957	1.1 Thanatophoric Dysplasia, Types 1 and 2 (MIM 187600, 187601)	ORPHA:2655	keeling	ch28_brain_malformations	brain	direct	lack of Ammon’s horn	associating abnormally developed temporal lobes with abnormal radiating sulci and a lack of Ammon’s horn				NOUVEAU
958	1.1 Thanatophoric Dysplasia, Types 1 and 2 (MIM 187600, 187601)	ORPHA:2655	keeling	ch32_skeletal_system	cartilage	direct	normal cellular density with an abundant homogeneous matrix in resting cartilage	Histologically, the resting cartilage has normal cellular density with an abundant homogeneous matrix.	FOETO:PF.SQU-MAL-044 | Matrice cartilagineuse épiphysaire de densité diminuée et hétérogène | squelette | 0.54			NON
959	1.1 Thanatophoric Dysplasia, Types 1 and 2 (MIM 187600, 187601)	ORPHA:2655	keeling	ch32_skeletal_system	cartilage	direct	disorderly arrangement of hypertrophic chondrocytes	Hypertrophic chondrocytes are recognizable but in disorderly arrangement.				NOUVEAU
960	1.1 Thanatophoric Dysplasia, Types 1 and 2 (MIM 187600, 187601)	ORPHA:2655	keeling	ch32_skeletal_system	growth plate	direct	hypertrophy of the periphysis with penetration of the growth plate	The most characteristic abnormality is hypertrophy of the periphysis with penetration of the growth plate	FOETO:PF.MUL-MET-124 | Désorganisation de la plaque de croissance osseuse | multi_organe | 0.6	FOETO:PF.SQU-NOR-005 | Cartilage de croissance — zone hypertrophique | squelette | 0.6	FOETO:PF.SQU-MAL-067 | Raccourcissement de la zone hypertrophique de la plaque de croissance | squelette | 0.54	NOUVEAU
961	1.1 Thanatophoric Dysplasia, Types 1 and 2 (MIM 187600, 187601)	ORPHA:2655	keeling	ch32_skeletal_system	bone	direct	fibrous disorganization with formation of plump haphazardly arranged bony trabeculae	fibrous disorganization with formation of plump haphazardly arranged bony trabeculae is apparent				NOUVEAU
962	1.1 Thanatophoric Dysplasia, Types 1 and 2 (MIM 187600, 187601)	ORPHA:2655	keeling	ch32_skeletal_system	growth plate	contexte	irregular transition between bone and cartilage with occasional islands of fibrotic tissue	The epiphyseal growth plate of a 34 weeks gestational age-old fetus with an irregular transition between bone and cartilage with occasional islands of fibrotic tissue	FOETO:PF.MUL-MET-124 | Désorganisation de la plaque de croissance osseuse | multi_organe | 0.47			FOETO:PF.MUL-MET-124
963	1.1 Thanatophoric Dysplasia, Types 1 and 2 (MIM 187600, 187601)	ORPHA:2655	keeling	ch32_skeletal_system	growth plate	contexte	increased periosteal ossification and fibrotic tissue penetrating the growth zone from the groove of Ranvier	increased periosteal ossification and fibrotic tissue penetrating the growth zone from the groove of Ranvier	FOETO:PF.MUL-MET-243 | Périostose osseuse | multi_organe | 0.6			FOETO:PF.MUL-MET-243
1412	10.1 Greenberg Dysplasia (MIM 215140)	ORPHA:1426	genereviews	x-dcdp	skin	direct	dilated ostial hyperkeratosis of the hair follicle with keratin calcium deposits	Histologic examination of skin biopsies of individuals with EBP-CDPX show dilated ostial hyperkeratosis of the hair follicle with keratin calcium deposits	FOETO:PF.PEA-MAL-060 | Parakératose compacte | peau | 0.5	FOETO:PF.PEA-MAL-038 | Hyperkératose épidermique avec parakératose focale et acanthose | peau | 0.5	FOETO:PF.PEA-MAL-041 | Hyperplasie épidermique monstrueuse (fœtus arlequin) | peau | 0.5	NOUVEAU
1422	10.5 Chondrodysplasia Punctata, Brachytelephalangic Type (MIM 302950, 602497)		genereviews	x-dcdp	skin	direct	dilated ostial hyperkeratosis of the hair follicle with keratin calcium deposits	Histologic examination of skin biopsies of individuals with EBP-CDPX show dilated ostial hyperkeratosis of the hair follicle with keratin calcium deposits	FOETO:PF.PEA-MAL-060 | Parakératose compacte | peau | 0.5	FOETO:PF.PEA-MAL-038 | Hyperkératose épidermique avec parakératose focale et acanthose | peau | 0.5	FOETO:PF.PEA-MAL-041 | Hyperplasie épidermique monstrueuse (fœtus arlequin) | peau | 0.5	NOUVEAU
1015	10.5 Chondrodysplasia Punctata, Brachytelephalangic Type (MIM 302950, 602497)		keeling	ch32_skeletal_system	cartilage	direct	Stippled cartilage	Stippled cartilage				NOUVEAU
1020	10.5 Chondrodysplasia Punctata, Brachytelephalangic Type (MIM 302950, 602497)		spranger_entites	e10_5_ch_ondrodys_p_la_s_i_a_p_un_c_tata_b_rach_y_t_e_le_p_ha_la_ngi_c_t_yp_	cartilage and bone	direct	Punctate calcifications in laryngeal cartilage, sternum, coracoid process of the scapulae, triradiate cartilage, spine, and epiphyses of the hip and shoulder	Punctate calcifications are seen in the laryngeal cartilage, sternum, coracoid process of the scapulae, triradiate cartilage, spine, and epiphyses of the hip and shoulder	FOETO:PP.PAR-MET-004 | Calcifications | parenchyme | 1.0			NOUVEAU
1021	10.5 Chondrodysplasia Punctata, Brachytelephalangic Type (MIM 302950, 602497)		spranger_entites	e10_5_ch_ondrodys_p_la_s_i_a_p_un_c_tata_b_rach_y_t_e_le_p_ha_la_ngi_c_t_yp_	spine	direct	Vertebral bodies hypoplastic and stippled in ossification	All vertebral bodies are hypoplastic and stippled in ossification				NON
1022	10.5 Chondrodysplasia Punctata, Brachytelephalangic Type (MIM 302950, 602497)		spranger_entites	e10_5_ch_ondrodys_p_la_s_i_a_p_un_c_tata_b_rach_y_t_e_le_p_ha_la_ngi_c_t_yp_	spine and femur	direct	Puncta confined to cervical and lumbosacral spine and proximal femora	Puncta are confined to the cervical and lumbosacral spine and proximal femora				NON
1023	10.5 Chondrodysplasia Punctata, Brachytelephalangic Type (MIM 302950, 602497)		spranger_entites	e10_5_ch_ondrodys_p_la_s_i_a_p_un_c_tata_b_rach_y_t_e_le_p_ha_la_ngi_c_t_yp_	spine	direct	Ossification of cervical vertebral bodies defective and stippled	Ossification of cervical vertebral bodies is defective and stippled				NON
1024	10.5 Chondrodysplasia Punctata, Brachytelephalangic Type (MIM 302950, 602497)		spranger_entites	e10_5_ch_ondrodys_p_la_s_i_a_p_un_c_tata_b_rach_y_t_e_le_p_ha_la_ngi_c_t_yp_	hand and foot	direct	Puncta present in phalangeal and tarsal regions	Puncta are present in the phalangeal and tarsal regions				NON
1025	10.5 Chondrodysplasia Punctata, Brachytelephalangic Type (MIM 302950, 602497)		spranger_entites	e10_5_ch_ondrodys_p_la_s_i_a_p_un_c_tata_b_rach_y_t_e_le_p_ha_la_ngi_c_t_yp_	hand	direct	Phalangeal and metacarpal ossification very irregular	Phalangeal and metacarpal ossification is very irregular				NON
1026	10.5 Chondrodysplasia Punctata, Brachytelephalangic Type (MIM 302950, 602497)		spranger_entites	e10_5_ch_ondrodys_p_la_s_i_a_p_un_c_tata_b_rach_y_t_e_le_p_ha_la_ngi_c_t_yp_	foot	direct	Calcaneus stippled	The calcaneus is stippled				NON
1398	10.7 Chondrodysplasia Punctata, Tibia- Metacarpal Type (MIM 118651)		genereviews	x-dcdp	skin	direct	dilated ostial hyperkeratosis of the hair follicle with keratin calcium deposits	Histologic examination of skin biopsies of individuals with EBP-CDPX show dilated ostial hyperkeratosis of the hair follicle with keratin calcium deposits	FOETO:PF.PEA-MAL-060 | Parakératose compacte | peau | 0.5	FOETO:PF.PEA-MAL-038 | Hyperkératose épidermique avec parakératose focale et acanthose | peau | 0.5	FOETO:PF.PEA-MAL-041 | Hyperplasie épidermique monstrueuse (fœtus arlequin) | peau | 0.5	NOUVEAU
942	10.7 Chondrodysplasia Punctata, Tibia- Metacarpal Type (MIM 118651)		keeling	ch32_skeletal_system	cartilage	direct	Stippled cartilage	Stippled cartilage				NOUVEAU
311	11.2 Ellis Van Creveld Syndrome (MIM 255500)	ORPHA:289	soffoet	ch13_squelette	bone	direct	convexity of the ossification line and radial arrangement of primary trabeculae	en histologie, à faible grossissement la ligne d’ossification est nettement convexe et les travées primaires s’agencent nettement de façon radiaire	FOETO:PF.SQU-NOR-007 | Centre d'ossification primaire | squelette | 0.6			NON
312	11.2 Ellis Van Creveld Syndrome (MIM 255500)	ORPHA:289	soffoet	ch13_squelette	bone	direct	thick primary bone	l’os primaire est épais				NOUVEAU
313	11.2 Ellis Van Creveld Syndrome (MIM 255500)	ORPHA:289	soffoet	ch13_squelette	growth plate	direct	highly variable growth plate aspect	à fort grossissement, la plaque de croissance a un aspect très variable d’une zone à l’autre	FOETO:PF.MUL-MET-124 | Désorganisation de la plaque de croissance osseuse | multi_organe | 0.6	FOETO:PF.SQU-MAL-060 | Plaque de croissance très hétérogène d'une zone à l'autre | squelette | 0.58	FOETO:PF.SQU-MAL-067 | Raccourcissement de la zone hypertrophique de la plaque de croissance | squelette | 0.42	FOETO:PF.SQU-MAL-060
314	11.2 Ellis Van Creveld Syndrome (MIM 255500)	ORPHA:289	soffoet	ch13_squelette	growth plate	direct	short growth plate	à peine différenciée, ou très courte	FOETO:PF.MUL-MET-124 | Désorganisation de la plaque de croissance osseuse | multi_organe | 0.6			FOETO:PF.SQU-MAL-059
315	11.2 Ellis Van Creveld Syndrome (MIM 255500)	ORPHA:289	soffoet	ch13_squelette	growth plate	direct	thick, poorly oriented, reticulated directive trabeculae	et donne des travées directrices épaisses, et mal orientées, réticulées	FOETO:PF.SQU-MAL-075 | Travées d'os primaire épaisses et mal orientées | squelette | 0.6			FOETO:PF.SQU-MAL-075
316	11.2 Ellis Van Creveld Syndrome (MIM 255500)	ORPHA:289	soffoet	ch13_squelette	growth plate	direct	abnormal shift between collar and cartilage	on retrouve le décalage anormal entre la virole (*) et le cartilage, typique de la famille des nanismes à côtes courtes	FOETO:PF.SQU-MAL-022 | Côtes courtes | squelette | 0.8			NON
1333	11.6 Cranioectodermal Dysplasia (MIM 218330)	ORPHA:1515	genereviews	ce-dysp	kidney	direct	interstitial fibrosis with focal inflammatory cell infiltrates, tubular atrophy, glomerulosclerosis, and occasional cysts	Renal biopsy shows interstitial fibrosis with focal inflammatory cell infiltrates, tubular atrophy, glomerulosclerosis, and occasional cysts	FOETO:PF.REN-MAL-034 | Kystes glomérulaires | rein | 0.9	FOETO:PF.REN-DYS-001 | Dysgenèse tubulaire rénale | rein | 0.47	FOETO:PF.MUL-MET-183 | Kyste rénal cortical | multi_organe | 0.47	NOUVEAU
1334	11.6 Cranioectodermal Dysplasia (MIM 218330)	ORPHA:1515	genereviews	ce-dysp	liver	direct	bile duct proliferation	Liver cirrhosis, severe cholestasis with bile duct proliferation, and acute cholangitis have been described in infants	FOETO:PF.FOI-MAL-009 | Cellules cytomégaliques dans les canaux biliaires | foie | 0.6			NOUVEAU
1413	12.4 MESOMELIC DYSPLASIA , LANGERTYPE ( MIM 249700 )		genereviews	lwd	growth plate	direct	atypical proliferation and differentiation of chondrocytes	In the absence of normal SHOX, chondrocytes may undergo atypical proliferation and differentiation				NOUVEAU
375	13.11 Acrocapitofemoral Dysplasia (MIM 607778)	ORPHA:63446	spranger_entites	e13_11_ac_roca_p_i_t_ofe_m_ora_l_dy_splas_i_a_m_i_m_6_0_7_7_7_8	hands and hips	direct	cone-shaped epiphyses	Homozygous mutations in IHH cause acrocapitofemoral dysplasia, an autosomal recessive disorder with cone-shaped epiphyses in hands and hips.				NON
376	13.11 Acrocapitofemoral Dysplasia (MIM 607778)	ORPHA:63446	spranger_entites	e13_11_ac_roca_p_i_t_ofe_m_ora_l_dy_splas_i_a_m_i_m_6_0_7_7_7_8	hands and hips	direct	cone shaped epiphyses	Acrocapitofemoral dysplasia: an autosomal recessive skeletal dysplasia with cone shaped epiphyses in hands and hips.				NON
377	13.11 Acrocapitofemoral Dysplasia (MIM 607778)	ORPHA:63446	spranger_entites	e13_11_ac_roca_p_i_t_ofe_m_ora_l_dy_splas_i_a_m_i_m_6_0_7_7_7_8	phalanges	contexte	Small epiphyseal ossification centers	Small epiphyseal ossification centers are attached to some of the proximal and middle phalanges	FOETO:PF.SQU-NOR-007 | Centre d'ossification primaire | squelette | 0.6	FOETO:PF.SQU-NOR-008 | Centre d'ossification épiphysaire du fémur distal | squelette | 0.54		NON
380	13.11 Acrocapitofemoral Dysplasia (MIM 607778)	ORPHA:63446	spranger_entites	e13_11_ac_roca_p_i_t_ofe_m_ora_l_dy_splas_i_a_m_i_m_6_0_7_7_7_8	metacarpals and phalanges	contexte	complete fusion of the epiphyses to the metaphyses	The metacarpals and phalanges are short and broad with complete fusion of the epiphyses to the metaphyses.				NON
381	13.11 Acrocapitofemoral Dysplasia (MIM 607778)	ORPHA:63446	spranger_entites	e13_11_ac_roca_p_i_t_ofe_m_ora_l_dy_splas_i_a_m_i_m_6_0_7_7_7_8	radius and ulna	contexte	Fine residuals of the growth plates	Fine residuals of the growth plates are still visible in the distal radius and ulna.				NON
1395	13.14 Geleophysic Dysplasia (MIM 231050)		genereviews	geleophys-dysp	skin, liver, trachea, and heart	direct	lysosomal-like PAS-positive vacuoles	Histologic examination of skin, liver, trachea, and heart shows lysosomal-like PAS-positive vacuoles				NOUVEAU
1396	13.14 Geleophysic Dysplasia (MIM 231050)		genereviews	geleophys-dysp	cardiac mitral valve	direct	collagen accumulation responsible for severe fibrosis	histopathologic analysis of cardiac mitral valve revealed collagen accumulation responsible for severe fibrosis				NOUVEAU
1478	13.15 Acromicric Dysplasia (MIM 102370)	ORPHA:969	genereviews	geleophys-dysp	skin, liver, trachea, and heart	direct	lysosomal-like PAS-positive vacuoles	Histologic examination of skin, liver, trachea, and heart shows lysosomal-like PAS-positive vacuoles				NOUVEAU
1479	13.15 Acromicric Dysplasia (MIM 102370)	ORPHA:969	genereviews	geleophys-dysp	cardiac mitral valve	direct	collagen accumulation responsible for severe fibrosis	histopathologic analysis of cardiac mitral valve revealed collagen accumulation responsible for severe fibrosis				NOUVEAU
1433	14.14 Geroderma Osteodysplasticum (MIM 231070)		genereviews	cutis-laxa	skin	direct	rarefaction and fragmentation of the elastin network	Electron microscopy (EM) shows rarefaction and fragmentation of the elastin network in which elastic fibers are small and misshapen.				FOETO:PF.MUL-MET-023
1434	14.14 Geroderma Osteodysplasticum (MIM 231070)		genereviews	cutis-laxa	skin	direct	elastic fibers are small and misshapen	Electron microscopy (EM) shows rarefaction and fragmentation of the elastin network in which elastic fibers are small and misshapen.				FOETO:PF.MUL-MET-023
1435	14.14 Geroderma Osteodysplasticum (MIM 231070)		genereviews	cutis-laxa	skin	direct	elastin and elastofibrils can be distinguished based on their different densities	Within these fibers both elastin and elastofibrils can be distinguished based on their different densities [Beyens et al 2019b].				NON
1436	14.14 Geroderma Osteodysplasticum (MIM 231070)		genereviews	eln-cutis-laxa	skin	direct	abnormal elastic fibers that appear as amorphic clumps without parallel directionality to the microfibrils	electron microscopy of skin biopsies shows abnormal elastic fibers that appear as amorphic clumps without parallel directionality to the microfibrils	FOETO:PF.MUL-MET-023 | Anomalie de la structure des fibres élastiques cutanées | multi_organe | 0.52			FOETO:PF.MUL-MET-023
1438	14.14 Geroderma Osteodysplasticum (MIM 231070)		genereviews	ltbp4-cutis-laxa	skin	direct	fragmented and weakly stained dermal elastic fibers with less defined edges	Light microscopy shows fragmented and weakly stained dermal elastic fibers with less defined edges compared to controls.	FOETO:PF.PEA-NOR-012 | Fibres élastiques dermiques immatures | peau | 0.6	FOETO:PF.PEA-MAL-035 | Fibres élastiques dermiques épaissies et irrégulières | peau | 0.54		FOETO:PF.MUL-MET-023
1439	14.14 Geroderma Osteodysplasticum (MIM 231070)		genereviews	ltbp4-cutis-laxa	skin	direct	fine candelabra-like fibers in the upper dermis are missing	In addition, the fine candelabra-like fibers in the upper dermis are missing.				NOUVEAU
1440	14.14 Geroderma Osteodysplasticum (MIM 231070)		genereviews	ltbp4-cutis-laxa	skin	direct	very small amounts of elastin within the microfibrillar network	Electron microscopy shows elastic fiber anomalies specific for this type of cutis laxa: very small amounts of elastin within the microfibrillar network	FOETO:PF.MUL-MET-078 | Cutis laxa | multi_organe | 0.8			FOETO:PF.MUL-MET-023
1441	14.14 Geroderma Osteodysplasticum (MIM 231070)		genereviews	ltbp4-cutis-laxa	skin	direct	large globular elastin deposits that are separate from the microfibrillar bundles	and large globular elastin deposits that are separate from the microfibrillar bundles.				NOUVEAU
1078	14.2 Osteogenesis Imperfecta, Type I (MIM 116200)		keeling	ch32_skeletal_system	bone	direct	hypercellular bony trabeculae	Osteogenesis imperfecta 2A (fractures in long bones and ribs) (hypercellularbony trabeculae)				NOUVEAU
1079	14.2 Osteogenesis Imperfecta, Type I (MIM 116200)		keeling	ch32_skeletal_system	bone	direct	small islands of metaplastic cartilage in the metaphysis	Small islands of metaplastic cartilage (arrow) can be found in the metaphysis.				NOUVEAU
1080	14.2 Osteogenesis Imperfecta, Type I (MIM 116200)		keeling	ch32_skeletal_system	bone	direct	highly cellular and thin bony trabeculae	The bony trabeculae are highly cellular and thin and the marrow between the bony trabeculae is focally fibrotic				NOUVEAU
1081	14.2 Osteogenesis Imperfecta, Type I (MIM 116200)		keeling	ch32_skeletal_system	bone	direct	focally fibrotic marrow	The bony trabeculae are highly cellular and thin and the marrow between the bony trabeculae is focally fibrotic				NOUVEAU
1082	14.2 Osteogenesis Imperfecta, Type I (MIM 116200)		keeling	ch32_skeletal_system	bone	direct	reduced volume of primary and secondary trabeculae and cortical bone	the primary and secondary (osseous) trabeculae and the cortical bone are reduced in volume with thin osseous seams	FOETO:PF.SQU-MAL-074 | Travées d'os primaire grêles | squelette | 0.7	FOETO:PF.SQU-NOR-021 | Trabécules osseuses médullaires | squelette | 0.6		FOETO:PF.SQU-MAL-074
1083	14.2 Osteogenesis Imperfecta, Type I (MIM 116200)		keeling	ch32_skeletal_system	bone	direct	thin osseous seams at the zone of chondro-osseous transformation	the primary and secondary (osseous) trabeculae and the cortical bone are reduced in volume with thin osseous seams at the zone of chondro-osseous transformation	FOETO:PF.SQU-MAL-074 | Travées d'os primaire grêles | squelette | 0.7	FOETO:PF.MUL-MET-123 | Désorganisation chondro-osseuse | multi_organe | 0.6	FOETO:PF.SQU-NOR-021 | Trabécules osseuses médullaires | squelette | 0.47	FOETO:PF.SQU-MAL-074
1084	14.2 Osteogenesis Imperfecta, Type I (MIM 116200)		keeling	ch32_skeletal_system	bone	direct	small islands of metaplastic cartilage in the center of the bone	Very frequently in the center of the bone, small islands of metaplastic cartilage can be found in all type 2 cases				NOUVEAU
1269	14.4 Osteogenesis Imperfecta, Type IIC		genereviews	oi	bone	direct	marked reduction in collagen in secondary trabeculae and cortical bone	Histologic evaluation of bone from infants with perinatally lethal OI shows marked reduction in collagen in secondary trabeculae and cortical bone	FOETO:PF.SQU-NOR-021 | Trabécules osseuses médullaires | squelette | 0.6			NOUVEAU
1270	14.4 Osteogenesis Imperfecta, Type IIC		genereviews	oi	cortical bone	direct	Cortical bone is hypercellular with large osteocytes	Cortical bone is hypercellular with large osteocytes				NOUVEAU
1271	14.4 Osteogenesis Imperfecta, Type IIC		genereviews	oi	trabeculae	direct	Trabeculae contain woven bone with large immature osteoblasts	Trabeculae contain woven bone with large immature osteoblasts	FOETO:PF.SQU-NOR-013 | Os tissé (woven bone) | squelette | 0.6	FOETO:PF.SQU-NOR-021 | Trabécules osseuses médullaires | squelette | 0.6		FOETO:PF.SQU-NOR-013
102	14.4 Osteogenesis Imperfecta, Type IIC		keeling	ch32_skeletal_system	bone	direct	hypercellular bony trabeculae	Osteogenesis imperfecta 2A (fractures in long bones and ribs) (hypercellularbony trabeculae)				NOUVEAU
103	14.4 Osteogenesis Imperfecta, Type IIC		keeling	ch32_skeletal_system	bone	direct	sharp regular demarcation between cartilage and primary spongiosa	Histology of the epiphysis shows a sharp regular demarcation between cartilage and primary spongiosa				NON
104	14.4 Osteogenesis Imperfecta, Type IIC		keeling	ch32_skeletal_system	bone	direct	small islands of metaplastic cartilage in the metaphysis	Small islands of metaplastic cartilage (arrow) can be found in the metaphysis				NOUVEAU
105	14.4 Osteogenesis Imperfecta, Type IIC		keeling	ch32_skeletal_system	bone	direct	bony trabeculae are highly cellular and thin	The bony trabeculae are highly cellular and thin and the marrow between the bony trabeculae is focally fibrotic				NOUVEAU
106	14.4 Osteogenesis Imperfecta, Type IIC		keeling	ch32_skeletal_system	bone	direct	marrow between the bony trabeculae is focally fibrotic	The bony trabeculae are highly cellular and thin and the marrow between the bony trabeculae is focally fibrotic				NOUVEAU
107	14.4 Osteogenesis Imperfecta, Type IIC		keeling	ch32_skeletal_system	bone	direct	primary and secondary osseous trabeculae and the cortical bone are reduced in volume	the primary and secondary (osseous) trabeculae and the cortical bone are reduced in volume with thin osseous seams	FOETO:PF.SQU-MAL-074 | Travées d'os primaire grêles | squelette | 0.7	FOETO:PF.SQU-NOR-021 | Trabécules osseuses médullaires | squelette | 0.6		FOETO:PF.SQU-MAL-074
108	14.4 Osteogenesis Imperfecta, Type IIC		keeling	ch32_skeletal_system	bone	direct	thin osseous seams at the zone of chondro-osseous transformation	the primary and secondary (osseous) trabeculae and the cortical bone are reduced in volume with thin osseous seams at the zone of chondro-osseous transformation	FOETO:PF.SQU-MAL-074 | Travées d'os primaire grêles | squelette | 0.7	FOETO:PF.MUL-MET-123 | Désorganisation chondro-osseuse | multi_organe | 0.6	FOETO:PF.SQU-NOR-021 | Trabécules osseuses médullaires | squelette | 0.47	FOETO:PF.SQU-MAL-074
109	14.4 Osteogenesis Imperfecta, Type IIC		keeling	ch32_skeletal_system	bone	direct	small islands of metaplastic cartilage in the center of the bone	Very frequently in the center of the bone, small islands of metaplastic cartilage can be found in all type 2 cases				NOUVEAU
1474	14.5 Osteogenesis Imperfecta, Type III/IIB (MIM 259420)		genereviews	oi	bone	direct	marked reduction in collagen in secondary trabeculae and cortical bone	Histologic evaluation of bone from infants with perinatally lethal OI shows marked reduction in collagen in secondary trabeculae and cortical bone	FOETO:PF.SQU-NOR-021 | Trabécules osseuses médullaires | squelette | 0.6			NOUVEAU
1475	14.5 Osteogenesis Imperfecta, Type III/IIB (MIM 259420)		genereviews	oi	bone	direct	cortical bone is hypercellular with large osteocytes	Cortical bone is hypercellular with large osteocytes				NOUVEAU
1476	14.5 Osteogenesis Imperfecta, Type III/IIB (MIM 259420)		genereviews	oi	bone	direct	trabeculae contain woven bone with large immature osteoblasts	Trabeculae contain woven bone with large immature osteoblasts	FOETO:PF.SQU-NOR-013 | Os tissé (woven bone) | squelette | 0.6	FOETO:PF.SQU-NOR-021 | Trabécules osseuses médullaires | squelette | 0.6		FOETO:PF.SQU-NOR-013
1154	14.5 Osteogenesis Imperfecta, Type III/IIB (MIM 259420)		keeling	ch32_skeletal_system	bone	direct	hypercellular bony trabeculae	Osteogenesis imperfecta 2A (fractures in long bones and ribs) (hypercellularbony trabeculae)				NOUVEAU
1156	14.5 Osteogenesis Imperfecta, Type III/IIB (MIM 259420)		keeling	ch32_skeletal_system	growth plate	direct	sharp regular demarcation between cartilage and primary spongiosa	Histology of the epiphysis shows a sharp regular demarcation between cartilage and primary spongiosa				NON
1157	14.5 Osteogenesis Imperfecta, Type III/IIB (MIM 259420)		keeling	ch32_skeletal_system	metaphysis	direct	small islands of metaplastic cartilage in the metaphysis	Small islands of metaplastic cartilage (arrow) can be found in the metaphysis				NOUVEAU
1158	14.5 Osteogenesis Imperfecta, Type III/IIB (MIM 259420)		keeling	ch32_skeletal_system	bone	direct	highly cellular and thin bony trabeculae	The bony trabeculae are highly cellular and thin and the marrow between the bony trabeculae is focally fibrotic				NOUVEAU
1159	14.5 Osteogenesis Imperfecta, Type III/IIB (MIM 259420)		keeling	ch32_skeletal_system	bone marrow	direct	focally fibrotic marrow	The bony trabeculae are highly cellular and thin and the marrow between the bony trabeculae is focally fibrotic				NOUVEAU
1160	14.5 Osteogenesis Imperfecta, Type III/IIB (MIM 259420)		keeling	ch32_skeletal_system	bone	direct	reduced volume of primary and secondary trabeculae and cortical bone	the primary and secondary (osseous) trabeculae and the cortical bone are reduced in volume with thin osseous seams	FOETO:PF.SQU-MAL-074 | Travées d'os primaire grêles | squelette | 0.7	FOETO:PF.SQU-NOR-021 | Trabécules osseuses médullaires | squelette | 0.6		FOETO:PF.SQU-MAL-074
1161	14.5 Osteogenesis Imperfecta, Type III/IIB (MIM 259420)		keeling	ch32_skeletal_system	growth plate	direct	thin osseous seams at the zone of chondro-osseous transformation	the primary and secondary (osseous) trabeculae and the cortical bone are reduced in volume with thin osseous seams at the zone of chondro-osseous transformation	FOETO:PF.SQU-MAL-074 | Travées d'os primaire grêles | squelette | 0.7	FOETO:PF.MUL-MET-123 | Désorganisation chondro-osseuse | multi_organe | 0.6	FOETO:PF.SQU-NOR-021 | Trabécules osseuses médullaires | squelette | 0.47	FOETO:PF.SQU-MAL-074
1162	14.5 Osteogenesis Imperfecta, Type III/IIB (MIM 259420)		keeling	ch32_skeletal_system	bone	direct	small islands of metaplastic cartilage in the center of the bone	Very frequently in the center of the bone, small islands of metaplastic cartilage can be found in all type 2 cases				NOUVEAU
1171	14.9 Bruck Syndrome (MIM 259450, 609220, 610968)	ORPHA:2771	spranger_entites	e14_9_b_ruck_s_yndrom_e_mim_259_4_5_0_6_0_9_2_2_0_6_1_0_9_6_8	bone	contexte	distorted lamellar structure and a fish scale-like pattern	They showed histologic features of a distorted lamellar structure and a fish scale-like pattern				NOUVEAU
1461	15.3 Hereditary Rickets (MIM 307800, 193100, 241520, 613312, 241530, 264700, 600081, 277440, 600785, 300554, 612089)		genereviews	hyper-ftc	bone	direct	reactive new bone surrounded by fibroblastic stroma infiltrated with plasma cells, lymphocytes, and polymorphonuclear cells	Biopsies of hyperostosis lesions demonstrate reactive new bone surrounded by fibroblastic stroma infiltrated with plasma cells, lymphocytes, and polymorphonuclear cells	FOETO:PF.MUL-MET-142 | Hyperostose osseuse diffuse | multi_organe | 0.7			FOETO:PF.MUL-MET-142
1462	15.3 Hereditary Rickets (MIM 307800, 193100, 241520, 613312, 241530, 264700, 600081, 277440, 600785, 300554, 612089)		genereviews	hyper-ftc	soft tissue	direct	macrophage engulfment of hydroxyapatite crystals	Microscopy of the lesions reveals macrophage engulfment of hydroxyapatite crystals, which probably release inflammatory cytokines				NON
1463	15.3 Hereditary Rickets (MIM 307800, 193100, 241520, 613312, 241530, 264700, 600081, 277440, 600785, 300554, 612089)		genereviews	hyper-ftc	testis	direct	diffuse intratubular calcifications	A biopsy of one testicle revealed diffuse intratubular calcifications; oligo-azoospermia was noted on spermiogram	FOETO:PP.PAR-MET-004 | Calcifications | parenchyme | 1.0			NOUVEAU
1464	15.3 Hereditary Rickets (MIM 307800, 193100, 241520, 613312, 241530, 264700, 600081, 277440, 600785, 300554, 612089)		genereviews	rickets-xlh	bone	direct	Periosteocytic (unmineralized) lesions	Periosteocytic (unmineralized) lesions may be observed in genetic disorders involving osteocytes (which express and secrete FGF23), including XLH				NOUVEAU
1465	15.3 Hereditary Rickets (MIM 307800, 193100, 241520, 613312, 241530, 264700, 600081, 277440, 600785, 300554, 612089)		genereviews	rickets-xlh	bone	direct	histologic signs of osteomalacia	In adults, burosumab compared to placebo improved joint stiffness and physical function and improved healing of pseudofractures as well as histologic signs of osteomalacia				NOUVEAU
1274	16.3 Infantile Osteopetrosis (MIM 259700, 259710, 259720, 611490)		genereviews	tcirg1-opt	bone marrow	direct	normal or increased numbers of multinucleated osteoclasts unable to resorb bone	The hallmark manifestation on bone marrow aspirate and biopsy shows normal or increased numbers of multinucleated osteoclasts unable to resorb bone	FOETO:PF.SQU-NOR-015 | Ostéoclaste multinucléé dans lacune de résorption | squelette | 0.6	FOETO:PF.HEM-INF-006 | Hémophagocytose médullaire | hematolymphoide | 0.47	FOETO:PF.HEM-NOR-040 | Hématopoïèse médullaire osseuse (moelle) | hematolymphoide | 0.47	NOUVEAU
1275	16.3 Infantile Osteopetrosis (MIM 259700, 259710, 259720, 611490)		genereviews	tcirg1-opt	bone	direct	accumulation of primary spongiosa and the persistence of mineralized cartilage within the metaphyses	This defect leads to the accumulation of primary spongiosa and the persistence of mineralized cartilage within the metaphyses				NOUVEAU
1276	16.3 Infantile Osteopetrosis (MIM 259700, 259710, 259720, 611490)		genereviews	tcirg1-opt	bone	direct	metaphyseal regions become sclerotic and disorganized	The metaphyseal regions become sclerotic and disorganized, and the normal longitudinal growth of bones is severely compromised	FOETO:PF.MUL-MET-124 | Désorganisation de la plaque de croissance osseuse | multi_organe | 0.47			FOETO:PF.MUL-MET-124
1416	16.6 Osteopetrosis with Renal Tubular Acidosis (MIM 259730)	ORPHA:2785	genereviews	tcirg1-opt	bone marrow	direct	multinucleated osteoclasts unable to resorb bone	The hallmark manifestation on bone marrow aspirate and biopsy shows normal or increased numbers of multinucleated osteoclasts unable to resorb bone	FOETO:PF.SQU-NOR-015 | Ostéoclaste multinucléé dans lacune de résorption | squelette | 0.6	FOETO:PF.HEM-INF-006 | Hémophagocytose médullaire | hematolymphoide | 0.47	FOETO:PF.HEM-NOR-040 | Hématopoïèse médullaire osseuse (moelle) | hematolymphoide | 0.47	NOUVEAU
1277	17.12 Craniodiaphyseal Dysplasia (MIM 122860, 218300)		genereviews	ced	bone	contexte	increased bone resorption and secondary remodeling with increased osteoblast activity and decreased lamellar bone deposition	histologic studies following steroid therapy showed increased bone resorption and secondary remodeling with increased osteoblast activity and decreased lamellar bone deposition	FOETO:PF.SQU-NOR-012 | Os lamellaire | squelette | 0.6	FOETO:PF.SQU-MAL-011 | Bandes d'interruption de l'ossification métaphysaire (bandes claires métaphysaires) | squelette | 0.5	FOETO:PF.MUL-MET-079 | Densification osseuse généralisée (pycnodysostose) | multi_organe | 0.5	NON
1278	17.12 Craniodiaphyseal Dysplasia (MIM 122860, 218300)		genereviews	ptdss1-lmhd	skin	direct	almost complete absence of dermal elastic tissue	Individuals had an almost complete absence of dermal elastic tissue in a punch biopsy taken from the forearm				FOETO:PF.MUL-MET-023
1279	17.12 Craniodiaphyseal Dysplasia (MIM 122860, 218300)		genereviews	sost	bone	direct	increased bone volume and thickness of cortex and trabeculae	Histologic examination of bone reveals increased bone volume and thickness of cortex and trabeculae	FOETO:PF.SQU-NOR-021 | Trabécules osseuses médullaires | squelette | 0.6			FOETO:PF.MUL-MET-079
1280	17.12 Craniodiaphyseal Dysplasia (MIM 122860, 218300)		genereviews	sost	bone	direct	increased osteoblastic bone formation with normal or decreased osteoclastic bone resorption	increased osteoblastic bone formation with normal or decreased osteoclastic bone resorption	FOETO:PF.SQU-NOR-015 | Ostéoclaste multinucléé dans lacune de résorption | squelette | 0.6			FOETO:PF.MUL-MET-079
1281	17.12 Craniodiaphyseal Dysplasia (MIM 122860, 218300)		genereviews	sost	bone	direct	no abnormal mineralization of bone tissue	and no abnormal mineralization of bone tissue				NON
408	17.15 Pyle Disease (MIM 265900)	ORPHA:3005	spranger_entites	e17_15_pyle_di_s_e_a_s_e_m_i_m_2_6_5_9_0_0	bone	direct	spongiotic hypertrophy with thin cortex	The conversion of spongiotic bone to cortical bone is impaired (“spongiotic hypertrophy” with thin cortex).				NOUVEAU
1282	17.4 Osteoectasia with Hyperphosphatasia (MIM 239000)		genereviews	ced	bone	direct	increased bone resorption and secondary remodeling with increased osteoblast activity and decreased lamellar bone deposition	histologic studies following steroid therapy showed increased bone resorption and secondary remodeling with increased osteoblast activity and decreased lamellar bone deposition	FOETO:PF.SQU-NOR-012 | Os lamellaire | squelette | 0.6	FOETO:PF.SQU-MAL-011 | Bandes d'interruption de l'ossification métaphysaire (bandes claires métaphysaires) | squelette | 0.5	FOETO:PF.MUL-MET-079 | Densification osseuse généralisée (pycnodysostose) | multi_organe | 0.5	NON
1342	17.6 Camurati-Engelmann Disease (MIM 131300)		genereviews	ced	bone	direct	increased bone resorption and secondary remodeling with increased osteoblast activity and decreased lamellar bone deposition	histologic studies following steroid therapy showed increased bone resorption and secondary remodeling with increased osteoblast activity and decreased lamellar bone deposition	FOETO:PF.SQU-NOR-012 | Os lamellaire | squelette | 0.6	FOETO:PF.SQU-MAL-011 | Bandes d'interruption de l'ossification métaphysaire (bandes claires métaphysaires) | squelette | 0.5	FOETO:PF.MUL-MET-079 | Densification osseuse généralisée (pycnodysostose) | multi_organe | 0.5	NON
1509	18.2 Hyaline Fibromatosis (MIM 228600)	ORPHA:498474	genereviews	sys-h	skin	direct	hyaline material accumulation in the dermis	Skin biopsy may show hyaline material accumulation in the dermis or nondiagnostic findings				NOUVEAU
1510	18.2 Hyaline Fibromatosis (MIM 228600)	ORPHA:498474	genereviews	sys-h	skin	direct	hyaline material in the dermis	Light microscopy demonstrates hyaline material in the dermis				NOUVEAU
1511	18.2 Hyaline Fibromatosis (MIM 228600)	ORPHA:498474	genereviews	sys-h	skin	direct	amorphous eosinophilic substance that is periodic acid-Schiff positive	The hyaline material appears as an amorphous eosinophilic substance that is periodic acid-Schiff positive				NOUVEAU
1512	18.2 Hyaline Fibromatosis (MIM 228600)	ORPHA:498474	genereviews	sys-h	skin	direct	spindle-shaped fibroblasts dispersed in abundant amounts of hyaline material	"The spindle-shaped fibroblasts dispersed in abundant amounts of hyaline material render a ""chondroid appearance."""				NOUVEAU
1513	18.2 Hyaline Fibromatosis (MIM 228600)	ORPHA:498474	genereviews	sys-h	skin	direct	cells filled with fine, fibrillary material with an enlarged endoplasmic reticulum and Golgi apparatus	Electron microscopy demonstrates cells filled with fine, fibrillary material with an enlarged endoplasmic reticulum and Golgi apparatus				NON
1514	18.2 Hyaline Fibromatosis (MIM 228600)	ORPHA:498474	genereviews	sys-h	intestine	direct	hyaline material in the intestine	Hyaline material is seen in the intestine in some individuals				NOUVEAU
1515	18.2 Hyaline Fibromatosis (MIM 228600)	ORPHA:498474	genereviews	sys-h	intestine	direct	villous atrophy, edema, and lymphangiectasia	Villous atrophy, edema, and lymphangiectasia may be seen in individuals with prominent gastrointestinal symptoms	FOETO:PP.PAR-RET-007 | Œdème villositaire | parenchyme | 0.9	FOETO:PF.DIG-MAL-012 | Effacement de l'architecture muqueuse intestinale | digestif | 0.5	FOETO:PF.DIG-MAL-005 | Aplatissement villositaire intestinal avec bouchons luminaux éosinophiles | digestif | 0.5	FOETO:PF.DIG-MAL-005
1516	18.2 Hyaline Fibromatosis (MIM 228600)	ORPHA:498474	genereviews	sys-h	skin	direct	hyaline deposition in the dermis	Hyaline deposition has been documented in the dermis, small and large intestine, skeletal muscle, lymph nodes, thymus, spleen, thyroid, adrenals, and myocardium	FOETO:PF.MUL-MET-040 | Atrophie musculaire squelettique | multi_organe | 0.47			NOUVEAU
1517	18.2 Hyaline Fibromatosis (MIM 228600)	ORPHA:498474	genereviews	sys-h	intestine	direct	hyaline deposition in the small and large intestine	Hyaline deposition has been documented in the dermis, small and large intestine, skeletal muscle, lymph nodes, thymus, spleen, thyroid, adrenals, and myocardium	FOETO:PF.MUL-MET-040 | Atrophie musculaire squelettique | multi_organe | 0.47			NOUVEAU
1518	18.2 Hyaline Fibromatosis (MIM 228600)	ORPHA:498474	genereviews	sys-h	skeletal muscle	direct	hyaline deposition in skeletal muscle	Hyaline deposition has been documented in the dermis, small and large intestine, skeletal muscle, lymph nodes, thymus, spleen, thyroid, adrenals, and myocardium	FOETO:PF.MUL-MET-040 | Atrophie musculaire squelettique | multi_organe | 0.6			NOUVEAU
1519	18.2 Hyaline Fibromatosis (MIM 228600)	ORPHA:498474	genereviews	sys-h	lymph node	direct	hyaline deposition in lymph nodes	Hyaline deposition has been documented in the dermis, small and large intestine, skeletal muscle, lymph nodes, thymus, spleen, thyroid, adrenals, and myocardium	FOETO:PF.MUL-MET-040 | Atrophie musculaire squelettique | multi_organe | 0.47			NOUVEAU
1520	18.2 Hyaline Fibromatosis (MIM 228600)	ORPHA:498474	genereviews	sys-h	thymus	direct	hyaline deposition in the thymus	Hyaline deposition has been documented in the dermis, small and large intestine, skeletal muscle, lymph nodes, thymus, spleen, thyroid, adrenals, and myocardium	FOETO:PF.MUL-MET-040 | Atrophie musculaire squelettique | multi_organe | 0.47			NOUVEAU
1521	18.2 Hyaline Fibromatosis (MIM 228600)	ORPHA:498474	genereviews	sys-h	spleen	direct	hyaline deposition in the spleen	Hyaline deposition has been documented in the dermis, small and large intestine, skeletal muscle, lymph nodes, thymus, spleen, thyroid, adrenals, and myocardium	FOETO:PF.MUL-MET-040 | Atrophie musculaire squelettique | multi_organe | 0.47			NOUVEAU
1522	18.2 Hyaline Fibromatosis (MIM 228600)	ORPHA:498474	genereviews	sys-h	thyroid	direct	hyaline deposition in the thyroid	Hyaline deposition has been documented in the dermis, small and large intestine, skeletal muscle, lymph nodes, thymus, spleen, thyroid, adrenals, and myocardium	FOETO:PF.MUL-MET-040 | Atrophie musculaire squelettique | multi_organe | 0.47			NOUVEAU
1523	18.2 Hyaline Fibromatosis (MIM 228600)	ORPHA:498474	genereviews	sys-h	adrenal	direct	hyaline deposition in the adrenals	Hyaline deposition has been documented in the dermis, small and large intestine, skeletal muscle, lymph nodes, thymus, spleen, thyroid, adrenals, and myocardium	FOETO:PF.MUL-MET-040 | Atrophie musculaire squelettique | multi_organe | 0.47			NOUVEAU
1524	18.2 Hyaline Fibromatosis (MIM 228600)	ORPHA:498474	genereviews	sys-h	myocardium	direct	hyaline deposition in the myocardium	Hyaline deposition has been documented in the dermis, small and large intestine, skeletal muscle, lymph nodes, thymus, spleen, thyroid, adrenals, and myocardium	FOETO:PF.MUL-MET-040 | Atrophie musculaire squelettique | multi_organe | 0.47			NOUVEAU
1525	18.2 Hyaline Fibromatosis (MIM 228600)	ORPHA:498474	genereviews	sys-h	pancreas	direct	interstitial parenchymal fibrosis of the pancreas	Interstitial parenchymal fibrosis of the pancreas, skeletal muscle, lung, and liver was observed	FOETO:PF.MUL-MET-040 | Atrophie musculaire squelettique | multi_organe | 0.47			NOUVEAU
1526	18.2 Hyaline Fibromatosis (MIM 228600)	ORPHA:498474	genereviews	sys-h	skeletal muscle	direct	interstitial parenchymal fibrosis of the skeletal muscle	Interstitial parenchymal fibrosis of the pancreas, skeletal muscle, lung, and liver was observed	FOETO:PF.MUL-MET-040 | Atrophie musculaire squelettique | multi_organe | 0.6			NOUVEAU
1527	18.2 Hyaline Fibromatosis (MIM 228600)	ORPHA:498474	genereviews	sys-h	lung	direct	interstitial parenchymal fibrosis of the lung	Interstitial parenchymal fibrosis of the pancreas, skeletal muscle, lung, and liver was observed	FOETO:PF.POU-MAL-017 | Fibrose interstitielle pulmonaire | poumon | 0.6	FOETO:PF.MUL-MET-040 | Atrophie musculaire squelettique | multi_organe | 0.47		FOETO:PF.POU-MAL-017
1528	18.2 Hyaline Fibromatosis (MIM 228600)	ORPHA:498474	genereviews	sys-h	liver	direct	interstitial parenchymal fibrosis of the liver	Interstitial parenchymal fibrosis of the pancreas, skeletal muscle, lung, and liver was observed	FOETO:PF.MUL-MET-040 | Atrophie musculaire squelettique | multi_organe | 0.47			FOETO:PF.MUL-MET-132
1316	18.6 Hajdu-Cheney Osteolysis (MIM 102500)		genereviews	alagille	liver	direct	bile duct paucity	The histologic finding of bile duct paucity (an increased portal tract-to-bile duct ratio) on liver biopsy.	FOETO:PF.FOI-DYS-001 | Paucité des canaux biliaires interlobulaires | foie | 0.68	FOETO:PF.FOI-MAL-009 | Cellules cytomégaliques dans les canaux biliaires | foie | 0.6	FOETO:PP.PAR-NOR-003 | Autre (histo) | parenchyme | 0.47	FOETO:PF.FOI-DYS-001
1317	18.6 Hajdu-Cheney Osteolysis (MIM 102500)		genereviews	alagille	liver	direct	bile duct paucity	Liver biopsy typically shows paucity of the intrahepatic bile ducts, which may be progressive.	FOETO:PF.FOI-DYS-001 | Paucité des canaux biliaires interlobulaires | foie | 0.7	FOETO:PF.FOI-MAL-009 | Cellules cytomégaliques dans les canaux biliaires | foie | 0.6		FOETO:PF.FOI-DYS-001
1239	19.3 Progressive Osseous Heteroplasia (MIM 166350)		spranger_entites	e19_3_progre_s_s_i_v_e_os_s_e_ous_h_eteropla_s_i_a_m_i_m_1_6_6_3_5_0	dermis	direct	membranous ossification in the dermis	The lesions start with a maculopapular skin rash followed by membranous ossification in the dermis				NOUVEAU
1240	19.3 Progressive Osseous Heteroplasia (MIM 166350)		spranger_entites	e19_3_progre_s_s_i_v_e_os_s_e_ous_h_eteropla_s_i_a_m_i_m_1_6_6_3_5_0	dermis	direct	osteoma cutis	The lesions start with a maculopapular skin rash followed by membranous ossification in the dermis (osteoma cutis)				NOUVEAU
1417	20.1 Campomelic Dysplasia (MIM 211990, 114290)	ORPHA:140	genereviews	campo-dysp	pancreas	direct	Histologic pancreatic abnormalities	Histologic pancreatic abnormalities have been described in three newborns who died at term from CD				NON
1482	20.7 Nail-Patella Syndrome (MIM 161200)	ORPHA:2614	genereviews	nail-ps	kidney	direct	irregular thickening of the glomerular basement membrane with electron-lucent areas giving a mottled 'moth-eaten' appearance	"irregular thickening of the glomerular basement membrane with electron-lucent areas giving a mottled ""moth-eaten"" appearance"				NOUVEAU
1483	20.7 Nail-Patella Syndrome (MIM 161200)	ORPHA:2614	genereviews	nail-ps	kidney	direct	presence of collagen-like fibers within the basement membrane and the mesangial matrix	presence of collagen-like fibers within the basement membrane and the mesangial matrix				NOUVEAU
1472	20.8 Ischio-Pubic-Patellar Dysplasia (MIM 147891)		genereviews	nail-ps	kidney	direct	"irregular thickening of the glomerular basement membrane with electron-lucent areas giving a mottled ""moth-eaten"" appearance"	"irregular thickening of the glomerular basement membrane with electron-lucent areas giving a mottled ""moth-eaten"" appearance"				NOUVEAU
1473	20.8 Ischio-Pubic-Patellar Dysplasia (MIM 147891)		genereviews	nail-ps	kidney	direct	presence of collagen-like fibers within the basement membrane and the mesangial matrix	presence of collagen-like fibers within the basement membrane and the mesangial matrix				NOUVEAU
1337	21.6 IMAGE (Intrauterine Growth Retardation, Metaphyseal Dysplasia, Adrenal Hypoplasia Congenita, and Genital Anomalies) Syndrome (MIM 614732)		genereviews	image	muscle	direct	nonspecific myopathic changes	muscle biopsy showed nonspecific myopathic changes [Lienhardt et al 2002]	FOETO:PF.MUS-RET-030 | Inclusions polyglucosaniques sarcoplasmiques (PAS+ diastase-résistantes) | muscle | 0.5	FOETO:PF.MUL-MET-096 | Déficit d'un complexe de la chaîne respiratoire mitochondriale dans le muscle | multi_organe | 0.5	FOETO:PF.MUS-RET-017 | Déficit en α-dystroglycane en immunohistochimie | muscle | 0.5	NON
1104	23.1 Apert Syndrome (MIM 101200)	ORPHA:87	devneuro	ch18_antenatal_disruptions	brain	direct	fused thalami	Apert syndrome with fused thalami				FOETO:PF.CER-MAL-220
1326	23.5 Baller-Gerold Syndrome (MIM 218600, 266280)	ORPHA:1225	genereviews	nail-ps	kidney	direct	irregular thickening of the glomerular basement membrane with electron-lucent areas giving a mottled 'moth-eaten' appearance	"irregular thickening of the glomerular basement membrane with electron-lucent areas giving a mottled ""moth-eaten"" appearance"				NOUVEAU
1327	23.5 Baller-Gerold Syndrome (MIM 218600, 266280)	ORPHA:1225	genereviews	nail-ps	kidney	direct	presence of collagen-like fibers within the basement membrane and the mesangial matrix	presence of collagen-like fibers within the basement membrane and the mesangial matrix				NOUVEAU
1503	25.3 Ectrodactyly, Ectodermal Dysplasia, and Cleft Lip/Palate Syndrome (MIM 129900, 604292)		genereviews	aec	skin	direct	epidermal atrophy, pigment incontinence, and a prominent superficial perivascular plexus with limited lymphocytic infiltrate	Histopathologic features of skin biopsies may reveal epidermal atrophy, pigment incontinence, and a prominent superficial perivascular plexus with limited lymphocytic infiltrate	FOETO:PF.PEA-MAL-004 | Absence de pigment mélanique épidermique | peau | 0.6	FOETO:PF.MUL-INF-015 | Infiltrat lymphoplasmocytaire péri-vasculaire | multi_organe | 0.6		NOUVEAU
1504	25.3 Ectrodactyly, Ectodermal Dysplasia, and Cleft Lip/Palate Syndrome (MIM 129900, 604292)		genereviews	vws	oral epithelium	direct	lack of periderm cells	Molecular and histologic analyses showed that Irf6-mutated embryos lack periderm cells at the sites of oral adhesions				NOUVEAU
1420	25.8 Nager Syndrome (MIM 154400, 201170)	ORPHA:245	genereviews	tcs	rectum	contexte	enlarged ganglionic myenteric plexus	enlarged ganglionic myenteric plexus has been histologically confirmed on a surgical rectal biopsy	FOETO:PF.DIG-NOR-015 | Cellules ganglionnaires matures du plexus myentérique | digestif | 0.6	FOETO:PF.DIG-MAL-002 | Absence de cellules ganglionnaires dans les plexus entériques | digestif | 0.6		NOUVEAU
1339	3.8 CINCA (Chronic Infantile Neurologic Cutaneous and Articular Syndrome) (MIM 607115)	ORPHA:1451	genereviews	lpin2-majeed	bone	direct	sterile osteomyelitis	Biopsy performed in some affected individuals reveals sterile osteomyelitis [Ferguson & El-Shanti 2021]				NOUVEAU
1340	3.8 CINCA (Chronic Infantile Neurologic Cutaneous and Articular Syndrome) (MIM 607115)	ORPHA:1451	genereviews	lpin2-majeed	bone marrow	direct	erythroid hyperplasia and multinuclear cells	Bone marrow cytology may show abnormalities like erythroid hyperplasia and multinuclear cells suggestive of congenital dyserythropoietic anemia	FOETO:PF.MUL-MET-033 | Anémie dyserythropoïétique congénitale | multi_organe | 0.8	FOETO:PF.MUL-MET-311 | Érythroblastose congénitale de type II (dyserythropoïèse congénitale) | multi_organe | 0.7	FOETO:PF.HEM-DYS-001 | Dysérythropoïèse congénitale (moelle osseuse) | hematolymphoide | 0.7	FOETO:PF.HEM-DYS-001
1004	4.1 Achondrogenesis II, Hypochondrogenesis (MIM 200610)		keeling	ch32_skeletal_system	cartilage	direct	increase in vessels with perivascular fibrosis	Histology of the resting cartilage with an increase in vessels with perivascular fibrosis				NOUVEAU
1370	4.2 Platyspondylic Dysplasia, Torrance Type (MIM 151210)	ORPHA:85166	genereviews	td	cartilage	direct	dilated loops of endoplasmic reticulum in chondrocytes	PLSD-T can be differentiated histologically by presence of dilated loops of endoplasmic reticulum in chondrocytes.				NON
1064	4.6 Spondyloepiphyseal Dysplasia, Stanescu Type (MIM 616538)		keeling	ch32_skeletal_system	cartilage	direct	PAS-diastase positive inclusions	The chondrocytes in SEDC usually show many PAS-diastase positive inclusions.	FOETO:PF.SQU-MAL-033 | Inclusions intra-cytoplasmiques chondrocytaires | squelette | 0.47			FOETO:PF.SQU-MAL-033
1065	4.6 Spondyloepiphyseal Dysplasia, Stanescu Type (MIM 616538)		spranger_entites	e4_6_spondyloe_p_i_p_hys_e_a_l_dy_splasia_s_ta_ne_s_cu_t_yp_e_mim_616_5_3_8	cartilage	direct	accumulation of glycoproteins in chondrocytes	Stanescu et al. stressed the accumulation of glycoproteins in chondrocytes as a hallmark of the disease.				NON
421	4.9 Stickler Dysplasia (MIM 108300, 604841)	ORPHA:828	keeling	ch32_skeletal_system	cartilage	direct	defects in Collagen II	Defects in Collagen II give rise to a wide spectrum of skeletal dysplasias ranging from very severe to mild like achondrogenesis II or Langer–Saldino dysplasia, Torrance dyspasia, hypochondrogenesis, spondyloepiphyseal dysplasia congenita, Kniest and Stickler dysplasia.				NON
1173	5.1 Dysostosis Multiplex		devneuro	ch28_carbohydrate_metabolism	mesenchymal cells	direct	widespread lysosomal vacuolation and intracellular vacuolation of mesenchymal cells	widespread lysosomal vacuolation and, therefore, intracellular vacuolation of mesenchymal cells within and outside the nervous system	FOETO:PF.CER-MET-109 | Vacuolisation lysosomale des cellules mésenchymateuses cérébrales | cerveau | 0.68	FOETO:PF.MUL-MET-306 | Vacuolisation lysosomale des histiocytes | multi_organe | 0.6	FOETO:PF.MUL-MET-307 | Vacuolisation lysosomale des neurones | multi_organe | 0.6	FOETO:PF.CER-MET-109
1174	5.1 Dysostosis Multiplex		devneuro	ch28_carbohydrate_metabolism	blood vessels	direct	mural cells of cerebral and extracerebral vessels	including mural cells of cerebral and extracerebral vessels				NON
828	5.3 Mucolipidosis II (MIM 252500)		benirschke	ch24_fetal_storage	placenta	direct	uniformly finely vacuolated syncytium	The syncytium is characteristically uniformly finely vacuolated.				FOETO:PF.MUL-MET-298
829	5.3 Mucolipidosis II (MIM 252500)		benirschke	ch24_fetal_storage	placenta	direct	vacuoles of formerly mucolipid-containing lysosomes readily apparent in paraffin sections	the vacuoles of formerly mucolipid-containing lysosomes were readily apparent in paraffin sections of the placenta				FOETO:PF.MUL-MET-298
830	5.3 Mucolipidosis II (MIM 252500)		benirschke	ch24_fetal_storage	placenta	direct	inclusion-bearing cells in syncytium and Hofbauer cells	Placental involvement with inclusion-bearing cells was first demonstrated in a case report of Powell et al.	FOETO:PP.PLA-INF-016 | Inclusions cytomégalovirus placentaires (cellules en œil de hibou) | placenta | 0.7			NOUVEAU
831	5.3 Mucolipidosis II (MIM 252500)		benirschke	ch24_fetal_storage	placenta	direct	extensive fine vacuolation of syncytial cytoplasm	Note extensive fine vacuolation, the storage site of washed-out glycolipids in the syncytial cytoplasm	FOETO:PF.MUL-MET-297 | Vacuolisation cytoplasmique des neurones (surcharge neuronale) | multi_organe | 0.52	FOETO:PF.MUL-MET-063 | Cellules de surcharge à cytoplasme vacuolisé (fœtus) | multi_organe | 0.52		FOETO:PF.MUL-MET-298
832	5.3 Mucolipidosis II (MIM 252500)		benirschke	ch24_fetal_storage	placenta	direct	marked vacuolization of the syncytiotrophoblast and Hofbauer cells	The affected placenta displayed marked vacuolization of the syncytiotrophoblast and Hofbauer cells	FOETO:PF.MUL-MET-300 | Vacuolisation des cellules de Hofbauer placentaires | multi_organe | 0.7	FOETO:PP.PLA-NOR-176 | Syncytiotrophoblaste | placenta | 0.6	FOETO:PF.MUL-MET-298 | Vacuolisation cytoplasmique du syncytiotrophoblaste | multi_organe | 0.6	FOETO:PF.MUL-MET-300
835	5.3 Mucolipidosis II (MIM 252500)		perineuro	s10_metabolic	placenta	direct	presence of trophoblasts	On the other hand, the presence of trophoblasts points to mucolipidosis II.				NON
1092	5.4 Mucolipidosis III (MIM 252600, 252605)		benirschke	ch24_fetal_storage	placenta	direct	marked vacuolization of the syncytiotrophoblast and Hofbauer cells	The affected placenta displayed marked vacuolization of the syncytiotrophoblast and Hofbauer cells	FOETO:PF.MUL-MET-300 | Vacuolisation des cellules de Hofbauer placentaires | multi_organe | 0.7	FOETO:PP.PLA-NOR-176 | Syncytiotrophoblaste | placenta | 0.6	FOETO:PF.MUL-MET-298 | Vacuolisation cytoplasmique du syncytiotrophoblaste | multi_organe | 0.6	FOETO:PF.MUL-MET-300
1093	5.4 Mucolipidosis III (MIM 252600, 252605)		benirschke	ch24_fetal_storage	placenta	direct	extensive fine vacuolation in the syncytial cytoplasm	Note extensive fine vacuolation, the storage site of washed-out glycolipids in the syncytial cytoplasm	FOETO:PF.MUL-MET-297 | Vacuolisation cytoplasmique des neurones (surcharge neuronale) | multi_organe | 0.52	FOETO:PF.MUL-MET-063 | Cellules de surcharge à cytoplasme vacuolisé (fœtus) | multi_organe | 0.52		FOETO:PF.MUL-MET-298
1208	6.2 Spondyloepiphyseal Dysplasia, Maroteaux Type (MIM 184095)		keeling	ch32_skeletal_system	cartilage	direct	many PAS-diastase positive inclusions	The chondrocytes in SEDC usually show many PAS-diastase positive inclusions.	FOETO:PF.SQU-MAL-033 | Inclusions intra-cytoplasmiques chondrocytaires | squelette | 0.47			FOETO:PF.SQU-MAL-033
1450	7.1 Achondrogenesis Type 1A (MIM 200600)	ORPHA:93299	genereviews	achon1b	cartilage	direct	rarified cartilage matrix partially replaced by a larger number of cells	the histology of the cartilage shows a rarified cartilage matrix partially replaced by a larger number of cells				NOUVEAU
1451	7.1 Achondrogenesis Type 1A (MIM 200600)	ORPHA:93299	genereviews	achon1b	cartilage	direct	non-homogeneous matrix with coarse collagen fibers	After hematoxylin-eosin staining, the matrix appears non-homogeneous with coarse collagen fibers				NOUVEAU
1452	7.1 Achondrogenesis Type 1A (MIM 200600)	ORPHA:93299	genereviews	achon1b	cartilage	direct	collagen fibers denser around chondrocytes forming collagen rings	"The fibers are denser around the chondrocytes, where they can form ""collagen rings"""				NOUVEAU
1453	7.1 Achondrogenesis Type 1A (MIM 200600)	ORPHA:93299	genereviews	achon1b	cartilage	direct	less intense cartilage staining with cationic dyes	in ACG1B, cartilage staining with these dyes is much less intense because of the defective sulfation of the proteoglycans				NON
773	7.11 Dyssegmental Dysplasia (MIM 224400, MIM 244110)		keeling	ch32_skeletal_system	cartilage	direct	cyst-like degeneration of resting cartilage	this cyst-like degeneration can be observed in several other skeletal dysplasias as well, such as dyssegmental dysplasia				NOUVEAU
968	7.15 Wolcott-Rallison Syndrome (MIM 226980)	ORPHA:1667	keeling	ch23_liver_gallbladder	liver	direct	microvesicular steatosis	the pathologist is confronted with a steatotic picture, typically microvesicular	FOETO:PF.FOI-MAL-053 | Stéatose microvésiculaire hépatique | foie | 0.6	FOETO:PF.MUL-MET-304 | Vacuolisation hépatocytaire lipidique | multi_organe | 0.5	FOETO:PF.FOI-MAL-052 | Stéatose hépatique périportale | foie | 0.5	FOETO:PF.FOI-MAL-053
1401	7.16 Schimke Immunoosseous Dysplasia (MIM 242900)		genereviews	siod	kidney	direct	Focal segmental glomerulosclerosis	Focal segmental glomerulosclerosis (FSGS) is the predominant renal pathology in individuals with SIOD.	FOETO:PF.REN-VAS-002 | Glomérules sclérotiques involutionnels | rein | 0.5	FOETO:PF.REN-DYS-001 | Dysgenèse tubulaire rénale | rein | 0.5		NOUVEAU
1402	7.16 Schimke Immunoosseous Dysplasia (MIM 242900)		genereviews	siod	intestine	direct	Gastrointestinal villous atrophy	one individual without evidence of infection had gastrointestinal villous atrophy that improved with corticosteroid therapy	FOETO:PF.DIG-MAL-012 | Effacement de l'architecture muqueuse intestinale | digestif | 0.5	FOETO:PF.DIG-MAL-005 | Aplatissement villositaire intestinal avec bouchons luminaux éosinophiles | digestif | 0.5	FOETO:PF.DIG-MAL-013 | Entérocolite apoptotique | digestif | 0.5	FOETO:PF.DIG-MAL-005
412	7.18 Spondylometaphyseal Dysplasia, Corner Fracture Type (MIM 184255)	ORPHA:93315	spranger_entites	e7_18_spo_ndylom_e_ta_p_hys_e_a_l_dy_splasia_corne_r_fract_ure_t_y_pe_mim_18	proximal femora	direct	bone fragments in the growth plates	Multiple bone fragments are seen in the growth plates of the proximal femora.				NON
413	7.18 Spondylometaphyseal Dysplasia, Corner Fracture Type (MIM 184255)	ORPHA:93315	spranger_entites	e7_18_spo_ndylom_e_ta_p_hys_e_a_l_dy_splasia_corne_r_fract_ure_t_y_pe_mim_18	proximal tibiae	direct	metaphyseal margins are slightly irregular	The metaphyseal margins of the proximal tibiae are slightly irregular but there is no fragmentation.				NON
414	7.18 Spondylometaphyseal Dysplasia, Corner Fracture Type (MIM 184255)	ORPHA:93315	spranger_entites	e7_18_spo_ndylom_e_ta_p_hys_e_a_l_dy_splasia_corne_r_fract_ure_t_y_pe_mim_18	distal ulna and radius	direct	metaphyses are irregular with bone fragments within the growth plate	The metaphyses of the distal ulna and radius are irregular and there are bone fragments within the growth plate.	FOETO:PF.MUL-MET-124 | Désorganisation de la plaque de croissance osseuse | multi_organe | 0.6			FOETO:PF.MUL-MET-124
415	7.18 Spondylometaphyseal Dysplasia, Corner Fracture Type (MIM 184255)	ORPHA:93315	spranger_entites	e7_18_spo_ndylom_e_ta_p_hys_e_a_l_dy_splasia_corne_r_fract_ure_t_y_pe_mim_18	distal radius	direct	triangular bone fragment at the ulnar corner	There is a triangular bone fragment at the ulnar corner of the distal radius.				NON
906	7.19 Sponastrime Dysplasia (MIM 271510)	ORPHA:93357	spranger_entites	e7_19_spona_s_t_ri_m_e_dys_p_la_s_i_a_mim_271_5_1_0	metaphysis	direct	Longitudinal metaphyseal striations	Longitudinal metaphyseal striations and slightly irregular metaphyseal margins in childhood				NON
907	7.19 Sponastrime Dysplasia (MIM 271510)	ORPHA:93357	spranger_entites	e7_19_spona_s_t_ri_m_e_dys_p_la_s_i_a_mim_271_5_1_0	metaphysis	direct	Slightly irregular metaphyseal margins	Longitudinal metaphyseal striations and slightly irregular metaphyseal margins in childhood				NON
908	7.19 Sponastrime Dysplasia (MIM 271510)	ORPHA:93357	spranger_entites	e7_19_spona_s_t_ri_m_e_dys_p_la_s_i_a_mim_271_5_1_0	capital femoral epiphysis	direct	Dysplastic capital femoral epiphyses	Occasionally dysplastic capital femoral epiphyses				NON
909	7.19 Sponastrime Dysplasia (MIM 271510)	ORPHA:93357	spranger_entites	e7_19_spona_s_t_ri_m_e_dys_p_la_s_i_a_mim_271_5_1_0	carpal bones	direct	Retarded ossification of the carpal bones	Retarded ossification of the carpal bones, small carpal bones				NON
910	7.19 Sponastrime Dysplasia (MIM 271510)	ORPHA:93357	spranger_entites	e7_19_spona_s_t_ri_m_e_dys_p_la_s_i_a_mim_271_5_1_0	carpal bones	direct	Small carpal bones	Retarded ossification of the carpal bones, small carpal bones				NON
1424	7.3 Schneckenbecken Dysplasia (MIM 269250)	ORPHA:3144	genereviews	td	cartilage	contexte	dilated loops of endoplasmic reticulum in chondrocytes	PLSD-T can be differentiated histologically by presence of dilated loops of endoplasmic reticulum in chondrocytes.				NON
1028	7.3 Schneckenbecken Dysplasia (MIM 269250)	ORPHA:3144	keeling	ch32_skeletal_system	resting cartilage	direct	hypercellular cartilage with large chondrocytes and centrally located nucleus	Histology of the resting cartilage shows hypercellular cartilage with large chondrocytes and centrally located nucleus				NOUVEAU
1352	7.5 Spondylometaphyseal Dysplasia— Sedaghatian Type (MIM 250220)	ORPHA:93317	genereviews	inppl1-opsmd	growth plate	direct	disorganization of the growth plate with absence of the columnar arrangement of proliferative cells	loss of function may lead to the observed disorganization of the growth plate with absence of the columnar arrangement of proliferative cells	FOETO:PF.MUL-MET-124 | Désorganisation de la plaque de croissance osseuse | multi_organe | 0.9	FOETO:PF.SQU-NOR-003 | Cartilage de croissance — zone de prolifération | squelette | 0.6		FOETO:PF.MUL-MET-124
1353	7.5 Spondylometaphyseal Dysplasia— Sedaghatian Type (MIM 250220)	ORPHA:93317	genereviews	inppl1-opsmd	growth plate	direct	reduced hypertrophic zone	loss of function may lead to the observed disorganization of the growth plate with absence of the columnar arrangement of proliferative cells as well as a reduced hypertrophic zone	FOETO:PF.MUL-MET-124 | Désorganisation de la plaque de croissance osseuse | multi_organe | 0.7	FOETO:PF.SQU-NOR-003 | Cartilage de croissance — zone de prolifération | squelette | 0.6	FOETO:PF.SQU-NOR-005 | Cartilage de croissance — zone hypertrophique | squelette | 0.6	FOETO:PF.SQU-MAL-067
1355	7.5 Spondylometaphyseal Dysplasia— Sedaghatian Type (MIM 250220)	ORPHA:93317	genereviews	td	bone	direct	Irregular lacy ossifications in iliac wings and calcaneus	"Irregular (""lacy"") ossifications in iliac wings & calcaneus"				NON
123	8.15 Pseudodiastrophic Dysplasia (MIM 264180)	ORPHA:85174	spranger_entites	e8_15_pseu_dodi_a_s_t_rop_hi_c_dy_splasia_m_i_m_2_6_4_1_8_0	bone	direct	nonspecific derangement at the chondroosseous junction	Chondroosseous histology shows nonspecific derangement at the chondroosseous junction in pseudodiastrophic dysplasia				NOUVEAU
1427	8.3 Diastrophic Dysplasia (MIM 222600)	ORPHA:628	genereviews	diastrophic-d	cartilage	direct	paucity of sulfated proteoglycans in cartilage matrix	reflects the paucity of sulfated proteoglycans in cartilage matrix				NOUVEAU
1428	8.3 Diastrophic Dysplasia (MIM 222600)	ORPHA:628	genereviews	diastrophic-d	cartilage	direct	abnormal extracellular matrix with threads of fibrillar material between cystic acellular areas and areas of normal cellularity	It shows an abnormal extracellular matrix with threads of fibrillar material between cystic acellular areas and areas of normal cellularity				NOUVEAU
1429	8.3 Diastrophic Dysplasia (MIM 222600)	ORPHA:628	genereviews	diastrophic-d	cartilage	direct	chondrocytes surrounded by lamellar material forming concentric rings	Some chondrocytes appear surrounded by lamellar material forming concentric rings				NOUVEAU
1430	8.3 Diastrophic Dysplasia (MIM 222600)	ORPHA:628	genereviews	diastrophic-d	growth plate	direct	disruption of column formation and hypertrophic zones	The growth plate shows disruption of column formation and hypertrophic zones	FOETO:PF.SQU-NOR-005 | Cartilage de croissance — zone hypertrophique | squelette | 0.52	FOETO:PF.MUL-MET-124 | Désorganisation de la plaque de croissance osseuse | multi_organe | 0.47	FOETO:PF.SQU-MAL-067 | Raccourcissement de la zone hypertrophique de la plaque de croissance | squelette | 0.42	FOETO:PF.MUL-MET-124
1431	8.3 Diastrophic Dysplasia (MIM 222600)	ORPHA:628	genereviews	diastrophic-d	growth plate	direct	irregular invasion of the metaphyseal capillaries and fibrosis	with irregular invasion of the metaphyseal capillaries and fibrosis	FOETO:PF.SQU-MAL-024 | Fibrose endostale métaphysaire | squelette | 0.6			FOETO:PF.SQU-MAL-024
1432	8.3 Diastrophic Dysplasia (MIM 222600)	ORPHA:628	genereviews	diastrophic-d	cartilage	direct	cartilage matrix abnormalities	These cartilage matrix abnormalities are present in long bones as well as in tracheal, laryngeal, and peribronchial cartilage				NOUVEAU
1246	8.4 Multiple Epiphyseal Dysplasia, Recessive Type (rMED; MIM 226900)	ORPHA:251	keeling	ch32_skeletal_system	cartilage	contexte	increase in vessels with perivascular fibrosis in cartilage	Histology of the resting cartilage with an increase in vessels with perivascular fibrosis				NOUVEAU
1248	8.4 Multiple Epiphyseal Dysplasia, Recessive Type (rMED; MIM 226900)	ORPHA:251	keeling	ch32_skeletal_system	chondrocytes	contexte	PAS after diastase positive inclusions in the cytoplasm of the chondrocytes	occasionally PAS after diastase positive inclusions (b) in the cytoplasm of the chondrocytes (arrow)	FOETO:PF.SQU-MAL-033 | Inclusions intra-cytoplasmiques chondrocytaires | squelette | 0.68			FOETO:PF.SQU-MAL-033
1357	8.6 Chondrodysplasia with Joint Dislocations, IMPAD1/gPAPP Type (MIM 614078)		genereviews	diastrophic-d	cartilage	direct	paucity of sulfated proteoglycans in cartilage matrix	reflects the paucity of sulfated proteoglycans in cartilage matrix				NOUVEAU
1358	8.6 Chondrodysplasia with Joint Dislocations, IMPAD1/gPAPP Type (MIM 614078)		genereviews	diastrophic-d	cartilage	direct	abnormal extracellular matrix with threads of fibrillar material between cystic acellular areas and areas of normal cellularity	It shows an abnormal extracellular matrix with threads of fibrillar material between cystic acellular areas and areas of normal cellularity				NOUVEAU
1359	8.6 Chondrodysplasia with Joint Dislocations, IMPAD1/gPAPP Type (MIM 614078)		genereviews	diastrophic-d	cartilage	direct	chondrocytes surrounded by lamellar material forming concentric rings	Some chondrocytes appear surrounded by lamellar material forming concentric rings				NOUVEAU
1360	8.6 Chondrodysplasia with Joint Dislocations, IMPAD1/gPAPP Type (MIM 614078)		genereviews	diastrophic-d	growth plate	direct	disruption of column formation and hypertrophic zones	The growth plate shows disruption of column formation and hypertrophic zones	FOETO:PF.SQU-NOR-005 | Cartilage de croissance — zone hypertrophique | squelette | 0.52	FOETO:PF.MUL-MET-124 | Désorganisation de la plaque de croissance osseuse | multi_organe | 0.47	FOETO:PF.SQU-MAL-067 | Raccourcissement de la zone hypertrophique de la plaque de croissance | squelette | 0.42	FOETO:PF.MUL-MET-124
1361	8.6 Chondrodysplasia with Joint Dislocations, IMPAD1/gPAPP Type (MIM 614078)		genereviews	diastrophic-d	growth plate	direct	irregular invasion of the metaphyseal capillaries and fibrosis	with irregular invasion of the metaphyseal capillaries and fibrosis	FOETO:PF.SQU-MAL-024 | Fibrose endostale métaphysaire | squelette | 0.6			FOETO:PF.SQU-MAL-024
886	A 45X Syndrome (XO Syndrome, Turner Syndrome)	ORPHA:881	benirschke	ch23_erythroblastosis_hydrops	placenta	direct	smaller placenta	The placenta in Turner syndrome is not truly hydropic. If anything, it is smaller in size				NON
887	A 45X Syndrome (XO Syndrome, Turner Syndrome)	ORPHA:881	benirschke	ch23_erythroblastosis_hydrops	placenta	direct	subchorionic tuberous hematoma	occasionally has the features of a “Breus mole” (subchorionic tuberous hematoma)				NOUVEAU
888	A 45X Syndrome (XO Syndrome, Turner Syndrome)	ORPHA:881	benirschke	ch30_chorangiosis_tumours	placenta	direct	small islands resembling the zona fasciculata of the adrenal gland	all of which were present as small islands resembling the zona fasciculata of the adrenal gland	FOETO:PF.MUL-MET-046 | Calcification des glandes surrénales | multi_organe | 0.6	FOETO:PF.MUL-MET-039 | Atrophie des glandes surrénales | multi_organe | 0.6		NON
889	A 45X Syndrome (XO Syndrome, Turner Syndrome)	ORPHA:881	benirschke	ch30_chorangiosis_tumours	placenta	direct	ectopic tissue seen in a villus near the fetal plate	In all cases, the ectopic tissue was seen in a villus near the fetal plate and never in the intervillous space	FOETO:PP.PLA-TUM-003 | Cellules anormales dans l'espace intervillositaire | placenta | 0.7	FOETO:PP.PLA-NOR-070 | Espace intervilleux | placenta | 0.6	FOETO:PF.MUL-RET-013 | Hématies falciformes dans la chambre intervilleuse | multi_organe | 0.47	NON
876	A 45X Syndrome (XO Syndrome, Turner Syndrome)	ORPHA:881	ernst	ch02_blood_vessels	neck	contexte	multiple irregular spaces with abundant, paucicellular intervening connective tissue	This lesion is composed of multiple irregular spaces with abundant, paucicellular intervening connective tissue				NOUVEAU
877	A 45X Syndrome (XO Syndrome, Turner Syndrome)	ORPHA:881	ernst	ch02_blood_vessels	neck	contexte	numerous dilated lymphatic spaces	Note the numerous dilated lymphatic spaces (LS), three of which are indicated in this photomicrograph				NOUVEAU
878	A 45X Syndrome (XO Syndrome, Turner Syndrome)	ORPHA:881	ernst	ch02_blood_vessels	neck	contexte	loose, fibrous connective tissue between the spaces	Loose, fibrous connective tissue is noted between the spaces, and no obvious smooth muscle is seen	FOETO:PF.POU-NOR-016 | Muscle lisse péribronchique | poumon | 0.47			NON
868	A 45X Syndrome (XO Syndrome, Turner Syndrome)	ORPHA:881	keeling	ch25_reproductive	gonad	direct	streak gonad	The description as used then is now better referred to as “streak gonad”, which refers to a gonad that is small, thin, and flat	FOETO:PF.GEN-MAL-022 | Gonade en bandelette (streak gonad) | genital | 1.0			FOETO:PF.GEN-MAL-022
869	A 45X Syndrome (XO Syndrome, Turner Syndrome)	ORPHA:881	keeling	ch25_reproductive	gonad	direct	containing no recognizable germ cells or other differentiated structures	and flat and containing no recognizable germ cells or other differentiated structures, being composed entirely of fibrous				FOETO:PF.GEN-MAL-022
870	A 45X Syndrome (XO Syndrome, Turner Syndrome)	ORPHA:881	keeling	ch25_reproductive	gonad	direct	composed entirely of fibrous tissue in poorly organized fascicles and whorls of spindle cells	structures, being composed entirely of fibrous tissue in poorly organized fascicles and whorls of spindle cells. A streak				FOETO:PF.GEN-MAL-022
871	A 45X Syndrome (XO Syndrome, Turner Syndrome)	ORPHA:881	keeling	ch25_reproductive	gonad	direct	complete absence of germ cell and sex cord differentiation	A streak gonad essentially represents complete absence of germ cell and sex cord differentiation and is the most complete	FOETO:PF.GEN-MAL-022 | Gonade en bandelette (streak gonad) | genital | 0.8			FOETO:PF.GEN-MAL-022
872	A 45X Syndrome (XO Syndrome, Turner Syndrome)	ORPHA:881	keeling	ch25_reproductive	ovary	direct	dysgenetic ovaries that tend towards streak gonads	The DSD phenotype, at term, is of dysgenetic ovaries that tend towards streak gonads. Given this natural history, the	FOETO:PF.GEN-MAL-022 | Gonade en bandelette (streak gonad) | genital | 1.0	FOETO:PF.GEN-MAL-023 | Gonadoblastome — gonade dysgénétique | genital | 0.6		FOETO:PF.GEN-MAL-022
873	A 45X Syndrome (XO Syndrome, Turner Syndrome)	ORPHA:881	keeling	ch25_reproductive	gonad	direct	rapid loss of germ cells after midgestation	The gonads develop as normal ovaries until 14–16 weeks’ gestation, with a rapid loss of germ cells after midgestation				NOUVEAU
881	A 45X Syndrome (XO Syndrome, Turner Syndrome)	ORPHA:881	verdijk	ch04_syndromic_anomalies	eye	direct	preretinal glial tissue next to the optic nerve head	Higher magnification of the posterior pole, showing preretinal glial tissue next to the optic nerve head (arrow)	FOETO:PF.ORL-MAL-008 | Colobome du nerf optique | oeil_oreille | 0.6	FOETO:PF.ORL-MAL-019 | Hypoplasie du nerf optique | oeil_oreille | 0.6	FOETO:PF.ORL-MAL-004 | Aplasie du nerf optique | oeil_oreille | 0.6	NOUVEAU
882	A 45X Syndrome (XO Syndrome, Turner Syndrome)	ORPHA:881	verdijk	ch04_syndromic_anomalies	eye	direct	relatively dense vitreous	The vitreous is relatively dense. The posterior hyaloid artery is also clearly visible				NON
883	A 45X Syndrome (XO Syndrome, Turner Syndrome)	ORPHA:881	verdijk	ch04_syndromic_anomalies	eye	direct	dense peripheral vitreous	14-WoG fetus with a dense peripheral vitreous (H&E stain, 100×)				NON
884	A 45X Syndrome (XO Syndrome, Turner Syndrome)	ORPHA:881	verdijk	ch04_syndromic_anomalies	eye	direct	dense vitreous and retinal excrescences	26-week-old fetus with a dense vitreous and retinal excrescences (not illustrated) (H&E stain, 40×)				NON
168	A Deletion 5P Syndrome  (Cri du Chat Syndrome, Partial Deletion of the Short Arm of Chromosome Number 5 Syndrome, 5p- Syndrome)		keeling	ch34_special_senses	optic nerve	direct	optic nerve hypoplasia	Trisomy 18 and cri du chat syndrome (5p deletion) result in optic nerve hypoplasia.	FOETO:PF.ORL-MAL-019 | Hypoplasie du nerf optique | oeil_oreille | 1.0	FOETO:PF.ORL-MAL-008 | Colobome du nerf optique | oeil_oreille | 0.6	FOETO:PF.ORL-MAL-004 | Aplasie du nerf optique | oeil_oreille | 0.6	FOETO:PF.ORL-MAL-019
443	A Down Syndrome (Trisomy 21 Syndrome)	ORPHA:870	ashworth	ch01_anatomy_normal	heart	direct	abnormally large membranous septum	The membranous septum may be abnormally large in cases of trisomy 21 (Figure 1.32)	FOETO:PF.COE-NOR-059 | Septum interventriculaire membraneux | coeur | 0.6			NON
444	A Down Syndrome (Trisomy 21 Syndrome)	ORPHA:870	ashworth	ch03_development	heart	direct	absence of the dorsal mesenchymal protrusion (vestibular spine)	Maldevelopment causes atrioventricular septal defect (AVSD) and absence is seen in fetuses with Down syndrome	FOETO:PF.COE-NOR-054 | Protrusion mésenchymateuse dorsale (vestibular spine) | coeur | 0.6	FOETO:PF.COE-MAL-017 | Canal atrio-ventriculaire complet | coeur | 0.52	FOETO:PF.COE-MAL-018 | Canal atrio-ventriculaire partiel | coeur | 0.52	NON
445	A Down Syndrome (Trisomy 21 Syndrome)	ORPHA:870	ashworth	ch04_chd_i	interatrial septum	contexte	thick layer of elastic tissue on both atrial aspects of the patch	Note the thick layer of elastic tissue on both atrial aspects of the patch.				NON
446	A Down Syndrome (Trisomy 21 Syndrome)	ORPHA:870	ashworth	ch05_chd_ii	tricuspid valve	direct	defect in the tricuspid valve with absence of the commissure between the anterosuperior and septal leaflets	In cases of trisomy 21, there may be a defect in the tricuspid valve with absence of the commissure between the anterosuperior and septal leaflets	FOETO:PF.COE-NOR-082 | Valves auriculo-ventriculaires (feuillets) | coeur | 0.6			NON
447	A Down Syndrome (Trisomy 21 Syndrome)	ORPHA:870	ashworth	ch05_chd_ii	membranous septum	direct	enlargement of the membranous septum	sometimes associated with enlargement of the membranous septum	FOETO:PF.COE-NOR-059 | Septum interventriculaire membraneux | coeur | 0.6			NON
448	A Down Syndrome (Trisomy 21 Syndrome)	ORPHA:870	ashworth	ch06_ischaemia	papillary muscle	direct	coagulative necrosis of the centre of the papillary muscle	A section of the anterior papillary muscle shows coagulative necrosis of the centre of the muscle extending to its apex	FOETO:PF.MUS-RET-037 | Nécrose des fibres musculaires | muscle | 0.6	FOETO:PF.MUL-MET-226 | Nécrose musculaire avec myoglobinurie | multi_organe | 0.6		NOUVEAU
449	A Down Syndrome (Trisomy 21 Syndrome)	ORPHA:870	ashworth	ch06_ischaemia	myocardium	direct	vacuolated non-necrotic myocardium	The non-necrotic myocardium is vacuolated				NOUVEAU
450	A Down Syndrome (Trisomy 21 Syndrome)	ORPHA:870	ashworth	ch06_ischaemia	myocardium	contexte	foci of calcification of the myocardium	In pregnancies at high risk of chromosomal abnormality they are reported to be associated with the presence of chromosomal abnormality, particularly trisomy 21	FOETO:PF.COE-MET-008 | Calcification myocardique | coeur | 0.9	FOETO:PF.COE-RET-002 | Calcification dystrophique myocardique | coeur | 0.6		FOETO:PF.COE-MET-008
454	A Down Syndrome (Trisomy 21 Syndrome)	ORPHA:870	benirschke	ch06_basic_villus_structure	placenta	direct	failure of primary cultures to fuse	Primary cultures isolated from cases of trisomy 21 fail to fuse, but can be induced to do so by addition of recombinant human chorionic gonadotropin [385].				NON
455	A Down Syndrome (Trisomy 21 Syndrome)	ORPHA:870	benirschke	ch06_basic_villus_structure	placenta	direct	no changes in the expression of syncytins, Cx43 and ZO-1	The unstimulated cells also show no changes in the expression of the syncytins, Cx43 and ZO-1, confirming the importance of these proteins to the fusion process [322].				NON
456	A Down Syndrome (Trisomy 21 Syndrome)	ORPHA:870	benirschke	ch15_membranes	amnion and chorion	direct	delay of complete fusion between the chorion and amnion	There have been reports of delay of complete fusion between the chorion and amnion in pregnancies affected by trisomy 21				NON
458	A Down Syndrome (Trisomy 21 Syndrome)	ORPHA:870	benirschke	ch22_fvm	placenta	direct	chorionic vessel leukemic thrombi	developed chorionic vessel leukemic thrombi, leading to FVM in the placenta	FOETO:PP.PLA-NOR-185 | Vaisseaux chorioniques de la plaque choriale | placenta | 0.6			NON
460	A Down Syndrome (Trisomy 21 Syndrome)	ORPHA:870	benirschke	ch23_erythroblastosis_hydrops	placenta	direct	numerous circulating blasts, immature megakaryocytes, and other marrow precursors	with numerous circulating blasts, immature megakaryocytes, and other marrow precursors				NOUVEAU
461	A Down Syndrome (Trisomy 21 Syndrome)	ORPHA:870	benirschke	ch23_erythroblastosis_hydrops	placenta	direct	changes of fetal vascular malperfusion	Changes of fetal vascular malperfusion are not uncommon in this setting	FOETO:PP.PLA-DYS-023 | Malperfusion vasculaire fœtale placentaire | placenta | 1.0	FOETO:PP.PAR-VAS-016 | Malperfusion vasculaire fœtale segmentaire | parenchyme | 0.68	FOETO:PP.PLA-VAS-027 | Malperfusion vasculaire fœtale globale | placenta | 0.68	FOETO:PP.PLA-DYS-023
462	A Down Syndrome (Trisomy 21 Syndrome)	ORPHA:870	benirschke	ch23_erythroblastosis_hydrops	heart and liver	direct	extensive cardiac fibrosis and hepatic fibrosis	there was extensive cardiac fibrosis and hepatic fibrosis, presumably due to extramedullary hematopoiesis	FOETO:PF.MUL-MET-132 | Fibrose hépatique | multi_organe | 1.0	FOETO:PF.FOI-MET-002 | Hématopoïèse extramédullaire hépatique augmentée | foie | 0.7	FOETO:PF.FOI-MAL-018 | Fibrose hépatique congénitale | foie | 0.6	FOETO:PF.MUL-MET-132
463	A Down Syndrome (Trisomy 21 Syndrome)	ORPHA:870	benirschke	ch23_erythroblastosis_hydrops	tissue	direct	excess of megakaryoblasts associated with local fibrosis	The excess of megakaryoblasts in the myeloid proliferation of Down syndrome is associated with local fibrosis	FOETO:PF.FOI-MAL-043 | Mégacaryocytes hépatiques en excès | foie | 0.6			NOUVEAU
464	A Down Syndrome (Trisomy 21 Syndrome)	ORPHA:870	benirschke	ch23_erythroblastosis_hydrops	placenta	direct	numerous hematopoietic precursors in the fetal blood	The placenta was heavy for age with numerous hematopoietic precursors in the fetal blood	FOETO:PP.SAN-NOR-000 | Sang circulant normal | placenta | 0.6	FOETO:PF.MUL-RET-035 | Îlots hématopoïétiques placentaires | multi_organe | 0.47	FOETO:PP.PAR-TUM-002 | Érythroblastes fœtaux en excès dans la circulation placentaire | parenchyme | 0.42	FOETO:PP.PAR-TUM-002
465	A Down Syndrome (Trisomy 21 Syndrome)	ORPHA:870	benirschke	ch23_erythroblastosis_hydrops	blood	direct	fetal blood rich in erythroid precursors	In this case the fetal blood was rich in erythroid precursors				FOETO:PF.MUL-RET-034
466	A Down Syndrome (Trisomy 21 Syndrome)	ORPHA:870	benirschke	ch23_erythroblastosis_hydrops	placenta	direct	immature cells marking as megakaryoblasts, erythroblasts, or primitive cells	The immature cells in MPDS may mark as megakaryoblasts, erythroblasts, or primitive cells with features of both lineages				NOUVEAU
442	A Down Syndrome (Trisomy 21 Syndrome)	ORPHA:870	ernst	ch01_heart	heart	direct	focal ventricular epicardial lymphocytic infiltrate extending into the superficial myocardium	A focal ventricular epicardial lymphocytic infiltrate that extends into the superficial myocardium, particularly at the AV groove, has been described in association with aneuploidy (trisomy 21 and triploidy)	FOETO:PF.COE-NOR-071 | Trabéculation myocardique ventriculaire | coeur | 0.6	FOETO:PF.COE-INF-004 | Infiltrat de polynucléaires neutrophiles dans le myocarde | coeur | 0.6	FOETO:PF.COE-MAL-099 | Non-compaction du myocarde ventriculaire | coeur | 0.6	NOUVEAU
423	A Down Syndrome (Trisomy 21 Syndrome)	ORPHA:870	keeling	ch04_placenta	umbilical cord	contexte	umbilical cord ulceration	Linear ulceration of the umbilical cord in association with congenital intestinal atresia has been described	FOETO:PP.PLA-MAL-016 | Hyperenroulement du cordon ombilical | placenta | 0.6	FOETO:PP.PLA-MAL-017 | Hypo-enroulement du cordon ombilical | placenta | 0.6	FOETO:PP.PLA-MAL-007 | Calcifications du cordon ombilical | placenta | 0.6	NOUVEAU
424	A Down Syndrome (Trisomy 21 Syndrome)	ORPHA:870	keeling	ch10_hematology	bone marrow	direct	abnormal proliferation of myeloid blasts, mostly megakaryoblasts	Perinates with Down syndrome (DS) have abnormal proliferation of myeloid blasts, mostly megakaryoblasts.				NOUVEAU
425	A Down Syndrome (Trisomy 21 Syndrome)	ORPHA:870	keeling	ch10_hematology	bone marrow	direct	cytoplasmic blebbing and occasional binucleated blasts	Bone marrow aspirate smear with fewer blasts but with cytoplasmic blebbing and occasional binucleated blasts	FOETO:PF.HEM-INF-006 | Hémophagocytose médullaire | hematolymphoide | 0.47	FOETO:PF.HEM-NOR-040 | Hématopoïèse médullaire osseuse (moelle) | hematolymphoide | 0.47		NON
426	A Down Syndrome (Trisomy 21 Syndrome)	ORPHA:870	keeling	ch10_hematology	extramedullary tissue	direct	fibrosis	significant numbers have leucocytosis, >20% blasts, extramedullary tumor mass, and fibrosis				NON
429	A Down Syndrome (Trisomy 21 Syndrome)	ORPHA:870	keeling	ch20_cardiovascular	tricuspid valve	direct	malformed septal leaflet with small nodular collections of myxoid tissue	The septal leaflet is malformed, comprising small nodular collections of myxoid tissue				FOETO:PF.COE-MAL-131
430	A Down Syndrome (Trisomy 21 Syndrome)	ORPHA:870	keeling	ch20_cardiovascular	tricuspid valve	direct	septal leaflet as a row of nodular excrescences	the septal leaflet is sometimes no more than a row of nodular excrescences descending in an oblique line				FOETO:PF.COE-MAL-131
431	A Down Syndrome (Trisomy 21 Syndrome)	ORPHA:870	keeling	ch20_cardiovascular	tricuspid valve	direct	dysplastic valve tissue with excess of redundant valvar tissue	The valve tissue is frequently dysplastic with excess of redundant valvar tissue.	FOETO:PF.COE-MAL-131 | Tissu valvulaire dysplasique avec excès de tissu redondant | coeur | 0.6			FOETO:PF.COE-MAL-131
432	A Down Syndrome (Trisomy 21 Syndrome)	ORPHA:870	keeling	ch20_cardiovascular	tricuspid valve	direct	defect in the tricuspid valve with absence of the commissure	In cases of trisomy 21 there may be a defect in the tricuspid valve with absence of the commissure				NON
435	A Down Syndrome (Trisomy 21 Syndrome)	ORPHA:870	keeling	ch23_liver_gallbladder	liver	direct	increased numbers of megakaryocytes	it may be associated with increased numbers of megakaryocytes being seen in the liver				FOETO:PF.FOI-MAL-043
436	A Down Syndrome (Trisomy 21 Syndrome)	ORPHA:870	keeling	ch23_liver_gallbladder	liver	direct	paucity of bile ducts	Paucity of bile ducts has also been described	FOETO:PF.FOI-DYS-001 | Paucité des canaux biliaires interlobulaires | foie | 0.68	FOETO:PF.FOI-MAL-009 | Cellules cytomégaliques dans les canaux biliaires | foie | 0.6		FOETO:PF.FOI-DYS-001
437	A Down Syndrome (Trisomy 21 Syndrome)	ORPHA:870	keeling	ch25_reproductive	ovary	direct	reduced number of primary oocytes at term	in trisomy 21, primary oocytes (germ cells that have entered meiosis and normally arrested in prophase I) are reduced in number at term	FOETO:PF.GEN-MAL-036 | Réduction du nombre d'ovocytes primaires | genital | 1.0	FOETO:PF.GEN-NOR-123 | Ovocytes primaires en prophase méiotique I | genital | 0.52		FOETO:PF.GEN-MAL-036
438	A Down Syndrome (Trisomy 21 Syndrome)	ORPHA:870	keeling	ch25_reproductive	gonad	direct	increased numbers of immature germ cells expressing PLAP, POU5F1 and KIT	In trisomy 18 and trisomy 21, there are increased numbers of immature germ cells expressing PLAP, POU5F1 and KIT				NOUVEAU
468	A Down Syndrome (Trisomy 21 Syndrome)	ORPHA:870	perineuro	s5_genetic_syndromes	brain	direct	delayed myelination	Microscopic examination shows signs of delayed myelination in more than 22% of cases with DS.	FOETO:PF.CER-NOR-077 | Retard de myélinisation cérébrale | cerveau | 0.6	FOETO:PF.CER-NOR-076 | Retard de myélinisation | cerveau | 0.6	FOETO:PF.CER-NOR-078 | Retard de myélinisation d'origine infectieuse | cerveau | 0.5	FOETO:PF.CER-NOR-076
469	A Down Syndrome (Trisomy 21 Syndrome)	ORPHA:870	perineuro	s5_genetic_syndromes	brain	direct	20–50% fewer neurons with lower neuronal density and distribution	Morphometric studies in DS have revealed 20–50% fewer neurons with lower neuronal density and distribution, particularly in cortical layers II and IV.	FOETO:PF.CER-MAL-006 | Absence des couches corticales II et III | cerveau | 0.7	FOETO:PF.CER-CLA-143 | Neurone éosinophile (red cell change) | cerveau | 0.6	FOETO:PF.CER-MAL-247 | Réduction de la densité neuronale corticale | cerveau | 0.52	FOETO:PF.CER-MAL-247
470	A Down Syndrome (Trisomy 21 Syndrome)	ORPHA:870	perineuro	s5_genetic_syndromes	brain	direct	abnormalities in synaptic density, synaptic length, and contact zones	Moreover, further abnormalities were found in the synaptic density, synaptic length, and contact zones in DS [30].				NON
471	A Down Syndrome (Trisomy 21 Syndrome)	ORPHA:870	perineuro	s5_genetic_syndromes	brain	direct	senile plaques and neurofibrillary tangles	Also, microscopy of the brain tissue confirmed the presence of similar senile plaques and neurofibrillary tangles in DS patients as young as 17 years.	FOETO:PF.CER-MET-105 | Tangles neurofibrillaires | cerveau | 1.0	FOETO:PF.CER-MAL-232 | Plaques séniles | cerveau | 1.0	FOETO:PF.CER-MAL-089 | Dégénérescences neurofibrillaires | cerveau | 1.0	FOETO:PF.CER-MET-105
472	A Down Syndrome (Trisomy 21 Syndrome)	ORPHA:870	perineuro	s5_genetic_syndromes	inner ear	direct	hypoplasia of the peripheral vestibular system	Examination of the inner ear in DS has detected hypoplasia of the peripheral vestibular system, including a significantly reduced number of Scarpa’s ganglion cells				NOUVEAU
473	A Down Syndrome (Trisomy 21 Syndrome)	ORPHA:870	perineuro	s5_genetic_syndromes	inner ear	direct	significantly reduced number of Scarpa’s ganglion cells	Examination of the inner ear in DS has detected hypoplasia of the peripheral vestibular system, including a significantly reduced number of Scarpa’s ganglion cells				NOUVEAU
474	A Down Syndrome (Trisomy 21 Syndrome)	ORPHA:870	perineuro	s5_genetic_syndromes	inner ear	direct	much smaller density of vestibular hair cells	Examination of the inner ear in DS has detected hypoplasia of the peripheral vestibular system, including a significantly reduced number of Scarpa’s ganglion cells and a much smaller density of vestibular hair cells than in healthy individuals [33].				NOUVEAU
453	A Down Syndrome (Trisomy 21 Syndrome)	ORPHA:870	verdijk	ch04_syndromic_anomalies	iris	direct	focal areas of iris stromal hyperplasia	Histologically, they represent focal areas of iris stromal hyperplasia (i.e., aggregation of connective tissue) surrounded by relative hypoplasia	FOETO:PF.ORL-MAL-018 | Hypoplasie de l'iris | oeil_oreille | 0.7			NOUVEAU
657	A Trisomy 13 Syndrome (Patau Syndrome)	ORPHA:3378	benirschke	ch16_umbilical_cord	umbilical cord	direct	extensive thrombosis of fetal vessels	We have seen typical interposition in a case of trisomy 13, associated with a malformed fetus and extensive thrombosis of fetal vessels.	FOETO:PP.PLA-VAS-040 | Thrombose des vaisseaux membranaires | placenta | 0.6	FOETO:PP.PLA-VAS-039 | Thrombose des vaisseaux fœtaux | placenta | 0.6	FOETO:PP.PLA-VAS-041 | Thrombose des vaisseaux ombilicaux | placenta | 0.6	FOETO:PP.PLA-VAS-039
658	A Trisomy 13 Syndrome (Patau Syndrome)	ORPHA:3378	benirschke	ch16_umbilical_cord	umbilical vein	direct	mural thrombosis	The umbilical vein of the interposed segment had mural thrombosis and old calcifications in the wall;	FOETO:PP.PAR-MET-004 | Calcifications | parenchyme | 0.8	FOETO:PP.PLA-MAL-036 | Thrombose de veine ombilicale | placenta | 0.7	FOETO:PP.PLA-NOR-173 | Structure vasculaire veineuse ombilicale — architecture normale | placenta | 0.52	FOETO:PP.PLA-MAL-036
659	A Trisomy 13 Syndrome (Patau Syndrome)	ORPHA:3378	benirschke	ch16_umbilical_cord	umbilical vein	direct	old calcifications in the wall	The umbilical vein of the interposed segment had mural thrombosis and old calcifications in the wall;	FOETO:PP.PAR-MET-004 | Calcifications | parenchyme | 1.0	FOETO:PP.PLA-MAL-036 | Thrombose de veine ombilicale | placenta | 0.7	FOETO:PP.PLA-NOR-173 | Structure vasculaire veineuse ombilicale — architecture normale | placenta | 0.52	FOETO:PP.PLA-MAL-007
660	A Trisomy 13 Syndrome (Patau Syndrome)	ORPHA:3378	benirschke	ch16_umbilical_cord	intestine	direct	intestinal arterial thrombi	The umbilical vein of the interposed segment had mural thrombosis and old calcifications in the wall; the fetus had intestinal arterial thrombi.	FOETO:PP.PAR-MET-004 | Calcifications | parenchyme | 0.8			NOUVEAU
663	A Trisomy 13 Syndrome (Patau Syndrome)	ORPHA:3378	devneuro	ch03_midline_malformations	cerebellum	direct	cortical dysplasia and/or heterotopia	The cerebellum may show various degrees of cortical dysplasia and/or heterotopia, particularly in cases with trisomy 13	FOETO:PF.MUL-MET-086 | Dysplasie corticale | multi_organe | 1.0	FOETO:PF.CER-MAL-072 | Dysplasie corticale focale | cerveau | 0.9	FOETO:PF.CER-MAL-069 | Dysplasie corticale cérébelleuse | cerveau | 0.7	FOETO:PF.CER-MAL-069
665	A Trisomy 13 Syndrome (Patau Syndrome)	ORPHA:3378	devneuro	ch15_cerebellar	cerebellum	direct	heterotopias	heterotopias appear to be more prominent in association with genetic syndromes such as trisomy 13	FOETO:PF.CER-INF-040 | Nodules de cellules de la zone germinale — périventriculaires | cerveau | 0.5	FOETO:PF.CER-VAS-002 | Nécrose du secteur CA1 de l'hippocampe | cerveau | 0.5	FOETO:PF.CER-NOR-034 | Lamination rudimentaire des nodules hétérotopiques | cerveau | 0.5	NOUVEAU
642	A Trisomy 13 Syndrome (Patau Syndrome)	ORPHA:3378	ernst	ch06_pancreas	pancreas	contexte	Islet cells with nucleomegaly	Islet cells with nucleomegaly (nuclei three to four times the size of their neighbors) are the most reliable evidence for congenital hyperinsulinism				NOUVEAU
643	A Trisomy 13 Syndrome (Patau Syndrome)	ORPHA:3378	ernst	ch06_pancreas	pancreas	contexte	Nodular splenic heterotopias	Nodular splenic heterotopias are occasionally seen in the tail of the pancreas	FOETO:PF.MUL-MET-162 | Hétérotopie corticale dans le contexte métabolique | multi_organe | 0.5	FOETO:PF.MUL-MET-094 | Défaut de migration neuronale (anomalie de la gyrification) | multi_organe | 0.5	FOETO:PF.MUL-MET-093 | Défaut de migration neuronale | multi_organe | 0.5	NOUVEAU
644	A Trisomy 13 Syndrome (Patau Syndrome)	ORPHA:3378	ernst	ch20_adrenal	adrenal gland	direct	Adrenal cytomegaly	The presence of these cells is not specific for a single condition; it has been described in patients with Beckwith-Weidemann syndrome [21, 22], the cytomegalic type of congenital adrenal hypoplasia [23], trisomy 13 and in infants of diabetic mothers.	FOETO:PF.REN-MAL-030 | Hypoplasie rénale | rein | 0.8	FOETO:PF.MUL-MET-148 | Hypoplasie surrénalienne congénitale | multi_organe | 0.8	FOETO:PF.END-MAL-020 | Hypoplasie surrénalienne congénitale cytomégalique | endocrine | 0.7	FOETO:PF.END-MAL-006
633	A Trisomy 13 Syndrome (Patau Syndrome)	ORPHA:3378	keeling	ch22_alimentary	pancreas	direct	cystic spaces lined by cuboidal to columnar epithelium with variable acini and islets located between the cysts	In trisomy 13, pancreatic lobules contain cystic spaces lined by cuboidal to columnar epithelium with variable acini and islets located between the cysts	FOETO:PF.END-NOR-048 | Épithélium cubique à cylindrique de la poche de Rathke | endocrine | 0.54	FOETO:PF.MUL-MET-143 | Hypertrophie des cellules des îlots pancréatiques | multi_organe | 0.47		NOUVEAU
634	A Trisomy 13 Syndrome (Patau Syndrome)	ORPHA:3378	keeling	ch22_alimentary	pancreas	direct	small aggregates of intralobular ducts lined by columnar cells and goblet cells	Small aggregates of intralobular ducts lined by columnar cells and goblet cells, some of which were adjacent to or incorporated into islets, are also present				NOUVEAU
635	A Trisomy 13 Syndrome (Patau Syndrome)	ORPHA:3378	keeling	ch22_alimentary	pancreas	direct	intrapancreatic splenic tissue	Intrapancreatic splenic tissue is also seen [344]				NOUVEAU
637	A Trisomy 13 Syndrome (Patau Syndrome)	ORPHA:3378	keeling	ch25_reproductive	gonad	direct	primary oocytes essentially absent	in trisomy 13 and trisomy 18 they are essentially absent				FOETO:PF.GEN-MAL-036
638	A Trisomy 13 Syndrome (Patau Syndrome)	ORPHA:3378	keeling	ch25_reproductive	paramesonephric duct	direct	paramesonephric duct fusion incomplete	paramesonephric duct fusion may be incomplete in trisomy 13 and trisomy 18				NON
639	A Trisomy 13 Syndrome (Patau Syndrome)	ORPHA:3378	keeling	ch27_reticuloendothelial	pancreas	direct	microcysts in the pancreas	The pancreas in trisomy 13 cases have microcysts and goblet cells are seen in intralobular excretory ducts				NOUVEAU
640	A Trisomy 13 Syndrome (Patau Syndrome)	ORPHA:3378	keeling	ch27_reticuloendothelial	pancreas	direct	goblet cells in intralobular excretory ducts	The pancreas in trisomy 13 cases have microcysts and goblet cells are seen in intralobular excretory ducts				NOUVEAU
666	A Trisomy 13 Syndrome (Patau Syndrome)	ORPHA:3378	perineuro	s5_genetic_syndromes	cerebellum	direct	massive heterotopias in the cerebellum	Histopathological examination shows massive heterotopias in the cerebellum: large nests of germinal cells in the dentate nucleus associated with dysplasia of the latter	FOETO:PF.CER-MAL-077 | Dysplasie du noyau dentelé | cerveau | 0.7	FOETO:PF.CER-MET-031 | Dysplasie du noyau dentelé du cervelet | cerveau | 0.7	FOETO:PF.CER-MAL-162 | Hétérotopie de cellules germinales dans le noyau dentelé | cerveau | 0.7	NOUVEAU
667	A Trisomy 13 Syndrome (Patau Syndrome)	ORPHA:3378	perineuro	s5_genetic_syndromes	subcortical white matter	direct	nests of heterotopic neurons in the subcortical white matter	nests of heterotopic neurons in the subcortical white matter, focal disorganization of the cerebellar cortex, most prominent in the vermis	FOETO:PF.CER-MET-059 | Hétérotopie sous-corticale | cerveau | 0.9	FOETO:PF.CER-MAL-212 | Neurones hétérotopiques dans la substance blanche | cerveau | 0.9	FOETO:PF.CER-MAL-163 | Hétérotopie de la substance blanche (neurones isolés) | cerveau | 0.72	FOETO:PF.CER-MAL-212
668	A Trisomy 13 Syndrome (Patau Syndrome)	ORPHA:3378	perineuro	s5_genetic_syndromes	cerebellar cortex	direct	focal disorganization of the cerebellar cortex	nests of heterotopic neurons in the subcortical white matter, focal disorganization of the cerebellar cortex, most prominent in the vermis	FOETO:PF.CER-MAL-098 | Désorganisation du cortex cérébelleux | cerveau | 0.9	FOETO:PF.CER-MAL-099 | Désorganisation focale du cortex cérébelleux | cerveau | 0.9	FOETO:PF.CER-MET-059 | Hétérotopie sous-corticale | cerveau | 0.7	FOETO:PF.CER-MAL-099
669	A Trisomy 13 Syndrome (Patau Syndrome)	ORPHA:3378	perineuro	s5_genetic_syndromes	cochlear nucleus	direct	massive nests of germinal cells in the cochlear nucleus	Massive nests of germinal cells were also found in the cochlear nucleus				NOUVEAU
670	A Trisomy 13 Syndrome (Patau Syndrome)	ORPHA:3378	perineuro	s5_genetic_syndromes	retina	direct	retinal dysplasia	Eye pathology includes poorly developed optic nerves, misshaped lens, retinal dysplasia, and partial detachment, retinal rosettes	FOETO:PF.ORL-MAL-014 | Décollement de rétine | oeil_oreille | 0.7	FOETO:PF.ORL-MAL-026 | Pli rétinien falciforme congénital | oeil_oreille | 0.5	FOETO:PF.ORL-MAL-017 | Gliose rétinienne | oeil_oreille | 0.5	FOETO:PF.CER-MAL-083
671	A Trisomy 13 Syndrome (Patau Syndrome)	ORPHA:3378	perineuro	s5_genetic_syndromes	retina	direct	retinal rosettes	Eye pathology includes poorly developed optic nerves, misshaped lens, retinal dysplasia, and partial detachment, retinal rosettes, poorly defined canal of Schlemm	FOETO:PF.ORL-MAL-014 | Décollement de rétine | oeil_oreille | 0.7			NOUVEAU
646	A Trisomy 13 Syndrome (Patau Syndrome)	ORPHA:3378	verdijk	ch03_artifacts	retina	direct	Retinal rosettes	Retinal rosettes in a fetus (13 WoG) with trisomy 13 (H&E stain, 400×)				FOETO:PF.CER-MAL-083
647	A Trisomy 13 Syndrome (Patau Syndrome)	ORPHA:3378	verdijk	ch03_artifacts	retina	direct	Knob-like retinal excrescences	Knob-like retinal excrescences (arrows) in another fetus (26 WoG) with trisomy 13 (H&E stain, 40×)				NOUVEAU
648	A Trisomy 13 Syndrome (Patau Syndrome)	ORPHA:3378	verdijk	ch03_artifacts	retina	direct	Abnormalities of the outer retinal layers	Higher magnification illustrating the abnormalities of the outer retinal layers (H&E stain, 200×)				NON
649	A Trisomy 13 Syndrome (Patau Syndrome)	ORPHA:3378	verdijk	ch04_syndromic_anomalies	eye	direct	Dysplastic retina with calcifications	Dysplastic retina with calcifications (H&E stain, 25×)	FOETO:PP.PAR-MET-004 | Calcifications | parenchyme | 1.0			FOETO:PF.CER-MAL-083
650	A Trisomy 13 Syndrome (Patau Syndrome)	ORPHA:3378	verdijk	ch04_syndromic_anomalies	eye	direct	Persistent hyperplastic primary vitreous with chondroid metaplasia	Persistent hyperplastic primary vitreous (PHPV) with chondroid metaplasia	FOETO:PF.ORL-MAL-032 | Vitré hyperplasique primitif persistant (PHPV) | oeil_oreille | 0.8			FOETO:PF.ORL-MAL-032
651	A Trisomy 13 Syndrome (Patau Syndrome)	ORPHA:3378	verdijk	ch04_syndromic_anomalies	eye	direct	Coloboma of the ciliary body	There is a coloboma of the ciliary body in continuity with the PHPV	FOETO:PF.ORL-MAL-009 | Colobome irien (défaut de fermeture de la fissure optique) | oeil_oreille | 0.5	FOETO:PF.ORL-MAL-010 | Colobome oculaire | oeil_oreille | 0.5		FOETO:PF.ORL-MAL-010
652	A Trisomy 13 Syndrome (Patau Syndrome)	ORPHA:3378	verdijk	ch04_syndromic_anomalies	eye	direct	Anterior segment developmental anomaly	Anterior segment developmental anomaly (H&E stain, 100×)	FOETO:PF.ORL-MAL-013 | Dysgenèse du segment antérieur | oeil_oreille | 0.6			FOETO:PF.ORL-MAL-013
653	A Trisomy 13 Syndrome (Patau Syndrome)	ORPHA:3378	verdijk	ch04_syndromic_anomalies	eye	direct	Cataractous lens	Cataractous lens (H&E stain, 100×)	FOETO:PF.MUL-MET-004 | Accumulation de galactitol dans le cristallin | multi_organe | 0.5	FOETO:PF.ORL-MAL-005 | Cataracte congénitale | oeil_oreille | 0.5		FOETO:PF.ORL-MAL-005
654	A Trisomy 13 Syndrome (Patau Syndrome)	ORPHA:3378	verdijk	ch04_syndromic_anomalies	eye	direct	Dysplastic retina with abnormal fibrovascular tissue	The retina is dysplastic and there is a coloboma of the ciliary body with abnormal fibrovascular tissue				FOETO:PF.CER-MAL-083
655	A Trisomy 13 Syndrome (Patau Syndrome)	ORPHA:3378	verdijk	ch05_sporadic_anomalies	eye	direct	Microphthalmic eye with coloboma of the iris and ciliary body	Microphthalmic eye with coloboma of the iris and ciliary body. A cataract was also present (H&E stain, 25×)	FOETO:PF.ORL-MAL-009 | Colobome irien (défaut de fermeture de la fissure optique) | oeil_oreille | 0.5	FOETO:PF.ORL-MAL-010 | Colobome oculaire | oeil_oreille | 0.5		FOETO:PF.ORL-MAL-010
656	A Trisomy 13 Syndrome (Patau Syndrome)	ORPHA:3378	verdijk	ch05_sporadic_anomalies	eye	contexte	High-magnification image of the coloboma	High-magnification image of the coloboma (H&E stain, 100×)	FOETO:PF.ORL-MAL-009 | Colobome irien (défaut de fermeture de la fissure optique) | oeil_oreille | 0.5	FOETO:PF.ORL-MAL-010 | Colobome oculaire | oeil_oreille | 0.5		NON
152	A Trisomy 18 Syndrome	ORPHA:3380	devneuro	ch15_cerebellar	dentate nucleus	direct	Dysplasia of dentate nucleus	Dysplasia of dentate nucleus in a full-term infant with trisomy 18.	FOETO:PF.CER-MAL-077 | Dysplasie du noyau dentelé | cerveau | 0.9	FOETO:PF.CER-MET-031 | Dysplasie du noyau dentelé du cervelet | cerveau | 0.68	FOETO:PF.MUL-MET-045 | Atteinte des noyaux dentelés du cervelet | multi_organe | 0.6	FOETO:PF.CER-MAL-077
153	A Trisomy 18 Syndrome	ORPHA:3380	devneuro	ch15_cerebellar	dentate nucleus	direct	Fragmented structure into several islands of gray matter	The structure is fragmented into several islands of gray matter.	FOETO:PF.CER-MAL-114 | Fragmentation du noyau dentelé en îlots | cerveau | 0.6			FOETO:PF.CER-MAL-114
126	A Trisomy 18 Syndrome	ORPHA:3380	keeling	ch22_alimentary	pancreas	direct	branching and cystically dilated duct-like structures, lined by cuboidal epithelium, surrounded by primitive mesenchyme containing pancreatic acini	The lesion is characterized by branching and cystically dilated duct-like structures, lined by cuboidal epithelium, surrounded by primitive mesenchyme containing pancreatic acini				NOUVEAU
127	A Trisomy 18 Syndrome	ORPHA:3380	keeling	ch22_alimentary	pancreas	direct	dense or immature connective tissue containing dilated and distorted ducts and sparse or absent acini and islets	In two earlier reports of trisomy 18, the pancreatic lesions comprised dense or immature connective tissue containing dilated and distorted ducts and sparse or absent acini and islets	FOETO:PF.MUL-MET-143 | Hypertrophie des cellules des îlots pancréatiques | multi_organe | 0.47			NOUVEAU
128	A Trisomy 18 Syndrome	ORPHA:3380	keeling	ch25_reproductive	gonad	direct	primary oocytes essentially absent	in trisomy 13 and trisomy 18 they are essentially absent				FOETO:PF.GEN-MAL-036
129	A Trisomy 18 Syndrome	ORPHA:3380	keeling	ch25_reproductive	gonad	direct	increased numbers of immature germ cells expressing PLAP, POU5F1 and KIT	In trisomy 18 and trisomy 21, there are increased numbers of immature germ cells expressing PLAP, POU5F1 and KIT				NOUVEAU
130	A Trisomy 18 Syndrome	ORPHA:3380	keeling	ch25_reproductive	reproductive tract	direct	paramesonephric duct fusion may be incomplete	paramesonephric duct fusion may be incomplete in trisomy 13 and trisomy 18				NON
131	A Trisomy 18 Syndrome	ORPHA:3380	keeling	ch26_endocrine	adrenal gland	direct	reduction in the width of the fetal zone	The glands show a reduction in the width of the FZ.				FOETO:PF.END-MAL-018
132	A Trisomy 18 Syndrome	ORPHA:3380	keeling	ch34_special_senses	optic nerve	direct	optic nerve hypoplasia	Trisomy 18 and cri du chat syndrome (5p deletion) result in optic nerve hypoplasia.	FOETO:PF.ORL-MAL-019 | Hypoplasie du nerf optique | oeil_oreille | 1.0	FOETO:PF.ORL-MAL-008 | Colobome du nerf optique | oeil_oreille | 0.6	FOETO:PF.ORL-MAL-004 | Aplasie du nerf optique | oeil_oreille | 0.6	FOETO:PF.ORL-MAL-019
154	A Trisomy 18 Syndrome	ORPHA:3380	perineuro	s5_genetic_syndromes	cerebellum	direct	heterotopia of the piriform Purkinje cells into the white matter of the cerebellum	The microscopic examination of the brain reveals heterotopia of the piriform Purkinje cells into the white matter (WM) of the cerebellum	FOETO:PF.CER-MAL-174 | Hétérotopie périventriculaire et de la substance blanche | cerveau | 0.68	FOETO:PF.CER-MAL-212 | Neurones hétérotopiques dans la substance blanche | cerveau | 0.68	FOETO:PF.CER-MAL-248 | Réduction de la substance blanche | cerveau | 0.6	NOUVEAU
155	A Trisomy 18 Syndrome	ORPHA:3380	perineuro	s5_genetic_syndromes	cerebrum	direct	focal non-differentiated cell formations in the cerebral white matter	The microscopic examination of the brain reveals heterotopia of the piriform Purkinje cells into the white matter (WM) of the cerebellum and focal non-differentiated cell formations in the cerebral WM	FOETO:PF.CER-MAL-112 | Formations cellulaires non différenciées dans la substance blanche cérébrale | cerveau | 0.9	FOETO:PF.MUL-MET-187 | Leucoencéphalopathie de la substance blanche | multi_organe | 0.68	FOETO:PF.MUL-MET-105 | Démyélinisation de la substance blanche cérébrale | multi_organe | 0.68	FOETO:PF.CER-MAL-112
156	A Trisomy 18 Syndrome	ORPHA:3380	perineuro	s5_genetic_syndromes	lateral geniculate body	direct	disorganized vertical cell layering and poor differentiation of the magno- and parvocellular layers	The lateral geniculate body shows disorganized vertical cell layering and poor differentiation of the magno- and parvocellular layers	FOETO:PF.CER-MAL-096 | Désorganisation de la stratification du corps genouillé latéral | cerveau | 0.7			FOETO:PF.CER-MAL-096
157	A Trisomy 18 Syndrome	ORPHA:3380	perineuro	s5_genetic_syndromes	inferior olivary nucleus	direct	thick dorsal lip without the normal undulation	The inferior olivary nucleus presents with a thick dorsal lip without the normal undulation	FOETO:PF.CER-MAL-219 | Noyau olivaire inférieur — lèvre dorsale épaissie sans undulation | cerveau | 0.6	FOETO:PF.CER-MAL-078 | Dysplasie du noyau olivaire inférieur | cerveau | 0.52	FOETO:PF.CER-MAL-165 | Hétérotopie des noyaux olivaires inférieurs | cerveau | 0.52	FOETO:PF.CER-MAL-219
158	A Trisomy 18 Syndrome	ORPHA:3380	perineuro	s5_genetic_syndromes	leptomeninges	direct	ectopic glial tissue in the leptomeninges	Ectopic glial tissue in the leptomeninges may also be found	FOETO:PF.CER-MAL-268 | Tissu glial ectopique leptoméningé | cerveau | 0.9	FOETO:PF.CER-MAL-272 | Tissu neuroglial leptoméningé ectopique | cerveau | 0.6		FOETO:PF.CER-MAL-268
134	A Trisomy 18 Syndrome	ORPHA:3380	verdijk	ch04_syndromic_anomalies	retina	direct	Retinal excrescences	In three of our cases, cases of trisomy 13, 17 and 18 retinal excrescences have been observed				NOUVEAU
135	A Trisomy 18 Syndrome	ORPHA:3380	verdijk	ch04_syndromic_anomalies	retina	direct	Retinal dysplasia	Further abnormalities comprise an irregular development of the chamber angle, iris and ciliary body anomalies... retinal dysplasia and folds	FOETO:PF.ORL-MAL-026 | Pli rétinien falciforme congénital | oeil_oreille | 0.5	FOETO:PF.ORL-MAL-017 | Gliose rétinienne | oeil_oreille | 0.5		FOETO:PF.CER-MAL-083
136	A Trisomy 18 Syndrome	ORPHA:3380	verdijk	ch04_syndromic_anomalies	retina	direct	Retinal folds	Further abnormalities comprise an irregular development of the chamber angle, iris and ciliary body anomalies... retinal dysplasia and folds				NOUVEAU
137	A Trisomy 18 Syndrome	ORPHA:3380	verdijk	ch04_syndromic_anomalies	choroid and retina	direct	Chorioretinal lesions	Further abnormalities comprise an irregular development of the chamber angle, iris and ciliary body anomalies... chorioretinal lesions				NON
138	A Trisomy 18 Syndrome	ORPHA:3380	verdijk	ch04_syndromic_anomalies	eye	direct	Persistent hyaloid artery	Further abnormalities comprise an irregular development of the chamber angle, iris and ciliary body anomalies... a persistent hyaloid artery				NOUVEAU
139	A Trisomy 18 Syndrome	ORPHA:3380	verdijk	ch04_syndromic_anomalies	optic nerve	direct	Optic nerve coloboma	Further abnormalities comprise an irregular development of the chamber angle, iris and ciliary body anomalies... optic nerve coloboma and hypoplasia	FOETO:PF.ORL-MAL-008 | Colobome du nerf optique | oeil_oreille | 1.0	FOETO:PF.ORL-MAL-018 | Hypoplasie de l'iris | oeil_oreille | 0.7	FOETO:PF.ORL-MAL-019 | Hypoplasie du nerf optique | oeil_oreille | 0.7	FOETO:PF.ORL-MAL-008
140	A Trisomy 18 Syndrome	ORPHA:3380	verdijk	ch04_syndromic_anomalies	optic nerve	direct	Optic nerve hypoplasia	Further abnormalities comprise an irregular development of the chamber angle, iris and ciliary body anomalies... optic nerve coloboma and hypoplasia	FOETO:PF.ORL-MAL-019 | Hypoplasie du nerf optique | oeil_oreille | 1.0	FOETO:PF.ORL-MAL-008 | Colobome du nerf optique | oeil_oreille | 0.8	FOETO:PF.ORL-MAL-018 | Hypoplasie de l'iris | oeil_oreille | 0.7	FOETO:PF.ORL-MAL-019
141	A Trisomy 18 Syndrome	ORPHA:3380	verdijk	ch04_syndromic_anomalies	optic nerve head	direct	Bergmeister papilla	Further abnormalities comprise an irregular development of the chamber angle, iris and ciliary body anomalies... and Bergmeister papilla				NON
142	A Trisomy 18 Syndrome	ORPHA:3380	verdijk	ch04_syndromic_anomalies	chamber angle	direct	Irregular development of the chamber angle	Further abnormalities comprise an irregular development of the chamber angle, iris and ciliary body anomalies	FOETO:PF.PEA-MAL-014 | Anomalies des kératinosomes | peau | 0.47			NOUVEAU
143	A Trisomy 18 Syndrome	ORPHA:3380	verdijk	ch04_syndromic_anomalies	iris and ciliary body	direct	Hypoplasia of the iris/ciliary body	Further abnormalities comprise an irregular development of the chamber angle, iris and ciliary body anomalies (including hypoplasia of the iris/ciliary body	FOETO:PF.ORL-MAL-018 | Hypoplasie de l'iris | oeil_oreille | 0.9			FOETO:PF.ORL-MAL-018
144	A Trisomy 18 Syndrome	ORPHA:3380	verdijk	ch04_syndromic_anomalies	ciliary body	direct	Anomalies of the ciliary body processes	Further abnormalities comprise an irregular development of the chamber angle, iris and ciliary body anomalies... and anomalies of the ciliary body processes)				NON
145	A Trisomy 18 Syndrome	ORPHA:3380	verdijk	ch04_syndromic_anomalies	cornea	contexte	Altered corneal structures	postmortem histologic evaluation can provide further details on the chamber angle development, retinal architecture, and the altered corneal structures				NON
146	A Trisomy 18 Syndrome	ORPHA:3380	verdijk	ch04_syndromic_anomalies	retina and choroid	direct	Retinal folds and excrescences with congestion of the choroidal vessels	(c) Retinal folds and excrescences with congestion of the choroidal vessels (H&E stain, 100×)				NOUVEAU
147	A Trisomy 18 Syndrome	ORPHA:3380	verdijk	ch04_syndromic_anomalies	retina	direct	Higher magnification of the retinal excrescences	(d) Higher magnification of the retinal excrescences (H&E stain, 200×)				NON
847	C Brachmann–De Lange Syndrome  (Cornelia De Lange Syndrome, De Lange Syndrome)	ORPHA:199	devneuro	ch15_cerebellar	cerebellum	direct	cerebellar hypoplasia	Septo-optic dysplasia has also rarely been associated with cerebellar hypoplasia in the Cornelia de Lange syndrome	FOETO:PF.CER-MAL-142 | Hypoplasie cérébelleuse | cerveau | 1.0	FOETO:PF.CER-MAL-152 | Hypoplasie du vermis cérébelleux | cerveau | 0.6	FOETO:PF.CER-MAL-146 | Hypoplasie des hémisphères cérébelleux | cerveau | 0.6	FOETO:PF.CER-MAL-142
975	C Microcephalic Primordial Dwarfing Syndromes  (Majewski Osteodysplastic Primordial Dwarfism [MOPD II], Seckel Syndrome, MOPD I)	ORPHA:808	devneuro	ch04_microcephaly	cerebrum	direct	smooth cerebral mantle with a thin cortical plate with no obvious demarcation from the underlying intermediate zone	The case presented with a bird-like facies, extreme microcephaly, a smooth cerebral mantle with a thin cortical plate with no obvious demarcation from the underlying intermediate zone	FOETO:PF.CER-MAL-231 | Plaque corticale mince | cerveau | 1.0	FOETO:PF.MUL-MAL-029 | Microcéphalie | multi_organe | 0.8	FOETO:PF.CER-MAL-003 | Absence de démarcation cortex-zone intermédiaire | cerveau | 0.75	FOETO:PF.CER-MAL-231
976	C Microcephalic Primordial Dwarfing Syndromes  (Majewski Osteodysplastic Primordial Dwarfism [MOPD II], Seckel Syndrome, MOPD I)	ORPHA:808	devneuro	ch04_microcephaly	corpus callosum	direct	hypoplastic corpus callosum	hypoplastic corpus callosum, hippocampal dysplasia and cystic germinal matrix	FOETO:PF.CER-MAL-150 | Hypoplasie du corps calleux | cerveau | 0.9	FOETO:PF.CER-MAL-081 | Dysplasie hippocampique | cerveau | 0.8	FOETO:PF.MUL-MAL-002 | Agénésie ou hypoplasie du corps calleux | multi_organe | 0.68	FOETO:PF.CER-MAL-150
977	C Microcephalic Primordial Dwarfing Syndromes  (Majewski Osteodysplastic Primordial Dwarfism [MOPD II], Seckel Syndrome, MOPD I)	ORPHA:808	devneuro	ch04_microcephaly	hippocampus	direct	hippocampal dysplasia	hypoplastic corpus callosum, hippocampal dysplasia and cystic germinal matrix	FOETO:PF.CER-MAL-081 | Dysplasie hippocampique | cerveau | 1.0	FOETO:PF.CER-MAL-150 | Hypoplasie du corps calleux | cerveau | 0.7	FOETO:PF.CER-NOR-011 | Corps calleux | cerveau | 0.6	FOETO:PF.CER-MAL-081
978	C Microcephalic Primordial Dwarfing Syndromes  (Majewski Osteodysplastic Primordial Dwarfism [MOPD II], Seckel Syndrome, MOPD I)	ORPHA:808	devneuro	ch04_microcephaly	germinal matrix	direct	cystic germinal matrix	hypoplastic corpus callosum, hippocampal dysplasia and cystic germinal matrix	FOETO:PF.CER-MAL-081 | Dysplasie hippocampique | cerveau | 0.8	FOETO:PF.CER-MAL-150 | Hypoplasie du corps calleux | cerveau | 0.7	FOETO:PF.CER-NOR-011 | Corps calleux | cerveau | 0.6	NOUVEAU
979	C Microcephalic Primordial Dwarfing Syndromes  (Majewski Osteodysplastic Primordial Dwarfism [MOPD II], Seckel Syndrome, MOPD I)	ORPHA:808	devneuro	ch04_microcephaly	cerebral cortex	contexte	abnormally thin cortical plate, with absent cortical layers II and III underneath a preserved layer I	The cortical plate has been described as abnormally thin, with absent cortical layers II and III underneath a preserved layer I	FOETO:PF.CER-MAL-231 | Plaque corticale mince | cerveau | 1.0	FOETO:PF.CER-MAL-006 | Absence des couches corticales II et III | cerveau | 0.9	FOETO:PF.CER-NOR-054 | Myélinisation de la couche III corticale | cerveau | 0.6	FOETO:PF.CER-MAL-231
980	C Microcephalic Primordial Dwarfing Syndromes  (Majewski Osteodysplastic Primordial Dwarfism [MOPD II], Seckel Syndrome, MOPD I)	ORPHA:808	devneuro	ch04_microcephaly	subarachnoid space	contexte	overmigration of neuroglial nests through the pia into the subarachnoid spaces	Overmigration of neuroglial nests through the pia into the subarachnoid spaces, streaky heterotopia in the intermediate zone and clusters of immature neurons in the outer subventricular zone have also been reported	FOETO:PF.CER-MAL-022 | Amas de neurones immatures dans la zone sous-ventriculaire externe | cerveau | 0.8	FOETO:PF.CER-MAL-216 | Nids neuroglieux ectopiques sous-arachnoïdiens | cerveau | 0.72	FOETO:PF.CER-NOR-093 | Zone ventriculaire | cerveau | 0.6	FOETO:PF.CER-MAL-216
981	C Microcephalic Primordial Dwarfing Syndromes  (Majewski Osteodysplastic Primordial Dwarfism [MOPD II], Seckel Syndrome, MOPD I)	ORPHA:808	devneuro	ch04_microcephaly	intermediate zone	contexte	streaky heterotopia in the intermediate zone	Overmigration of neuroglial nests through the pia into the subarachnoid spaces, streaky heterotopia in the intermediate zone and clusters of immature neurons in the outer subventricular zone have also been reported	FOETO:PF.CER-MAL-022 | Amas de neurones immatures dans la zone sous-ventriculaire externe | cerveau | 0.8	FOETO:PF.CER-MAL-169 | Hétérotopie neuronale striée de la zone intermédiaire | cerveau | 0.72	FOETO:PF.CER-NOR-093 | Zone ventriculaire | cerveau | 0.6	FOETO:PF.CER-MAL-169
982	C Microcephalic Primordial Dwarfing Syndromes  (Majewski Osteodysplastic Primordial Dwarfism [MOPD II], Seckel Syndrome, MOPD I)	ORPHA:808	devneuro	ch04_microcephaly	subventricular zone	contexte	clusters of immature neurons in the outer subventricular zone	Overmigration of neuroglial nests through the pia into the subarachnoid spaces, streaky heterotopia in the intermediate zone and clusters of immature neurons in the outer subventricular zone have also been reported	FOETO:PF.CER-MAL-022 | Amas de neurones immatures dans la zone sous-ventriculaire externe | cerveau | 1.0	FOETO:PF.CER-NOR-094 | Zone ventriculaire / sous-ventriculaire | cerveau | 0.6	FOETO:PF.CER-NOR-093 | Zone ventriculaire | cerveau | 0.6	FOETO:PF.CER-MAL-022
309	Craniosynostosis Syndromes		keeling	ch21_respiratory	trachea	direct	solid cartilaginous sleeve	caused by a solid cartilaginous sleeve usually associated with craniosynostosis syndromes				NOUVEAU
1253	D Costello Syndrome	ORPHA:3071	genereviews	costello	heart	direct	pathologic myocardial disarray	pathologic myocardial disarray was seen in 70% of those studied				NOUVEAU
1254	D Costello Syndrome	ORPHA:3071	genereviews	costello	heart	direct	typical subaortic septal hypertrophy	Hypertrophic cardiomyopathy (HCM) comprising typical subaortic septal hypertrophy was noted in 61%	FOETO:PF.MUL-MET-053 | Cardiomyopathie | multi_organe | 0.8	FOETO:PF.MUL-MET-056 | Cardiomyopathie hypertrophique | multi_organe | 0.8	FOETO:PF.COE-MET-017 | Hypertrophie des cardiomyocytes | coeur | 0.7	FOETO:PF.MUL-MET-056
195	D Noonan Syndrome	ORPHA:648	ashworth	ch07_cardiomyopathy	myocardium	direct	Myocardial disarray	Myocardial disarray in Noonan syndrome.				NOUVEAU
192	D Noonan Syndrome	ORPHA:648	keeling	ch20_cardiovascular	heart	direct	hypertrophic cardiomyopathy	Noonan syndrome may also present with hypertrophic cardiomyopathy.	FOETO:PF.MUL-MET-053 | Cardiomyopathie | multi_organe | 1.0	FOETO:PF.MUL-MET-056 | Cardiomyopathie hypertrophique | multi_organe | 1.0	FOETO:PF.COE-MET-017 | Hypertrophie des cardiomyocytes | coeur | 0.9	FOETO:PF.MUL-MET-056
193	D Noonan Syndrome	ORPHA:648	keeling	ch20_cardiovascular	heart valves	direct	polyvalvar dysplasia	It is also associated with polyvalvar dysplasia and pulmonary stenosis [63].	FOETO:PF.COE-MAL-037 | Dysplasie polyvalvulaire | coeur | 0.9	FOETO:PF.COE-MAL-035 | Dysplasie de la valve pulmonaire (sténose pulmonaire) | coeur | 0.47		FOETO:PF.COE-MAL-037
194	D Noonan Syndrome	ORPHA:648	keeling	ch20_cardiovascular	pulmonary valve	direct	pulmonary stenosis	It is also associated with polyvalvar dysplasia and pulmonary stenosis [63].	FOETO:PF.COE-MAL-037 | Dysplasie polyvalvulaire | coeur | 0.7	FOETO:PF.COE-MAL-035 | Dysplasie de la valve pulmonaire (sténose pulmonaire) | coeur | 0.5		FOETO:PF.COE-MAL-035
198	D Opitz G/BBB Syndrome  (Hypertelorism-Hypospadias Syndrome, Opitz-Frias Syndrome,  Opitz Oculo-Genito-Laryngeal Syndrome)		keeling	ch21_respiratory	larynx	contexte	atrophic changes in the laryngeal muscles	Pathologic studies have shown atrophic changes in the laryngeal muscles, splaying of the cricoid				NON
199	D Opitz G/BBB Syndrome  (Hypertelorism-Hypospadias Syndrome, Opitz-Frias Syndrome,  Opitz Oculo-Genito-Laryngeal Syndrome)		keeling	ch21_respiratory	larynx	contexte	splaying of the cricoid	Pathologic studies have shown atrophic changes in the laryngeal muscles, splaying of the cricoid				NON
176	D Smith-Lemli-Opitz Syndrome	ORPHA:818	keeling	ch24_urinary	kidney	contexte	isolated glomerular cysts	Isolated glomerular cysts are quite common in fetal cystic kidney disease, and they should evoke consideration of RCAD syndrome or an early form of autosomal dominant polycystic kidney disease.	FOETO:PF.REN-MAL-034 | Kystes glomérulaires | rein | 1.0			FOETO:PF.REN-MAL-034
177	D Smith-Lemli-Opitz Syndrome	ORPHA:818	keeling	ch24_urinary	kidney	direct	some degree of renal dysplasia	Associated with some degree of renal dysplasia, they are present in oro-facio-digital syndrome type 1 and Smith-Lemli-Opitz syndrome.	FOETO:PF.REN-MAL-014 | Dysplasie médullaire rénale | rein | 0.6	FOETO:PF.MUL-MAL-013 | Dysplasie rénale multikystique | multi_organe | 0.6	FOETO:PF.REN-NOR-001 | Anse de Henle rare ou absente | rein | 0.5	NOUVEAU
185	D Smith-Lemli-Opitz Syndrome	ORPHA:818	soffoet	ch20_metaboliques	cristallin	direct	prolifération fibroblastique sous la capsule antérieure du cristallin	prolifération fibroblastique sous la capsule antérieure du cristallin, liquéfaction des fibres cristalliniennes sousjacentes	FOETO:PF.ORL-NOR-003 | Capsule du cristallin (antérieure et postérieure) | oeil_oreille | 0.6			NOUVEAU
186	D Smith-Lemli-Opitz Syndrome	ORPHA:818	soffoet	ch20_metaboliques	cristallin	direct	liquéfaction des fibres cristalliniennes sous-jacentes	liquéfaction des fibres cristalliniennes sousjacentes et dégénérescence ballonnisante des fibres cristalliniennes postérieures				NOUVEAU
187	D Smith-Lemli-Opitz Syndrome	ORPHA:818	soffoet	ch20_metaboliques	cristallin	direct	dégénérescence ballonnisante des fibres cristalliniennes postérieures	dégénérescence ballonnisante des fibres cristalliniennes postérieures				NOUVEAU
356	D Williams Syndrome (Williams-Beuren Syndrome)	ORPHA:904	benirschke	ch23_erythroblastosis_hydrops	arteries	direct	generalized arterial calcification	Rare cases of hydrops with generalized arterial calcification (Williams syndrome) have occurred	FOETO:PF.MUL-MET-047 | Calcifications artérielles de la média avec prolifération intimale | multi_organe | 0.5	FOETO:PP.PLA-NOR-026 | Calcifications placentaires absentes ou rares | placenta | 0.47		FOETO:PF.MUL-MET-047
349	D Williams Syndrome (Williams-Beuren Syndrome)	ORPHA:904	keeling	ch20_cardiovascular	aorta	direct	irregular thickening of the aortic wall	Supravalvar aortic stenosis is caused by irregular thickening of the aortic wall above the sino-tubular junction				NON
913	E Progeria Syndrome (Hutchinson-Gilford Syndrome)	ORPHA:740	soffoet	ch12_peau	skin	direct	thin epidermis without papillary relief	la MO montre un épiderme mince, sans relief papillaire				NOUVEAU
914	E Progeria Syndrome (Hutchinson-Gilford Syndrome)	ORPHA:740	soffoet	ch12_peau	skin	direct	thin dermis with horizontally oriented thick collagen bundles	Le derme est fin et le collagène du derme réticulaire disposé en faisceaux épais orientés horizontalement	FOETO:PF.PEA-NOR-011 | Faisceaux de collagène dermique | peau | 0.6	FOETO:PF.PEA-MAL-025 | Collagène dermique épais et hyalinisé en faisceaux horizontaux | peau | 0.6		FOETO:PF.PEA-MAL-025
915	E Progeria Syndrome (Hutchinson-Gilford Syndrome)	ORPHA:740	soffoet	ch12_peau	skin	direct	decreased elastic tissue and atrophic appendages	Le tissu élastique est diminué et les annexes sont atrophiques				NOUVEAU
916	E Progeria Syndrome (Hutchinson-Gilford Syndrome)	ORPHA:740	soffoet	ch12_peau	skin	direct	thickened hypodermis	Par contraste l’hypoderme paraît épaissi				NON
936	F Beckwith-Wiedemann Syndrome  (Exomphalos-Macroglossia-Gigantism Syndrome)	ORPHA:116	benirschke	ch23_erythroblastosis_hydrops	placenta	direct	placental mesenchymal dysplasia with lacunar, hydropic expansion of the villi and areas of hypervascularity	The placenta description suggests placental mesenchymal dysplasia with lacunar, hydropic expansion of the villi and areas of hypervascularity.	FOETO:PP.PAR-DYS-003 | Dysplasie mésenchymateuse placentaire | parenchyme | 1.0	FOETO:PP.PAR-TUM-001 | Placentomégalie avec villosités hydriques | parenchyme | 0.6	FOETO:PP.PLA-NOR-203 | Villosités mésenchymateuses | placenta | 0.6	FOETO:PP.PAR-DYS-003
937	F Beckwith-Wiedemann Syndrome  (Exomphalos-Macroglossia-Gigantism Syndrome)	ORPHA:116	benirschke	ch27_mesenchymal_dysplasia	placenta	direct	enlarged, edematous stem villi containing thick-walled vessels	Enlarged, edematous stem villi containing thick-walled vessels.	FOETO:PP.PLA-DYS-041 | Vaisseau-tronc villositaire à paroi épaisse | placenta | 0.72	FOETO:PP.PLA-NOR-205 | Villosités souches (villi souches) | placenta | 0.6	FOETO:PP.PLA-NOR-209 | Villosités élargies à aspect en patte | placenta | 0.6	FOETO:PP.PLA-DYS-041
938	F Beckwith-Wiedemann Syndrome  (Exomphalos-Macroglossia-Gigantism Syndrome)	ORPHA:116	benirschke	ch27_mesenchymal_dysplasia	placenta	direct	enlarged stem villus with vessels displaying increased, partially hyalinized mesenchymal stroma, seen cuffing the vascular profiles	Higher magnification view showing an enlarged stem villus with vessels displaying increased, partially hyalinized mesenchymal stroma, seen cuffing the vascular profiles.	FOETO:PP.PLA-NOR-194 | Villosité mésenchymateuse | placenta | 0.6	FOETO:PP.PLA-NOR-195 | Villosité souche | placenta | 0.6	FOETO:PP.PLA-DYS-035 | Stroma villositaire hyalinisé | placenta | 0.6	FOETO:PP.PLA-DYS-035
939	F Beckwith-Wiedemann Syndrome  (Exomphalos-Macroglossia-Gigantism Syndrome)	ORPHA:116	benirschke	ch30_chorangiosis_tumours	placenta	direct	hemangioendotheliomas and multiple chorangiomas	Drut et al. (1992) reported the presence of hemangioendotheliomas and multiple chorangiomas in the Beckwith-Wiedemann syndrome	FOETO:PF.MUL-MET-151 | Hémangiomes multiples cutanés | multi_organe | 0.6			NOUVEAU
930	F Beckwith-Wiedemann Syndrome  (Exomphalos-Macroglossia-Gigantism Syndrome)	ORPHA:116	ernst	ch06_pancreas	pancreas	contexte	Islet cells with nucleomegaly	Islet cells with nucleomegaly (nuclei three to four times the size of their neighbors) are the most reliable evidence for congenital hyperinsulinism				NOUVEAU
931	F Beckwith-Wiedemann Syndrome  (Exomphalos-Macroglossia-Gigantism Syndrome)	ORPHA:116	ernst	ch20_adrenal	adrenal gland	direct	adrenal cytomegaly	Macroglossia, omphalocele, adrenal cytomegaly, gigantism, and hyperplastic visceromegaly	FOETO:PF.MUL-MAL-032 | Omphalocèle | multi_organe | 0.8			FOETO:PF.END-MAL-006
932	F Beckwith-Wiedemann Syndrome  (Exomphalos-Macroglossia-Gigantism Syndrome)	ORPHA:116	ernst	ch20_adrenal	viscera	direct	hyperplastic visceromegaly	Macroglossia, omphalocele, adrenal cytomegaly, gigantism, and hyperplastic visceromegaly	FOETO:PF.MUL-MAL-032 | Omphalocèle | multi_organe | 0.8			NON
1394	F Beckwith-Wiedemann Syndrome  (Exomphalos-Macroglossia-Gigantism Syndrome)	ORPHA:116	genereviews	bws	adrenal cortex	direct	Cytomegaly of the adrenal cortex	Cytomegaly of the adrenal cortex, which is considered pathognomonic for BWS	FOETO:PF.END-MAL-006 | Cytomégalie du cortex fœtal surrénalien | endocrine | 0.68	FOETO:PF.END-NOR-020 | Cortex fœtal surrénalien | endocrine | 0.6	FOETO:PF.END-NOR-021 | Cortex permanent surrénalien | endocrine | 0.6	FOETO:PF.END-MAL-006
918	F Beckwith-Wiedemann Syndrome  (Exomphalos-Macroglossia-Gigantism Syndrome)	ORPHA:116	keeling	ch04_placenta	placenta	direct	no trophoblastic hyperplasia histologically	but there is no trophoblastic hyperplasia histologically (Fig. 4.51). Pregnancies are often complicated by	FOETO:PP.PLA-DYS-010 | Hyperplasie trophoblastique | placenta | 1.0			NON
919	F Beckwith-Wiedemann Syndrome  (Exomphalos-Macroglossia-Gigantism Syndrome)	ORPHA:116	keeling	ch04_placenta	placenta	direct	villi, which are distended from edema and tortuous stromal vessels	Fig. 4.51 Placental mesenchymal dysplasia: the villi, which are distended from edema and tortuous stromal vessels, could be easily mistaken	FOETO:PP.PAR-DYS-003 | Dysplasie mésenchymateuse placentaire | parenchyme | 0.8	FOETO:PP.PLA-NOR-203 | Villosités mésenchymateuses | placenta | 0.6	FOETO:PP.PLA-NOR-036 | Cellules mésenchymateuses stromales villeuses | placenta | 0.47	FOETO:PP.PAR-DYS-003
920	F Beckwith-Wiedemann Syndrome  (Exomphalos-Macroglossia-Gigantism Syndrome)	ORPHA:116	keeling	ch13_hydrops	adrenal gland	contexte	adrenocortical cytomegaly	Adrenal glands may show adrenocortical cytomegaly, especially ones associated with Hb Bart hydrops fetalis	FOETO:PF.END-MAL-054 | Surrénale en galette (aplatie) | endocrine | 0.47	FOETO:PF.MUL-MET-046 | Calcification des glandes surrénales | multi_organe | 0.47	FOETO:PF.MUL-MET-039 | Atrophie des glandes surrénales | multi_organe | 0.47	FOETO:PF.END-MAL-006
921	F Beckwith-Wiedemann Syndrome  (Exomphalos-Macroglossia-Gigantism Syndrome)	ORPHA:116	keeling	ch22_alimentary	tongue	direct	tissue overgrowth and tongue muscle hypertrophy	True macroglossia is most commonly seen in Beckwith-Wiedemann syndrome due to tissue overgrowth and tongue muscle hypertrophy				NON
922	F Beckwith-Wiedemann Syndrome  (Exomphalos-Macroglossia-Gigantism Syndrome)	ORPHA:116	keeling	ch22_alimentary	pancreas	direct	pancreatic cysts	Syndromes associated with pancreatic cysts include Beckwith-Wiedemann syndrome				NOUVEAU
923	F Beckwith-Wiedemann Syndrome  (Exomphalos-Macroglossia-Gigantism Syndrome)	ORPHA:116	keeling	ch24_urinary	kidney	direct	diffuse nephroblastomatosis	In typical forms, the renal parenchyma shows diffuse nephroblastomatosis (Fig. 24.15)	FOETO:PF.REN-MAL-043 | Néphroblastomatose | rein | 1.0			FOETO:PF.REN-MAL-043
924	F Beckwith-Wiedemann Syndrome  (Exomphalos-Macroglossia-Gigantism Syndrome)	ORPHA:116	keeling	ch24_urinary	kidney	direct	medullary lesions: dysplasia or cystic dilatation of the tubules	Eventually, there are medullary lesions: dysplasia or cystic dilatation of the tubules.	FOETO:PF.REN-MAL-013 | Dysplasie médullaire kystique | rein | 0.9	FOETO:PF.REN-MAL-014 | Dysplasie médullaire rénale | rein | 0.6		FOETO:PF.REN-MAL-013
925	F Beckwith-Wiedemann Syndrome  (Exomphalos-Macroglossia-Gigantism Syndrome)	ORPHA:116	keeling	ch24_urinary	kidney	direct	increased number of nephrons	Sometimes the kidney is structurally normal but has an increased number of nephrons.				NOUVEAU
926	F Beckwith-Wiedemann Syndrome  (Exomphalos-Macroglossia-Gigantism Syndrome)	ORPHA:116	keeling	ch24_urinary	adrenal cortex	direct	cytomegaly of fetal adrenal cortex	An important diagnostic feature (but sometimes lacking) is cytomegaly of fetal adrenal cortex.	FOETO:PF.END-MAL-006 | Cytomégalie du cortex fœtal surrénalien | endocrine | 1.0	FOETO:PF.END-MAL-019 | Hypoplasie du cortex fœtal surrénalien | endocrine | 0.68	FOETO:PF.END-NOR-020 | Cortex fœtal surrénalien | endocrine | 0.6	FOETO:PF.END-MAL-006
927	F Beckwith-Wiedemann Syndrome  (Exomphalos-Macroglossia-Gigantism Syndrome)	ORPHA:116	keeling	ch26_endocrine	adrenal cortex	direct	Diffuse cytomegaly	Adrenal cortex, Beckwith–Wiedemann syndrome. Diffuse cytomegaly	FOETO:PF.END-MAL-006 | Cytomégalie du cortex fœtal surrénalien | endocrine | 0.52	FOETO:PF.END-NOR-020 | Cortex fœtal surrénalien | endocrine | 0.47	FOETO:PF.END-NOR-021 | Cortex permanent surrénalien | endocrine | 0.47	FOETO:PF.END-MAL-006
928	F Beckwith-Wiedemann Syndrome  (Exomphalos-Macroglossia-Gigantism Syndrome)	ORPHA:116	keeling	ch26_endocrine	pancreas	direct	Nucleomegaly of endocrine cells	Nucleomegaly (3–4 times size to adjacent cell) of endocrine cells is seen in many conditions, including ... Beckwith-Wiedemann				NOUVEAU
1771	FAMILLE Arthrogryposes	FAM:0013	devneuro	ch18_antenatal_disruptions	medulla	direct	Atresia and forking at the level of the medulla	Atresia and forking at the level of the medulla in a seven-month-old child presenting with arthrogryposis	FOETO:PF.MUL-MET-035 | Arthrogrypose | multi_organe | 0.8			NON
1735	FAMILLE Arthrogryposes	FAM:0013	keeling	ch31_skeletal_muscle	limb muscle	direct	replacement of limb muscles with fatty and fibrous tissue	Amyoplasia characterizes patients with a congenital absence of limb musculature and replacement by fatty and fibrous tissue				FOETO:PF.MUS-RET-040
1736	FAMILLE Arthrogryposes	FAM:0013	keeling	ch31_skeletal_muscle	muscle	direct	muscle fasciculi replaced by adipose tissue	Muscle fasciculi are incomplete, with portions of, or whole, fasciculi replaced by adipose tissue				FOETO:PF.MUS-RET-040
1737	FAMILLE Arthrogryposes	FAM:0013	keeling	ch31_skeletal_muscle	muscle	direct	fasciculi surrounded by perimysium	The fasciculi are surrounded by perimysium, said to be a characteristic feature				NON
1738	FAMILLE Arthrogryposes	FAM:0013	keeling	ch31_skeletal_muscle	muscle	direct	small and rounded muscle fibers	In the case of the normal fetus, muscle fibers are small and rounded as they are in arthrogryposis	FOETO:PF.MUL-MET-035 | Arthrogrypose | multi_organe | 0.8	FOETO:PF.MUS-MAL-011 | Petite taille des fibres musculaires | muscle | 0.68	FOETO:PF.MUL-MET-027 | Anomalie des fibres musculaires squelettiques par groupes (petites fibres groupées) | multi_organe | 0.68	FOETO:PF.MUS-MAL-011
1775	FAMILLE Arthrogryposes	FAM:0013	perineuro	s4_gray_matter_lesions	brainstem	contexte	neuron loss, reactive astroglia, mineralization, or cavitation due to necrosis	Symmetric tegmental lesions characterized by neuron loss, reactive astroglia, mineralization, or even cavitation due to necrosis reflect H-I damage in early gestation	FOETO:PF.CER-MET-009 | Astrogliose réactionnelle diffuse | cerveau | 0.9	FOETO:PF.CER-CLA-133 | Minéralisation des neurones morts | cerveau | 0.6	FOETO:PF.CER-CLA-157 | Nécrose tégmentale du tronc cérébral | cerveau | 0.47	FOETO:PF.CER-MET-009
1776	FAMILLE Arthrogryposes	FAM:0013	perineuro	s4_gray_matter_lesions	spinal cord	contexte	damage to spinal cord neurons	Spinal cord neurons are also damaged in cases of severe neonatal HIE				NON
1778	FAMILLE Arthrogryposes	FAM:0013	perineuro	s7_neuromuscular	muscle	direct	fatty-fibrous replacement of the muscular tissue	decreased muscle mass in the limbs with a fatty-fibrous replacement of the muscular tissue	FOETO:PF.MUS-RET-040 | Remplacement adipeux du muscle squelettique | muscle | 0.52			FOETO:PF.MUS-RET-040
1739	FAMILLE Arthrogryposes	FAM:0013	soffoet	ch10_muscle	muscle	direct	important connective proliferation of the endomysium	importante prolifération conjonctive de l’endomysium				FOETO:PF.MUS-RET-024
1740	FAMILLE Arthrogryposes	FAM:0013	soffoet	ch10_muscle	muscle	direct	decrease in the number and diameter of muscle fibers	diminution du nombre et du diamètre des fibres musculaires	FOETO:PF.MUS-MAL-005 | Diminution du nombre de fibres musculaires | muscle | 0.9	FOETO:PF.MUS-RET-047 | Variation du diamètre des fibres musculaires | muscle | 0.68	FOETO:PF.MUS-RET-020 | Fibre musculaire de type 2C fœtale | muscle | 0.6	FOETO:PF.MUS-MAL-005
1741	FAMILLE Arthrogryposes	FAM:0013	soffoet	ch10_muscle	muscle	direct	necrosis and regeneration are little important	nécrose et régénération sont peu importantes				NON
1742	FAMILLE Arthrogryposes	FAM:0013	soffoet	ch11_cerveau	cerveau	direct	cortex dépeuplé	signes histologiques de neuro-dégénérescence, en particulier cortex dépeuplé, atrophie des différentes structures				FOETO:PF.CER-MAL-247
1743	FAMILLE Arthrogryposes	FAM:0013	soffoet	ch11_cerveau	cerveau	direct	atrophie des différentes structures	signes histologiques de neuro-dégénérescence, en particulier cortex dépeuplé, atrophie des différentes structures, phénomènes de cavitation				NON
1744	FAMILLE Arthrogryposes	FAM:0013	soffoet	ch11_cerveau	cerveau	direct	phénomènes de cavitation	signes histologiques de neuro-dégénérescence, en particulier cortex dépeuplé, atrophie des différentes structures, phénomènes de cavitation, images d’apoptose				FOETO:PF.CER-MET-014
1745	FAMILLE Arthrogryposes	FAM:0013	soffoet	ch11_cerveau	cerveau	direct	images d’apoptose	signes histologiques de neuro-dégénérescence, en particulier cortex dépeuplé, atrophie des différentes structures, phénomènes de cavitation, images d’apoptose				NOUVEAU
1746	FAMILLE Arthrogryposes	FAM:0013	soffoet	ch11_cerveau	cerveau	direct	plaque corticale fine et peu dense	coupe histologique H&E, montrant une plaque corticale fine et peu dense au plus fort grossissement	FOETO:PF.CER-MAL-231 | Plaque corticale mince | cerveau | 0.6	FOETO:PF.CER-NOR-072 | Plaque corticale | cerveau | 0.6	FOETO:PF.CER-NOR-087 | Zone de la plaque corticale | cerveau | 0.6	FOETO:PF.CER-MAL-231
1747	FAMILLE Arthrogryposes	FAM:0013	soffoet	ch11_cerveau	cerveau	direct	lésion cavitaire remplie de macrophages	gros plan sur lésion cavitaire remplie de macrophages				NOUVEAU
1749	FAMILLE Arthrogryposes	FAM:0013	soffoet	ch11_cerveau	moelle épinière	direct	turgescence des motoneurones	motoneurones altérés (turgescence, picnose et fragmentation de la chromatine)				NOUVEAU
1750	FAMILLE Arthrogryposes	FAM:0013	soffoet	ch11_cerveau	moelle épinière	direct	picnose des motoneurones	motoneurones altérés (turgescence, picnose et fragmentation de la chromatine)				NOUVEAU
1751	FAMILLE Arthrogryposes	FAM:0013	soffoet	ch11_cerveau	moelle épinière	direct	fragmentation de la chromatine des motoneurones	motoneurones altérés (turgescence, picnose et fragmentation de la chromatine)				NOUVEAU
1752	FAMILLE Arthrogryposes	FAM:0013	soffoet	ch11_cerveau	cerveau	contexte	dépeuplement extrême du cortex	On peut observer focalement un aspect festonné de la plaque corticale ou un dépeuplement extrême du cortex	FOETO:PF.CER-NOR-072 | Plaque corticale | cerveau | 0.6	FOETO:PF.CER-MAL-231 | Plaque corticale mince | cerveau | 0.47	FOETO:PF.CER-MAL-036 | Aspect festonné de la couche II corticale | cerveau | 0.47	FOETO:PF.CER-MAL-247
1753	FAMILLE Arthrogryposes	FAM:0013	soffoet	ch11_cerveau	cerveau	contexte	cortex de faible densité cellulaire	Le cortex cérébral apparaît de faible densité cellulaire, avec des petits neuroblastes à noyaux picnotiques	FOETO:PF.CER-MAL-050 | Cortex cérébral épaissi (> 1 cm) | cerveau | 0.47			FOETO:PF.CER-MAL-247
1754	FAMILLE Arthrogryposes	FAM:0013	soffoet	ch11_cerveau	cerveau	contexte	neuroblastes à noyaux picnotiques	Le cortex cérébral apparaît de faible densité cellulaire, avec des petits neuroblastes à noyaux picnotiques	FOETO:PF.CER-MAL-050 | Cortex cérébral épaissi (> 1 cm) | cerveau | 0.47			NOUVEAU
1755	FAMILLE Arthrogryposes	FAM:0013	soffoet	ch11_cerveau	noyaux gris centraux	contexte	signes de dégénérescence cellulaire des noyaux gris centraux	Les noyaux gris centraux et les noyaux des paires crâniennes, présentent également des signes de dégénérescence cellulaire	FOETO:PF.MUL-MET-194 | Lésions des noyaux gris centraux | multi_organe | 0.68	FOETO:PF.MUL-MET-112 | Dépôt de fer dans les noyaux gris centraux | multi_organe | 0.68	FOETO:PF.MUL-MET-059 | Cavitation des noyaux gris centraux | multi_organe | 0.68	FOETO:PF.MUL-MET-194
1756	FAMILLE Arthrogryposes	FAM:0013	soffoet	ch11_cerveau	noyaux des paires crâniennes	contexte	signes de dégénérescence cellulaire des noyaux des paires crâniennes	Les noyaux gris centraux et les noyaux des paires crâniennes, présentent également des signes de dégénérescence cellulaire	FOETO:PF.MUL-MET-194 | Lésions des noyaux gris centraux | multi_organe | 0.52	FOETO:PF.MUL-MET-112 | Dépôt de fer dans les noyaux gris centraux | multi_organe | 0.52	FOETO:PF.MUL-MET-059 | Cavitation des noyaux gris centraux | multi_organe | 0.52	NOUVEAU
1757	FAMILLE Arthrogryposes	FAM:0013	soffoet	ch11_cerveau	tronc cérébral	contexte	atrophie des faisceaux cortico-spinaux	Le tronc cérébral est également hypoplasique, avec une atrophie des faisceaux cortico-spinaux	FOETO:PF.CER-INF-003 | Atrophie cérébrale | cerveau | 0.7	FOETO:PF.CER-CLA-073 | Hypoplasie du tronc cérébral | cerveau | 0.7	FOETO:PF.CER-MET-011 | Atrophie cérébrale sévère | cerveau | 0.7	NOUVEAU
1758	FAMILLE Arthrogryposes	FAM:0013	soffoet	ch11_cerveau	cerveau	contexte	figures apoptotiques	apoptotiques, avec fragmentation et margination de la chromatine, peuvent être observées				NOUVEAU
1759	FAMILLE Arthrogryposes	FAM:0013	soffoet	ch11_cerveau	moelle épinière	contexte	cornes antérieures hypoplasiques	A l’étage médullaire, les cornes antérieures sont hypoplasiques et dépeuplées en moto-neurones	FOETO:PF.CER-MAL-144 | Hypoplasie de l'hypophyse antérieure | cerveau | 0.6	FOETO:PF.CER-NOR-010 | Cornes antérieures de la moelle | cerveau | 0.6	FOETO:PF.CER-CLA-118 | Lésion des cornes antérieures médullaires | cerveau | 0.52	FOETO:PF.CER-CLA-118
1760	FAMILLE Arthrogryposes	FAM:0013	soffoet	ch11_cerveau	moelle épinière	contexte	dépeuplement en motoneurones des cornes antérieures	A l’étage médullaire, les cornes antérieures sont hypoplasiques et dépeuplées en moto-neurones	FOETO:PF.CER-MAL-204 | Mort des motoneurones des cornes antérieures | cerveau | 0.68	FOETO:PF.CER-NOR-010 | Cornes antérieures de la moelle | cerveau | 0.6	FOETO:PF.CER-CLA-118 | Lésion des cornes antérieures médullaires | cerveau | 0.52	FOETO:PF.CER-MAL-204
1764	FAMILLE Arthrogryposes	FAM:0013	soffoet	ch22_akinesie	spinal cord	direct	atteinte des neurones de la corne antérieure	Le diagnostic des formes neurogènes de SDAF (N-SDAF) est histologique, basé sur l’identification d’une atteinte des neurones de la corne antérieure				FOETO:PF.CER-CLA-118
1765	FAMILLE Arthrogryposes	FAM:0013	soffoet	ch22_akinesie	muscle	direct	hypoplasie/atrophie musculaire neurogène	Le diagnostic des formes neurogènes de SDAF (N-SDAF) est histologique, basé sur l’identification d’une atteinte des neurones de la corne antérieure et une hypoplasie/atrophie musculaire neurogène	FOETO:PF.MUS-RET-005 | Atrophie des fibres musculaires | muscle | 0.6	FOETO:PF.MUS-MAL-002 | Atrophie fasciculaire neurogène | muscle | 0.6	FOETO:PF.MUL-MET-040 | Atrophie musculaire squelettique | multi_organe | 0.6	FOETO:PF.MUS-MAL-002
1766	FAMILLE Arthrogryposes	FAM:0013	soffoet	ch22_akinesie	muscle	contexte	réduction de taille des fibres musculaires, infiltrées par du tissu adipeux	une hypo/atrophie musculaire (réduction de taille des fibres musculaires, infiltrées par du tissu adipeux), des pterygia touchant une ou plusieurs articulations	FOETO:PF.MUS-RET-005 | Atrophie des fibres musculaires | muscle | 0.7	FOETO:PF.MUS-MAL-011 | Petite taille des fibres musculaires | muscle | 0.68	FOETO:PF.MUS-RET-037 | Nécrose des fibres musculaires | muscle | 0.6	FOETO:PF.MUS-MAL-011
1648	FAMILLE Ciliopathies	FAM:0008	ernst	ch05_liver	liver	direct	prominent residual double-layered ductal plate around almost the entire circumference of the portal tract	presence of a prominent residual double-layered ductal plate around almost the entire circumference of the portal tract	FOETO:PF.FOI-NOR-009 | Plaque ductale hépatique | foie | 0.6			FOETO:PF.FOI-MAL-048
1649	FAMILLE Ciliopathies	FAM:0008	ernst	ch05_liver	liver	direct	ductal plate malformation	The ductal plate malformation as observed in disorders such as congenital hepatic fibrosis and other “ciliopathies”	FOETO:PF.FOI-MAL-018 | Fibrose hépatique congénitale | foie | 0.8	FOETO:PF.MUL-MET-132 | Fibrose hépatique | multi_organe | 0.8	FOETO:PF.FOI-NOR-009 | Plaque ductale hépatique | foie | 0.6	FOETO:PF.FOI-MAL-048
1640	FAMILLE Ciliopathies	FAM:0008	keeling	ch23_liver_gallbladder	liver	contexte	numerous ductules at the portal tract margins with slit-like lumens and flattened basophilic appearing epithelium	Histologically, the DPM consists of numerous ductules at the portal tract margins, these have slit-like lumens and flattened basophilic appearing epithelium.				FOETO:PF.FOI-MAL-048
1641	FAMILLE Ciliopathies	FAM:0008	keeling	ch23_liver_gallbladder	liver	contexte	ductules with complex outlines that can anastomose and contain inspissated material	The ductules have complex outlines and can anastomose, they often contain inspissated material either dark yellow or eosinophilic				FOETO:PF.FOI-MAL-006
1642	FAMILLE Ciliopathies	FAM:0008	keeling	ch24_urinary	kidney	direct	Renal cystic dilatations, bordered by a flattened epithelium, developing from the collecting ducts	Renal cystic dilatations, bordered by a flattened epithelium, develop from the collecting ducts	FOETO:PF.REN-MAL-052 | Épithélium kystique aplati | rein | 0.9	FOETO:PF.REN-MAL-017 | Désorientation des tubes collecteurs | rein | 0.6	FOETO:PF.MUL-NOR-011 | Dilatation kystique des canaux mammaires | multi_organe | 0.6	FOETO:PF.REN-MAL-052
1643	FAMILLE Ciliopathies	FAM:0008	keeling	ch24_urinary	liver	direct	Portal fibrosis and bile duct hyperplasia with a “pearl necklace” appearance of the ductal plates	It combines portal fibrosis and bile duct hyperplasia with a “pearl necklace” appearance of the ductal plates	FOETO:PF.FOI-MAL-009 | Cellules cytomégaliques dans les canaux biliaires | foie | 0.6	FOETO:PF.FOI-MAL-020 | Fibrose portale avec prolifération ductulaire extensive | foie | 0.54		FOETO:PF.FOI-MAL-020
1644	FAMILLE Ciliopathies	FAM:0008	keeling	ch28_brain_malformations	medulla	contexte	small islands of olivary neurons that have stopped their migration from the rhombic lip to the ventral medulla	Olivary heterotopia refers to small islands of olivary neurons that have stopped their migration from the rhombic lip to the ventral medulla	FOETO:PF.CER-MAL-173 | Hétérotopie olivaire | cerveau | 0.8			FOETO:PF.CER-MAL-173
1645	FAMILLE Ciliopathies	FAM:0008	keeling	ch28_brain_malformations	cerebellum	contexte	outer leptomeningeal layer and an inner layer of glia lined with ependyma and containing cerebellar remnants	Histological examination shows the characteristic morphologic features of the membrane made up of an outer leptomeningeal layer and an inner layer of glia lined with ependyma and containing cerebellar remnants	FOETO:PF.CER-NOR-096 | Épendyme | cerveau | 0.6	FOETO:PF.CER-CLA-086 | Hémosidérose leptoméningée cérébelleuse | cerveau | 0.6		NON
1651	FAMILLE Ciliopathies	FAM:0008	verdijk	ch04_syndromic_anomalies	retina	direct	retinal dysplasia	In major chromosomal abnormalities such as triploidy and trisomy 13 or ciliopathies, additional features typical for these syndromes can be observed, such as retinal dysplasia	FOETO:PF.ORL-MAL-026 | Pli rétinien falciforme congénital | oeil_oreille | 0.5	FOETO:PF.ORL-MAL-017 | Gliose rétinienne | oeil_oreille | 0.5		FOETO:PF.CER-MAL-083
1652	FAMILLE Ciliopathies	FAM:0008	verdijk	ch04_syndromic_anomalies	retina	direct	retinal dysplasia	In Meckel-Gruber syndrome, microphthalmia, cryptophthalmia, retinal dysplasia (Fig. 4.58), iris hypoplasia/aniridia, incomplete cleavage of the chamber angle, cataract, and optic nerve hypoplasia may be present	FOETO:PF.ORL-MAL-022 | Microphtalmie | oeil_oreille | 0.8	FOETO:PF.ORL-MAL-018 | Hypoplasie de l'iris | oeil_oreille | 0.8	FOETO:PF.ORL-MAL-019 | Hypoplasie du nerf optique | oeil_oreille | 0.8	FOETO:PF.CER-MAL-083
1653	FAMILLE Ciliopathies	FAM:0008	verdijk	ch04_syndromic_anomalies	retina	direct	retinal dystrophy	In Joubert syndrome, retinal dystrophy may be seen, with mottled retinal pigmentation (retinitis pigmentosa-like fundus) and optic nerve drusen	FOETO:PF.ORL-MAL-008 | Colobome du nerf optique | oeil_oreille | 0.47	FOETO:PF.ORL-MAL-019 | Hypoplasie du nerf optique | oeil_oreille | 0.47	FOETO:PF.ORL-MAL-004 | Aplasie du nerf optique | oeil_oreille | 0.47	NOUVEAU
1728	FAMILLE Collagénopathies	FAM:0012	soffoet	ch13_squelette	cartilage	contexte	lésions mineures	les lésions sont mineures, comparables à celles observées dans l’hypochondrogenèse				NON
1729	FAMILLE Collagénopathies	FAM:0012	soffoet	ch13_squelette	os	contexte	canaux vasculaires épiphysaires à peine modifiés	Les canaux vasculaires épiphysaires sont à peine modifiés, et, au niveau de la plaque de croissance	FOETO:PF.SQU-MAL-016 | Canaux vasculaires épiphysaires élargis et nombreux | squelette | 0.54			NON
1730	FAMILLE Collagénopathies	FAM:0012	soffoet	ch13_squelette	cartilage	contexte	élargissement des travées directrices de cartilage minéralisé	au niveau de la plaque de croissance, on relève principalement l’élargissement des travées directrices de cartilage minéralisé	FOETO:PF.SQU-MAL-076 | Travées directrices de cartilage minéralisé épaisses et irrégulières | squelette | 0.6	FOETO:PF.SQU-NOR-002 | Cartilage de croissance — zone de dégénérescence et minéralisation | squelette | 0.42		FOETO:PF.SQU-MAL-076
1731	FAMILLE Collagénopathies	FAM:0012	soffoet	ch13_squelette	os	contexte	très discrètes modifications de la plaque de croissance	on n’observe que de très discrètes modifications de la plaque de croissance à type de celles observées dans la DSEC				NON
1597	FAMILLE Craniosynostoses syndromiques	FAM:0005	keeling	ch21_respiratory	trachea	direct	solid cartilaginous sleeve	caused by a solid cartilaginous sleeve usually associated with craniosynostosis syndromes				NOUVEAU
1783	FAMILLE Dysplasies ectodermiques	FAM:0016	keeling	ch33_skin	skin	direct	marked reduction in the number and size of eccrine glands, hair follicles, and sebaceous glands	Histologically, there is a marked reduction in the number and size of eccrine glands, hair follicles, and sebaceous glands	FOETO:PF.PEA-MAL-061 | Réduction des glandes eccrines, follicules pileux et glandes sébacées (dysplasie ectodermique) | peau | 0.68			FOETO:PF.PEA-MAL-061
1784	FAMILLE Dysplasies ectodermiques	FAM:0016	keeling	ch33_skin	skin	direct	marked reduction in the numbers of hair follicles with abnormalities of existing hair bulbs and hyperkeratosis and acanthosis of the palms and soles	There is a marked reduction in the numbers of hair follicles with abnormalities of existing hair bulbs and hyperkeratosis and acanthosis of the palms and soles	FOETO:PF.PEA-MAL-060 | Parakératose compacte | peau | 0.5	FOETO:PF.PEA-MAL-038 | Hyperkératose épidermique avec parakératose focale et acanthose | peau | 0.5	FOETO:PF.PEA-MAL-041 | Hyperplasie épidermique monstrueuse (fœtus arlequin) | peau | 0.5	FOETO:PF.PEA-MAL-061
1820	FAMILLE Dystroglycanopathies	FAM:0021	devneuro	ch07_lissencephaly_type2	cerebral cortex	direct	highly disordered structure	Microscopic examination of the cerebral cortex reveals a highly disordered structure.	FOETO:PF.CER-MAL-050 | Cortex cérébral épaissi (> 1 cm) | cerveau | 0.47			FOETO:PF.CER-MAL-095
1821	FAMILLE Dystroglycanopathies	FAM:0021	devneuro	ch07_lissencephaly_type2	leptomeninges	direct	disorganized cortical region	The subsequent cells migrate past this into the leptomeninges forming a second and highly disorganized cortical region	FOETO:PF.CER-MAL-095 | Désorganisation cytoarchitecturale corticale | cerveau | 0.6	FOETO:PF.CER-MAL-101 | Désorganisation neuronale corticale | cerveau | 0.6	FOETO:PF.CER-MAL-093 | Désorganisation corticale de la ligne médiane | cerveau | 0.6	FOETO:PF.CER-MAL-095
1822	FAMILLE Dystroglycanopathies	FAM:0021	devneuro	ch07_lissencephaly_type2	gray-white junction	direct	irregular and nodular appearance	the gray–white junction tends to be preserved, although it can have an irregular and nodular appearance	FOETO:PF.CER-MAL-180 | Jonction grise-blanche festonnée | cerveau | 0.52	FOETO:PF.CER-MAL-103 | Effacement de la jonction grise-blanche | cerveau | 0.52	FOETO:PF.CER-MAL-217 | Nodules de jonction grise-blanche d'aspect irrégulier | cerveau | 0.47	FOETO:PF.CER-MAL-180
1826	FAMILLE Dystroglycanopathies	FAM:0021	devneuro	ch15_cerebellar	cerebellum	contexte	astrocyte-like cells at the periphery of a heterotopic collection of mature neurons in the deep cerebellar white matter	Glial fibrillary acidic protein immunostained section revealing astrocyte-like cells at the periphery of a heterotopic collection of mature neurons in the deep cerebellar white matter.	FOETO:PF.CER-MAL-212 | Neurones hétérotopiques dans la substance blanche | cerveau | 0.9	FOETO:PF.CER-MAL-163 | Hétérotopie de la substance blanche (neurones isolés) | cerveau | 0.72	FOETO:PF.CER-MAL-174 | Hétérotopie périventriculaire et de la substance blanche | cerveau | 0.68	FOETO:PF.CER-MAL-212
1827	FAMILLE Dystroglycanopathies	FAM:0021	devneuro	ch15_cerebellar	cerebellum	contexte	Glial fibrillary acidic protein immunoreactive cell processes extend toward the center of the lesion	Glial fibrillary acidic protein immunoreactive cell processes extend toward the center of the lesion.				NON
1828	FAMILLE Dystroglycanopathies	FAM:0021	devneuro	ch15_cerebellar	cerebrum	direct	extensive cortical dysplasia	Cerebellar abnormalities are required for the diagnosis of Walker–Warburg syndrome and may consist of extensive cortical dysplasia, white matter heterotopia, simplification or fragmentation of the dentate nucleus, vermian agenesis or hypoplasia, and, in some cases, the Dandy–Walker malformation	FOETO:PF.MUL-MET-086 | Dysplasie corticale | multi_organe | 1.0	FOETO:PF.CER-MAL-072 | Dysplasie corticale focale | cerveau | 0.9	FOETO:PF.CER-MAL-069 | Dysplasie corticale cérébelleuse | cerveau | 0.7	FOETO:PF.MUL-MET-086
1829	FAMILLE Dystroglycanopathies	FAM:0021	devneuro	ch15_cerebellar	cerebellum	direct	white matter heterotopia	Cerebellar abnormalities are required for the diagnosis of Walker–Warburg syndrome and may consist of extensive cortical dysplasia, white matter heterotopia, simplification or fragmentation of the dentate nucleus, vermian agenesis or hypoplasia, and, in some cases, the Dandy–Walker malformation	FOETO:PF.MUL-MET-086 | Dysplasie corticale | multi_organe | 0.8	FOETO:PF.CER-MAL-069 | Dysplasie corticale cérébelleuse | cerveau | 0.7	FOETO:PF.CER-MAL-072 | Dysplasie corticale focale | cerveau | 0.7	FOETO:PF.CER-MAL-212
1830	FAMILLE Dystroglycanopathies	FAM:0021	devneuro	ch15_cerebellar	cerebellum	direct	simplification or fragmentation of the dentate nucleus	Cerebellar abnormalities are required for the diagnosis of Walker–Warburg syndrome and may consist of extensive cortical dysplasia, white matter heterotopia, simplification or fragmentation of the dentate nucleus, vermian agenesis or hypoplasia, and, in some cases, the Dandy–Walker malformation	FOETO:PF.MUL-MET-086 | Dysplasie corticale | multi_organe | 0.8	FOETO:PF.CER-MAL-069 | Dysplasie corticale cérébelleuse | cerveau | 0.7	FOETO:PF.CER-MAL-072 | Dysplasie corticale focale | cerveau | 0.7	FOETO:PF.CER-MAL-114
1831	FAMILLE Dystroglycanopathies	FAM:0021	devneuro	ch15_cerebellar	cerebellum	direct	vermian agenesis or hypoplasia	Cerebellar abnormalities are required for the diagnosis of Walker–Warburg syndrome and may consist of extensive cortical dysplasia, white matter heterotopia, simplification or fragmentation of the dentate nucleus, vermian agenesis or hypoplasia, and, in some cases, the Dandy–Walker malformation	FOETO:PF.MUL-MET-086 | Dysplasie corticale | multi_organe | 0.8	FOETO:PF.CER-MAL-069 | Dysplasie corticale cérébelleuse | cerveau | 0.7	FOETO:PF.CER-MAL-072 | Dysplasie corticale focale | cerveau | 0.7	FOETO:PF.CER-MAL-019
1832	FAMILLE Dystroglycanopathies	FAM:0021	devneuro	ch15_cerebellar	cerebellum	direct	Dandy–Walker malformation	Cerebellar abnormalities are required for the diagnosis of Walker–Warburg syndrome and may consist of extensive cortical dysplasia, white matter heterotopia, simplification or fragmentation of the dentate nucleus, vermian agenesis or hypoplasia, and, in some cases, the Dandy–Walker malformation	FOETO:PF.CER-MAL-196 | Malformation de Dandy-Walker | cerveau | 0.9	FOETO:PF.MUL-MET-086 | Dysplasie corticale | multi_organe | 0.8	FOETO:PF.CER-MAL-069 | Dysplasie corticale cérébelleuse | cerveau | 0.7	FOETO:PF.CER-MAL-196
1834	FAMILLE Dystroglycanopathies	FAM:0021	devneuro	ch28_carbohydrate_metabolism	muscle	direct	immunohistochemically absent alpha-dystroglycan	Alpha-dystroglycan is affected by defective Oglycosylation and immunohistochemically absent in congenital muscular dystrophies with brain and eye malformations, also termed alpha-dystroglycanopathies	FOETO:PF.MUL-MET-090 | Dystrophie musculaire congénitale | multi_organe | 0.7	FOETO:PF.MUS-RET-017 | Déficit en α-dystroglycane en immunohistochimie | muscle | 0.6	FOETO:PF.MUL-MET-098 | Déficit en glycosylation de l'alpha-dystroglycanine | multi_organe | 0.6	FOETO:PF.MUS-RET-017
1835	FAMILLE Dystroglycanopathies	FAM:0021	devneuro	ch29_sphingolipidoses	brain	direct	pleomorphic inclusions in a glial cell	Electron micrograph of pleomorphic inclusions in a glial cell.				NOUVEAU
1836	FAMILLE Dystroglycanopathies	FAM:0021	devneuro	ch29_sphingolipidoses	brain	direct	inclusion showing the typical herringbone pattern	Electron micrograph of an inclusion showing the typical herringbone pattern.				NOUVEAU
1837	FAMILLE Dystroglycanopathies	FAM:0021	devneuro	ch29_sphingolipidoses	brain	direct	inclusion showing a honeycomb or cobblestone appearance	Electron micrograph of an inclusion showing a honeycomb or cobblestone appearance.				NOUVEAU
1838	FAMILLE Dystroglycanopathies	FAM:0021	devneuro	ch29_sphingolipidoses	brain	direct	neuronal inclusions resembling membranous cytoplasmic bodies	Electron micrograph of neuronal inclusions (storage material), closely resembling membranous cytoplasmic bodies of gangliosidosis.	FOETO:PF.CER-MET-022 | Corps cytoplasmiques membraneux pâles | cerveau | 0.68	FOETO:PF.CER-RET-009 | Ballonnement neuronal (cytoplasme) | cerveau | 0.6	FOETO:PF.CER-CLA-190 | Vacuolisation cytoplasmique neuronale | cerveau | 0.6	FOETO:PF.CER-MET-022
1839	FAMILLE Dystroglycanopathies	FAM:0021	devneuro	ch29_sphingolipidoses	skin	direct	characteristic brown metachromasia in Schwann cells	demonstration of characteristic brown metachromasia and/or unique ultrastructural features of storage inclusion in Schwann cells on skin biopsy	FOETO:PF.PEA-MAL-047 | Inclusions géantes dans les mélanocytes et leucocytes (Chédiak-Higashi) | peau | 0.5	FOETO:PF.PEA-MAL-008 | Accumulation de mélanosomes immatures dans les mélanocytes (stades I-II) | peau | 0.5	FOETO:PF.PEA-MAL-004 | Absence de pigment mélanique épidermique | peau | 0.5	NOUVEAU
1840	FAMILLE Dystroglycanopathies	FAM:0021	devneuro	ch29_sphingolipidoses	skin	direct	unique ultrastructural features of storage inclusion in Schwann cells	demonstration of characteristic brown metachromasia and/or unique ultrastructural features of storage inclusion in Schwann cells on skin biopsy	FOETO:PF.MUL-MET-169 | Inclusions des cellules de Paneth à l'ultrastructure | multi_organe | 0.6			NOUVEAU
1798	FAMILLE Dystroglycanopathies	FAM:0021	keeling	ch28_brain_malformations	cortex	direct	Severely disorganized cortex resulting from massive over-migration through a glia limitans defect	Severely disorganized cortex resulting from massive over-migration through a glia limitans defect (white arrow head)	FOETO:PF.CER-MAL-098 | Désorganisation du cortex cérébelleux | cerveau | 0.6	FOETO:PF.CER-INF-050 | Rupture de la glia limitans | cerveau | 0.6	FOETO:PF.CER-MAL-099 | Désorganisation focale du cortex cérébelleux | cerveau | 0.6	FOETO:PF.CER-MAL-053
1801	FAMILLE Dystroglycanopathies	FAM:0021	keeling	ch28_brain_malformations	cerebellar cortex	direct	Disorganization of the cerebellar cortex with lacunae resulting from the fusion of folia	Histological preparation demonstrating the disorganization of the cerebellar cortex with lacunae resulting from the fusion of folia	FOETO:PF.CER-MAL-118 | Fusion des folia cérébelleux | cerveau | 0.9	FOETO:PF.CER-MAL-098 | Désorganisation du cortex cérébelleux | cerveau | 0.9	FOETO:PF.CER-MAL-099 | Désorganisation focale du cortex cérébelleux | cerveau | 0.9	FOETO:PF.CER-MAL-098
1802	FAMILLE Dystroglycanopathies	FAM:0021	keeling	ch31_skeletal_muscle	muscle	direct	muscle fiber necrosis and fibrosis	These disorders on muscle biopsy show features of muscular dystrophy with muscle fiber necrosis and fibrosis.	FOETO:PF.MUS-RET-037 | Nécrose des fibres musculaires | muscle | 1.0	FOETO:PF.MUS-RET-020 | Fibre musculaire de type 2C fœtale | muscle | 0.6	FOETO:PF.MUS-NOR-003 | Fibres de Wohlfart type a et b | muscle | 0.6	FOETO:PF.MUS-RET-037
1803	FAMILLE Dystroglycanopathies	FAM:0021	keeling	ch31_skeletal_muscle	muscle	direct	reduction in α-dystroglycan immunohistochemical staining with normal β-dystroglycan	There is reduction in α-dystroglycan immunohistochemical staining with normal β-dystroglycan (contrasting with the reduction in both in the dystrophinopathies).	FOETO:PF.MUS-RET-017 | Déficit en α-dystroglycane en immunohistochimie | muscle | 0.6			FOETO:PF.MUS-RET-017
1804	FAMILLE Dystroglycanopathies	FAM:0021	keeling	ch31_skeletal_muscle	muscle	direct	reduction in staining for laminin-α2 (merosin)	It is important to note that these disorders also show a reduction in staining for laminin-α2 (merosin) but it is never completely absent as in primary merosin deficiency.	FOETO:PF.MUS-RET-016 | Déficit en laminine-α2 (mérosine) en immunohistochimie | muscle | 0.52			FOETO:PF.MUS-RET-016
1841	FAMILLE Dystroglycanopathies	FAM:0021	perineuro	s5_cortical_migration	cerebral cortex	direct	irregularities in neuronal placement with the absence of cortical layers	Type II lissencephaly is characterized by irregularities in neuronal placement with the absence of cortical layers.	FOETO:PF.CER-MAL-006 | Absence des couches corticales II et III | cerveau | 0.9	FOETO:PF.CER-MAL-090 | Déplétion neuronale corticale | cerveau | 0.6	FOETO:PF.CER-MAL-101 | Désorganisation neuronale corticale | cerveau | 0.6	FOETO:PF.CER-MAL-006
1842	FAMILLE Dystroglycanopathies	FAM:0021	perineuro	s5_cortical_migration	cerebral cortex	direct	abnormal glycosylation of matrix proteins in the cerebral cortex	These migration defects are thought to be caused by abnormal glycosylation of matrix proteins in the cerebral cortex	FOETO:PF.CER-MAL-050 | Cortex cérébral épaissi (> 1 cm) | cerveau | 0.6	FOETO:PF.MUL-MET-020 | Anomalie de glycosylation des glycoprotéines (histochimie) | multi_organe | 0.5	FOETO:PF.MUL-MET-093 | Défaut de migration neuronale | multi_organe | 0.47	NON
1843	FAMILLE Dystroglycanopathies	FAM:0021	perineuro	s5_cortical_migration	brain	direct	cobblestone lissencephaly	This form of NMDs is often referred to as “cobblestone lissencephaly” because patients typically only have regional agyria	FOETO:PF.MUL-MET-189 | Lissencéphalie en pavé (cobblestone) | multi_organe | 1.0	FOETO:PF.CER-MAL-191 | Lissencéphalie cobblestone (type II) | cerveau | 0.9	FOETO:PF.MUL-MET-188 | Lissencéphalie de type II (pavé/cobblestone) | multi_organe | 0.6	FOETO:PF.MUL-MET-189
1805	FAMILLE Dystroglycanopathies	FAM:0021	soffoet	ch11_cerveau	cerveau	direct	absence de réaction inflammatoire, de cellule de surcharge, de signe d’ischémie	absence de réaction inflammatoire, de cellule de surcharge, de signe d’ischémie dans le cerveau, ni dans les autres organes	FOETO:PF.MUL-MET-245 | Réaction inflammatoire péri-démyélinisante | multi_organe | 0.6			NON
1806	FAMILLE Dystroglycanopathies	FAM:0021	soffoet	ch11_cerveau	organes	direct	absence de réaction inflammatoire, de cellule de surcharge, de signe d’ischémie	absence de réaction inflammatoire, de cellule de surcharge, de signe d’ischémie dans le cerveau, ni dans les autres organes	FOETO:PF.MUL-MET-245 | Réaction inflammatoire péri-démyélinisante | multi_organe | 0.6			NON
1807	FAMILLE Dystroglycanopathies	FAM:0021	soffoet	ch11_cerveau	gonade	direct	aspect gonadoblastoïde	Une dysgénésie gonadique est possible avec un aspect gonadoblastoïde en microscopie				FOETO:PF.GEN-MAL-023
1808	FAMILLE Dystroglycanopathies	FAM:0021	verdijk	ch04_syndromic_anomalies	retina	direct	retinal malformations	retinal malformations were observed in all cases of WWS				FOETO:PF.CER-MAL-083
1810	FAMILLE Dystroglycanopathies	FAM:0021	verdijk	ch04_syndromic_anomalies	eye	direct	microphthalmia	These include microphthalmia [84], microcornea, anterior chamber malformation	FOETO:PF.ORL-MAL-022 | Microphtalmie | oeil_oreille | 1.0	FOETO:PF.MUL-MET-021 | Anomalie de la chambre antérieure de l'œil (anomalie de Peters) | multi_organe | 0.42		FOETO:PF.ORL-MAL-022
1811	FAMILLE Dystroglycanopathies	FAM:0021	verdijk	ch04_syndromic_anomalies	cornea	direct	microcornea	microphthalmia [84], microcornea, anterior chamber malformation (Fig. 4.59e)	FOETO:PF.ORL-MAL-022 | Microphtalmie | oeil_oreille | 0.8	FOETO:PF.MUL-MET-021 | Anomalie de la chambre antérieure de l'œil (anomalie de Peters) | multi_organe | 0.42		NOUVEAU
1814	FAMILLE Dystroglycanopathies	FAM:0021	verdijk	ch04_syndromic_anomalies	retina	direct	retinal dysplasia	retinal dysplasia (Fig. 4.59g) [86], persistent hyperplastic primary vitreous (Fig. 4.59f) [87]	FOETO:PF.ORL-MAL-032 | Vitré hyperplasique primitif persistant (PHPV) | oeil_oreille | 0.56	FOETO:PF.ORL-MAL-026 | Pli rétinien falciforme congénital | oeil_oreille | 0.5	FOETO:PF.ORL-MAL-017 | Gliose rétinienne | oeil_oreille | 0.5	FOETO:PF.CER-MAL-083
1815	FAMILLE Dystroglycanopathies	FAM:0021	verdijk	ch04_syndromic_anomalies	vitreous	direct	persistent hyperplastic primary vitreous	persistent hyperplastic primary vitreous (Fig. 4.59f) [87], optic nerve atrophy, and coloboma.	FOETO:PF.ORL-MAL-032 | Vitré hyperplasique primitif persistant (PHPV) | oeil_oreille | 0.72	FOETO:PF.ORL-MAL-008 | Colobome du nerf optique | oeil_oreille | 0.7	FOETO:PF.MUL-MET-041 | Atrophie optique | multi_organe | 0.7	FOETO:PF.ORL-MAL-032
1816	FAMILLE Dystroglycanopathies	FAM:0021	verdijk	ch04_syndromic_anomalies	optic nerve	direct	optic nerve atrophy	optic nerve atrophy, and coloboma. Glaucoma or buphthalmos also may be present	FOETO:PF.MUL-MET-041 | Atrophie optique | multi_organe | 0.9	FOETO:PF.ORL-MAL-008 | Colobome du nerf optique | oeil_oreille | 0.7	FOETO:PF.ORL-MAL-019 | Hypoplasie du nerf optique | oeil_oreille | 0.6	FOETO:PF.MUL-MET-041
1817	FAMILLE Dystroglycanopathies	FAM:0021	verdijk	ch04_syndromic_anomalies	eye	direct	coloboma	optic nerve atrophy, and coloboma. Glaucoma or buphthalmos also may be present	FOETO:PF.ORL-MAL-008 | Colobome du nerf optique | oeil_oreille | 0.7	FOETO:PF.MUL-MET-041 | Atrophie optique | multi_organe | 0.7	FOETO:PF.ORL-MAL-009 | Colobome irien (défaut de fermeture de la fissure optique) | oeil_oreille | 0.5	FOETO:PF.ORL-MAL-010
1818	FAMILLE Dystroglycanopathies	FAM:0021	verdijk	ch04_syndromic_anomalies	eye	direct	glaucoma	coloboma. Glaucoma or buphthalmos also may be present [83, 87].	FOETO:PF.ORL-MAL-030 | Synéchies antérieures iridocornéennes | oeil_oreille | 0.5	FOETO:PF.ORL-MAL-013 | Dysgenèse du segment antérieur | oeil_oreille | 0.5	FOETO:PF.ORL-NOR-027 | Trabéculum avec travées et canal de Schlemm | oeil_oreille | 0.5	NON
1819	FAMILLE Dystroglycanopathies	FAM:0021	verdijk	ch04_syndromic_anomalies	eye	direct	buphthalmos	coloboma. Glaucoma or buphthalmos also may be present [83, 87].				NON
1870	FAMILLE Glycosylation (CDG)	FAM:0023	ashworth	ch10_metabolic_storage	myocardium	contexte	macrovesicular fatty change in the myocytes	Histologically there is marked macrovesicular fatty change in the myocytes				NOUVEAU
1707	FAMILLE Holoprosencéphalies	FAM:0011	devneuro	ch03_midline_malformations	cerebral cortex	direct	marked organizational disruption	others have reported marked organizational disruption [24]				FOETO:PF.CER-MAL-095
1709	FAMILLE Holoprosencéphalies	FAM:0011	devneuro	ch03_midline_malformations	white matter	direct	large periventricular and white matter heterotopia	large periventricular and white matter heterotopia (suggestive of defective radial migration) can be encountered, but are uncommon	FOETO:PF.CER-MAL-174 | Hétérotopie périventriculaire et de la substance blanche | cerveau | 1.0	FOETO:PF.CER-MET-058 | Hétérotopie périventriculaire | cerveau | 0.9	FOETO:PF.CER-CLA-008 | Amincissement de la substance blanche périventriculaire | cerveau | 0.68	FOETO:PF.CER-MAL-174
1710	FAMILLE Holoprosencéphalies	FAM:0011	devneuro	ch03_midline_malformations	brain	direct	extensive glioneuronal rests and crust formation	secondary injury or disruption resulting in extensive glioneuronal rests and “crust” formation (thereby mimicking primary migration defects) can also be seen	FOETO:PF.CER-MAL-250 | Résidus glioneuronaux et formation de croûte | cerveau | 1.0	FOETO:PF.MUL-MET-093 | Défaut de migration neuronale | multi_organe | 0.47		FOETO:PF.CER-MAL-250
1711	FAMILLE Holoprosencéphalies	FAM:0011	devneuro	ch03_midline_malformations	hippocampus	direct	incomplete or abnormal development	The hippocampus is virtually always present, although it may show incomplete or abnormal development	FOETO:PF.CER-NOR-030 | Hippocampe | cerveau | 0.6			FOETO:PF.CER-MAL-081
1712	FAMILLE Holoprosencéphalies	FAM:0011	devneuro	ch03_midline_malformations	basal ganglia	direct	disorganization of the basal ganglia and thalamus	Disorganization of the basal ganglia and thalamus typically varies directly with overall severity of HPE	FOETO:PF.CER-MAL-121 | Fusion des noyaux gris centraux | cerveau | 0.6	FOETO:PF.CER-MET-013 | Calcifications des noyaux gris centraux | cerveau | 0.6	FOETO:PF.CER-MAL-221 | Nucléi basal fusionnés (HPE) | cerveau | 0.6	NOUVEAU
1713	FAMILLE Holoprosencéphalies	FAM:0011	devneuro	ch03_midline_malformations	basal ganglia	direct	caudate heads may be fused	In less severe forms, all basal ganglia components are present, although the caudate heads may be fused	FOETO:PF.CER-MAL-221 | Nucléi basal fusionnés (HPE) | cerveau | 0.7	FOETO:PF.CER-MAL-220 | Noyaux gris centraux jointifs (fusion thalamique) | cerveau | 0.52	FOETO:PF.CER-MAL-121 | Fusion des noyaux gris centraux | cerveau | 0.47	FOETO:PF.CER-MAL-221
1663	FAMILLE Holoprosencéphalies	FAM:0011	keeling	ch26_endocrine	brain	direct	Absent or abnormal hypothalamus and neurohypophysis	Histological examination of the anencephalic shows an absent or abnormal hypothalamus and neurohypophysis [34].				NOUVEAU
1664	FAMILLE Holoprosencéphalies	FAM:0011	keeling	ch26_endocrine	pituitary gland	direct	Fewer corticotrophs which appear degenerate	However, electron microscopy and immunohistochemistry show fewer corticotrophs which appear degenerate.				NOUVEAU
1665	FAMILLE Holoprosencéphalies	FAM:0011	keeling	ch26_endocrine	ovary	direct	Undifferentiated spindle cell stroma, poor follicle formation	Undifferentiated spindle cell stroma, poor follicle formation. No oocytes found hypoglycemia.				NOUVEAU
1666	FAMILLE Holoprosencéphalies	FAM:0011	keeling	ch26_endocrine	adrenal gland	direct	Progressive reduction of the fetal zone of the adrenal cortex	This hypoplasia is due to a progressive reduction (Fig. 26.5) of the FZ of the adrenal cortex (Fig. 26.6)	FOETO:PF.END-MAL-018 | Hypoplasie de la zone fœtale surrénalienne | endocrine | 0.72	FOETO:PF.END-MAL-019 | Hypoplasie du cortex fœtal surrénalien | endocrine | 0.68	FOETO:PF.END-MAL-006 | Cytomégalie du cortex fœtal surrénalien | endocrine | 0.68	FOETO:PF.END-MAL-018
1667	FAMILLE Holoprosencéphalies	FAM:0011	keeling	ch28_brain_malformations	telencephalon	direct	smooth surface with no gyri or few large gyri	The telencephalon consists of a holosphere reminiscent of the primitive telencephalon with a smooth surface with no gyri or few large gyri	FOETO:PF.CER-MAL-136 | Holosphère télencéphalique | cerveau | 0.7			NON
1668	FAMILLE Holoprosencéphalies	FAM:0011	keeling	ch28_brain_malformations	brain	direct	absent medial fissure or falx cerebri	absent medial fissure or falx cerebri				NON
1669	FAMILLE Holoprosencéphalies	FAM:0011	keeling	ch28_brain_malformations	olfactory tracts and bulbs	direct	absent olfactory tracts and bulbs	Olfactory tracts and bulbs are always absent	FOETO:PF.MUL-MAL-005 | Arhinencéphalie (absence des bulbes olfactifs) | multi_organe | 0.6	FOETO:PF.CER-MAL-014 | Agénésie des bulbes olfactifs | cerveau | 0.6	FOETO:PF.CER-NOR-082 | Tractus olfactifs | cerveau | 0.6	FOETO:PF.CER-MAL-014
1670	FAMILLE Holoprosencéphalies	FAM:0011	keeling	ch28_brain_malformations	optic nerves and chiasm	direct	hypoplastic optic nerves and chiasm	optic nerves and chiasm are hypoplastic	FOETO:PF.ORL-MAL-019 | Hypoplasie du nerf optique | oeil_oreille | 0.6			FOETO:PF.ORL-MAL-019
1671	FAMILLE Holoprosencéphalies	FAM:0011	keeling	ch28_brain_malformations	holosphere	direct	single ventricle	the holosphere contains a single ventricle	FOETO:PF.COE-MAL-140 | Ventricule unique | coeur | 1.0	FOETO:PF.CER-MAL-278 | Ventricule unique médian | cerveau | 0.6		FOETO:PF.CER-MAL-278
1672	FAMILLE Holoprosencéphalies	FAM:0011	keeling	ch28_brain_malformations	medial gyri	direct	abnormally placed and crudely shaped hippocampi	the medial gyri show abnormally placed and crudely shaped hippocampi				NOUVEAU
1673	FAMILLE Holoprosencéphalies	FAM:0011	keeling	ch28_brain_malformations	brain	direct	posterior midline fissure and short falx cerebri	a posterior midline fissure and short falx cerebri are present				NON
1675	FAMILLE Holoprosencéphalies	FAM:0011	keeling	ch28_brain_malformations	temporal and occipital lobes	direct	rudimentary temporal and occipital lobes	rudimentary temporal and occipital lobes				NON
1676	FAMILLE Holoprosencéphalies	FAM:0011	keeling	ch28_brain_malformations	telencephalon	direct	lack of telencephalic flexure	and a lack of telencephalic flexure				NON
1677	FAMILLE Holoprosencéphalies	FAM:0011	keeling	ch28_brain_malformations	frontal lobe	direct	single anterior ventricle in the frontal lobe	On coronal sections, a single anterior ventricle is present in the frontal lobe	FOETO:PF.COE-MAL-140 | Ventricule unique | coeur | 0.9	FOETO:PF.CER-MAL-278 | Ventricule unique médian | cerveau | 0.6	FOETO:PF.CER-MAL-153 | Hypoplasie frontale | cerveau | 0.6	FOETO:PF.CER-MAL-278
1678	FAMILLE Holoprosencéphalies	FAM:0011	keeling	ch28_brain_malformations	ventricles	direct	separate posterior horns	but posterior horns are separate				NON
1679	FAMILLE Holoprosencéphalies	FAM:0011	keeling	ch28_brain_malformations	hemispheres	direct	midline fissure separates the two hemispheres	a midline fissure separates the two hemispheres				NON
1680	FAMILLE Holoprosencéphalies	FAM:0011	keeling	ch28_brain_malformations	cerebral lobes	direct	cerebral lobes are better formed	Cerebral lobes are better formed				NON
1681	FAMILLE Holoprosencéphalies	FAM:0011	keeling	ch28_brain_malformations	olfactory bulbs and tracts	direct	olfactory bulbs and tracts may be absent or present and hypoplastic	Olfactory bulbs and tracts may be absent or present and hypoplastic	FOETO:PF.MUL-MAL-005 | Arhinencéphalie (absence des bulbes olfactifs) | multi_organe | 0.6	FOETO:PF.CER-MAL-148 | Hypoplasie des voies cortico-spinales | cerveau | 0.6	FOETO:PF.CER-MAL-014 | Agénésie des bulbes olfactifs | cerveau | 0.6	FOETO:PF.CER-MAL-014
1682	FAMILLE Holoprosencéphalies	FAM:0011	keeling	ch28_brain_malformations	cingular cortex	direct	continuity of the cingular cortex across the midline	the most significant feature is the continuity of the cingular cortex across the midline				NON
1683	FAMILLE Holoprosencéphalies	FAM:0011	keeling	ch28_brain_malformations	white matter	direct	band of white matter underlying the cortex crosses the midline	A band of white matter underlying the cortex crosses the midline	FOETO:PF.CER-MAL-248 | Réduction de la substance blanche | cerveau | 0.6	FOETO:PF.CER-MET-014 | Cavitation de la substance blanche | cerveau | 0.6	FOETO:PF.CER-INF-021 | Gliose de la substance blanche | cerveau | 0.6	NON
1684	FAMILLE Holoprosencéphalies	FAM:0011	keeling	ch28_brain_malformations	neocortex	direct	abnormal neocortex with significant disorganization	The neocortex is abnormal and shows significant disorganization				FOETO:PF.CER-MAL-095
1685	FAMILLE Holoprosencéphalies	FAM:0011	keeling	ch28_brain_malformations	frontal lobes and parietal lobes	direct	abnormal midline non-cleavage of the posterior frontal lobes and parietal lobes	It is characterized by an abnormal midline non-cleavage of the posterior frontal lobes and parietal lobes				NON
1686	FAMILLE Holoprosencéphalies	FAM:0011	keeling	ch28_brain_malformations	sylvian fissure	direct	vertically oriented Sylvian fissure	The Sylvian fissure is vertically oriented	FOETO:PF.CER-MET-065 | Invagination corticale anormale de la scissure sylvienne | cerveau | 0.6			NON
1687	FAMILLE Holoprosencéphalies	FAM:0011	keeling	ch28_brain_malformations	frontal lobes	direct	hypoplastic frontal lobes	forming a semi-circular sulcus that separates hypoplastic frontal lobes	FOETO:PF.CER-MAL-153 | Hypoplasie frontale | cerveau | 0.6			NON
1688	FAMILLE Holoprosencéphalies	FAM:0011	keeling	ch28_brain_malformations	brain	direct	single telencephalic ventricle in the middle part of the brain	While the middle part of the brain shows a single telencephalic ventricle	FOETO:PF.CER-MAL-278 | Ventricule unique médian | cerveau | 0.6			FOETO:PF.CER-MAL-278
1689	FAMILLE Holoprosencéphalies	FAM:0011	keeling	ch28_brain_malformations	frontal and occipital lobes	direct	separate anterior frontal and occipital horns	anterior frontal lobes and occipital lobes have separate horns	FOETO:PF.CER-RET-042 | Perte neuronale des cornes antérieures | cerveau | 0.6	FOETO:PF.CER-CLA-118 | Lésion des cornes antérieures médullaires | cerveau | 0.6		NON
1690	FAMILLE Holoprosencéphalies	FAM:0011	keeling	ch28_brain_malformations	corpus callosum	direct	absent corpus callosum in the area of interhemispheric fusion	Corpus callosum is absent in the area of interhemispheric fusion	FOETO:PF.CER-MAL-030 | Anomalie du corps calleux | cerveau | 0.6	FOETO:PF.CER-MAL-150 | Hypoplasie du corps calleux | cerveau | 0.6	FOETO:PF.CER-NOR-011 | Corps calleux | cerveau | 0.6	FOETO:PF.CER-MAL-030
1691	FAMILLE Holoprosencéphalies	FAM:0011	keeling	ch28_brain_malformations	thalami	direct	partially fused thalami	Thalami may be partially fused				FOETO:PF.CER-MAL-220
1692	FAMILLE Holoprosencéphalies	FAM:0011	keeling	ch28_brain_malformations	corticospinal tracts	direct	hypoplastic or absent corticospinal tracts	except for hypoplastic or absent corticospinal tracts	FOETO:PF.CER-MAL-148 | Hypoplasie des voies cortico-spinales | cerveau | 0.9	FOETO:PF.CER-MAL-145 | Hypoplasie des faisceaux corticospinaux | cerveau | 0.9	FOETO:PF.CER-CLA-007 | Agénésie/hypoplasie des voies corticospinales | cerveau | 0.68	FOETO:PF.CER-MAL-148
1693	FAMILLE Holoprosencéphalies	FAM:0011	keeling	ch28_brain_malformations	midbrain	direct	fused colliculi	non-cleavage of the midbrain resulting in fused colliculi				NOUVEAU
1694	FAMILLE Holoprosencéphalies	FAM:0011	keeling	ch28_brain_malformations	aqueduct	direct	aqueductal anomalies	with aqueductal anomalies				NON
1695	FAMILLE Holoprosencéphalies	FAM:0011	keeling	ch28_brain_malformations	cerebellum	direct	cerebellar hypoplasia, vermian agenesis or dysplasia	cerebellar anomalies including cerebellar hypoplasia, vermian agenesis or dysplasia may be observed	FOETO:PF.CER-MAL-142 | Hypoplasie cérébelleuse | cerveau | 1.0	FOETO:PF.CER-MAL-019 | Agénésie/hypoplasie du vermis cérébelleux | cerveau | 0.68	FOETO:PF.CER-MAL-155 | Hypoplasie/dysplasie du tronc cérébral et du cervelet | cerveau | 0.68	FOETO:PF.CER-MAL-142
1718	FAMILLE Holoprosencéphalies	FAM:0011	perineuro	s5_genetic_syndromes	cerebellum	direct	massive heterotopias in the cerebellum	Histopathological examination shows massive heterotopias in the cerebellum: large nests of germinal cells	FOETO:PF.CER-INF-040 | Nodules de cellules de la zone germinale — périventriculaires | cerveau | 0.5	FOETO:PF.CER-VAS-002 | Nécrose du secteur CA1 de l'hippocampe | cerveau | 0.5	FOETO:PF.CER-NOR-034 | Lamination rudimentaire des nodules hétérotopiques | cerveau | 0.5	NOUVEAU
1719	FAMILLE Holoprosencéphalies	FAM:0011	perineuro	s5_genetic_syndromes	dentate nucleus	direct	dysplasia of the dentate nucleus	large nests of germinal cells in the dentate nucleus associated with dysplasia of the latter	FOETO:PF.CER-MAL-077 | Dysplasie du noyau dentelé | cerveau | 0.9	FOETO:PF.CER-MET-031 | Dysplasie du noyau dentelé du cervelet | cerveau | 0.68	FOETO:PF.MUL-MET-045 | Atteinte des noyaux dentelés du cervelet | multi_organe | 0.6	FOETO:PF.CER-MAL-077
1720	FAMILLE Holoprosencéphalies	FAM:0011	perineuro	s5_genetic_syndromes	subcortical white matter	direct	nests of heterotopic neurons in the subcortical white matter	nests of heterotopic neurons in the subcortical white matter, focal disorganization of the cerebellar cortex	FOETO:PF.CER-MET-059 | Hétérotopie sous-corticale | cerveau | 0.9	FOETO:PF.CER-MAL-212 | Neurones hétérotopiques dans la substance blanche | cerveau | 0.9	FOETO:PF.CER-MAL-163 | Hétérotopie de la substance blanche (neurones isolés) | cerveau | 0.72	FOETO:PF.CER-MAL-212
1721	FAMILLE Holoprosencéphalies	FAM:0011	perineuro	s5_genetic_syndromes	cerebellar cortex	direct	focal disorganization of the cerebellar cortex	nests of heterotopic neurons in the subcortical white matter, focal disorganization of the cerebellar cortex	FOETO:PF.CER-MAL-098 | Désorganisation du cortex cérébelleux | cerveau | 0.9	FOETO:PF.CER-MAL-099 | Désorganisation focale du cortex cérébelleux | cerveau | 0.9	FOETO:PF.CER-MET-059 | Hétérotopie sous-corticale | cerveau | 0.7	FOETO:PF.CER-MAL-099
1722	FAMILLE Holoprosencéphalies	FAM:0011	perineuro	s5_genetic_syndromes	cochlear nucleus	direct	massive nests of germinal cells in the cochlear nucleus	Massive nests of germinal cells were also found in the cochlear nucleus [5, 11].				NOUVEAU
1723	FAMILLE Holoprosencéphalies	FAM:0011	perineuro	s5_genetic_syndromes	retina	direct	retinal dysplasia	Eye pathology includes poorly developed optic nerves, misshaped lens, retinal dysplasia, and partial detachment	FOETO:PF.ORL-MAL-014 | Décollement de rétine | oeil_oreille | 0.7	FOETO:PF.ORL-MAL-026 | Pli rétinien falciforme congénital | oeil_oreille | 0.5	FOETO:PF.ORL-MAL-017 | Gliose rétinienne | oeil_oreille | 0.5	FOETO:PF.CER-MAL-083
1724	FAMILLE Holoprosencéphalies	FAM:0011	perineuro	s5_genetic_syndromes	retina	direct	retinal rosettes	retinal dysplasia, and partial detachment, retinal rosettes, poorly defined canal of Schlemm	FOETO:PF.ORL-MAL-014 | Décollement de rétine | oeil_oreille | 0.7			NOUVEAU
1702	FAMILLE Holoprosencéphalies	FAM:0011	soffoet	ch23_syndromes	cerveau	direct	une seule cavité ventriculaire avec fusion des noyaux gris centraux	une seule cavité ventriculaire avec fusion des noyaux gris centraux	FOETO:PF.CER-MAL-121 | Fusion des noyaux gris centraux | cerveau | 1.0	FOETO:PF.MUL-MET-194 | Lésions des noyaux gris centraux | multi_organe | 0.68	FOETO:PF.MUL-MET-112 | Dépôt de fer dans les noyaux gris centraux | multi_organe | 0.68	FOETO:PF.CER-MAL-121
1703	FAMILLE Holoprosencéphalies	FAM:0011	verdijk	ch04_syndromic_anomalies	brain	direct	Periventricular nodular heterotopia	Brain slice showing the “fused” frontal lobes and periventricular nodular heterotopia.	FOETO:PF.CER-MAL-171 | Hétérotopie nodulaire périventriculaire | cerveau | 1.0	FOETO:PF.CER-MET-058 | Hétérotopie périventriculaire | cerveau | 0.9	FOETO:PF.CER-MAL-167 | Hétérotopie neuronale nodulaire périventriculaire | cerveau | 0.68	FOETO:PF.CER-MAL-171
1704	FAMILLE Holoprosencéphalies	FAM:0011	verdijk	ch04_syndromic_anomalies	brain	direct	Periventricular nodular heterotopia	Periventricular nodular heterotopia (H&E stain, 25×).	FOETO:PF.CER-MAL-171 | Hétérotopie nodulaire périventriculaire | cerveau | 1.0	FOETO:PF.CER-MET-058 | Hétérotopie périventriculaire | cerveau | 0.9	FOETO:PF.CER-MAL-167 | Hétérotopie neuronale nodulaire périventriculaire | cerveau | 0.68	FOETO:PF.CER-MAL-171
1705	FAMILLE Holoprosencéphalies	FAM:0011	verdijk	ch04_syndromic_anomalies	eye	direct	Cataract showing Wedl cells/bladder cells	Cataract showing Wedl cells/bladder cells (H&E stain, 200×)	FOETO:PF.MUL-MET-004 | Accumulation de galactitol dans le cristallin | multi_organe | 0.5	FOETO:PF.ORL-MAL-005 | Cataracte congénitale | oeil_oreille | 0.5		FOETO:PF.ORL-MAL-005
1613	FAMILLE Hydrops fetalis non immun	FAM:0006	benirschke	ch23_erythroblastosis_hydrops	placenta	direct	placental pallor	The striking features of the placenta in erythroblastosis fetalis are its pallor, uniform enlargement, presence of bone marrow elements in the fetal circulation, and villous “immaturity”	FOETO:PP.PLA-VAS-031 | Pâleur villositaire diffuse | placenta | 0.7	FOETO:PF.MUL-RET-034 | Érythroblastose fœtale | multi_organe | 0.7	FOETO:PF.MUL-RET-032 | Érythroblastes dans les capillaires villositaires placentaires | multi_organe | 0.52	FOETO:PP.PLA-VAS-031
1614	FAMILLE Hydrops fetalis non immun	FAM:0006	benirschke	ch23_erythroblastosis_hydrops	placenta	direct	uniform enlargement	The striking features of the placenta in erythroblastosis fetalis are its pallor, uniform enlargement, presence of bone marrow elements in the fetal circulation, and villous “immaturity”	FOETO:PP.PLA-VAS-031 | Pâleur villositaire diffuse | placenta | 0.7	FOETO:PF.MUL-RET-034 | Érythroblastose fœtale | multi_organe | 0.7	FOETO:PF.MUL-RET-032 | Érythroblastes dans les capillaires villositaires placentaires | multi_organe | 0.52	FOETO:PP.PLA-MET-021
1615	FAMILLE Hydrops fetalis non immun	FAM:0006	benirschke	ch23_erythroblastosis_hydrops	placenta	direct	presence of bone marrow elements in the fetal circulation	The striking features of the placenta in erythroblastosis fetalis are its pallor, uniform enlargement, presence of bone marrow elements in the fetal circulation, and villous “immaturity”	FOETO:PP.PLA-VAS-031 | Pâleur villositaire diffuse | placenta | 0.7	FOETO:PF.MUL-RET-034 | Érythroblastose fœtale | multi_organe | 0.7	FOETO:PP.SAN-NOR-000 | Sang circulant normal | placenta | 0.6	FOETO:PF.MUL-RET-034
1616	FAMILLE Hydrops fetalis non immun	FAM:0006	benirschke	ch23_erythroblastosis_hydrops	placenta	direct	villous immaturity	The striking features of the placenta in erythroblastosis fetalis are its pallor, uniform enlargement, presence of bone marrow elements in the fetal circulation, and villous “immaturity”	FOETO:PP.PLA-VAS-031 | Pâleur villositaire diffuse | placenta | 0.7	FOETO:PF.MUL-RET-034 | Érythroblastose fœtale | multi_organe | 0.7	FOETO:PP.PLA-NOR-087 | Immaturité villositaire distale | placenta | 0.6	FOETO:PP.PLA-NOR-087
1617	FAMILLE Hydrops fetalis non immun	FAM:0006	benirschke	ch23_erythroblastosis_hydrops	placenta	contexte	increased villus count	creased villus count. They also emphasized the occurrence of fetal capillary proliferative lesions.	FOETO:PP.PLA-NOR-028 | Capillaires fœtaux villeux | placenta | 0.47	FOETO:PF.MUL-MET-242 | Prolifération capillaire cérébrale | multi_organe | 0.47		NON
1618	FAMILLE Hydrops fetalis non immun	FAM:0006	benirschke	ch23_erythroblastosis_hydrops	placenta	contexte	fetal capillary proliferative lesions	creased villus count. They also emphasized the occurrence of fetal capillary proliferative lesions.	FOETO:PP.PLA-NOR-028 | Capillaires fœtaux villeux | placenta | 0.6	FOETO:PF.MUL-MET-242 | Prolifération capillaire cérébrale | multi_organe | 0.6		NOUVEAU
1619	FAMILLE Hydrops fetalis non immun	FAM:0006	benirschke	ch23_erythroblastosis_hydrops	placenta	contexte	increase in villous volume	James [138] described an increase in villous volume, as well as total villous surface area in severe cases, not detectable in cases where intrauterine transfusion had raised the fetal cord hemoglobin over 9 g/dL.	FOETO:PP.PLA-NOR-018 | Augmentation de la surface villositaire totale | placenta | 0.6	FOETO:PP.PLA-NOR-028 | Capillaires fœtaux villeux | placenta | 0.47		NON
1620	FAMILLE Hydrops fetalis non immun	FAM:0006	benirschke	ch23_erythroblastosis_hydrops	placenta	contexte	increase in total villous surface area	James [138] described an increase in villous volume, as well as total villous surface area in severe cases, not detectable in cases where intrauterine transfusion had raised the fetal cord hemoglobin over 9 g/dL.	FOETO:PP.PLA-NOR-018 | Augmentation de la surface villositaire totale | placenta | 0.6	FOETO:PP.PLA-NOR-028 | Capillaires fœtaux villeux | placenta | 0.47		NON
1621	FAMILLE Hydrops fetalis non immun	FAM:0006	benirschke	ch23_erythroblastosis_hydrops	placenta	direct	maturational changes of villi	They found that these related to the severity of the hemolytic disease, i.e., the degree of anemia, and emphasized the occurrence of “maturational changes of villi.”				NON
1622	FAMILLE Hydrops fetalis non immun	FAM:0006	benirschke	ch23_erythroblastosis_hydrops	placenta	contexte	enlarged, hypovascular villi with immature hematopoietic elements	Kamat et al. [145] confirmed also that hydropic placentas are composed of enlarged, hypovascular villi with immature hematopoietic elements.	FOETO:PP.PLA-NOR-199 | Villosités intermédiaires immatures | placenta | 0.6	FOETO:PP.PLA-NOR-209 | Villosités élargies à aspect en patte | placenta | 0.6	FOETO:PP.PAR-TUM-001 | Placentomégalie avec villosités hydriques | parenchyme | 0.47	NOUVEAU
1623	FAMILLE Hydrops fetalis non immun	FAM:0006	benirschke	ch23_erythroblastosis_hydrops	placenta	direct	intervillous thrombi	Busch and Vogel [41] reported about one third of their cases of HDFN had intervillous thrombi.				NOUVEAU
1624	FAMILLE Hydrops fetalis non immun	FAM:0006	benirschke	ch24_fetal_storage	tissues	direct	inclusions or vacuoles in the tissues	Many of the so-called inborn errors of metabolism, the storage diseases, produce inclusions or vacuoles in the tissues of affected individuals.				NON
1625	FAMILLE Hydrops fetalis non immun	FAM:0006	benirschke	ch24_fetal_storage	placenta	direct	placenta is often similarly involved	The placenta is often similarly involved, and chorionic villus biopsy (CVS) is now more often employed to make the diagnosis prenatally				NON
1626	FAMILLE Hydrops fetalis non immun	FAM:0006	benirschke	ch24_fetal_storage	placenta	direct	lysosomal inclusions	as many of the lysosomal inclusions are highly water and lipid-solvent soluble.				NOUVEAU
1627	FAMILLE Hydrops fetalis non immun	FAM:0006	benirschke	ch24_fetal_storage	placenta	direct	placenta may be enlarged and hydropic	The placenta may also be enlarged and hydropic. Thus, when hydrops fetalis or hydropic placenta is diagnosed and possi-	FOETO:PP.PLA-MET-021 | Placentomégalie avec aspect pâle | placenta | 0.6			FOETO:PP.PLA-MET-021
1628	FAMILLE Hydrops fetalis non immun	FAM:0006	benirschke	ch24_fetal_storage	placenta	direct	vacuolations or inclusions	though the placenta may be hydropic in many of these inborn errors, vacuolations or inclusions are not always apparent, and further testing may not be considered leading to missed diagnoses.	FOETO:PP.PLA-INF-016 | Inclusions cytomégalovirus placentaires (cellules en œil de hibou) | placenta | 0.7			NON
1629	FAMILLE Hydrops fetalis non immun	FAM:0006	benirschke	ch25_infectious_diseases	fetal organs	direct	lightly staining, eosinophilic intranuclear inclusion bodies in circulating normoblasts and in their precursors in fetal organs	presence of lightly staining, eosinophilic intranuclear inclusion bodies in circulating normoblasts and in their precursors in fetal organs	FOETO:PF.MUL-INF-010 | Inclusions intranucléaires en œil de hibou | multi_organe | 0.9	FOETO:PF.CER-CLA-088 | Inclusions intranucléaires à CMV (inclusions en œil de chouette) | cerveau | 0.9	FOETO:PP.SAN-NOR-000 | Sang circulant normal | placenta | 0.6	NOUVEAU
1630	FAMILLE Hydrops fetalis non immun	FAM:0006	benirschke	ch25_infectious_diseases	placenta	direct	villous necrosis and calcification	placenta that showed villous necrosis and calcification	FOETO:PP.PAR-MET-004 | Calcifications | parenchyme | 0.7	FOETO:PP.PLA-NOR-025 | Calcifications placentaires | placenta | 0.6	FOETO:PP.PAR-RET-001 | Autolyse villositaire placentaire | parenchyme | 0.47	FOETO:PP.PLA-NOR-025
1631	FAMILLE Hydrops fetalis non immun	FAM:0006	benirschke	ch25_infectious_diseases	placenta	direct	smudged amphophilic, intranuclear inclusion bodies in normoblast nuclei	Many normoblast nuclei have smudged amphophilic, intranuclear inclusion bodies	FOETO:PF.MUL-INF-010 | Inclusions intranucléaires en œil de hibou | multi_organe | 0.9			NOUVEAU
1632	FAMILLE Hydrops fetalis non immun	FAM:0006	benirschke	ch25_infectious_diseases	placenta	direct	fetal capillaries filled with normoblasts	the fetal capillaries filled with normoblasts	FOETO:PP.PLA-NOR-028 | Capillaires fœtaux villeux | placenta | 0.6			FOETO:PP.PLA-NOR-218
1633	FAMILLE Hydrops fetalis non immun	FAM:0006	benirschke	ch25_infectious_diseases	placenta	direct	villous edema	The villi were edematous	FOETO:PP.PAR-RET-007 | Œdème villositaire | parenchyme | 1.0			FOETO:PP.PAR-RET-007
1634	FAMILLE Hydrops fetalis non immun	FAM:0006	benirschke	ch25_infectious_diseases	liver	direct	intense hepatic iron deposits	intense hepatic iron deposits in these hydropic infants	FOETO:PF.MUL-MET-276 | Surcharge hépatique en fer | multi_organe | 0.6			FOETO:PF.MUL-MET-276
1635	FAMILLE Hydrops fetalis non immun	FAM:0006	benirschke	ch25_infectious_diseases	heart	direct	myocarditis	infected fetus with myocarditis and ocular anomalies	FOETO:PF.COE-INF-002 | Inclusions intranucléaires dans les précurseurs érythroïdes myocardiques | coeur | 0.5	FOETO:PF.COE-NOR-008 | Cellules d'Anitschkow (noyaux en raquette/hibou) | coeur | 0.5	FOETO:PF.COE-CLA-001 | Dépôt de fibrine et infiltrat neutrophilique au site de perforation myocardique | coeur | 0.5	NOUVEAU
1598	FAMILLE Hydrops fetalis non immun	FAM:0006	keeling	ch04_placenta	placenta	direct	hydropic placenta	With non-immune hydrops, the placenta is usually hydropic and, histologically, resembles that seen in immune hydrops				NOUVEAU
1599	FAMILLE Hydrops fetalis non immun	FAM:0006	keeling	ch04_placenta	placenta	contexte	villous immaturity	There is usually villous immaturity and the stroma may be edematous.	FOETO:PP.PLA-NOR-171 | Stroma villeux | placenta | 0.6	FOETO:PP.PLA-NOR-087 | Immaturité villositaire distale | placenta | 0.6	FOETO:PP.PLA-INF-035 | Stroma villositaire œdémateux avec augmentation des cellules de Hofbauer | placenta | 0.52	FOETO:PP.PLA-NOR-087
1600	FAMILLE Hydrops fetalis non immun	FAM:0006	keeling	ch04_placenta	placenta	contexte	edematous stroma	There is usually villous immaturity and the stroma may be edematous.	FOETO:PP.PLA-NOR-171 | Stroma villeux | placenta | 0.6	FOETO:PP.PLA-INF-035 | Stroma villositaire œdémateux avec augmentation des cellules de Hofbauer | placenta | 0.52	FOETO:PP.PLA-NOR-170 | Stroma réticulaire villositaire | placenta | 0.47	FOETO:PP.PLA-INF-035
1601	FAMILLE Hydrops fetalis non immun	FAM:0006	keeling	ch04_placenta	placenta	contexte	aggregated nucleated red blood cells in fetal vessels	Nucleated red blood cells are aggregated in the fetal vessels cursorily resembling extramedullary hematopoiesis.	FOETO:PP.PLA-NOR-086 | Hématies nucléées dans les vaisseaux villositaires | placenta | 0.6	FOETO:PP.PLA-NOR-218 | Érythroblastes dans les vaisseaux fœtaux villositaires | placenta | 0.6	FOETO:PP.SAN-NOR-000 | Sang circulant normal | placenta | 0.6	FOETO:PP.PLA-NOR-218
1607	FAMILLE Hydrops fetalis non immun	FAM:0006	keeling	ch26_endocrine	adrenal	direct	clear, vacuolated FZ cells containing much stainable lipid	the FZ cells are clear, vacuolated (Fig. 26.11) and contain much stainable lipid on frozen section				NOUVEAU
1608	FAMILLE Hydrops fetalis non immun	FAM:0006	keeling	ch26_endocrine	adrenal	direct	microscopic foci of calcification	Sometimes, these adrenals show microscopic foci of calcification	FOETO:PF.END-MAL-003 | Calcifications surrénaliennes | endocrine | 0.7	FOETO:PF.MUL-MET-046 | Calcification des glandes surrénales | multi_organe | 0.47		FOETO:PF.END-MAL-003
1791	FAMILLE Ichtyoses congénitales	FAM:0018	keeling	ch33_skin	palms and soles	direct	hyperkeratosis and acanthosis of the palms and soles	hyperkeratosis and acanthosis of the palms and soles [86]	FOETO:PF.PEA-MAL-060 | Parakératose compacte | peau | 0.5	FOETO:PF.PEA-MAL-038 | Hyperkératose épidermique avec parakératose focale et acanthose | peau | 0.5	FOETO:PF.PEA-MAL-041 | Hyperplasie épidermique monstrueuse (fœtus arlequin) | peau | 0.5	NOUVEAU
1792	FAMILLE Ichtyoses congénitales	FAM:0018	keeling	ch33_skin	hair follicles	direct	marked reduction in the numbers of hair follicles	There is a marked reduction in the numbers of hair follicles with abnormalities of existing hair bulbs				FOETO:PF.PEA-MAL-061
1793	FAMILLE Ichtyoses congénitales	FAM:0018	keeling	ch33_skin	hair bulbs	direct	abnormalities of existing hair bulbs	There is a marked reduction in the numbers of hair follicles with abnormalities of existing hair bulbs				NON
1794	FAMILLE Ichtyoses congénitales	FAM:0018	soffoet	ch12_peau	epidermis	direct	Grains de kératohyaline d'aspect spongiforme	la différenciation épidermique terminale n’apparaît pas terminée avec des grains de kératohyaline d’aspect spongiforme				NOUVEAU
1795	FAMILLE Ichtyoses congénitales	FAM:0018	soffoet	ch12_peau	epidermis	direct	Kératinosomes ne déchargeant pas leur contenu	des kératinosomes présentant rarement leur striation périodique caractéristique et ne déchargeant pas leur contenu à l’interface couche granuleuse/couche cornée	FOETO:PF.PEA-MAL-001 | Absence de couche granuleuse | peau | 0.7			FOETO:PF.PEA-MAL-014
1796	FAMILLE Ichtyoses congénitales	FAM:0018	soffoet	ch12_peau	epidermis	direct	Agrégats de tonofilaments et grains de kératohyaline anormalement petits et arrondis	La ME quand elle est pratiquée, montre les agrégats de tonofilaments et des grains de kératohyaline anormalement petits et arrondis				FOETO:PF.PEA-MAL-009
1788	FAMILLE Laminopathies	FAM:0017	perineuro	s7_neuromuscular	muscle	direct	severely dystrophic muscle	Muscle biopsies from these patients are severely dystrophic and often mimic inflammatory myopathy				NON
1789	FAMILLE Laminopathies	FAM:0017	perineuro	s7_neuromuscular	muscle	direct	inflammatory myopathy mimic	Muscle biopsies from these patients are severely dystrophic and often mimic inflammatory myopathy	FOETO:PF.MUS-RET-030 | Inclusions polyglucosaniques sarcoplasmiques (PAS+ diastase-résistantes) | muscle | 0.5	FOETO:PF.MUL-MET-096 | Déficit d'un complexe de la chaîne respiratoire mitochondriale dans le muscle | multi_organe | 0.5	FOETO:PF.MUS-RET-017 | Déficit en α-dystroglycane en immunohistochimie | muscle | 0.5	NON
1790	FAMILLE Laminopathies	FAM:0017	perineuro	s7_neuromuscular	muscle	direct	prominent lymphocytic infiltrates	Prominent lymphocytic infiltrates are unusual except in laminopathies				NOUVEAU
1561	FAMILLE Mucopolysaccharidoses	FAM:0002	ashworth	ch10_metabolic_storage	valve leaflets	direct	large numbers of clear cells	Histologically the valve leaﬂets show large numbers of clear cells				NOUVEAU
1562	FAMILLE Mucopolysaccharidoses	FAM:0002	ashworth	ch10_metabolic_storage	aortic and mitral valves	direct	Alcian blue-positive cells	Histology shows Alcian blue-positive cells in the connective tissue of the aortic and mitral valves				NOUVEAU
1563	FAMILLE Mucopolysaccharidoses	FAM:0002	ashworth	ch10_metabolic_storage	cells	direct	laminated inclusions within the cells	Electron microscopy shows laminated inclusions within the cells	FOETO:PF.MUL-MET-169 | Inclusions des cellules de Paneth à l'ultrastructure | multi_organe | 0.52			NOUVEAU
1564	FAMILLE Mucopolysaccharidoses	FAM:0002	ashworth	ch10_metabolic_storage	valve fibrosa	direct	positive macrophages in the valve ﬁbrosa	Alcian blue staining shows positive macrophages in the valve ﬁbrosa				NON
1565	FAMILLE Mucopolysaccharidoses	FAM:0002	ashworth	ch10_metabolic_storage	coronary arteries	direct	intimal proliferation containing glycosaminoglycans	There is intimal proliferation containing glycosaminoglycans				NOUVEAU
1566	FAMILLE Mucopolysaccharidoses	FAM:0002	ashworth	ch10_metabolic_storage	coronary arteries	direct	fibrous tissue that contains vacuolated cells consistent with mucopolysaccharidosis	The thickening is caused by ﬁbrous tissue that contains vacuolated cells consistent with mucopolysaccharidosis				NOUVEAU
1572	FAMILLE Mucopolysaccharidoses	FAM:0002	devneuro	ch28_carbohydrate_metabolism	nervous tissue	direct	Lysosomes are vacuolated rather than compact	Lysosomes are vacuolated rather than compact, as seen in sphingolipidoses or neuronal ceroid lipofuscinoses.	FOETO:PF.CER-MET-110 | Vacuolisation lysosomale neuronale | cerveau | 0.47			NON
1573	FAMILLE Mucopolysaccharidoses	FAM:0002	devneuro	ch28_carbohydrate_metabolism	nervous tissue	direct	Lysosomal vacuolar contents, glycosaminoglycans	Lysosomal vacuolar contents, glycosaminoglycans, may be similar, but not biochemically identical.				NON
1574	FAMILLE Mucopolysaccharidoses	FAM:0002	devneuro	ch28_carbohydrate_metabolism	nervous system	direct	Lysosomal storage is near-ubiquitous	Lysosomal storage, albeit not complete as regards every organ or cell type, is near-ubiquitous (i.e., not confined to the nervous system).	FOETO:PF.MUL-MET-278 | Surcharge lysosomale dans les cellules de Kupffer | multi_organe | 0.6	FOETO:PF.MUL-MET-281 | Surcharge lysosomale des chondrocytes | multi_organe | 0.6	FOETO:PF.MUL-MET-161 | Hépatosplénomégalie par surcharge lysosomale | multi_organe | 0.6	NON
1575	FAMILLE Mucopolysaccharidoses	FAM:0002	devneuro	ch28_carbohydrate_metabolism	hypoglossus nucleus	direct	Lysosomally enlarged neurons	Lysosomally enlarged neurons in the hypoglossus nucleus, MPSI, PAS-hematoxylin.	FOETO:PF.MUL-MET-307 | Vacuolisation lysosomale des neurones | multi_organe | 0.6			FOETO:PF.MUL-MET-307
1576	FAMILLE Mucopolysaccharidoses	FAM:0002	devneuro	ch29_sphingolipidoses	brain	direct	Storage material in swollen perikarya	In the brain, virtually all neurons display storage material in swollen perikarya				FOETO:PF.MUL-MET-307
1577	FAMILLE Mucopolysaccharidoses	FAM:0002	devneuro	ch29_sphingolipidoses	brain	direct	Perikarya finely vacuolated on paraffin-embedded sections	The perikarya are finely vacuolated on paraffin-embedded sections	FOETO:PF.CER-MET-107 | Vacuolisation des neurones (HE, paraffine) | cerveau | 0.68			FOETO:PF.CER-MET-107
1578	FAMILLE Mucopolysaccharidoses	FAM:0002	devneuro	ch29_sphingolipidoses	brain	direct	Perikarya strongly PAS-positive on frozen sections	but are strongly PAS-positive on frozen sections				NOUVEAU
1579	FAMILLE Mucopolysaccharidoses	FAM:0002	devneuro	ch29_sphingolipidoses	brain	direct	Axons expanded and forming meganeurites	Axons may be expanded and form “meganeurites” similarly to GM2 gangliosidosis	FOETO:PF.CER-MET-076 | Méganeurite | cerveau | 1.0	FOETO:PF.CER-RET-033 | Méganurites (dilatation des prolongements neuronaux) | cerveau | 1.0		FOETO:PF.CER-MET-076
1580	FAMILLE Mucopolysaccharidoses	FAM:0002	devneuro	ch29_sphingolipidoses	brain	direct	Storage material detected in glial cells	The storage material is also detected in glial cells				NOUVEAU
1581	FAMILLE Mucopolysaccharidoses	FAM:0002	devneuro	ch29_sphingolipidoses	brain	direct	Increased lipofuscin pigment in cases with prolonged survival	In cases with prolonged survival, increased lipofuscin pigment may be present				NOUVEAU
1582	FAMILLE Mucopolysaccharidoses	FAM:0002	devneuro	ch29_sphingolipidoses	brain	direct	Brain cytoarchitecture distorted due to extensive loss of neurons and gliosis	The brain cytoarchitecture is usually distorted at the terminal stage due to extensive loss of neurons and gliosis				NOUVEAU
1583	FAMILLE Mucopolysaccharidoses	FAM:0002	devneuro	ch29_sphingolipidoses	brain	direct	Hypomyelination with myelin degeneration	Hypomyelination with myelin degeneration may be present in regions which myelinate last	FOETO:PF.CER-MET-055 | Hypomyélinisation | cerveau | 1.0	FOETO:PF.CER-RET-027 | Hypomyélinisation (défaut de formation de la myéline) | cerveau | 1.0	FOETO:PF.CER-MET-029 | Dysmyélinisation | cerveau | 0.5	FOETO:PF.CER-MET-055
1584	FAMILLE Mucopolysaccharidoses	FAM:0002	devneuro	ch29_sphingolipidoses	brain	direct	Strong acid phosphatase activity in perikarya of storage neurons and glial cells	Strong acid phosphatase activity is demonstrated in the perikarya of storage neurons and glial cells				NON
1585	FAMILLE Mucopolysaccharidoses	FAM:0002	devneuro	ch29_sphingolipidoses	brain	direct	Storage material consisting of packed concentrically arranged lamellar structures	On ultrastructure, the storage material consists of packed concentrically arranged lamellar structures				NOUVEAU
1586	FAMILLE Mucopolysaccharidoses	FAM:0002	devneuro	ch29_sphingolipidoses	brain	direct	Abnormal bodies seen in axons and dendrites	These abnormal bodies are also seen in axons and dendrites				NOUVEAU
1587	FAMILLE Mucopolysaccharidoses	FAM:0002	devneuro	ch29_sphingolipidoses	brain	direct	Small glial cells containing inclusions of vesicular myelin figures and lamellar structures	Small glial cells, possibly oligodendroglia, contain different types of inclusions consisting of many small vesicular myelin figures and packed, straight or curved lamellar structures	FOETO:PF.CER-MET-063 | Inclusions lamellaires myéliniques lysosomales (hépatocytes/Schwann) | cerveau | 0.68			FOETO:PF.CER-MET-063
1588	FAMILLE Mucopolysaccharidoses	FAM:0002	devneuro	ch29_sphingolipidoses	brain	direct	Astrocytic inclusions more pleomorphic	Astrocytic inclusions are more pleomorphic	FOETO:PF.CER-MET-004 | Astrocytes ballonnés à inclusions | cerveau | 0.6	FOETO:PF.CER-MAL-176 | Inclusions intranucléaires astrocytaires | cerveau | 0.6		FOETO:PF.CER-MET-004
1589	FAMILLE Mucopolysaccharidoses	FAM:0002	devneuro	ch29_sphingolipidoses	brain	direct	Degeneration of myelin sheaths in white matter	In the white matter, degeneration of myelin sheaths is noted, with or without axonal degeneration	FOETO:PF.CER-MET-032 | Dégénérescence axonale | cerveau | 0.8	FOETO:PF.CER-MET-033 | Dégénérescence axonale dans la substance blanche | cerveau | 0.7	FOETO:PF.CER-MET-096 | Pâleur myélinique de la substance blanche | cerveau | 0.68	NOUVEAU
1590	FAMILLE Mucopolysaccharidoses	FAM:0002	devneuro	ch29_sphingolipidoses	retina	direct	Retinal ganglion cells containing membranous cytoplasmic bodies	Retinal ganglion cells contain membranous cytoplasmic bodies				NOUVEAU
1591	FAMILLE Mucopolysaccharidoses	FAM:0002	devneuro	ch29_sphingolipidoses	cornea	direct	Vacuolation conspicuous in corneal epithelial cells	while vacuolation is conspicuous in corneal epithelial cells	FOETO:PF.MUL-MET-293 | Ulcération épithéliale cornéenne | multi_organe | 0.6			NOUVEAU
1592	FAMILLE Mucopolysaccharidoses	FAM:0002	devneuro	ch29_sphingolipidoses	brain	direct	Neuronal storage most pronounced in head of caudate nucleus and anterior putamen	In the adult type, neuronal storage is most pronounced in the head of the caudate nucleus and anterior putamen				NOUVEAU
1593	FAMILLE Mucopolysaccharidoses	FAM:0002	devneuro	ch29_sphingolipidoses	cerebellum	direct	Dendrites of cerebellar Purkinje cells expanded with storage material	The dendrites of cerebellar Purkinje cells are expanded with storage material	FOETO:PF.CER-NOR-006 | Cellules de Purkinje | cerveau | 0.6	FOETO:PF.CER-RET-039 | Perte de cellules de Purkinje cérébelleux | cerveau | 0.6		NOUVEAU
1594	FAMILLE Mucopolysaccharidoses	FAM:0002	devneuro	ch29_sphingolipidoses	brain	direct	Severe loss of neurons and gliosis in posterior portion of putamen	Loss of neurons and gliosis is severe in the posterior portion of the putamen				NOUVEAU
1595	FAMILLE Mucopolysaccharidoses	FAM:0002	devneuro	ch29_sphingolipidoses	brain	direct	Pleomorphic electron dense inclusions at ultrastructural level	At the ultrastructural level, in addition to membranous cytoplasmic bodies, pleomorphic electron dense inclusions are found	FOETO:PF.MUL-MET-169 | Inclusions des cellules de Paneth à l'ultrastructure | multi_organe | 0.6	FOETO:PF.CER-MET-022 | Corps cytoplasmiques membraneux pâles | cerveau | 0.52	FOETO:PF.MUL-MET-075 | Corps zébrés (zebra bodies) en microscopie électronique | multi_organe | 0.42	NON
1538	FAMILLE Spranger 11 — shortrib polydactyly dysplasias	SPRFAM:11	spranger	ch11_shortrib_polydactyly_dysplasias	kidney	direct	nephronophthisis with glomerular sclerosis, interstitial fibrosis, and tubular dilatation	Renal histology shows signs of nephronophthisis with glomerular sclerosis, interstitial fibrosis, and tubular dilatation.	FOETO:PF.MUL-MAL-010 | Dilatation des tubes rénaux | multi_organe | 0.7	FOETO:PF.MUL-MET-185 | Kystes rénaux corticaux | multi_organe | 0.5	FOETO:PF.REN-DYS-001 | Dysgenèse tubulaire rénale | rein | 0.47	NOUVEAU
1539	FAMILLE Spranger 11 — shortrib polydactyly dysplasias	SPRFAM:11	spranger	ch11_shortrib_polydactyly_dysplasias	liver	direct	hepatic fibrosis	Hepatic fibrosis has been described.	FOETO:PF.MUL-MET-132 | Fibrose hépatique | multi_organe | 1.0	FOETO:PF.FOI-MAL-018 | Fibrose hépatique congénitale | foie | 0.6	FOETO:PF.MUL-MET-171 | Inclusions intracellulaires d'alpha-1-antitrypsine dans les hépatocytes | multi_organe | 0.5	FOETO:PF.MUL-MET-132
1547	FAMILLE Spranger 20 — polytopic dysostoses	SPRFAM:20	spranger	ch20_polytopic_dysostoses	kidney	direct	diffuse hyaline thickening of the glomerular basement membrane with many collagen fibrils	Histologically, the most conspicuous finding is a diffuse hyaline thickening of the glomerular basement membrane with many collagen fibrils.	FOETO:PP.PAR-NOR-003 | Autre (histo) | parenchyme | 0.47			NOUVEAU
1548	FAMILLE Spranger 20 — polytopic dysostoses	SPRFAM:20	spranger	ch20_polytopic_dysostoses	skin	direct	porokeratosis	Skin eruptions are histologically diagnosed as porokeratosis.				NOUVEAU
1536	FAMILLE Spranger 8 — diastrophic dysplasia and related conditions and dysplasias 	SPRFAM:8	spranger	ch08_diastrophic_dysplasia_and_related_conditions_and_dysplasias_	chondroosseous junction	direct	distinctive degenerating chondrocytes with perichondrocytic collagen	distinctive degenerating chondrocytes with perichondrocytic collagen in diastrophic dysplasia				NOUVEAU
1537	FAMILLE Spranger 9 — filaminassociated dysplasias dysostoses and related disorder	SPRFAM:9	spranger	ch09_filaminassociated_dysplasias_dysostoses_and_related_disorder	growth plate	direct	hypocellular areas containing multinuclear giant cells	Histological examination of the growth plate may reveal hypocellular areas containing multinuclear giant cells	FOETO:PF.MUL-MET-124 | Désorganisation de la plaque de croissance osseuse | multi_organe | 0.47			NOUVEAU
1657	FAMILLE Syndromes de surcroissance	FAM:0009	keeling	ch28_brain_malformations	brain	direct	balloon cells and large dysmorphic neurons disorganizing cortical cytoarchitecture with fibrillary gliosis forming sheaf-like bundles in the subpial zone	cortical tubers, a few millimeters to several centimeters long, made up of “balloon cells” and large dysmorphic neurons which disorganize cortical cytoarchitecture and present as a fibrillary gliosis forming sheaf-like bundles in the subpial zone	FOETO:PF.CER-MAL-210 | Neurones dysmorphiques | cerveau | 1.0	FOETO:PF.CER-MAL-046 | Cellules ballonnisées | cerveau | 1.0	FOETO:PF.CER-MAL-095 | Désorganisation cytoarchitecturale corticale | cerveau | 0.9	FOETO:PF.CER-MAL-046
1658	FAMILLE Syndromes de surcroissance	FAM:0009	keeling	ch28_brain_malformations	brain	direct	balloon cells frequently associated with microglial activation	subcortical lesions, which may be extensive, made up of “balloon cells” frequently associated with microglial activation	FOETO:PF.CER-CLA-003 | Activation microgliale | cerveau | 1.0	FOETO:PF.CER-MAL-046 | Cellules ballonnisées | cerveau | 1.0	FOETO:PF.CER-MET-074 | Microglie activée diffuse | cerveau | 0.9	FOETO:PF.CER-MAL-046
1659	FAMILLE Syndromes de surcroissance	FAM:0009	keeling	ch28_brain_malformations	brain	direct	large elongated glial cells containing calcifications	subependymal nodules, located in most cases close to the caudate nucleus and thalamus, which are made up of large elongated glial cells, contain calcifications, and can evolve into subependymal giant astrocytoma (SEGA)	FOETO:PP.PAR-MET-004 | Calcifications | parenchyme | 1.0	FOETO:PF.CER-NOR-096 | Épendyme | cerveau | 0.6	FOETO:PF.CER-MAL-001 | Absence de calcification des nodules périventriculaires | cerveau | 0.47	NON
1780	FAMILLE Tubulinopathies	FAM:0015	keeling	ch28_brain_malformations	brain	direct	Cobblestone dysplasia	is a significant feature of tubulinopathies and GPR56-related bilateral frontoparietal polymicrogyria	FOETO:PF.MUL-MET-239 | Polymicrogyrie | multi_organe | 0.8	FOETO:PF.CER-MAL-068 | Dysplasie corticale cobblestone | cerveau | 0.6	FOETO:PF.CER-MAL-235 | Polymicrogyrie bilatérale symétrique | cerveau | 0.47	FOETO:PF.CER-MAL-068
1781	FAMILLE Tubulinopathies	FAM:0015	keeling	ch28_brain_malformations	brain	direct	PMG	PMG is observed in metabolic and lysosomal disorders including Zellweger syndrome, Pelizaeus-Merzbacher, glutaric aciduria type 2 and some tubulinopathies				FOETO:PF.MUL-MET-239
1782	FAMILLE Tubulinopathies	FAM:0015	perineuro	s5_cortical_migration	brain	direct	PMG-like malformation	PMG-like malformation in a tubulinopathy				FOETO:PF.MUL-MET-239
1856	FAMILLE Épidermolyses bulleuses	FAM:0022	benirschke	ch15_membranes	amnion	direct	polyp-like excrescences produced by protrusion of connective tissue through epithelial defects	There were apparent protrusions of the connective tissue through epithelial defects. Thus, polyp-like excrescences were produced				NOUVEAU
1857	FAMILLE Épidermolyses bulleuses	FAM:0022	benirschke	ch15_membranes	amnion	direct	degenerating amnionic epithelium covering polypoid expansions	These protrusions were covered by degenerating amnionic epithelium	FOETO:PP.PLA-CLA-009 | Modifications dégénératives de l'amnion | placenta | 0.6			FOETO:PP.PLA-CLA-009
1858	FAMILLE Épidermolyses bulleuses	FAM:0022	benirschke	ch15_membranes	amnion	direct	pigmented macrophages in the connective tissue of the membranes	There was no inflammation, but many pigmented macrophages existed in the connective tissue of the membranes				NOUVEAU
1846	FAMILLE Épidermolyses bulleuses	FAM:0022	keeling	ch33_skin	skin	direct	subepidermal blistering with cell-poor infiltrate	All EB subtypes will reveal subepidermal blistering with cell-poor infiltrate.				FOETO:PF.PEA-MAL-030
1847	FAMILLE Épidermolyses bulleuses	FAM:0022	keeling	ch33_skin	skin	direct	tonofibril clumping	the tonofibril clumping is evident ultrastructually.				FOETO:PF.PEA-MAL-009
1848	FAMILLE Épidermolyses bulleuses	FAM:0022	keeling	ch33_skin	skin	direct	multiple cleavage planes	There are multiple cleavage planes in Kindler syndrome: within the basal keratinocytes, at the level of the lamina lucida, or below the lamina densa.	FOETO:PF.PEA-MAL-021 | Clivage dans la lamina lucida | peau | 0.7	FOETO:PF.PEA-MAL-023 | Clivage sous la lamina densa | peau | 0.7		NOUVEAU
1850	FAMILLE Épidermolyses bulleuses	FAM:0022	soffoet	ch12_peau	peau	direct	décollement bulleux sous-épidermique ou intra-épidermique profond	en MO, on observe un décollement bulleux sous-épidermique ou intra-épidermique profond parfois difficile à visualiser	FOETO:PF.PEA-MAL-030 | Décollement bulleux sous-épidermique | peau | 1.0			FOETO:PF.PEA-MAL-030
1851	FAMILLE Épidermolyses bulleuses	FAM:0022	soffoet	ch12_peau	peau	direct	petites boules éosinophiles intra-cytoplasmiques	fréquemment de petites boules éosinophiles intra-cytoplasmiques correspondant aux agrégats de tonofilaments	FOETO:PF.PEA-MAL-027 | Corps éosinophiles intra-cytoplasmiques épidermiques | peau | 0.54			FOETO:PF.PEA-MAL-027
1852	FAMILLE Épidermolyses bulleuses	FAM:0022	soffoet	ch12_peau	peau	direct	inflammation du derme superficiel	Une inflammation du derme superficiel est fréquente.				NOUVEAU
1853	FAMILLE Épidermolyses bulleuses	FAM:0022	soffoet	ch12_peau	peau	direct	agrégats de tonofilaments dans les kératinocytes de la couche basale	montrant les agrégats de tonofilaments dans les kératinocytes de la couche basale ainsi qu’une clarification cytoplasmique	FOETO:PF.PEA-MAL-009 | Agrégats de tonofilaments dans les kératinocytes basaux | peau | 0.68			FOETO:PF.PEA-MAL-009
1854	FAMILLE Épidermolyses bulleuses	FAM:0022	soffoet	ch12_peau	peau	direct	clarification cytoplasmique	montrant les agrégats de tonofilaments dans les kératinocytes de la couche basale ainsi qu’une clarification cytoplasmique	FOETO:PF.PEA-MAL-009 | Agrégats de tonofilaments dans les kératinocytes basaux | peau | 0.52			NOUVEAU
1855	FAMILLE Épidermolyses bulleuses	FAM:0022	soffoet	ch12_peau	peau	direct	clivage dans les kératinocytes à distance de la membrane cytoplasmique	et situant le siège du clivage dans les kératinocytes, à distance de la membrane cytoplasmique.				NOUVEAU
203	G Lethal Multiple Pterygium Syndrome	ORPHA:33108	keeling	ch31_skeletal_muscle	muscle	direct	dystrophy with variation in muscle fiber diameter and interstitial fibrosis	dystrophy (with variation in muscle fiber diameter and interstitial fibrosis)	FOETO:PF.MUS-RET-047 | Variation du diamètre des fibres musculaires | muscle | 1.0	FOETO:PF.MUS-RET-020 | Fibre musculaire de type 2C fœtale | muscle | 0.6	FOETO:PF.MUS-NOR-003 | Fibres de Wohlfart type a et b | muscle | 0.6	FOETO:PF.MUS-RET-047
204	G Lethal Multiple Pterygium Syndrome	ORPHA:33108	keeling	ch31_skeletal_muscle	muscle	direct	myotubular morphology	myotubular morphology, and generalized hypotrophy, and in one case the appearances	FOETO:PF.MUS-RET-004 | Aspect myotubulaire généralisé des fibres musculaires | muscle | 0.42			FOETO:PF.MUS-RET-004
205	G Lethal Multiple Pterygium Syndrome	ORPHA:33108	keeling	ch31_skeletal_muscle	muscle	direct	generalized hypotrophy	myotubular morphology, and generalized hypotrophy, and in one case the appearances	FOETO:PF.MUS-RET-004 | Aspect myotubulaire généralisé des fibres musculaires | muscle | 0.42			NON
480	G Meckel-Gruber Syndrome (Dysencephalia Splanchnocystica)		keeling	ch24_urinary	kidney	direct	diffuse cysts obscuring corticomedullary demarcation	Histologically, the cysts are diffuse, obscuring the corticomedullary demarcation, interestingly sparing the most superficial cortex	FOETO:PF.REN-MAL-032 | Kystes cortico-médullaires diffus | rein | 0.9	FOETO:PF.REN-NOR-011 | Différenciation cortico-médullaire effacée par kystes | rein | 0.6	FOETO:PF.REN-NOR-010 | Cortex superficiel épargné par les kystes | rein | 0.6	FOETO:PF.REN-MAL-032
481	G Meckel-Gruber Syndrome (Dysencephalia Splanchnocystica)		keeling	ch24_urinary	kidney	direct	blastema and 1 or 2 nephron generations visible	the blastema and 1 or 2 nephron generations are usually visible				NOUVEAU
482	G Meckel-Gruber Syndrome (Dysencephalia Splanchnocystica)		keeling	ch24_urinary	kidney	direct	cysts of various shapes with size increasing from cortex to medulla	The cysts are of various shapes and their size gradually increases from the cortex toward the medulla				FOETO:PF.REN-NOR-013
483	G Meckel-Gruber Syndrome (Dysencephalia Splanchnocystica)		keeling	ch24_urinary	kidney	direct	cystic dilatations from all parts of nephron and collecting ducts	Their analysis, using immunohistochemical markers, indicates that the cystic dilatations develop from all parts of the nephron and from collecting ducts	FOETO:PF.REN-MAL-017 | Désorientation des tubes collecteurs | rein | 0.6	FOETO:PF.MUL-NOR-011 | Dilatation kystique des canaux mammaires | multi_organe | 0.6		NOUVEAU
484	G Meckel-Gruber Syndrome (Dysencephalia Splanchnocystica)		keeling	ch24_urinary	kidney	direct	almost featureless mesenchyme between cysts	An almost featureless mesenchyme is present between the cysts and is particularly abundant in the medulla	FOETO:PF.REN-MAL-038 | Mésenchyme intercystique aplati quasi acellulaire | rein | 0.6			FOETO:PF.REN-MAL-038
485	G Meckel-Gruber Syndrome (Dysencephalia Splanchnocystica)		keeling	ch28_brain_malformations	brain	direct	encephalocele, prosencephalic dysgenesis, corpus callosum and hindbrain dysgenesis and vermian agenesis	In Meckel-Gruber syndrome, characterized by the classic “occipital encephalocele, large cystic kidneys and polydactyly” triad, the cerebral phenotype is severe, associating encephalocele, prosencephalic dysgenesis, corpus callosum and hindbrain dysgenesis and vermian agenesis.	FOETO:PF.CER-MAL-082 | Dysplasie prosencéphalique | cerveau | 1.0	FOETO:PF.CER-RET-002 | Agénèse du corps calleux | cerveau | 0.9	FOETO:PF.CER-MAL-016 | Agénésie du corps calleux | cerveau | 0.9	FOETO:PF.CER-MAL-082
487	G Meckel-Gruber Syndrome (Dysencephalia Splanchnocystica)		soffoet	ch11_cerveau	meninges	direct	hétérotopie neuro-gliale leptoméningée	s’accompagnant histologiquement d’une hétérotopie neuro-gliale leptoméningée	FOETO:PF.CER-MAL-271 | Tissu neuroglial hétérotopique leptoméningé | cerveau | 0.6	FOETO:PF.CER-INF-024 | Hétérotopie glioneuronale leptoméningée | cerveau | 0.6		FOETO:PF.CER-MAL-271
488	G Meckel-Gruber Syndrome (Dysencephalia Splanchnocystica)		soffoet	ch23_syndromes	kidney	direct	Renal cysts larger in the medulla than in the cortex	Les gros reins déforment l’abdomen et présentent des kystes plus larges dans la médullaire que dans le cortex	FOETO:PF.REN-MAL-035 | Kystes médullaires | rein | 0.7	FOETO:PF.MUL-MET-183 | Kyste rénal cortical | multi_organe | 0.6	FOETO:PF.MUL-MET-185 | Kystes rénaux corticaux | multi_organe | 0.6	FOETO:PF.REN-MAL-035
489	G Meckel-Gruber Syndrome (Dysencephalia Splanchnocystica)		soffoet	ch23_syndromes	liver	direct	Biliary duct proliferation in widened and fibrous portal spaces	Les canaux biliaires prolifèrent dans les espaces portes élargis et fibreux	FOETO:PF.MUL-MAL-035 | Prolifération des canaux biliaires dans les espaces portes élargis et fibreux | multi_organe | 0.7	FOETO:PF.FOI-MAL-006 | Canaux biliaires dilatés et anastomosés dans les espaces portes | foie | 0.47	FOETO:PF.FOI-MAL-009 | Cellules cytomégaliques dans les canaux biliaires | foie | 0.47	FOETO:PF.MUL-MAL-035
490	G Meckel-Gruber Syndrome (Dysencephalia Splanchnocystica)		verdijk	ch04_syndromic_anomalies	eye	direct	retinal dysplasia	In Meckel-Gruber syndrome, microphthalmia, cryptophthalmia, retinal dysplasia (Fig. 4.58), iris hypoplasia/aniridia	FOETO:PF.ORL-MAL-022 | Microphtalmie | oeil_oreille | 0.8	FOETO:PF.ORL-MAL-018 | Hypoplasie de l'iris | oeil_oreille | 0.8	FOETO:PF.ORL-MAL-026 | Pli rétinien falciforme congénital | oeil_oreille | 0.5	FOETO:PF.CER-MAL-083
491	G Meckel-Gruber Syndrome (Dysencephalia Splanchnocystica)		verdijk	ch04_syndromic_anomalies	kidney	direct	predominantly tubular renal cysts of varying size	(e) Predominantly tubular renal cysts of varying size (H&E stain, 100×)	FOETO:PF.REN-DYS-001 | Dysgenèse tubulaire rénale | rein | 0.6	FOETO:PF.MUL-MET-183 | Kyste rénal cortical | multi_organe | 0.6	FOETO:PF.MUL-MET-220 | Nécropathie tubulaire rénale | multi_organe | 0.6	FOETO:PF.MUL-MAL-010
358	G Menkes Syndrome (Menkes Kinky Hair Syndrome)	ORPHA:565	keeling	ch11_metabolic	hair	direct	flattened and twisted hairs	Microscopy of hair from a boy with Menkes disease. These hairs appear flattened and twisted and are brittle				NOUVEAU
359	G Menkes Syndrome (Menkes Kinky Hair Syndrome)	ORPHA:565	keeling	ch29_brain_degenerative	brain	direct	diffuse cerebral and cerebellar atrophy	Neuropathological features are characterized by diffuse cerebral and cerebellar atrophy with myelin deficiency	FOETO:PF.CER-CLA-020 | Atrophie cérébelleuse | cerveau | 1.0	FOETO:PF.CER-INF-003 | Atrophie cérébrale | cerveau | 0.9	FOETO:PF.CER-MET-011 | Atrophie cérébrale sévère | cerveau | 0.9	FOETO:PF.CER-CLA-020
360	G Menkes Syndrome (Menkes Kinky Hair Syndrome)	ORPHA:565	keeling	ch29_brain_degenerative	brain	direct	myelin deficiency	Neuropathological features are characterized by diffuse cerebral and cerebellar atrophy with myelin deficiency	FOETO:PF.CER-CLA-020 | Atrophie cérébelleuse | cerveau | 0.8	FOETO:PF.CER-INF-003 | Atrophie cérébrale | cerveau | 0.7	FOETO:PF.CER-MET-011 | Atrophie cérébrale sévère | cerveau | 0.7	FOETO:PF.CER-MET-055
361	G Menkes Syndrome (Menkes Kinky Hair Syndrome)	ORPHA:565	keeling	ch29_brain_degenerative	brain	direct	severe depletion of	and severe depletion of				NON
776	G Miller-Dieker Syndrome (Lissencephaly Syndrome)	ORPHA:531	keeling	ch28_brain_malformations	cortex	direct	superficial molecular layer	a superficial molecular layer, a thin second layer containing neurons normally	FOETO:PF.CER-MAL-116 | Fusion de la couche moléculaire | cerveau | 0.6	FOETO:PF.CER-MET-052 | Fusion de la couche moléculaire corticale | cerveau | 0.6		NON
777	G Miller-Dieker Syndrome (Lissencephaly Syndrome)	ORPHA:531	keeling	ch28_brain_malformations	cortex	direct	thin second layer containing neurons normally found in layer V	a thin second layer containing neurons normally found in layer V of a normal cortex	FOETO:PF.CER-MAL-051 | Cortex dit à 3-couches (X-LAG/ARX) | cerveau | 0.47	FOETO:PF.CER-CLA-035 | Cortex mince à six couches | cerveau | 0.47	FOETO:PF.CER-MAL-213 | Neurones immatures dans le cortex | cerveau | 0.47	FOETO:PF.CER-MAL-051
778	G Miller-Dieker Syndrome (Lissencephaly Syndrome)	ORPHA:531	keeling	ch28_brain_malformations	cortex	direct	thin and paucicellular third layer	a thin and paucicellular third layer, and a thick fourth layer made up of neurons				NOUVEAU
779	G Miller-Dieker Syndrome (Lissencephaly Syndrome)	ORPHA:531	keeling	ch28_brain_malformations	cortex	direct	thick fourth layer made up of neurons of the superficial layer which have stopped their migration	a thick fourth layer made up of neurons of the superficial layer which have stopped their migration				NOUVEAU
780	G Miller-Dieker Syndrome (Lissencephaly Syndrome)	ORPHA:531	keeling	ch28_brain_malformations	hippocampus	direct	abnormal cytoarchitecture of Ammon’s horn	In some cases, abnormal cytoarchitecture of Ammon’s horn and olivary heterotopia in the medulla are	FOETO:PF.CER-MAL-173 | Hétérotopie olivaire | cerveau | 0.8			FOETO:PF.CER-MAL-081
781	G Miller-Dieker Syndrome (Lissencephaly Syndrome)	ORPHA:531	keeling	ch28_brain_malformations	medulla	direct	olivary heterotopia in the medulla	In some cases, abnormal cytoarchitecture of Ammon’s horn and olivary heterotopia in the medulla are	FOETO:PF.CER-MAL-173 | Hétérotopie olivaire | cerveau | 1.0	FOETO:PF.CER-INF-040 | Nodules de cellules de la zone germinale — périventriculaires | cerveau | 0.5	FOETO:PF.CER-VAS-002 | Nécrose du secteur CA1 de l'hippocampe | cerveau | 0.5	FOETO:PF.CER-MAL-173
784	G Miller-Dieker Syndrome (Lissencephaly Syndrome)	ORPHA:531	perineuro	s5_cortical_migration	cerebral cortex	direct	Irregular and absent sulcation	Irregular and absent sulcation, most pronounced over temporal poles and parieto-occipital regions				NON
785	G Miller-Dieker Syndrome (Lissencephaly Syndrome)	ORPHA:531	perineuro	s5_cortical_migration	cerebral cortex	direct	Shallow or absent sulcation	Shallow or absent sulcation, with overall diminished cortical mantle volume and ventricular expansion				NON
786	G Miller-Dieker Syndrome (Lissencephaly Syndrome)	ORPHA:531	perineuro	s5_cortical_migration	cerebral cortex	direct	Diminished cortical mantle volume	Shallow or absent sulcation, with overall diminished cortical mantle volume and ventricular expansion				NON
787	G Miller-Dieker Syndrome (Lissencephaly Syndrome)	ORPHA:531	perineuro	s5_cortical_migration	ventricle	direct	Ventricular expansion	Shallow or absent sulcation, with overall diminished cortical mantle volume and ventricular expansion				NON
788	G Miller-Dieker Syndrome (Lissencephaly Syndrome)	ORPHA:531	perineuro	s5_cortical_migration	cerebral cortex	direct	Irregular cortical thickness	LFB myelin stains highlighting nearly absent sulcation, irregular cortical thickness, and marked disorganization	FOETO:PF.CER-MAL-095 | Désorganisation cytoarchitecturale corticale | cerveau | 0.47	FOETO:PF.CER-MAL-101 | Désorganisation neuronale corticale | cerveau | 0.47	FOETO:PF.CER-MAL-093 | Désorganisation corticale de la ligne médiane | cerveau | 0.47	NON
789	G Miller-Dieker Syndrome (Lissencephaly Syndrome)	ORPHA:531	perineuro	s5_cortical_migration	cerebral cortex	direct	Marked disorganization without evident cortical lamination	LFB myelin stains highlighting nearly absent sulcation, irregular cortical thickness, and marked disorganization, without evident cortical lamination	FOETO:PF.CER-MAL-094 | Désorganisation corticale totale sans lamination | cerveau | 0.72	FOETO:PF.CER-MAL-095 | Désorganisation cytoarchitecturale corticale | cerveau | 0.6	FOETO:PF.CER-MAL-101 | Désorganisation neuronale corticale | cerveau | 0.6	FOETO:PF.CER-MAL-094
790	G Miller-Dieker Syndrome (Lissencephaly Syndrome)	ORPHA:531	perineuro	s5_cortical_migration	cerebral white matter	direct	Subcortical heterotopia	Note subcortical heterotopia (E, arrows), and aberrant myelinated fiber bundles (F, arrows)	FOETO:PF.CER-MET-059 | Hétérotopie sous-corticale | cerveau | 1.0	FOETO:PF.CER-MAL-108 | Faisceaux de fibres myélinisées aberrants | cerveau | 0.8	FOETO:PF.CER-MAL-166 | Hétérotopie en bande sous-corticale | cerveau | 0.6	FOETO:PF.CER-MET-059
791	G Miller-Dieker Syndrome (Lissencephaly Syndrome)	ORPHA:531	perineuro	s5_cortical_migration	cerebral white matter	direct	Aberrant myelinated fiber bundles	Note subcortical heterotopia (E, arrows), and aberrant myelinated fiber bundles (F, arrows)	FOETO:PF.CER-MAL-108 | Faisceaux de fibres myélinisées aberrants | cerveau | 1.0	FOETO:PF.CER-MET-059 | Hétérotopie sous-corticale | cerveau | 0.8	FOETO:PF.CER-MAL-166 | Hétérotopie en bande sous-corticale | cerveau | 0.47	FOETO:PF.CER-MAL-108
782	G Miller-Dieker Syndrome (Lissencephaly Syndrome)	ORPHA:531	soffoet	ch11_cerveau	cerveau	direct	substance grise épaisse avec aspect de “double cortex”	Lis type I, substance grise épaisse avec aspect de “double cortex”.				NOUVEAU
1347	G Myotonic Dystrophy Syndrome  (Myotonic Dystrophy Type 1, Steinert Syndrome, Dystrophia Myotonica)		genereviews	myotonic-d	muscle	direct	rows of internal nuclei (having a boxcar appearance), ring fibers, sarcoplasmic masses, type I fiber predominance and atrophy, fibrosis and fatty infiltration, and a greatly increased number of intrafusal muscle fibers	Pathologic features observed on muscle biopsy include rows of internal nuclei (having a boxcar appearance), ring fibers, sarcoplasmic masses, type I fiber predominance and atrophy, fibrosis and fatty infiltration, and a greatly increased number of intrafusal muscle fibers	FOETO:PF.MUS-RET-032 | Masses sarcoplasmiques | muscle | 1.0	FOETO:PF.MUS-RET-021 | Fibres en anneau (ring fibers) | muscle | 1.0	FOETO:PF.MUS-RET-005 | Atrophie des fibres musculaires | muscle | 0.9	FOETO:PF.MUS-RET-032
1348	G Myotonic Dystrophy Syndrome  (Myotonic Dystrophy Type 1, Steinert Syndrome, Dystrophia Myotonica)		genereviews	myotonic-d	brain	direct	tau-associated neurofibrillary tangles	At autopsy, brain neurons may contain tau-associated neurofibrillary tangles	FOETO:PF.CER-MET-105 | Tangles neurofibrillaires | cerveau | 1.0	FOETO:PF.CER-MAL-089 | Dégénérescences neurofibrillaires | cerveau | 1.0	FOETO:PF.MUL-MET-125 | Enchevêtrements neurofibrillaires | multi_organe | 1.0	FOETO:PF.CER-MET-105
497	G Myotonic Dystrophy Syndrome  (Myotonic Dystrophy Type 1, Steinert Syndrome, Dystrophia Myotonica)		keeling	ch31_skeletal_muscle	muscle	direct	abnormally small type 1 fibers with abnormally large type 2 fibers	Muscle biopsy findings early in the disease include abnormally small type 1 fibers with abnormally large type 2 fibers	FOETO:PF.MUS-MAL-011 | Petite taille des fibres musculaires | muscle | 0.52	FOETO:PF.MUL-MET-027 | Anomalie des fibres musculaires squelettiques par groupes (petites fibres groupées) | multi_organe | 0.52	FOETO:PF.MUS-RET-020 | Fibre musculaire de type 2C fœtale | muscle | 0.47	NOUVEAU
498	G Myotonic Dystrophy Syndrome  (Myotonic Dystrophy Type 1, Steinert Syndrome, Dystrophia Myotonica)		keeling	ch31_skeletal_muscle	muscle	direct	multiple internal nuclei	In more severe cases, features include multiple internal nuclei, sarcoplasmic masses, and an increased incidence of ring fibers	FOETO:PF.MUS-RET-032 | Masses sarcoplasmiques | muscle | 0.8	FOETO:PF.MUS-RET-021 | Fibres en anneau (ring fibers) | muscle | 0.8	FOETO:PF.MUS-RET-036 | Noyaux internes multiples dans les fibres musculaires | muscle | 0.56	FOETO:PF.MUS-RET-036
499	G Myotonic Dystrophy Syndrome  (Myotonic Dystrophy Type 1, Steinert Syndrome, Dystrophia Myotonica)		keeling	ch31_skeletal_muscle	muscle	direct	sarcoplasmic masses	In more severe cases, features include multiple internal nuclei, sarcoplasmic masses, and an increased incidence of ring fibers	FOETO:PF.MUS-RET-032 | Masses sarcoplasmiques | muscle | 1.0	FOETO:PF.MUS-RET-021 | Fibres en anneau (ring fibers) | muscle | 0.8	FOETO:PF.MUS-RET-036 | Noyaux internes multiples dans les fibres musculaires | muscle | 0.56	FOETO:PF.MUS-RET-032
500	G Myotonic Dystrophy Syndrome  (Myotonic Dystrophy Type 1, Steinert Syndrome, Dystrophia Myotonica)		keeling	ch31_skeletal_muscle	muscle	direct	increased incidence of ring fibers	In more severe cases, features include multiple internal nuclei, sarcoplasmic masses, and an increased incidence of ring fibers	FOETO:PF.MUS-RET-021 | Fibres en anneau (ring fibers) | muscle | 1.0	FOETO:PF.MUS-RET-032 | Masses sarcoplasmiques | muscle | 0.8	FOETO:PF.MUS-RET-036 | Noyaux internes multiples dans les fibres musculaires | muscle | 0.56	FOETO:PF.MUS-RET-021
501	G Myotonic Dystrophy Syndrome  (Myotonic Dystrophy Type 1, Steinert Syndrome, Dystrophia Myotonica)		keeling	ch31_skeletal_muscle	muscle	direct	myopathic features including fiber necrosis, regeneration, and fibrosis	superimposed on a biopsy with myopathic features including fiber necrosis, regeneration, and fibrosis	FOETO:PF.MUS-RET-037 | Nécrose des fibres musculaires | muscle | 0.6	FOETO:PF.MUS-RET-043 | Régénération des fibres musculaires | muscle | 0.6		FOETO:PF.MUS-RET-037
502	G Myotonic Dystrophy Syndrome  (Myotonic Dystrophy Type 1, Steinert Syndrome, Dystrophia Myotonica)		keeling	ch31_skeletal_muscle	muscle	direct	distinctive “halo” surrounding the periphery of muscle fibers	Farkas-Bargeton et al. described a distinctive “halo” surrounding the periphery of muscle fibers in transverse section	FOETO:PF.MUS-RET-020 | Fibre musculaire de type 2C fœtale | muscle | 0.6	FOETO:PF.MUS-NOR-003 | Fibres de Wohlfart type a et b | muscle | 0.6	FOETO:PF.MUS-RET-005 | Atrophie des fibres musculaires | muscle | 0.6	NOUVEAU
507	G Myotonic Dystrophy Syndrome  (Myotonic Dystrophy Type 1, Steinert Syndrome, Dystrophia Myotonica)		perineuro	s7_neuromuscular	muscle	direct	internalization of myofiber nuclei	prominent internalization of myofiber nuclei, and predominant loss of type 1 fibers, highlighted on enzyme histochemistry	FOETO:PF.MUS-RET-036 | Noyaux internes multiples dans les fibres musculaires | muscle | 0.42			FOETO:PF.MUS-RET-036
508	G Myotonic Dystrophy Syndrome  (Myotonic Dystrophy Type 1, Steinert Syndrome, Dystrophia Myotonica)		perineuro	s7_neuromuscular	muscle	direct	loss of type 1 fibers	prominent internalization of myofiber nuclei, and predominant loss of type 1 fibers, highlighted on enzyme histochemistry	FOETO:PF.MUS-RET-036 | Noyaux internes multiples dans les fibres musculaires | muscle | 0.42			NOUVEAU
208	G Neu-Laxova Syndrome	ORPHA:2671	soffoet	ch11_cerveau	cervelet	direct	dysplasie du cervelet	aspect histologique de la dysplasie du cervelet et perte de la lamination (flèches)				NOUVEAU
209	G Neu-Laxova Syndrome	ORPHA:2671	soffoet	ch11_cerveau	cervelet	direct	perte de la lamination	aspect histologique de la dysplasie du cervelet et perte de la lamination (flèches)				NOUVEAU
210	G Neu-Laxova Syndrome	ORPHA:2671	soffoet	ch11_cerveau	rétine	direct	dysplasie de la rétine	Dysplasie de la rétine et désorganisation du cristallin au fort grossissement.				FOETO:PF.CER-MAL-083
211	G Neu-Laxova Syndrome	ORPHA:2671	soffoet	ch11_cerveau	cristallin	direct	désorganisation du cristallin	Dysplasie de la rétine et désorganisation du cristallin au fort grossissement.				NOUVEAU
848	G Pallister-Hall Syndrome	ORPHA:672	keeling	ch21_respiratory	larynx	direct	atrophic changes in the laryngeal muscles	Pathologic studies have shown atrophic changes in the laryngeal muscles, splaying of the cricoid				NON
849	G Pallister-Hall Syndrome	ORPHA:672	keeling	ch21_respiratory	larynx	direct	splaying of the cricoid	Pathologic studies have shown atrophic changes in the laryngeal muscles, splaying of the cricoid				NON
1367	G Prader-Willi Syndrome	ORPHA:739	genereviews	pws	muscle	direct	normal or nonspecific signs of disuse	neuromuscular studies including muscle biopsy, when done for diagnostic purposes, are generally normal or show nonspecific signs of disuse				NON
1368	G Prader-Willi Syndrome	ORPHA:739	genereviews	pws	testis	direct	germ cell-containing tubules	higher levels of inhibin B and testosterone after hCG treatment, have been associated with a greater number of germ cell-containing tubules on testicular histology				NON
216	G Restrictive Dermopathy	ORPHA:1662	keeling	ch31_skeletal_muscle	skin	direct	thinned hyperkeratotic epidermis with paucity and hypoplasia of skin appendages	Histological abnormalities of the skin include a thinned hyperkeratotic epidermis with paucity and hypoplasia of skin appendages.	FOETO:PF.MUL-MET-139 | Hyperkératose ichtyosiforme épidermique | multi_organe | 0.6			FOETO:PF.PEA-MAL-061
217	G Restrictive Dermopathy	ORPHA:1662	keeling	ch31_skeletal_muscle	skin	direct	deficiency of dermal elastin and prominence of abnormally dense dermal collagen bundles	There are also deficiency of dermal elastin and prominence of abnormally dense dermal collagen bundles.	FOETO:PF.PEA-NOR-011 | Faisceaux de collagène dermique | peau | 0.6			FOETO:PF.MUL-MET-023
1286	G Schinzel-Giedion Syndrome	ORPHA:798	genereviews	schinzel-giedion	pancreas	direct	dilated interlobular ducts, filled with eosinic mucus and surrounded by abundant connective tissue	Postmortem microscopic evaluation of the pancreas in a four-day-old infant showed dilated interlobular ducts, filled with eosinic mucus and surrounded by abundant connective tissue.				NOUVEAU
1287	G Schinzel-Giedion Syndrome	ORPHA:798	genereviews	schinzel-giedion	larynx and bronchial glands	direct	dilated glands and mucus depositions	Additionally, dilated glands and mucus depositions were found in larynx and bronchial glands	FOETO:PF.POU-NOR-014 | Glandes séromuqueuses bronchiques | poumon | 0.47			NON
1288	G Schinzel-Giedion Syndrome	ORPHA:798	genereviews	schinzel-giedion	gingiva	direct	gingival fibrous hyperplasia with mucoid depositions	Histologic findings were gingival fibrous hyperplasia with mucoid depositions	FOETO:PP.PAR-NOR-003 | Autre (histo) | parenchyme | 0.47			NON
1324	G Smith-Magenis Syndrome (17P11.2 Microdeletion Syndrome)	ORPHA:819	genereviews	sms	choroid plexus	direct	choroid plexus hemangioma	Foreshortened frontal lobes with a choroid plexus hemangioma have been reported on neuropathologic examination	FOETO:PF.CER-INF-049 | Plexite choroïdienne | cerveau | 0.6	FOETO:PF.CER-MAL-233 | Plexus choroïdes angiomateux | cerveau | 0.6	FOETO:PF.CER-CLA-076 | Hémorragie du plexus choroïde | cerveau | 0.6	FOETO:PF.CER-MAL-233
706	G Walker-Warburg Syndrome  (Hard ± E Syndrome, Warburg Syndrome)	ORPHA:899	devneuro	ch09_heterotopia	cortex	direct	abnormal cortical lamination and architecture	These diseases exhibit autosomal recessive inheritance and share the findings of abnormal cortical lamination and architecture	FOETO:PF.CER-MET-067 | Lamination corticale anormale avec inversion des couches | cerveau | 0.6			FOETO:PF.CER-MAL-095
707	G Walker-Warburg Syndrome  (Hard ± E Syndrome, Warburg Syndrome)	ORPHA:899	devneuro	ch09_heterotopia	cortex	direct	cobblestone cortex	abnormal cortical lamination and architecture (“cobblestone cortex”), diffuse leptomeningeal heterotopia and congenital muscular dystrophy	FOETO:PF.CER-MAL-053 | Cortex en pavés (cobblestone cortex) | cerveau | 1.0	FOETO:PF.MUL-MET-090 | Dystrophie musculaire congénitale | multi_organe | 0.8	FOETO:PF.MUL-MET-188 | Lissencéphalie de type II (pavé/cobblestone) | multi_organe | 0.6	FOETO:PF.CER-MAL-053
708	G Walker-Warburg Syndrome  (Hard ± E Syndrome, Warburg Syndrome)	ORPHA:899	devneuro	ch09_heterotopia	leptomeninges	direct	diffuse leptomeningeal heterotopia	abnormal cortical lamination and architecture (“cobblestone cortex”), diffuse leptomeningeal heterotopia and congenital muscular dystrophy	FOETO:PF.CER-MAL-053 | Cortex en pavés (cobblestone cortex) | cerveau | 0.8	FOETO:PF.MUL-MET-090 | Dystrophie musculaire congénitale | multi_organe | 0.8	FOETO:PF.CER-MAL-271 | Tissu neuroglial hétérotopique leptoméningé | cerveau | 0.6	FOETO:PF.CER-MAL-271
709	G Walker-Warburg Syndrome  (Hard ± E Syndrome, Warburg Syndrome)	ORPHA:899	devneuro	ch15_cerebellar	cerebrum	direct	extensive cortical dysplasia	Cerebellar abnormalities are required for the diagnosis of Walker– Warburg syndrome and may consist of extensive cortical dysplasia	FOETO:PF.MUL-MET-086 | Dysplasie corticale | multi_organe | 1.0	FOETO:PF.CER-MAL-072 | Dysplasie corticale focale | cerveau | 0.9	FOETO:PF.CER-MAL-069 | Dysplasie corticale cérébelleuse | cerveau | 0.7	FOETO:PF.MUL-MET-086
710	G Walker-Warburg Syndrome  (Hard ± E Syndrome, Warburg Syndrome)	ORPHA:899	devneuro	ch15_cerebellar	cerebrum	direct	white matter heterotopia	Cerebellar abnormalities are required for the diagnosis of Walker– Warburg syndrome and may consist of extensive cortical dysplasia, white matter heterotopia	FOETO:PF.MUL-MET-086 | Dysplasie corticale | multi_organe | 0.8	FOETO:PF.CER-MAL-069 | Dysplasie corticale cérébelleuse | cerveau | 0.7	FOETO:PF.CER-MAL-072 | Dysplasie corticale focale | cerveau | 0.7	FOETO:PF.CER-MAL-212
711	G Walker-Warburg Syndrome  (Hard ± E Syndrome, Warburg Syndrome)	ORPHA:899	devneuro	ch15_cerebellar	cerebellum	direct	simplification or fragmentation of the dentate nucleus	Cerebellar abnormalities are required for the diagnosis of Walker– Warburg syndrome and may consist of extensive cortical dysplasia, white matter heterotopia, simplification or fragmentation of the dentate nucleus	FOETO:PF.MUL-MET-086 | Dysplasie corticale | multi_organe | 0.8	FOETO:PF.CER-MAL-069 | Dysplasie corticale cérébelleuse | cerveau | 0.7	FOETO:PF.CER-MAL-072 | Dysplasie corticale focale | cerveau | 0.7	FOETO:PF.CER-MAL-114
712	G Walker-Warburg Syndrome  (Hard ± E Syndrome, Warburg Syndrome)	ORPHA:899	devneuro	ch15_cerebellar	cerebellum	direct	vermian agenesis or hypoplasia	Cerebellar abnormalities are required for the diagnosis of Walker– Warburg syndrome and may consist of extensive cortical dysplasia, white matter heterotopia, simplification or fragmentation of the dentate nucleus, vermian agenesis or hypoplasia	FOETO:PF.MUL-MET-086 | Dysplasie corticale | multi_organe | 0.8	FOETO:PF.CER-MAL-069 | Dysplasie corticale cérébelleuse | cerveau | 0.7	FOETO:PF.CER-MAL-072 | Dysplasie corticale focale | cerveau | 0.7	FOETO:PF.CER-MAL-019
713	G Walker-Warburg Syndrome  (Hard ± E Syndrome, Warburg Syndrome)	ORPHA:899	devneuro	ch15_cerebellar	cerebellum	direct	Dandy–Walker malformation	Cerebellar abnormalities are required for the diagnosis of Walker– Warburg syndrome and may consist of extensive cortical dysplasia, white matter heterotopia, simplification or fragmentation of the dentate nucleus, vermian agenesis or hypoplasia, and, in some cases, the Dandy–Walker malformation	FOETO:PF.CER-MAL-196 | Malformation de Dandy-Walker | cerveau | 0.9	FOETO:PF.MUL-MET-086 | Dysplasie corticale | multi_organe | 0.8	FOETO:PF.CER-MAL-069 | Dysplasie corticale cérébelleuse | cerveau | 0.7	FOETO:PF.CER-MAL-196
680	G Walker-Warburg Syndrome  (Hard ± E Syndrome, Warburg Syndrome)	ORPHA:899	keeling	ch31_skeletal_muscle	muscle	direct	reduction in α-dystroglycan immunohistochemical staining	There is reduction in α-dystroglycan immunohistochemical staining with normal β-dystroglycan	FOETO:PF.MUS-RET-017 | Déficit en α-dystroglycane en immunohistochimie | muscle | 0.6			FOETO:PF.MUS-RET-017
681	G Walker-Warburg Syndrome  (Hard ± E Syndrome, Warburg Syndrome)	ORPHA:899	keeling	ch31_skeletal_muscle	muscle	direct	completely absent α-dystroglycan staining	The extent of reduction in staining for α-dystroglycan varies among the disorders in this group, broadly correlating with disease severity (e.g., completely absent in Walker-Warburg syndrome)				FOETO:PF.MUS-RET-017
682	G Walker-Warburg Syndrome  (Hard ± E Syndrome, Warburg Syndrome)	ORPHA:899	keeling	ch31_skeletal_muscle	muscle	contexte	reduction in staining for laminin-α2 (merosin)	It is important to note that these disorders also show a reduction in staining for laminin-α2 (merosin) but it is never completely absent as in primary merosin deficiency	FOETO:PF.MUS-RET-016 | Déficit en laminine-α2 (mérosine) en immunohistochimie | muscle | 0.52			FOETO:PF.MUS-RET-016
683	G Walker-Warburg Syndrome  (Hard ± E Syndrome, Warburg Syndrome)	ORPHA:899	keeling	ch34_special_senses	retina	direct	Retinal dysplasia	Walker-Warburg syndrome AR (POMT1, POMT2, CRPPA, Retinal dysplasia, anterior chamber malformation, microphthalmia,	FOETO:PF.ORL-MAL-022 | Microphtalmie | oeil_oreille | 0.8	FOETO:PF.ORL-MAL-026 | Pli rétinien falciforme congénital | oeil_oreille | 0.5	FOETO:PF.ORL-MAL-017 | Gliose rétinienne | oeil_oreille | 0.5	FOETO:PF.CER-MAL-083
684	G Walker-Warburg Syndrome  (Hard ± E Syndrome, Warburg Syndrome)	ORPHA:899	keeling	ch34_special_senses	anterior chamber	direct	Anterior chamber malformation	Walker-Warburg syndrome AR (POMT1, POMT2, CRPPA, Retinal dysplasia, anterior chamber malformation, microphthalmia,	FOETO:PF.ORL-MAL-022 | Microphtalmie | oeil_oreille | 0.8	FOETO:PF.CER-MAL-083 | Dysplasie rétinienne | cerveau | 0.8	FOETO:PF.MUL-MET-021 | Anomalie de la chambre antérieure de l'œil (anomalie de Peters) | multi_organe | 0.54	FOETO:PF.MUL-MET-021
685	G Walker-Warburg Syndrome  (Hard ± E Syndrome, Warburg Syndrome)	ORPHA:899	keeling	ch34_special_senses	eye	direct	Microphthalmia	Walker-Warburg syndrome AR (POMT1, POMT2, CRPPA, Retinal dysplasia, anterior chamber malformation, microphthalmia,	FOETO:PF.ORL-MAL-022 | Microphtalmie | oeil_oreille | 1.0	FOETO:PF.MUL-MET-021 | Anomalie de la chambre antérieure de l'œil (anomalie de Peters) | multi_organe | 0.42		FOETO:PF.ORL-MAL-022
686	G Walker-Warburg Syndrome  (Hard ± E Syndrome, Warburg Syndrome)	ORPHA:899	keeling	ch34_special_senses	eye	contexte	Buphthalmos	buphthalmos, retrolental mass, coloboma, cataract, hypoplasia of the iris	FOETO:PF.ORL-MAL-018 | Hypoplasie de l'iris | oeil_oreille | 0.7	FOETO:PF.ORL-MAL-021 | Masse rétrolenticulaire mésodermique | oeil_oreille | 0.47		NON
687	G Walker-Warburg Syndrome  (Hard ± E Syndrome, Warburg Syndrome)	ORPHA:899	keeling	ch34_special_senses	eye	contexte	Retrolental mass	buphthalmos, retrolental mass, coloboma, cataract, hypoplasia of the iris	FOETO:PF.ORL-MAL-018 | Hypoplasie de l'iris | oeil_oreille | 0.7	FOETO:PF.ORL-MAL-021 | Masse rétrolenticulaire mésodermique | oeil_oreille | 0.6		FOETO:PF.ORL-MAL-021
688	G Walker-Warburg Syndrome  (Hard ± E Syndrome, Warburg Syndrome)	ORPHA:899	keeling	ch34_special_senses	eye	contexte	Coloboma	buphthalmos, retrolental mass, coloboma, cataract, hypoplasia of the iris	FOETO:PF.ORL-MAL-018 | Hypoplasie de l'iris | oeil_oreille | 0.7	FOETO:PF.ORL-MAL-009 | Colobome irien (défaut de fermeture de la fissure optique) | oeil_oreille | 0.5	FOETO:PF.ORL-MAL-010 | Colobome oculaire | oeil_oreille | 0.5	FOETO:PF.ORL-MAL-010
689	G Walker-Warburg Syndrome  (Hard ± E Syndrome, Warburg Syndrome)	ORPHA:899	keeling	ch34_special_senses	lens	contexte	Cataract	buphthalmos, retrolental mass, coloboma, cataract, hypoplasia of the iris	FOETO:PF.ORL-MAL-018 | Hypoplasie de l'iris | oeil_oreille | 0.7	FOETO:PF.MUL-MET-004 | Accumulation de galactitol dans le cristallin | multi_organe | 0.5	FOETO:PF.ORL-MAL-005 | Cataracte congénitale | oeil_oreille | 0.5	FOETO:PF.ORL-MAL-005
690	G Walker-Warburg Syndrome  (Hard ± E Syndrome, Warburg Syndrome)	ORPHA:899	keeling	ch34_special_senses	iris	contexte	Hypoplasia of the iris	buphthalmos, retrolental mass, coloboma, cataract, hypoplasia of the iris	FOETO:PF.ORL-MAL-018 | Hypoplasie de l'iris | oeil_oreille | 0.9	FOETO:PF.ORL-MAL-021 | Masse rétrolenticulaire mésodermique | oeil_oreille | 0.47		FOETO:PF.ORL-MAL-018
715	G Walker-Warburg Syndrome  (Hard ± E Syndrome, Warburg Syndrome)	ORPHA:899	perineuro	s5_cortical_migration	cerebral cortex	direct	cobblestone lissencephaly	This form of NMDs is often referred to as “cobblestone lissencephaly” because patients typically only have regional agyria	FOETO:PF.MUL-MET-189 | Lissencéphalie en pavé (cobblestone) | multi_organe | 1.0	FOETO:PF.CER-MAL-191 | Lissencéphalie cobblestone (type II) | cerveau | 0.9	FOETO:PF.MUL-MET-188 | Lissencéphalie de type II (pavé/cobblestone) | multi_organe | 0.6	FOETO:PF.MUL-MET-189
716	G Walker-Warburg Syndrome  (Hard ± E Syndrome, Warburg Syndrome)	ORPHA:899	perineuro	s5_cortical_migration	cerebral cortex	direct	irregularities in neuronal placement with the absence of cortical layers	Type II lissencephaly is characterized by irregularities in neuronal placement with the absence of cortical layers.	FOETO:PF.CER-MAL-006 | Absence des couches corticales II et III | cerveau | 0.9	FOETO:PF.CER-MAL-090 | Déplétion neuronale corticale | cerveau | 0.6	FOETO:PF.CER-MAL-101 | Désorganisation neuronale corticale | cerveau | 0.6	FOETO:PF.CER-MAL-006
717	G Walker-Warburg Syndrome  (Hard ± E Syndrome, Warburg Syndrome)	ORPHA:899	perineuro	s5_cortical_migration	cerebral cortex	direct	migration defects caused by abnormal glycosylation of matrix proteins in the cerebral cortex	These migration defects are thought to be caused by abnormal glycosylation of matrix proteins in the cerebral cortex	FOETO:PF.CER-MAL-050 | Cortex cérébral épaissi (> 1 cm) | cerveau | 0.6	FOETO:PF.MUL-MET-093 | Défaut de migration neuronale | multi_organe | 0.6	FOETO:PF.MUL-MET-020 | Anomalie de glycosylation des glycoprotéines (histochimie) | multi_organe | 0.5	FOETO:PF.MUL-MET-093
718	G Walker-Warburg Syndrome  (Hard ± E Syndrome, Warburg Syndrome)	ORPHA:899	perineuro	s7_neuromuscular	skeletal muscle	direct	myonecrosis, regeneration, atrophy, hypertrophy, and endomysial fibrosis	Dystrophic skeletal muscle (C, D) manifests myonecrosis, regeneration, atrophy, hypertrophy, and endomysial fibrosis.	FOETO:PF.MUS-RET-024 | Fibrose endomysiale | muscle | 1.0	FOETO:PF.MUL-MET-040 | Atrophie musculaire squelettique | multi_organe | 0.7	FOETO:PF.MUS-RET-045 | Tissu conjonctif interstitiel augmenté | muscle | 0.5	FOETO:PF.MUS-RET-024
719	G Walker-Warburg Syndrome  (Hard ± E Syndrome, Warburg Syndrome)	ORPHA:899	perineuro	s7_neuromuscular	brain	direct	cobblestone cortex and subcortical beaded heterotopia	A cobblestone cortex and subcortical beaded heterotopia are seen in the axial image.	FOETO:PF.CER-MAL-053 | Cortex en pavés (cobblestone cortex) | cerveau | 1.0	FOETO:PF.CER-MET-059 | Hétérotopie sous-corticale | cerveau | 0.9	FOETO:PF.CER-MAL-166 | Hétérotopie en bande sous-corticale | cerveau | 0.6	FOETO:PF.CER-MAL-053
720	G Walker-Warburg Syndrome  (Hard ± E Syndrome, Warburg Syndrome)	ORPHA:899	perineuro	s7_neuromuscular	muscle	direct	no alpha-dystroglycan detected by a glycan-specific antibody	Staining for the alpha-dystroglycan (αDG) peptide is positive (G), while no αDG is detected by a glycan-specific antibody, IIH6 (H).	FOETO:PF.MUL-MET-098 | Déficit en glycosylation de l'alpha-dystroglycanine | multi_organe | 0.6			FOETO:PF.MUL-MET-098
692	G Walker-Warburg Syndrome  (Hard ± E Syndrome, Warburg Syndrome)	ORPHA:899	soffoet	ch11_cerveau	meninges	direct	ectopie neurogliale	Le diagnostic de l’affection repose sur la constatation histologique d’une ectopie neurogliale caractéristique				FOETO:PF.CER-MAL-271
693	G Walker-Warburg Syndrome  (Hard ± E Syndrome, Warburg Syndrome)	ORPHA:899	soffoet	ch11_cerveau	cortex cerebri	direct	ectopie neurogliale	coupe histologique du cortex cérébral montrant l’ectopie neurogliale, (ENG) (grande flèche à deux têtes)	FOETO:PF.CER-MAL-050 | Cortex cérébral épaissi (> 1 cm) | cerveau | 0.47			NOUVEAU
694	G Walker-Warburg Syndrome  (Hard ± E Syndrome, Warburg Syndrome)	ORPHA:899	soffoet	ch11_cerveau	cortex cerebri	direct	réduction de l’épaisseur de la plaque corticale	coupe histologique du cortex cérébral montrant l’ectopie neurogliale, (ENG) (grande flèche à deux têtes) et la réduction de l’épaisseur de la plaque corticale	FOETO:PF.CER-MAL-231 | Plaque corticale mince | cerveau | 0.6	FOETO:PF.CER-NOR-072 | Plaque corticale | cerveau | 0.6	FOETO:PF.CER-NOR-087 | Zone de la plaque corticale | cerveau | 0.6	FOETO:PF.CER-MAL-231
695	G Walker-Warburg Syndrome  (Hard ± E Syndrome, Warburg Syndrome)	ORPHA:899	soffoet	ch11_cerveau	cortex cerebri	direct	désorganisation de la lamination corticale	désorganisation de la PC par rapport à la lamination normale en 6 couches	FOETO:PF.CER-MAL-095 | Désorganisation cytoarchitecturale corticale | cerveau | 0.6	FOETO:PF.CER-MAL-101 | Désorganisation neuronale corticale | cerveau | 0.6	FOETO:PF.CER-MAL-100 | Désorganisation laminaire corticale | cerveau | 0.6	FOETO:PF.CER-MAL-100
698	G Walker-Warburg Syndrome  (Hard ± E Syndrome, Warburg Syndrome)	ORPHA:899	verdijk	ch04_syndromic_anomalies	retina	direct	retinal detachment	retinal detachment (Fig. 4.59b) [85]	FOETO:PF.ORL-MAL-014 | Décollement de rétine | oeil_oreille | 1.0	FOETO:PF.ORL-NOR-023 | Rétine hypercellulaire indifférenciée (rétinoblastes) | oeil_oreille | 0.5	FOETO:PF.ORL-MAL-027 | Rétinopathie du prématuré | oeil_oreille | 0.5	FOETO:PF.ORL-MAL-014
699	G Walker-Warburg Syndrome  (Hard ± E Syndrome, Warburg Syndrome)	ORPHA:899	verdijk	ch04_syndromic_anomalies	retina	direct	retinal dysplasia	retinal dysplasia (Fig. 4.59g) [86]	FOETO:PF.ORL-MAL-026 | Pli rétinien falciforme congénital | oeil_oreille | 0.5	FOETO:PF.ORL-MAL-017 | Gliose rétinienne | oeil_oreille | 0.5		FOETO:PF.CER-MAL-083
700	G Walker-Warburg Syndrome  (Hard ± E Syndrome, Warburg Syndrome)	ORPHA:899	verdijk	ch04_syndromic_anomalies	vitreous	direct	persistent hyperplastic primary vitreous	persistent hyperplastic primary vitreous (Fig. 4.59f) [87]	FOETO:PF.ORL-MAL-032 | Vitré hyperplasique primitif persistant (PHPV) | oeil_oreille | 0.72			FOETO:PF.ORL-MAL-032
701	G Walker-Warburg Syndrome  (Hard ± E Syndrome, Warburg Syndrome)	ORPHA:899	verdijk	ch04_syndromic_anomalies	optic nerve	direct	coloboma	optic nerve atrophy, and coloboma.	FOETO:PF.ORL-MAL-008 | Colobome du nerf optique | oeil_oreille | 0.7	FOETO:PF.MUL-MET-041 | Atrophie optique | multi_organe | 0.7	FOETO:PF.ORL-MAL-009 | Colobome irien (défaut de fermeture de la fissure optique) | oeil_oreille | 0.5	FOETO:PF.ORL-MAL-010
702	G Walker-Warburg Syndrome  (Hard ± E Syndrome, Warburg Syndrome)	ORPHA:899	verdijk	ch04_syndromic_anomalies	retina	direct	mushroom-shaped retinal detachment	Light microscopy identifying the mass as a mushroom-shaped retinal detachment (H&E stain, 4×).	FOETO:PF.ORL-MAL-014 | Décollement de rétine | oeil_oreille | 1.0	FOETO:PF.ORL-NOR-023 | Rétine hypercellulaire indifférenciée (rétinoblastes) | oeil_oreille | 0.5	FOETO:PF.ORL-MAL-027 | Rétinopathie du prématuré | oeil_oreille | 0.5	FOETO:PF.ORL-MAL-014
703	G Walker-Warburg Syndrome  (Hard ± E Syndrome, Warburg Syndrome)	ORPHA:899	verdijk	ch04_syndromic_anomalies	retina	direct	retinal dysplasia	(g) Retinal dysplasia (H&E stain, 400×).	FOETO:PF.ORL-MAL-026 | Pli rétinien falciforme congénital | oeil_oreille | 0.5	FOETO:PF.ORL-MAL-017 | Gliose rétinienne | oeil_oreille | 0.5		FOETO:PF.CER-MAL-083
704	G Walker-Warburg Syndrome  (Hard ± E Syndrome, Warburg Syndrome)	ORPHA:899	verdijk	ch04_syndromic_anomalies	retinal pigment epithelium	direct	hyperplastic retinal pigment epithelium	(h) Hyperplastic retinal pigment epithelium (H&E stain, 400×)				NOUVEAU
511	G X-Linked Hydrocephalus Spectrum  (X-Linked Hydrocephalus Syndrome, MASA Syndrome, L1 syndrome)	ORPHA:2466	devneuro	ch18_antenatal_disruptions	brain	direct	stenosis of the aqueduct of Sylvius	stenosis of the aqueduct of Sylvius (MIM 307000)	FOETO:PF.CER-MAL-259 | Sténose de l'aqueduc de Sylvius | cerveau | 0.9	FOETO:PF.CER-MAL-258 | Sténose de l'aqueduc cérébral | cerveau | 0.6	FOETO:PF.CER-NOR-001 | Aqueduc de Sylvius | cerveau | 0.6	FOETO:PF.CER-MAL-259
514	G X-Linked Hydrocephalus Spectrum  (X-Linked Hydrocephalus Syndrome, MASA Syndrome, L1 syndrome)	ORPHA:2466	devneuro	ch18_antenatal_disruptions	brain stem	direct	small brain stem	small brain stem, agenesis or hypoplasia of the corticospinal tracts	FOETO:PF.CER-MAL-148 | Hypoplasie des voies cortico-spinales | cerveau | 0.7	FOETO:PF.CER-MAL-145 | Hypoplasie des faisceaux corticospinaux | cerveau | 0.7	FOETO:PF.CER-CLA-007 | Agénésie/hypoplasie des voies corticospinales | cerveau | 0.7	NOUVEAU
515	G X-Linked Hydrocephalus Spectrum  (X-Linked Hydrocephalus Syndrome, MASA Syndrome, L1 syndrome)	ORPHA:2466	devneuro	ch18_antenatal_disruptions	corticospinal tracts	direct	agenesis or hypoplasia of the corticospinal tracts	small brain stem, agenesis or hypoplasia of the corticospinal tracts	FOETO:PF.CER-MAL-148 | Hypoplasie des voies cortico-spinales | cerveau | 0.9	FOETO:PF.CER-MAL-145 | Hypoplasie des faisceaux corticospinaux | cerveau | 0.9	FOETO:PF.CER-CLA-007 | Agénésie/hypoplasie des voies corticospinales | cerveau | 0.9	FOETO:PF.CER-MAL-148
516	G X-Linked Hydrocephalus Spectrum  (X-Linked Hydrocephalus Syndrome, MASA Syndrome, L1 syndrome)	ORPHA:2466	devneuro	ch18_antenatal_disruptions	brain stem	direct	absent decussation of the pyramids	with absent decussation of the pyramids				NOUVEAU
517	G X-Linked Hydrocephalus Spectrum  (X-Linked Hydrocephalus Syndrome, MASA Syndrome, L1 syndrome)	ORPHA:2466	devneuro	ch18_antenatal_disruptions	pyramidal tract	direct	pyramidal tract agenesis/hypoplasia	pyramidal tract agenesis/hypoplasia, stenosis of the aqueduct of Sylvius	FOETO:PF.CER-MAL-259 | Sténose de l'aqueduc de Sylvius | cerveau | 0.7	FOETO:PF.CER-CLA-007 | Agénésie/hypoplasie des voies corticospinales | cerveau | 0.68	FOETO:PF.MUL-MAL-003 | Agénésie ou hypoplasie thymique | multi_organe | 0.6	FOETO:PF.CER-CLA-007
518	G X-Linked Hydrocephalus Spectrum  (X-Linked Hydrocephalus Syndrome, MASA Syndrome, L1 syndrome)	ORPHA:2466	devneuro	ch18_antenatal_disruptions	corpus callosum	direct	agenesis/hypoplasia of the corpus callosum	stenosis of the aqueduct of Sylvius and agenesis/hypoplasia of the corpus callosum	FOETO:PF.CER-MAL-150 | Hypoplasie du corps calleux | cerveau | 0.9	FOETO:PF.CER-RET-002 | Agénèse du corps calleux | cerveau | 0.9	FOETO:PF.CER-MAL-016 | Agénésie du corps calleux | cerveau | 0.9	FOETO:PF.CER-MAL-016
519	G X-Linked Hydrocephalus Spectrum  (X-Linked Hydrocephalus Syndrome, MASA Syndrome, L1 syndrome)	ORPHA:2466	devneuro	ch18_antenatal_disruptions	thalamus	direct	abnormal thalami	Abnormal thalami (Figure 18.4b) and mild or moderate infratentorial abnormalities				NON
520	G X-Linked Hydrocephalus Spectrum  (X-Linked Hydrocephalus Syndrome, MASA Syndrome, L1 syndrome)	ORPHA:2466	devneuro	ch18_antenatal_disruptions	infratentorium	direct	mild or moderate infratentorial abnormalities	Abnormal thalami (Figure 18.4b) and mild or moderate infratentorial abnormalities				NON
510	G X-Linked Hydrocephalus Spectrum  (X-Linked Hydrocephalus Syndrome, MASA Syndrome, L1 syndrome)	ORPHA:2466	keeling	ch28_brain_malformations	corpus callosum	direct	defect in axonal guidance and crossing of the midline	In X-linked hydrocephalus associated with mutation of L1CAM, callosal agenesis results from a defect in axonal guidance				NON
521	G X-Linked Hydrocephalus Spectrum  (X-Linked Hydrocephalus Syndrome, MASA Syndrome, L1 syndrome)	ORPHA:2466	perineuro	s5_hydrocephalus	aqueduct	direct	aqueduct stenosis	Most cases have aqueduct stenosis, but they do not have widespread abnormalities of the ependyma	FOETO:PF.CER-MAL-259 | Sténose de l'aqueduc de Sylvius | cerveau | 0.9	FOETO:PF.CER-MAL-258 | Sténose de l'aqueduc cérébral | cerveau | 0.6	FOETO:PF.CER-MAL-261 | Sténose/atrésie de l'aqueduc de Sylvius | cerveau | 0.6	FOETO:PF.CER-MAL-259
522	G X-Linked Hydrocephalus Spectrum  (X-Linked Hydrocephalus Syndrome, MASA Syndrome, L1 syndrome)	ORPHA:2466	perineuro	s5_hydrocephalus	brain	direct	brain malformation	X-linked hydrocephalus associated with mutations in L1 cell adhesion molecule (L1CAM) is associated with brain malformation				NON
523	G X-Linked Hydrocephalus Spectrum  (X-Linked Hydrocephalus Syndrome, MASA Syndrome, L1 syndrome)	ORPHA:2466	perineuro	s5_hydrocephalus	neuron	direct	abnormalities of neuron migration	X-linked hydrocephalus associated with mutations in L1 cell adhesion molecule (L1CAM) is associated with abnormalities of neuron migration				FOETO:PF.MUL-MET-093
593	G Zellweger Syndrome (Cerebro-Hepato-Renal Syndrome)	ORPHA:912	devneuro	ch15_cerebellar	brain	direct	extensive migrational abnormalities	Extensive migrational abnormalities are a regular feature of Zellweger syndrome	FOETO:PF.MUL-MET-029 | Anomalies cytoarchitectoniques cérébrales (syndrome de Zellweger) | multi_organe | 0.42			FOETO:PF.MUL-MET-093
578	G Zellweger Syndrome (Cerebro-Hepato-Renal Syndrome)	ORPHA:912	keeling	ch23_liver_gallbladder	liver	direct	iron deposition	iron deposition is not uncommon in any cause of submassive hepatic necrosis and is a positive feature of several metabolic disorders (e.g. Tyrosinemia, Zellweger syndrome)	FOETO:PF.FOI-MAL-046 | Nécrose hépatique submassive | foie | 0.8	FOETO:PF.FOI-MAL-027 | Foyers de nécrose hépatique focale | foie | 0.7	FOETO:PF.MUL-MET-276 | Surcharge hépatique en fer | multi_organe | 0.47	FOETO:PF.MUL-MET-276
579	G Zellweger Syndrome (Cerebro-Hepato-Renal Syndrome)	ORPHA:912	keeling	ch28_brain_malformations	brain	direct	PMG	PMG is observed in metabolic and lysosomal disorders including Zellweger syndrome				FOETO:PF.MUL-MET-239
580	G Zellweger Syndrome (Cerebro-Hepato-Renal Syndrome)	ORPHA:912	keeling	ch29_brain_degenerative	gray matter	direct	neuronal migration abnormalities	Gray matter abnormalities in peroxisomal disorders, especially Zellweger syndrome, are primarily characterized by neuronal migration abnormalities	FOETO:PF.MUL-MET-093 | Défaut de migration neuronale | multi_organe | 0.6	FOETO:PF.CER-CLA-012 | Anomalie de migration neuronale liée à Zika | cerveau | 0.54	FOETO:PF.MUL-MET-029 | Anomalies cytoarchitectoniques cérébrales (syndrome de Zellweger) | multi_organe | 0.42	FOETO:PF.MUL-MET-093
581	G Zellweger Syndrome (Cerebro-Hepato-Renal Syndrome)	ORPHA:912	keeling	ch29_brain_degenerative	gray matter	direct	polymicrogyria	including polymicrogyria, pachygyria and/or subcortical neuronal heterotopias	FOETO:PF.MUL-MET-239 | Polymicrogyrie | multi_organe | 1.0	FOETO:PF.CER-MAL-225 | Pachygyrie | cerveau | 0.8	FOETO:PF.CER-MAL-168 | Hétérotopie neuronale sous-corticale | cerveau | 0.8	FOETO:PF.MUL-MET-239
582	G Zellweger Syndrome (Cerebro-Hepato-Renal Syndrome)	ORPHA:912	keeling	ch29_brain_degenerative	gray matter	direct	pachygyria	including polymicrogyria, pachygyria and/or subcortical neuronal heterotopias	FOETO:PF.CER-MAL-225 | Pachygyrie | cerveau | 1.0	FOETO:PF.CER-MAL-168 | Hétérotopie neuronale sous-corticale | cerveau | 0.8	FOETO:PF.MUL-MET-239 | Polymicrogyrie | multi_organe | 0.8	FOETO:PF.CER-MAL-225
583	G Zellweger Syndrome (Cerebro-Hepato-Renal Syndrome)	ORPHA:912	keeling	ch29_brain_degenerative	gray matter	direct	subcortical neuronal heterotopias	including polymicrogyria, pachygyria and/or subcortical neuronal heterotopias	FOETO:PF.CER-MAL-168 | Hétérotopie neuronale sous-corticale | cerveau | 1.0	FOETO:PF.MUL-MET-163 | Hétérotopie neuronale | multi_organe | 1.0	FOETO:PF.MUL-MAL-026 | Hétérotopies neuronales | multi_organe | 1.0	FOETO:PF.CER-MAL-168
584	G Zellweger Syndrome (Cerebro-Hepato-Renal Syndrome)	ORPHA:912	keeling	ch29_brain_degenerative	white matter	direct	white matter degeneration	In addition, white matter degeneration may be seen.	FOETO:PF.CER-MET-033 | Dégénérescence axonale dans la substance blanche | cerveau | 0.68	FOETO:PF.CER-MET-035 | Dégénérescence wallérienne de la substance blanche | cerveau | 0.68	FOETO:PF.CER-RET-022 | Dégénérescence spongieuse de la substance blanche | cerveau | 0.68	NOUVEAU
588	G Zellweger Syndrome (Cerebro-Hepato-Renal Syndrome)	ORPHA:912	soffoet	ch23_syndromes	cerveau	direct	pachygyrie	Les lésions cérébrales les plus fréquemment observées correspondent à une pachygyrie, une microgyrie et des hétérotopies neuronales.	FOETO:PF.CER-MAL-225 | Pachygyrie | cerveau | 1.0	FOETO:PF.MUL-MAL-026 | Hétérotopies neuronales | multi_organe | 0.8	FOETO:PF.MUL-MET-163 | Hétérotopie neuronale | multi_organe | 0.7	FOETO:PF.CER-MAL-225
589	G Zellweger Syndrome (Cerebro-Hepato-Renal Syndrome)	ORPHA:912	soffoet	ch23_syndromes	cerveau	direct	microgyrie	Les lésions cérébrales les plus fréquemment observées correspondent à une pachygyrie, une microgyrie et des hétérotopies neuronales.	FOETO:PF.MUL-MAL-026 | Hétérotopies neuronales | multi_organe | 0.8	FOETO:PF.CER-MAL-225 | Pachygyrie | cerveau | 0.8	FOETO:PF.MUL-MET-163 | Hétérotopie neuronale | multi_organe | 0.7	NOUVEAU
590	G Zellweger Syndrome (Cerebro-Hepato-Renal Syndrome)	ORPHA:912	soffoet	ch23_syndromes	cerveau	direct	hétérotopies neuronales	Les lésions cérébrales les plus fréquemment observées correspondent à une pachygyrie, une microgyrie et des hétérotopies neuronales.	FOETO:PF.MUL-MAL-026 | Hétérotopies neuronales | multi_organe | 1.0	FOETO:PF.MUL-MET-163 | Hétérotopie neuronale | multi_organe | 0.9	FOETO:PF.CER-MAL-225 | Pachygyrie | cerveau | 0.8	FOETO:PF.MUL-MAL-026
591	G Zellweger Syndrome (Cerebro-Hepato-Renal Syndrome)	ORPHA:912	soffoet	ch23_syndromes	rein	direct	petits kystes corticaux	Les reins sont volontiers augmentés de volume, et présentent des petits kystes corticaux.	FOETO:PF.MUL-MAL-034 | Petits kystes rénaux corticaux | multi_organe | 0.68	FOETO:PF.MUL-MET-185 | Kystes rénaux corticaux | multi_organe | 0.6		FOETO:PF.MUL-MAL-034
264	H CHARGE Syndrome	ORPHA:138	verdijk	ch04_syndromic_anomalies	eye	direct	chorioretinal coloboma	Low-power view of the chorioretinal coloboma (H&E stain, 4×)	FOETO:PF.ORL-MAL-011 | Colobome rétinien | oeil_oreille | 1.0	FOETO:PF.ORL-MAL-009 | Colobome irien (défaut de fermeture de la fissure optique) | oeil_oreille | 0.5	FOETO:PF.ORL-MAL-010 | Colobome oculaire | oeil_oreille | 0.5	FOETO:PF.ORL-MAL-011
265	H CHARGE Syndrome	ORPHA:138	verdijk	ch04_syndromic_anomalies	eye	direct	retinal dysplasia	Area of retinal dysplasia (H&E stain, 400×)	FOETO:PF.ORL-MAL-026 | Pli rétinien falciforme congénital | oeil_oreille | 0.5	FOETO:PF.ORL-MAL-017 | Gliose rétinienne | oeil_oreille | 0.5		FOETO:PF.CER-MAL-083
266	H CHARGE Syndrome	ORPHA:138	verdijk	ch04_syndromic_anomalies	eye	direct	incomplete anterior chamber cleavage	Incomplete anterior chamber cleavage/anterior segment developmental anomaly for a neonate of this term	FOETO:PF.ORL-MAL-013 | Dysgenèse du segment antérieur | oeil_oreille | 0.47	FOETO:PF.MUL-MET-021 | Anomalie de la chambre antérieure de l'œil (anomalie de Peters) | multi_organe | 0.42		FOETO:PF.ORL-MAL-013
267	H CHARGE Syndrome	ORPHA:138	verdijk	ch04_syndromic_anomalies	eye	direct	optic nerve coloboma with a small cyst	Optic nerve coloboma with a small cyst (H&E stain, 4×)	FOETO:PF.ORL-MAL-008 | Colobome du nerf optique | oeil_oreille | 1.0	FOETO:PF.ORL-MAL-019 | Hypoplasie du nerf optique | oeil_oreille | 0.6	FOETO:PF.ORL-MAL-004 | Aplasie du nerf optique | oeil_oreille | 0.6	FOETO:PF.ORL-MAL-008
268	H CHARGE Syndrome	ORPHA:138	verdijk	ch04_syndromic_anomalies	brain	direct	glioneuronal heterotopia	Arachnoidal glioneuronal heterotopia (H&E stain, 100×)	FOETO:PF.MUL-MET-163 | Hétérotopie neuronale | multi_organe | 1.0	FOETO:PF.CER-INF-024 | Hétérotopie glioneuronale leptoméningée | cerveau | 0.6	FOETO:PF.CER-INF-040 | Nodules de cellules de la zone germinale — périventriculaires | cerveau | 0.5	FOETO:PF.MUL-MET-163
1255	H Donnai-Barrow Syndrome  (Facio-Oculo-Acoustic-Renal Syndrome, DBS/FOAR Syndrome)	ORPHA:2143	genereviews	donnai	kidney	direct	complete absence of megalin staining in proximal tubular cells	The c.2639+1G>A splice variant was shown to result in complete absence of megalin staining in proximal tubular cells				NOUVEAU
1256	H Donnai-Barrow Syndrome  (Facio-Oculo-Acoustic-Renal Syndrome, DBS/FOAR Syndrome)	ORPHA:2143	genereviews	donnai	kidney	direct	weak and diffuse cytoplasmic staining	Weak and diffuse cytoplasmic staining was detected in the kidney biopsy of an individual who was compound heterozygous				NON
250	H Fraser Syndrome (Cryptophthalmos Syndrome)	ORPHA:2052	verdijk	ch04_syndromic_anomalies	eye	direct	severely malformed anterior segment with lens tightly adherent to overlying skin	The anterior segment of the eye is severely malformed, with the lens being tightly adherent to the overlying skin	FOETO:PF.ORL-MAL-013 | Dysgenèse du segment antérieur | oeil_oreille | 0.6			FOETO:PF.ORL-MAL-013
251	H Fraser Syndrome (Cryptophthalmos Syndrome)	ORPHA:2052	verdijk	ch04_syndromic_anomalies	eye	direct	absence of corneal stroma	No corneal stroma could be observed	FOETO:PF.ORL-NOR-026 | Stroma cornéen hypercellulaire | oeil_oreille | 0.6			NOUVEAU
252	H Fraser Syndrome (Cryptophthalmos Syndrome)	ORPHA:2052	verdijk	ch04_syndromic_anomalies	eye	direct	aniridia and absence of anterior segment structures	Section of the eye showing aniridia and absence of the anterior segment	FOETO:PF.ORL-MAL-013 | Dysgenèse du segment antérieur | oeil_oreille | 0.6	FOETO:PF.ORL-MAL-018 | Hypoplasie de l'iris | oeil_oreille | 0.5		NOUVEAU
253	H Fraser Syndrome (Cryptophthalmos Syndrome)	ORPHA:2052	verdijk	ch04_syndromic_anomalies	eye	direct	absence of trabecular meshwork	with absence of the trabecular meshwork and malformation of the ciliary body				NOUVEAU
254	H Fraser Syndrome (Cryptophthalmos Syndrome)	ORPHA:2052	verdijk	ch04_syndromic_anomalies	eye	direct	malformation of the ciliary body	with absence of the trabecular meshwork and malformation of the ciliary body				NON
255	H Fraser Syndrome (Cryptophthalmos Syndrome)	ORPHA:2052	verdijk	ch04_syndromic_anomalies	eye	direct	normally formed posterior segment	The posterior segment was normally formed				NON
256	H Fraser Syndrome (Cryptophthalmos Syndrome)	ORPHA:2052	verdijk	ch04_syndromic_anomalies	eye	direct	cataractous lens with only lens capsule and epithelium present	The cataractous lens (only lens capsule and epithelium are present in this section)	FOETO:PF.MUL-MET-004 | Accumulation de galactitol dans le cristallin | multi_organe | 0.5	FOETO:PF.ORL-MAL-005 | Cataracte congénitale | oeil_oreille | 0.5		FOETO:PF.ORL-MAL-005
984	H Moebius Sequence	ORPHA:570	keeling	ch30_brain_acquired	brainstem	direct	selective damage to cranial nerve nuclei	Less severe or chronic insults to the brainstem cause selective damage to cranial nerve nuclei	FOETO:PF.CER-MAL-015 | Agénésie des noyaux de nerfs crâniens | cerveau | 0.68	FOETO:PF.CER-MAL-029 | Anomalie des noyaux des nerfs crâniens | cerveau | 0.68	FOETO:PF.CER-MAL-042 | Atrophie des noyaux du tronc cérébral | cerveau | 0.47	FOETO:PF.CER-MAL-029
986	H Robin Sequence (Pierre Robin Syndrome)		keeling	ch21_respiratory	palate	direct	rounded clefted palate	gives rise to a characteristic rounded clefted palate.				NON
987	H Robin Sequence (Pierre Robin Syndrome)		soffoet	ch11_cerveau	tronc cérébral	direct	altération des noyaux du XII	Les altérations des noyaux du tronc sont classiquement rapportées dans ... les séquences de Pierre Robin (noyaux du XII)				NOUVEAU
1372	H Treacher Collins Syndrome  (Mandibulofacial Dysostosis, Franceschetti-Klein Syndrome)	ORPHA:861	genereviews	tcs	rectum	direct	enlarged ganglionic myenteric plexus	enlarged ganglionic myenteric plexus has been histologically confirmed on a surgical rectal biopsy	FOETO:PF.DIG-NOR-015 | Cellules ganglionnaires matures du plexus myentérique | digestif | 0.6	FOETO:PF.DIG-MAL-002 | Absence de cellules ganglionnaires dans les plexus entériques | digestif | 0.6		NOUVEAU
346	H Waardenburg Syndrome	ORPHA:3440	keeling	ch33_skin	skin	direct	absent melanocytes and absent melanin pigmentation in the epidermal keratinocytes	Histology of depigmented skin show absent melanocytes and absent melanin pigmentation in the epidermal keratinocytes	FOETO:PF.PEA-MAL-004 | Absence de pigment mélanique épidermique | peau | 0.6	FOETO:PF.PEA-MAL-017 | Augmentation de la pigmentation épidermique sans augmentation du nombre de mélanocytes | peau | 0.54		FOETO:PF.PEA-MAL-003
608	I 22q11.2 Microdeletion Syndrome  (Velo-Cardio-Facial Syndrome, DiGeorge Syndrome, Shprintzen Syndrome)		ashworth	ch01_anatomy_normal	heart	direct	Myocardium in adventitia of pulmonary veins	Myocardium in adventitia of pulmonary veins. Sixteen-month-old female with DiGeorge syndrome.	FOETO:PF.COE-MAL-006 | Artérialisation des veines pulmonaires | coeur | 0.6	FOETO:PF.COE-NOR-053 | Prolongements myocardiques auriculaires dans les veines pulmonaires | coeur | 0.54		NON
609	I 22q11.2 Microdeletion Syndrome  (Velo-Cardio-Facial Syndrome, DiGeorge Syndrome, Shprintzen Syndrome)		ashworth	ch07_cardiomyopathy	heart	contexte	complex labyrinth of recesses extending among the muscular trabeculations	There is a complex labyrinth of recesses extending among the muscular trabeculations of the ventricular wall.	FOETO:PF.COE-NOR-071 | Trabéculation myocardique ventriculaire | coeur | 0.47			NON
603	I 22q11.2 Microdeletion Syndrome  (Velo-Cardio-Facial Syndrome, DiGeorge Syndrome, Shprintzen Syndrome)		keeling	ch26_endocrine	parathyroid gland	direct	parathyroid hypoplasia	DiGeorge syndrome, which is a malformation involving the third and fourth pharyngeal pouch and is due to deletion involving 22q11.2 gene, is characterised by thymic aplasia or hypoplasia, parathyroid hypoplasia and cardiac malformation.	FOETO:PF.MUL-MAL-003 | Agénésie ou hypoplasie thymique | multi_organe | 0.47	FOETO:PF.MUL-MAL-028 | Malformation cardiaque cono-tronale | multi_organe | 0.47		NOUVEAU
604	I 22q11.2 Microdeletion Syndrome  (Velo-Cardio-Facial Syndrome, DiGeorge Syndrome, Shprintzen Syndrome)		keeling	ch26_endocrine	thymus	direct	thymic aplasia or hypoplasia	DiGeorge syndrome, which is a malformation involving the third and fourth pharyngeal pouch and is due to deletion involving 22q11.2 gene, is characterised by thymic aplasia or hypoplasia, parathyroid hypoplasia and cardiac malformation.	FOETO:PF.HEM-MAL-003 | Hypoplasie / aplasie thymique | hematolymphoide | 0.9	FOETO:PF.MUL-MAL-003 | Agénésie ou hypoplasie thymique | multi_organe | 0.6	FOETO:PF.MUL-MAL-028 | Malformation cardiaque cono-tronale | multi_organe | 0.47	FOETO:PF.HEM-MAL-003
800	I Lenz Microphthalmia Syndrome		verdijk	ch04_syndromic_anomalies	eye	direct	severe microphthalmia	16-WoG fetus with Lenz microphthalmia syndrome with bilateral severe microphthalmia	FOETO:PF.ORL-MAL-022 | Microphtalmie | oeil_oreille | 1.0			FOETO:PF.ORL-MAL-022
801	I Lenz Microphthalmia Syndrome		verdijk	ch04_syndromic_anomalies	eye	direct	choroidal coloboma	Fellow eye with severe microphthalmia with choroidal coloboma and cartilaginous choristoma	FOETO:PF.ORL-MAL-022 | Microphtalmie | oeil_oreille | 0.8	FOETO:PF.ORL-MAL-009 | Colobome irien (défaut de fermeture de la fissure optique) | oeil_oreille | 0.5	FOETO:PF.ORL-MAL-010 | Colobome oculaire | oeil_oreille | 0.5	FOETO:PF.ORL-MAL-010
802	I Lenz Microphthalmia Syndrome		verdijk	ch04_syndromic_anomalies	eye	direct	cartilaginous choristoma	Fellow eye with severe microphthalmia with choroidal coloboma and cartilaginous choristoma	FOETO:PF.ORL-MAL-022 | Microphtalmie | oeil_oreille | 0.8			NOUVEAU
803	I Lenz Microphthalmia Syndrome		verdijk	ch04_syndromic_anomalies	eye	direct	retinal dysplasia with rosettes	Retinal dysplasia with rosettes in the same eye as D	FOETO:PF.ORL-MAL-026 | Pli rétinien falciforme congénital | oeil_oreille | 0.5	FOETO:PF.ORL-MAL-017 | Gliose rétinienne | oeil_oreille | 0.5		FOETO:PF.CER-MAL-083
895	J Aase Syndrome (Diamond-Blackfan Anemia)	ORPHA:124	benirschke	ch23_erythroblastosis_hydrops	bone marrow	direct	erythroid hypoplasia	The marrow and other sites of hematopoiesis will instead show erythroid hypoplasia.	FOETO:PF.HEM-NOR-040 | Hématopoïèse médullaire osseuse (moelle) | hematolymphoide | 0.47			NOUVEAU
896	J Aase Syndrome (Diamond-Blackfan Anemia)	ORPHA:124	benirschke	ch23_erythroblastosis_hydrops	pancreas	direct	enlarged islets of Langerhans	Interestingly, the islets of Langerhans were much enlarged, similar to changes described in the pancreas of fetuses with erythroblastosis fetalis.	FOETO:PF.END-MAL-012 | Hyperplasie des îlots de Langerhans | endocrine | 0.6	FOETO:PF.MUL-NOR-038 | Îlots de Langerhans volumineux | multi_organe | 0.6		FOETO:PF.END-MAL-012
276	J Escobar Syndrome (Multiple Pterygium Syndrome)		keeling	ch31_skeletal_muscle	muscle	direct	vacuolar degeneration	features of vacuolar degeneration, dystrophy (with variation in muscle fiber diameter and interstitial fibrosis), myotubular morphology, and generalized hypotrophy	FOETO:PF.MUS-RET-047 | Variation du diamètre des fibres musculaires | muscle | 0.8	FOETO:PF.MUS-RET-018 | Dégénérescence vacuolaire des fibres musculaires | muscle | 0.7	FOETO:PF.MUS-RET-004 | Aspect myotubulaire généralisé des fibres musculaires | muscle | 0.7	FOETO:PF.MUS-RET-018
277	J Escobar Syndrome (Multiple Pterygium Syndrome)		keeling	ch31_skeletal_muscle	muscle	direct	dystrophy with variation in muscle fiber diameter and interstitial fibrosis	features of vacuolar degeneration, dystrophy (with variation in muscle fiber diameter and interstitial fibrosis), myotubular morphology, and generalized hypotrophy	FOETO:PF.MUS-RET-047 | Variation du diamètre des fibres musculaires | muscle | 1.0	FOETO:PF.MUS-RET-018 | Dégénérescence vacuolaire des fibres musculaires | muscle | 0.7	FOETO:PF.MUS-RET-004 | Aspect myotubulaire généralisé des fibres musculaires | muscle | 0.7	FOETO:PF.MUS-RET-047
278	J Escobar Syndrome (Multiple Pterygium Syndrome)		keeling	ch31_skeletal_muscle	muscle	direct	myotubular morphology	features of vacuolar degeneration, dystrophy (with variation in muscle fiber diameter and interstitial fibrosis), myotubular morphology, and generalized hypotrophy	FOETO:PF.MUS-RET-047 | Variation du diamètre des fibres musculaires | muscle | 0.8	FOETO:PF.MUS-RET-018 | Dégénérescence vacuolaire des fibres musculaires | muscle | 0.7	FOETO:PF.MUS-RET-004 | Aspect myotubulaire généralisé des fibres musculaires | muscle | 0.7	FOETO:PF.MUS-RET-004
279	J Escobar Syndrome (Multiple Pterygium Syndrome)		keeling	ch31_skeletal_muscle	muscle	direct	generalized hypotrophy	features of vacuolar degeneration, dystrophy (with variation in muscle fiber diameter and interstitial fibrosis), myotubular morphology, and generalized hypotrophy	FOETO:PF.MUS-RET-047 | Variation du diamètre des fibres musculaires | muscle | 0.8	FOETO:PF.MUS-RET-018 | Dégénérescence vacuolaire des fibres musculaires | muscle | 0.7	FOETO:PF.MUS-RET-004 | Aspect myotubulaire généralisé des fibres musculaires | muscle | 0.7	NON
280	J Escobar Syndrome (Multiple Pterygium Syndrome)		keeling	ch31_skeletal_muscle	brain	contexte	agenesis of the corpus callosum	They also identified cases with central nervous system anomalies including agenesis of the corpus callosum and patchy dysplasia of the cerebral cortex.	FOETO:PF.CER-RET-002 | Agénèse du corps calleux | cerveau | 0.9	FOETO:PF.CER-MAL-016 | Agénésie du corps calleux | cerveau | 0.9	FOETO:PF.CER-INF-013 | Cortex dysplasique | cerveau | 0.7	FOETO:PF.CER-MAL-016
281	J Escobar Syndrome (Multiple Pterygium Syndrome)		keeling	ch31_skeletal_muscle	brain	contexte	patchy dysplasia of the cerebral cortex	They also identified cases with central nervous system anomalies including agenesis of the corpus callosum and patchy dysplasia of the cerebral cortex.	FOETO:PF.CER-INF-013 | Cortex dysplasique | cerveau | 0.9	FOETO:PF.CER-RET-002 | Agénèse du corps calleux | cerveau | 0.7	FOETO:PF.CER-MAL-016 | Agénésie du corps calleux | cerveau | 0.7	FOETO:PF.CER-INF-013
1369	K Autosomal Recessive Chondrodysplasia Punctata (Chondrodysplasia Punctata, Rhizomelic Type)		genereviews	x-dcdp	skin	direct	dilated ostial hyperkeratosis of the hair follicle with keratin calcium deposits	Histologic examination of skin biopsies of individuals with EBP-CDPX show dilated ostial hyperkeratosis of the hair follicle with keratin calcium deposits	FOETO:PF.PEA-MAL-060 | Parakératose compacte | peau | 0.5	FOETO:PF.PEA-MAL-038 | Hyperkératose épidermique avec parakératose focale et acanthose | peau | 0.5	FOETO:PF.PEA-MAL-041 | Hyperplasie épidermique monstrueuse (fœtus arlequin) | peau | 0.5	NOUVEAU
809	K Autosomal Recessive Chondrodysplasia Punctata (Chondrodysplasia Punctata, Rhizomelic Type)		keeling	ch32_skeletal_system	cartilage	direct	Stippled cartilage	Stippled cartilage				NOUVEAU
285	K Boomerang Dysplasia	ORPHA:1263	keeling	ch32_skeletal_system	resting cartilage	direct	multinucleated large chondrocytes	The histology of the resting cartilage of the filaminopathies shows multinucleated large chondrocytes				NOUVEAU
286	K Boomerang Dysplasia	ORPHA:1263	keeling	ch32_skeletal_system	resting cartilage	direct	multinucleated chondrocytes in the resting cartilage	Histology (b, c) of the same case shows the presence of multinucleated chondrocytes in the resting cartilage				NOUVEAU
1258	K Campomelic Dysplasia	ORPHA:140	genereviews	campo-dysp	pancreas	direct	histologic pancreatic abnormalities	Histologic pancreatic abnormalities have been described in three newborns who died at term from CD				NON
1356	K Chondrodysplasia Punctata, X-Linked Dominant Type (Conradi-Hünermann Syndrome)		genereviews	x-dcdp	skin	direct	dilated ostial hyperkeratosis of the hair follicle with keratin calcium deposits	Histologic examination of skin biopsies of individuals with EBP-CDPX show dilated ostial hyperkeratosis of the hair follicle with keratin calcium deposits	FOETO:PF.PEA-MAL-060 | Parakératose compacte | peau | 0.5	FOETO:PF.PEA-MAL-038 | Hyperkératose épidermique avec parakératose focale et acanthose | peau | 0.5	FOETO:PF.PEA-MAL-041 | Hyperplasie épidermique monstrueuse (fœtus arlequin) | peau | 0.5	NOUVEAU
613	K Chondrodysplasia Punctata, X-Linked Dominant Type (Conradi-Hünermann Syndrome)		keeling	ch32_skeletal_system	cartilage	direct	Stippled cartilage	Stippled cartilage				NOUVEAU
1112	K Chondroectodermal Dysplasia (Ellis–van Creveld Syndrome)	ORPHA:289	soffoet	ch13_squelette	bone	direct	convex line of ossification and radial arrangement of primary trabeculae	en histologie, à faible grossissement la ligne d’ossification est nettement convexe et les travées primaires s’agencent nettement de façon radiaire	FOETO:PF.SQU-NOR-007 | Centre d'ossification primaire | squelette | 0.6			NON
1113	K Chondroectodermal Dysplasia (Ellis–van Creveld Syndrome)	ORPHA:289	soffoet	ch13_squelette	bone	direct	thick primary bone	l’os primaire est épais				NOUVEAU
1114	K Chondroectodermal Dysplasia (Ellis–van Creveld Syndrome)	ORPHA:289	soffoet	ch13_squelette	growth plate	direct	highly variable growth plate, barely differentiated or very short, with thick, poorly oriented, reticulated guiding trabeculae	à fort grossissement, la plaque de croissance a un aspect très variable d’une zone à l’autre, à peine différenciée, ou très courte, et donne des travées directrices épaisses, et mal orientées, réticulées	FOETO:PF.SQU-MAL-059 | Plaque de croissance courte avec colonnes mal orientées | squelette | 0.75	FOETO:PF.MUL-MET-124 | Désorganisation de la plaque de croissance osseuse | multi_organe | 0.6	FOETO:PF.SQU-MAL-075 | Travées d'os primaire épaisses et mal orientées | squelette | 0.6	FOETO:PF.SQU-MAL-059
1115	K Chondroectodermal Dysplasia (Ellis–van Creveld Syndrome)	ORPHA:289	soffoet	ch13_squelette	growth plate	direct	abnormal shift between the collar and cartilage	on retrouve le décalage anormal entre la virole (*) et le cartilage, typique de la famille des nanismes à côtes courtes	FOETO:PF.SQU-MAL-022 | Côtes courtes | squelette | 0.8			NON
1406	K Diastrophic* Dysplasia (Diastrophic Nanism Syndrome)	ORPHA:628	genereviews	diastrophic-d	cartilage	direct	paucity of sulfated proteoglycans in cartilage matrix	reflects the paucity of sulfated proteoglycans in cartilage matrix				NOUVEAU
1407	K Diastrophic* Dysplasia (Diastrophic Nanism Syndrome)	ORPHA:628	genereviews	diastrophic-d	cartilage	direct	abnormal extracellular matrix with threads of fibrillar material between cystic acellular areas and areas of normal cellularity	It shows an abnormal extracellular matrix with threads of fibrillar material between cystic acellular areas and areas of normal cellularity				NOUVEAU
1408	K Diastrophic* Dysplasia (Diastrophic Nanism Syndrome)	ORPHA:628	genereviews	diastrophic-d	cartilage	direct	chondrocytes surrounded by lamellar material forming concentric rings	Some chondrocytes appear surrounded by lamellar material forming concentric rings				NOUVEAU
1409	K Diastrophic* Dysplasia (Diastrophic Nanism Syndrome)	ORPHA:628	genereviews	diastrophic-d	growth plate	direct	disruption of column formation and hypertrophic zones with irregular invasion of the metaphyseal capillaries and fibrosis	The growth plate shows disruption of column formation and hypertrophic zones with irregular invasion of the metaphyseal capillaries and fibrosis	FOETO:PF.SQU-MAL-024 | Fibrose endostale métaphysaire | squelette | 0.6	FOETO:PF.SQU-NOR-005 | Cartilage de croissance — zone hypertrophique | squelette | 0.52	FOETO:PF.MUL-MET-124 | Désorganisation de la plaque de croissance osseuse | multi_organe | 0.47	FOETO:PF.MUL-MET-124
1410	K Diastrophic* Dysplasia (Diastrophic Nanism Syndrome)	ORPHA:628	genereviews	diastrophic-d	cartilage	direct	cartilage matrix abnormalities	These cartilage matrix abnormalities are present in long bones as well as in tracheal, laryngeal, and peribronchial cartilage				NOUVEAU
1289	K Geleophysic Dysplasia		genereviews	geleophys-dysp	skin, liver, trachea, and heart	direct	lysosomal-like PAS-positive vacuoles	Histologic examination of skin, liver, trachea, and heart shows lysosomal-like PAS-positive vacuoles				NOUVEAU
1290	K Geleophysic Dysplasia		genereviews	geleophys-dysp	cardiac mitral valve	direct	collagen accumulation responsible for severe fibrosis	histopathologic analysis of cardiac mitral valve revealed collagen accumulation responsible for severe fibrosis				NOUVEAU
1291	K Geleophysic Dysplasia		genereviews	geleophys-dysp	cardiac mitral valve	direct	without glycosaminoglycan deposition	chordae tendineae were contained, without glycosaminoglycan deposition				NON
1061	K Metaphyseal Dysplasia, Schmid Type		keeling	ch32_skeletal_system	bone	contexte	diminution of chondrocyte proliferation	Histological examination revealed a diminution of chondrocyte proliferation, associated with premature maturation of chondrocytes				NON
1062	K Metaphyseal Dysplasia, Schmid Type		keeling	ch32_skeletal_system	bone	contexte	premature maturation of chondrocytes	Histological examination revealed a diminution of chondrocyte proliferation, associated with premature maturation of chondrocytes				NOUVEAU
1063	K Metaphyseal Dysplasia, Schmid Type		keeling	ch32_skeletal_system	bone	contexte	accelerated bone formation	associated with premature maturation of chondrocytes and accelerated bone formation. These characteristics do				NON
18	K Thanatophoric Dysplasia	ORPHA:2655	keeling	ch32_skeletal_system	cartilage	direct	normal cellular density with an abundant homogeneous matrix	Histologically, the resting cartilage has normal cellular density with an abundant homogeneous matrix.	FOETO:PF.SQU-MAL-044 | Matrice cartilagineuse épiphysaire de densité diminuée et hétérogène | squelette | 0.42			NON
19	K Thanatophoric Dysplasia	ORPHA:2655	keeling	ch32_skeletal_system	cartilage	direct	hypertrophic chondrocytes in disorderly arrangement	Hypertrophic chondrocytes are recognizable but in disorderly arrangement.				NOUVEAU
20	K Thanatophoric Dysplasia	ORPHA:2655	keeling	ch32_skeletal_system	growth plate	direct	hypertrophy of the periphysis with penetration of the growth plate	The most characteristic abnormality is hypertrophy of the periphysis with penetration of the growth plate	FOETO:PF.MUL-MET-124 | Désorganisation de la plaque de croissance osseuse | multi_organe | 0.6	FOETO:PF.SQU-NOR-005 | Cartilage de croissance — zone hypertrophique | squelette | 0.6	FOETO:PF.SQU-MAL-067 | Raccourcissement de la zone hypertrophique de la plaque de croissance | squelette | 0.54	NOUVEAU
21	K Thanatophoric Dysplasia	ORPHA:2655	keeling	ch32_skeletal_system	growth plate	direct	fibrous disorganization with formation of plump haphazardly arranged bony trabeculae	fibrous disorganization with formation of plump haphazardly arranged bony trabeculae is apparent				NOUVEAU
22	K Thanatophoric Dysplasia	ORPHA:2655	keeling	ch32_skeletal_system	growth plate	direct	irregular transition between bone and cartilage with occasional islands of fibrotic tissue	The epiphyseal growth plate of a 34 weeks gestational age-old fetus with an irregular transition between bone and cartilage with occasional islands of fibrotic tissue	FOETO:PF.MUL-MET-124 | Désorganisation de la plaque de croissance osseuse | multi_organe | 0.47			FOETO:PF.MUL-MET-124
23	K Thanatophoric Dysplasia	ORPHA:2655	keeling	ch32_skeletal_system	growth plate	direct	increased periosteal ossification and fibrotic tissue penetrating the growth zone	increased periosteal ossification and fibrotic tissue penetrating the growth zone from the groove of Ranvier	FOETO:PF.MUL-MET-243 | Périostose osseuse | multi_organe | 0.6			FOETO:PF.MUL-MET-243
1373	N Nail-Patella Syndrome (Hereditary Osteo-Onychodysplasia)	ORPHA:2614	genereviews	nail-ps	kidney	direct	irregular thickening of the glomerular basement membrane with electron-lucent areas giving a mottled 'moth-eaten' appearance	"irregular thickening of the glomerular basement membrane with electron-lucent areas giving a mottled ""moth-eaten"" appearance"				NOUVEAU
1374	N Nail-Patella Syndrome (Hereditary Osteo-Onychodysplasia)	ORPHA:2614	genereviews	nail-ps	kidney	direct	presence of collagen-like fibers within the basement membrane and the mesangial matrix	the presence of collagen-like fibers within the basement membrane and the mesangial matrix				NOUVEAU
858	O Leroy I-Cell Syndrome (Mucolipidosis II)		benirschke	ch24_fetal_storage	placenta	direct	uniformly finely vacuolated syncytium	The syncytium is characteristically uniformly finely vacuolated.				FOETO:PF.MUL-MET-298
859	O Leroy I-Cell Syndrome (Mucolipidosis II)		benirschke	ch24_fetal_storage	placenta	direct	vacuoles of formerly mucolipid-containing lysosomes in syncytium and Hofbauer cells	The syncytium and Hofbauer cells were primarily affected; the vacuoles of formerly mucolipid-containing lysosomes were readily apparent				FOETO:PF.MUL-MET-298
860	O Leroy I-Cell Syndrome (Mucolipidosis II)		benirschke	ch24_fetal_storage	placenta	direct	extensive fine vacuolation of syncytial cytoplasm	Note extensive fine vacuolation, the storage site of washed-out glycolipids in the syncytial cytoplasm	FOETO:PF.MUL-MET-297 | Vacuolisation cytoplasmique des neurones (surcharge neuronale) | multi_organe | 0.52	FOETO:PF.MUL-MET-063 | Cellules de surcharge à cytoplasme vacuolisé (fœtus) | multi_organe | 0.52		FOETO:PF.MUL-MET-298
861	O Leroy I-Cell Syndrome (Mucolipidosis II)		benirschke	ch24_fetal_storage	placenta	direct	marked vacuolization of the syncytiotrophoblast and Hofbauer cells	The affected placenta displayed marked vacuolization of the syncytiotrophoblast and Hofbauer cells	FOETO:PF.MUL-MET-300 | Vacuolisation des cellules de Hofbauer placentaires | multi_organe | 0.7	FOETO:PP.PLA-NOR-176 | Syncytiotrophoblaste | placenta | 0.6	FOETO:PF.MUL-MET-298 | Vacuolisation cytoplasmique du syncytiotrophoblaste | multi_organe | 0.6	FOETO:PF.MUL-MET-300
865	O Leroy I-Cell Syndrome (Mucolipidosis II)		perineuro	s10_metabolic	placenta	direct	presence of trophoblasts	On the other hand, the presence of trophoblasts points to mucolipidosis II.				NON
44	O Mucopolysaccharidosis VII  (Sly Syndrome, ß-Glucuronidase Deficiency)		benirschke	ch24_fetal_storage	placenta	direct	Vacuolated syncytium	Vacuolated syncytium, absent heparin-N-sulfatase				FOETO:PF.MUL-MET-298
1375	P Ehlers-Danlos Syndrome	ORPHA:98249	genereviews	eds	skin	direct	collagen flowers	TEM findings of collagen flowers on skin biopsy can support the clinical diagnosis				NOUVEAU
1376	P Ehlers-Danlos Syndrome	ORPHA:98249	genereviews	eds-pd	skin	direct	dermal fibrosis and hemosiderin deposition	Histologic analysis from brownish pretibial skin demonstrated dermal fibrosis and hemosiderin deposition				NOUVEAU
1377	P Ehlers-Danlos Syndrome	ORPHA:98249	genereviews	eds-pd	skin	direct	necrobiotic	the pretibial plaques of pEDS are often necrobiotic, reflecting more severe connective tissue matrix inflammation and degradation				NON
1378	P Ehlers-Danlos Syndrome	ORPHA:98249	genereviews	eds3	skin	direct	reduction or absence of small nerve fibers	Skin biopsy may reveal reduction or absence of small nerve fibers				NOUVEAU
1379	P Ehlers-Danlos Syndrome	ORPHA:98249	genereviews	fkbp14-keds	muscle	direct	nonspecific mild myopathic changes with increased variation in muscle fiber diameter	Histopathology of muscle biopsies showing nonspecific mild myopathic changes with increased variation in muscle fiber diameter	FOETO:PF.MUS-RET-047 | Variation du diamètre des fibres musculaires | muscle | 1.0	FOETO:PF.MUS-RET-020 | Fibre musculaire de type 2C fœtale | muscle | 0.6	FOETO:PF.MUS-NOR-003 | Fibres de Wohlfart type a et b | muscle | 0.6	FOETO:PF.MUS-RET-047
1380	P Ehlers-Danlos Syndrome	ORPHA:98249	genereviews	fkbp14-keds	muscle	direct	profound fiber atrophy and proliferation of fatty tissue	to more pronounced changes with profound fiber atrophy and proliferation of fatty tissue	FOETO:PF.MUS-RET-005 | Atrophie des fibres musculaires | muscle | 0.6			FOETO:PF.MUS-RET-005
1381	P Ehlers-Danlos Syndrome	ORPHA:98249	genereviews	fkbp14-keds	skin	direct	disarray of extracellular matrix components	Disarray of the main components of the extracellular matrix (i.e., collagen type I, III, and VI; fibronectin; tenascins; thrombospondin)				NON
1382	P Ehlers-Danlos Syndrome	ORPHA:98249	genereviews	fkbp14-keds	skin	direct	marked enlargement of the ER cisterns with accumulation of flocculent material	Marked enlargement of the ER cisterns with accumulation of flocculent material in skin cells of affected individuals				NON
1383	P Ehlers-Danlos Syndrome	ORPHA:98249	genereviews	tnxb-eds	skin	direct	mild atrophic scarring	mild atrophic scarring (not including cigarette paper scarring and hemosiderosis) has been reported in seven affected individuals				NON
1384	P Ehlers-Danlos Syndrome	ORPHA:98249	genereviews	tnxb-eds	muscle	direct	mild myopathic changes	Muscle biopsy showed mild myopathic changes in some affected individuals	FOETO:PF.MUS-RET-030 | Inclusions polyglucosaniques sarcoplasmiques (PAS+ diastase-résistantes) | muscle | 0.5	FOETO:PF.MUL-MET-096 | Déficit d'un complexe de la chaîne respiratoire mitochondriale dans le muscle | multi_organe | 0.5	FOETO:PF.MUS-RET-017 | Déficit en α-dystroglycane en immunohistochimie | muscle | 0.5	NON
899	P Ehlers-Danlos Syndrome	ORPHA:98249	keeling	ch34_special_senses	lens	direct	zonular rupture	Ectopia lentis results from zonular rupture, causing lens dislocation or subluxation.				NOUVEAU
900	P Ehlers-Danlos Syndrome	ORPHA:98249	keeling	ch34_special_senses	lens	direct	lens dislocation	Ectopia lentis results from zonular rupture, causing lens dislocation or subluxation.	FOETO:PF.ORL-NOR-028 | Zonules du cristallin (fibres de suspension) | oeil_oreille | 0.5			NOUVEAU
901	P Ehlers-Danlos Syndrome	ORPHA:98249	keeling	ch34_special_senses	lens	direct	subluxation	Ectopia lentis results from zonular rupture, causing lens dislocation or subluxation.				NON
1292	P Loeys-Dietz Syndrome	ORPHA:60030	genereviews	loeys-dietz	aorta	direct	fragmentation of elastic fibers	Histologic examination of aortic tissue reveals fragmentation of elastic fibers, loss of elastin content, and accumulation of amorphous matrix components in the aortic media.	FOETO:PF.COE-DYS-011 | Fragmentation des lames élastiques aortiques | coeur | 0.42			FOETO:PF.COE-DYS-011
1293	P Loeys-Dietz Syndrome	ORPHA:60030	genereviews	loeys-dietz	aorta	direct	loss of elastin content	Histologic examination of aortic tissue reveals fragmentation of elastic fibers, loss of elastin content, and accumulation of amorphous matrix components in the aortic media.	FOETO:PF.COE-DYS-011 | Fragmentation des lames élastiques aortiques | coeur | 0.42			NOUVEAU
1294	P Loeys-Dietz Syndrome	ORPHA:60030	genereviews	loeys-dietz	aorta	direct	accumulation of amorphous matrix components in the aortic media	Histologic examination of aortic tissue reveals fragmentation of elastic fibers, loss of elastin content, and accumulation of amorphous matrix components in the aortic media.	FOETO:PF.COE-DYS-011 | Fragmentation des lames élastiques aortiques | coeur | 0.42			NOUVEAU
1295	P Loeys-Dietz Syndrome	ORPHA:60030	genereviews	loeys-dietz	aorta	direct	loss of the intimate spatial association between elastin deposits and vascular smooth muscle cells	Structural analysis shows loss of the intimate spatial association between elastin deposits and vascular smooth muscle cells and a marked excess of aortic wall collagen.				NON
1296	P Loeys-Dietz Syndrome	ORPHA:60030	genereviews	loeys-dietz	aorta	direct	marked excess of aortic wall collagen	Structural analysis shows loss of the intimate spatial association between elastin deposits and vascular smooth muscle cells and a marked excess of aortic wall collagen.				NOUVEAU
1297	P Loeys-Dietz Syndrome	ORPHA:60030	genereviews	loeys-dietz	aorta	direct	diffuse medial degeneration	Aortic samples from individuals with LDS had significantly more diffuse medial degeneration than did samples from individuals with Marfan syndrome or control individuals.				FOETO:PF.COE-DYS-006
1298	P Loeys-Dietz Type 1		genereviews	loeys-dietz	aorta	direct	fragmentation of elastic fibers	Histologic examination of aortic tissue reveals fragmentation of elastic fibers, loss of elastin content, and accumulation of amorphous matrix components in the aortic media.	FOETO:PF.COE-DYS-011 | Fragmentation des lames élastiques aortiques | coeur | 0.42			FOETO:PF.COE-DYS-011
1299	P Loeys-Dietz Type 1		genereviews	loeys-dietz	aorta	direct	loss of elastin content	Histologic examination of aortic tissue reveals fragmentation of elastic fibers, loss of elastin content, and accumulation of amorphous matrix components in the aortic media.	FOETO:PF.COE-DYS-011 | Fragmentation des lames élastiques aortiques | coeur | 0.42			NOUVEAU
1300	P Loeys-Dietz Type 1		genereviews	loeys-dietz	aorta	direct	accumulation of amorphous matrix components in the aortic media	Histologic examination of aortic tissue reveals fragmentation of elastic fibers, loss of elastin content, and accumulation of amorphous matrix components in the aortic media.	FOETO:PF.COE-DYS-011 | Fragmentation des lames élastiques aortiques | coeur | 0.42			NOUVEAU
1301	P Loeys-Dietz Type 1		genereviews	loeys-dietz	aorta	direct	loss of the intimate spatial association between elastin deposits and vascular smooth muscle cells	Structural analysis shows loss of the intimate spatial association between elastin deposits and vascular smooth muscle cells and a marked excess of aortic wall collagen.				NON
1302	P Loeys-Dietz Type 1		genereviews	loeys-dietz	aorta	direct	marked excess of aortic wall collagen	Structural analysis shows loss of the intimate spatial association between elastin deposits and vascular smooth muscle cells and a marked excess of aortic wall collagen.				NOUVEAU
1303	P Loeys-Dietz Type 1		genereviews	loeys-dietz	aorta	direct	diffuse medial degeneration	Aortic samples from individuals with LDS had significantly more diffuse medial degeneration than did samples from individuals with Marfan syndrome or control individuals.				FOETO:PF.COE-DYS-006
1304	P Loeys-Dietz Type 2		genereviews	loeys-dietz	aorta	direct	fragmentation of elastic fibers	Histologic examination of aortic tissue reveals fragmentation of elastic fibers, loss of elastin content, and accumulation of amorphous matrix components in the aortic media.	FOETO:PF.COE-DYS-011 | Fragmentation des lames élastiques aortiques | coeur | 0.42			FOETO:PF.COE-DYS-011
1305	P Loeys-Dietz Type 2		genereviews	loeys-dietz	aorta	direct	loss of elastin content	Histologic examination of aortic tissue reveals fragmentation of elastic fibers, loss of elastin content, and accumulation of amorphous matrix components in the aortic media.	FOETO:PF.COE-DYS-011 | Fragmentation des lames élastiques aortiques | coeur | 0.42			NOUVEAU
1306	P Loeys-Dietz Type 2		genereviews	loeys-dietz	aorta	direct	accumulation of amorphous matrix components in the aortic media	Histologic examination of aortic tissue reveals fragmentation of elastic fibers, loss of elastin content, and accumulation of amorphous matrix components in the aortic media.	FOETO:PF.COE-DYS-011 | Fragmentation des lames élastiques aortiques | coeur | 0.42			NOUVEAU
1307	P Loeys-Dietz Type 2		genereviews	loeys-dietz	aorta	direct	loss of the intimate spatial association between elastin deposits and vascular smooth muscle cells	Structural analysis shows loss of the intimate spatial association between elastin deposits and vascular smooth muscle cells and a marked excess of aortic wall collagen.				NON
1308	P Loeys-Dietz Type 2		genereviews	loeys-dietz	aorta	direct	marked excess of aortic wall collagen	Structural analysis shows loss of the intimate spatial association between elastin deposits and vascular smooth muscle cells and a marked excess of aortic wall collagen.				NOUVEAU
1309	P Loeys-Dietz Type 2		genereviews	loeys-dietz	aorta	direct	diffuse medial degeneration	Aortic samples from individuals with LDS had significantly more diffuse medial degeneration than did samples from individuals with Marfan syndrome or control individuals.				FOETO:PF.COE-DYS-006
367	P Marfan Syndrome		ashworth	ch12_fetal_cv_disease	aorta	direct	cystic medial degeneration with fragmentation of elastic fibres and accumulation of glycosaminoglycans in the aortic tunica media	The characteristic abnormality is cystic medial degeneration with fragmentation of elastic fibres and accumulation of glycosaminoglycans in the aortic tunica media	FOETO:PF.COE-DYS-006 | Dégénérescence kystique de la média aortique | coeur | 0.68	FOETO:PF.COE-DYS-011 | Fragmentation des lames élastiques aortiques | coeur | 0.54		FOETO:PF.COE-DYS-006
368	P Marfan Syndrome		ashworth	ch15_sudden_death	aorta	direct	dissection of blood in the tunica media	an intimal tear in the ascending aorta with dissection of blood in the tunica media	FOETO:PF.COE-RET-005 | Dissection aortique avec déchirure intimale | coeur | 0.52			FOETO:PF.COE-RET-005
1329	P Marfan Syndrome		genereviews	marfan	aorta	direct	fragmentation of elastic fibers, loss of elastin content, and accumulation of amorphous matrix components in the aortic media	Histologic examination reveals fragmentation of elastic fibers, loss of elastin content, and accumulation of amorphous matrix components in the aortic media.	FOETO:PF.COE-DYS-011 | Fragmentation des lames élastiques aortiques | coeur | 0.54			FOETO:PF.COE-DYS-011
363	P Marfan Syndrome		keeling	ch20_cardiovascular	aorta	direct	interruption of the normal parallel arrangement of the elastic fibers, with their destruction and replacement by myxoid material	There is interruption of the normal parallel arrangement of the elastic fibers, with their destruction and replacement by myxoid material.				FOETO:PF.COE-DYS-011
364	P Marfan Syndrome		keeling	ch20_cardiovascular	aorta	direct	fibrosis and vascularization	Fibrosis and vascularization may develop				NON
48	P Osteogenesis Imperfecta Syndrome, Type I  (Autosomal Dominant Osteogenesis Imperfecta, Lobstein Disease)		keeling	ch32_skeletal_system	bone	direct	hypercellular bony trabeculae	Osteogenesis imperfecta 2A (fractures in long bones and ribs) (hypercellularbony trabeculae)				NOUVEAU
49	P Osteogenesis Imperfecta Syndrome, Type I  (Autosomal Dominant Osteogenesis Imperfecta, Lobstein Disease)		keeling	ch32_skeletal_system	growth plate	direct	sharp regular demarcation between cartilage and primary spongiosa	Histology of the epiphysis shows a sharp regular demarcation between cartilage and primary spongiosa.				NON
50	P Osteogenesis Imperfecta Syndrome, Type I  (Autosomal Dominant Osteogenesis Imperfecta, Lobstein Disease)		keeling	ch32_skeletal_system	metaphysis	direct	small islands of metaplastic cartilage in the metaphysis	Small islands of metaplastic cartilage (arrow) can be found in the metaphysis.				NOUVEAU
51	P Osteogenesis Imperfecta Syndrome, Type I  (Autosomal Dominant Osteogenesis Imperfecta, Lobstein Disease)		keeling	ch32_skeletal_system	bone	direct	highly cellular and thin bony trabeculae	The bony trabeculae are highly cellular and thin and the marrow between the bony trabeculae is focally fibrotic				NOUVEAU
52	P Osteogenesis Imperfecta Syndrome, Type I  (Autosomal Dominant Osteogenesis Imperfecta, Lobstein Disease)		keeling	ch32_skeletal_system	bone marrow	direct	focally fibrotic marrow between the bony trabeculae	The bony trabeculae are highly cellular and thin and the marrow between the bony trabeculae is focally fibrotic				NOUVEAU
53	P Osteogenesis Imperfecta Syndrome, Type I  (Autosomal Dominant Osteogenesis Imperfecta, Lobstein Disease)		keeling	ch32_skeletal_system	bone	direct	reduced volume of primary and secondary osseous trabeculae and cortical bone	the primary and secondary (osseous) trabeculae and the cortical bone are reduced in volume with thin osseous seams	FOETO:PF.SQU-MAL-074 | Travées d'os primaire grêles | squelette | 0.7	FOETO:PF.SQU-NOR-021 | Trabécules osseuses médullaires | squelette | 0.6		FOETO:PF.SQU-MAL-074
54	P Osteogenesis Imperfecta Syndrome, Type I  (Autosomal Dominant Osteogenesis Imperfecta, Lobstein Disease)		keeling	ch32_skeletal_system	growth plate	direct	thin osseous seams at the zone of chondro-osseous transformation	the primary and secondary (osseous) trabeculae and the cortical bone are reduced in volume with thin osseous seams at the zone of chondro-osseous transformation	FOETO:PF.SQU-MAL-074 | Travées d'os primaire grêles | squelette | 0.7	FOETO:PF.MUL-MET-123 | Désorganisation chondro-osseuse | multi_organe | 0.6	FOETO:PF.SQU-NOR-021 | Trabécules osseuses médullaires | squelette | 0.47	FOETO:PF.SQU-MAL-074
55	P Osteogenesis Imperfecta Syndrome, Type I  (Autosomal Dominant Osteogenesis Imperfecta, Lobstein Disease)		keeling	ch32_skeletal_system	bone	direct	small islands of metaplastic cartilage in the center of the bone	Very frequently in the center of the bone, small islands of metaplastic cartilage can be found in all type 2 cases				NOUVEAU
1362	P Osteogenesis Imperfecta Syndrome, Type II  (Osteogenesis Imperfecta Congenita, Vrolik Disease)		genereviews	oi	bone	direct	marked reduction in collagen in secondary trabeculae and cortical bone	Histologic evaluation of bone from infants with perinatally lethal OI shows marked reduction in collagen in secondary trabeculae and cortical bone	FOETO:PF.SQU-NOR-021 | Trabécules osseuses médullaires | squelette | 0.6			NOUVEAU
1363	P Osteogenesis Imperfecta Syndrome, Type II  (Osteogenesis Imperfecta Congenita, Vrolik Disease)		genereviews	oi	bone	direct	cortical bone is hypercellular with large osteocytes	Cortical bone is hypercellular with large osteocytes				NOUVEAU
1364	P Osteogenesis Imperfecta Syndrome, Type II  (Osteogenesis Imperfecta Congenita, Vrolik Disease)		genereviews	oi	bone	direct	trabeculae contain woven bone with large immature osteoblasts	Trabeculae contain woven bone with large immature osteoblasts	FOETO:PF.SQU-NOR-013 | Os tissé (woven bone) | squelette | 0.6	FOETO:PF.SQU-NOR-021 | Trabécules osseuses médullaires | squelette | 0.6		FOETO:PF.SQU-NOR-013
722	P Osteogenesis Imperfecta Syndrome, Type II  (Osteogenesis Imperfecta Congenita, Vrolik Disease)		keeling	ch32_skeletal_system	bone	direct	hypercellular bony trabeculae	Osteogenesis imperfecta 2A (fractures in long bones and ribs) (hypercellularbony trabeculae)				NOUVEAU
724	P Osteogenesis Imperfecta Syndrome, Type II  (Osteogenesis Imperfecta Congenita, Vrolik Disease)		keeling	ch32_skeletal_system	bone	direct	sharp regular demarcation between cartilage and primary spongiosa	Histology of the epiphysis shows a sharp regular demarcation between cartilage and primary spongiosa				NON
725	P Osteogenesis Imperfecta Syndrome, Type II  (Osteogenesis Imperfecta Congenita, Vrolik Disease)		keeling	ch32_skeletal_system	bone	direct	small islands of metaplastic cartilage in the metaphysis	Small islands of metaplastic cartilage (arrow) can be found in the metaphysis				NOUVEAU
726	P Osteogenesis Imperfecta Syndrome, Type II  (Osteogenesis Imperfecta Congenita, Vrolik Disease)		keeling	ch32_skeletal_system	bone	direct	bony trabeculae are highly cellular and thin	The bony trabeculae are highly cellular and thin and the marrow between the bony trabeculae is focally fibrotic				NOUVEAU
727	P Osteogenesis Imperfecta Syndrome, Type II  (Osteogenesis Imperfecta Congenita, Vrolik Disease)		keeling	ch32_skeletal_system	bone	direct	marrow between the bony trabeculae is focally fibrotic	The bony trabeculae are highly cellular and thin and the marrow between the bony trabeculae is focally fibrotic				NOUVEAU
728	P Osteogenesis Imperfecta Syndrome, Type II  (Osteogenesis Imperfecta Congenita, Vrolik Disease)		keeling	ch32_skeletal_system	bone	direct	primary and secondary osseous trabeculae and the cortical bone are reduced in volume	the primary and secondary (osseous) trabeculae and the cortical bone are reduced in volume with thin osseous seams	FOETO:PF.SQU-MAL-074 | Travées d'os primaire grêles | squelette | 0.7	FOETO:PF.SQU-NOR-021 | Trabécules osseuses médullaires | squelette | 0.6		FOETO:PF.SQU-MAL-074
729	P Osteogenesis Imperfecta Syndrome, Type II  (Osteogenesis Imperfecta Congenita, Vrolik Disease)		keeling	ch32_skeletal_system	bone	direct	thin osseous seams at the zone of chondro-osseous transformation	the primary and secondary (osseous) trabeculae and the cortical bone are reduced in volume with thin osseous seams at the zone of chondro-osseous transformation	FOETO:PF.SQU-MAL-074 | Travées d'os primaire grêles | squelette | 0.7	FOETO:PF.MUL-MET-123 | Désorganisation chondro-osseuse | multi_organe | 0.6	FOETO:PF.SQU-NOR-021 | Trabécules osseuses médullaires | squelette | 0.47	FOETO:PF.SQU-MAL-074
730	P Osteogenesis Imperfecta Syndrome, Type II  (Osteogenesis Imperfecta Congenita, Vrolik Disease)		keeling	ch32_skeletal_system	bone	direct	small islands of metaplastic cartilage in the center of the bone	Very frequently in the center of the bone, small islands of metaplastic cartilage can be found in all type 2 cases				NOUVEAU
1262	Q Encephalocraniocutaneous Lipomatosis	ORPHA:2396	genereviews	eccl	skin	direct	fibromas, lipomas, fibrolipomas, or choristomas	Small nodular skin tags (which histologically are fibromas, lipomas, fibrolipomas, or choristomas) are found in about 70%-75% of affected individuals				NON
1263	Q Encephalocraniocutaneous Lipomatosis	ORPHA:2396	genereviews	eccl	eye	direct	choristomas	Choristomas are benign ocular tumors and include epibulbar or limbal dermoids (dermolipomas) derived from epidermis and dermis, and lipodermoids	FOETO:PF.ORL-MAL-012 | Dermoïde cornéen ou limbique | oeil_oreille | 0.47			NOUVEAU
1264	Q Gorlin Syndrome (Nevoid Basal Cell Carcinoma Syndrome)		genereviews	bcns	skin	direct	Typical basal cell carcinoma histology	The histologic appearance is that of a typical BCC				NON
1265	Q Gorlin Syndrome (Nevoid Basal Cell Carcinoma Syndrome)		genereviews	bcns	jaw	direct	Keratocystic odontogenic tumor histology	Odontogenic keratocyst histologically	FOETO:PF.PEA-MAL-051 | Kyste dermoïde — revêtement épithélial malpighien avec annexes | peau | 0.5			NON
1266	Q Gorlin Syndrome (Nevoid Basal Cell Carcinoma Syndrome)		genereviews	bcns	brain	direct	Desmoplastic histology	The tumor tends to be of desmoplastic histology				NON
1267	Q Gorlin Syndrome (Nevoid Basal Cell Carcinoma Syndrome)		genereviews	bcns	skin	direct	Histologic appearance of BCCs	Skin tags (especially around the neck) often have the histologic appearance of BCCs				NON
1489	Q Hereditary Hemorrhagic Telangiectasia  (Osler Hemorrhagic Telangiectasia)		genereviews	hht	lung	direct	histologically indistinguishable from idiopathic pulmonary arterial hypertension	be clinically and histologically indistinguishable from idiopathic pulmonary arterial hypertension	FOETO:PF.POU-VAS-001 | Muscularisation artériolaire intra-acinaire pathologique | poumon | 0.5			NOUVEAU
1365	Q Incontinentia Pigmenti Syndrome  (Bloch-Sulzberger Syndrome)	ORPHA:464	genereviews	i-p	skin	direct	eosinophilic infiltration	Identification of eosinophilic infiltration and/or extracellular melanin granules on histologic examination				NOUVEAU
1366	Q Incontinentia Pigmenti Syndrome  (Bloch-Sulzberger Syndrome)	ORPHA:464	genereviews	i-p	skin	direct	extracellular melanin granules	Identification of eosinophilic infiltration and/or extracellular melanin granules on histologic examination				NOUVEAU
746	Q Incontinentia Pigmenti Syndrome  (Bloch-Sulzberger Syndrome)	ORPHA:464	keeling	ch33_skin	skin	direct	interepidermal eosinophilic spongiosis	peripheral eosinophilia accompanying an interepidermal eosinophilic spongiosis, often with bulla formation	FOETO:PF.PEA-MAL-062 | Spongiose à éosinophiles intra-épidermique | peau | 0.6			FOETO:PF.PEA-MAL-062
747	Q Incontinentia Pigmenti Syndrome  (Bloch-Sulzberger Syndrome)	ORPHA:464	keeling	ch33_skin	skin	direct	bulla formation	peripheral eosinophilia accompanying an interepidermal eosinophilic spongiosis, often with bulla formation	FOETO:PF.PEA-MAL-062 | Spongiose à éosinophiles intra-épidermique | peau | 0.47			NOUVEAU
751	Q Incontinentia Pigmenti Syndrome  (Bloch-Sulzberger Syndrome)	ORPHA:464	keeling	ch33_skin	skin	direct	melanin within dermal macrophages	melanin from melanocytes within the basal epidermis is present within dermal macrophages				NOUVEAU
752	Q Incontinentia Pigmenti Syndrome  (Bloch-Sulzberger Syndrome)	ORPHA:464	keeling	ch33_skin	skin	direct	dyskeratotic cells within the epidermis	All stages include dyskeratotic cells within the epidermis, some being phagocytosed by macrophages				NOUVEAU
754	Q Incontinentia Pigmenti Syndrome  (Bloch-Sulzberger Syndrome)	ORPHA:464	soffoet	ch12_peau	peau	direct	spongiose à éosinophiles	la MO montre une image pathognomonique de spongiose à éosinophiles	FOETO:PF.PEA-MAL-062 | Spongiose à éosinophiles intra-épidermique | peau | 0.6			FOETO:PF.PEA-MAL-062
755	Q Incontinentia Pigmenti Syndrome  (Bloch-Sulzberger Syndrome)	ORPHA:464	soffoet	ch12_peau	peau	direct	bulle intra-épidermique spongiotique	bulle intra-épidermique spongiotique associée à une exocytose intra-épidermique d’éosinophiles	FOETO:PF.PEA-MAL-062 | Spongiose à éosinophiles intra-épidermique | peau | 0.52	FOETO:PF.PEA-MAL-027 | Corps éosinophiles intra-cytoplasmiques épidermiques | peau | 0.42		FOETO:PF.PEA-MAL-062
756	Q Incontinentia Pigmenti Syndrome  (Bloch-Sulzberger Syndrome)	ORPHA:464	soffoet	ch12_peau	peau	direct	exocytose intra-épidermique d’éosinophiles	bulle intra-épidermique spongiotique associée à une exocytose intra-épidermique d’éosinophiles	FOETO:PF.PEA-MAL-062 | Spongiose à éosinophiles intra-épidermique | peau | 0.68	FOETO:PF.PEA-MAL-027 | Corps éosinophiles intra-cytoplasmiques épidermiques | peau | 0.54		FOETO:PF.PEA-MAL-062
757	Q Incontinentia Pigmenti Syndrome  (Bloch-Sulzberger Syndrome)	ORPHA:464	soffoet	ch12_peau	peau	direct	inflammation du derme superficiel par des éosinophiles	inflammation du derme superficiel par des éosinophiles et apoptose intra-épidermique sous forme de corps ronds dispersés	FOETO:PF.PEA-MAL-027 | Corps éosinophiles intra-cytoplasmiques épidermiques | peau | 0.56	FOETO:PF.PEA-MAL-022 | Clivage intra-épidermique superficiel | peau | 0.52	FOETO:PF.PEA-MAL-062 | Spongiose à éosinophiles intra-épidermique | peau | 0.52	NOUVEAU
758	Q Incontinentia Pigmenti Syndrome  (Bloch-Sulzberger Syndrome)	ORPHA:464	soffoet	ch12_peau	peau	direct	apoptose intra-épidermique sous forme de corps ronds dispersés	inflammation du derme superficiel par des éosinophiles et apoptose intra-épidermique sous forme de corps ronds dispersés	FOETO:PF.PEA-MAL-026 | Corps apoptotiques intra-épidermiques | peau | 0.68	FOETO:PF.PEA-MAL-027 | Corps éosinophiles intra-cytoplasmiques épidermiques | peau | 0.56	FOETO:PF.PEA-MAL-022 | Clivage intra-épidermique superficiel | peau | 0.52	FOETO:PF.PEA-MAL-026
72	Q Linear Sebaceous Nevus Sequence  (Nevus Sebaceus of Jadassohn, Epidermal Nevus Syndrome)	ORPHA:35125	keeling	ch33_skin	skin	direct	boxy papillomatosis, with hyperkeratosis and variable acanthosis	The epidermis shows boxy papillomatosis, with hyperkeratosis and variable acanthosis	FOETO:PF.PEA-MAL-038 | Hyperkératose épidermique avec parakératose focale et acanthose | peau | 0.5	FOETO:PF.PEA-MAL-060 | Parakératose compacte | peau | 0.5	FOETO:PF.PEA-MAL-041 | Hyperplasie épidermique monstrueuse (fœtus arlequin) | peau | 0.5	NOUVEAU
73	Q Linear Sebaceous Nevus Sequence  (Nevus Sebaceus of Jadassohn, Epidermal Nevus Syndrome)	ORPHA:35125	keeling	ch33_skin	skin	direct	hyperkeratosis, irregular acanthosis, and papillomatosis	There is hyperkeratosis, irregular acanthosis, and papillomatosis	FOETO:PF.PEA-MAL-060 | Parakératose compacte | peau | 0.5	FOETO:PF.PEA-MAL-038 | Hyperkératose épidermique avec parakératose focale et acanthose | peau | 0.5	FOETO:PF.PEA-MAL-041 | Hyperplasie épidermique monstrueuse (fœtus arlequin) | peau | 0.5	NOUVEAU
74	Q Linear Sebaceous Nevus Sequence  (Nevus Sebaceus of Jadassohn, Epidermal Nevus Syndrome)	ORPHA:35125	keeling	ch33_skin	skin	direct	skin appendages are malformed and irregular	skin appendages are malformed and irregular				NOUVEAU
75	Q Linear Sebaceous Nevus Sequence  (Nevus Sebaceus of Jadassohn, Epidermal Nevus Syndrome)	ORPHA:35125	keeling	ch33_skin	skin	direct	apocrine glands are a prominent feature at adolescence	apocrine glands are a prominent feature at adolescence				NON
77	Q McCune-Albright Syndrome		keeling	ch33_skin	skin	direct	increase in epidermal pigmentation without an increase in melanocytic cells	Histologically, there is increase in epidermal pigmentation without an increase in melanocytic cells.	FOETO:PF.PEA-MAL-017 | Augmentation de la pigmentation épidermique sans augmentation du nombre de mélanocytes | peau | 0.72			FOETO:PF.PEA-MAL-017
525	Q Microphthalmia–Linear Skin Defects Syndrome  (MIDAS Syndrome)		ashworth	ch07_cardiomyopathy	heart	direct	Histiocytoid cardiomyopathy	Histiocytoid cardiomyopathy has been reported in numerous cases of MLS (microphthalmia, linear skin defects) syndrome	FOETO:PF.MUL-MET-053 | Cardiomyopathie | multi_organe | 1.0	FOETO:PF.COE-RET-004 | Cellules histiocytoïdes myocardiques | coeur | 0.9	FOETO:PF.COE-DYS-018 | Myocytes histiocytoïdes (cardiomyopathie histiocytoïde) | coeur | 0.6	FOETO:PF.COE-RET-004
526	Q Microphthalmia–Linear Skin Defects Syndrome  (MIDAS Syndrome)		ashworth	ch07_cardiomyopathy	heart	contexte	Lack of contractile elements and fine granularity due to numerous mitochondria in histiocytoid myocytes	A high-power view of a group of histiocytoid myocytes showing the lack of contractile elements and the fine granularity due to numerous mitochondria	FOETO:PF.COE-DYS-018 | Myocytes histiocytoïdes (cardiomyopathie histiocytoïde) | coeur | 1.0			FOETO:PF.COE-DYS-018
527	Q Microphthalmia–Linear Skin Defects Syndrome  (MIDAS Syndrome)		ashworth	ch07_cardiomyopathy	heart	contexte	Multiple tiny fat droplets	There are also multiple tiny fat droplets				NOUVEAU
528	Q Microphthalmia–Linear Skin Defects Syndrome  (MIDAS Syndrome)		verdijk	ch04_syndromic_anomalies	eye	direct	cloudy microcornea	Right eye (AP diameter, 11 mm) with a cloudy microcornea (arrow).				NOUVEAU
529	Q Microphthalmia–Linear Skin Defects Syndrome  (MIDAS Syndrome)		verdijk	ch04_syndromic_anomalies	eye	direct	rudimentary developed chamber angle	Anterior segment of the eye with microcornea/sclerocornea and a rudimentary developed chamber angle (H&E stain, 40×).	FOETO:PF.ORL-MAL-028 | Sclérocornée | oeil_oreille | 0.8	FOETO:PF.ORL-MAL-013 | Dysgenèse du segment antérieur | oeil_oreille | 0.47		NOUVEAU
531	Q Microphthalmia–Linear Skin Defects Syndrome  (MIDAS Syndrome)		verdijk	ch04_syndromic_anomalies	eye	direct	sclerocornea	Sclerocornea is present, as well as a retrocorneal membrane and developmental iris anomalies (H&E stain, 100×).	FOETO:PF.ORL-MAL-028 | Sclérocornée | oeil_oreille | 1.0			FOETO:PF.ORL-MAL-028
532	Q Microphthalmia–Linear Skin Defects Syndrome  (MIDAS Syndrome)		verdijk	ch04_syndromic_anomalies	eye	direct	retrocorneal membrane	Sclerocornea is present, as well as a retrocorneal membrane and developmental iris anomalies (H&E stain, 100×).	FOETO:PF.ORL-MAL-028 | Sclérocornée | oeil_oreille | 0.8			NOUVEAU
533	Q Microphthalmia–Linear Skin Defects Syndrome  (MIDAS Syndrome)		verdijk	ch04_syndromic_anomalies	eye	direct	developmental iris anomalies	Sclerocornea is present, as well as a retrocorneal membrane and developmental iris anomalies (H&E stain, 100×).	FOETO:PF.ORL-MAL-028 | Sclérocornée | oeil_oreille | 0.8			NOUVEAU
534	Q Microphthalmia–Linear Skin Defects Syndrome  (MIDAS Syndrome)		verdijk	ch04_syndromic_anomalies	eye	direct	vessels within the corneal stroma	Higher magnification of the vessels within the corneal stroma (H&E stain, 200×).	FOETO:PF.ORL-NOR-026 | Stroma cornéen hypercellulaire | oeil_oreille | 0.6			NOUVEAU
535	Q Microphthalmia–Linear Skin Defects Syndrome  (MIDAS Syndrome)		verdijk	ch04_syndromic_anomalies	eye	direct	iris/ciliary body	Rudimentary developed chamber angle and iris/ciliary body (H&E stain, 100×)				NON
536	Q Microphthalmia–Linear Skin Defects Syndrome  (MIDAS Syndrome)		verdijk	ch04_syndromic_anomalies	eye	direct	lens attached and partly incorporated into the cornea	Anterior segment with the lens attached and partly incorporated into the cornea (H&E stain, 40×).	FOETO:PF.ORL-MAL-013 | Dysgenèse du segment antérieur | oeil_oreille | 0.47			NON
537	Q Microphthalmia–Linear Skin Defects Syndrome  (MIDAS Syndrome)		verdijk	ch04_syndromic_anomalies	eye	direct	missing Descemet membrane	The PAS-positive lens capsule is clearly visible, in contrast to the missing Descemet membrane (PAS reaction, 40×).	FOETO:PF.ORL-NOR-016 | Membrane de Descemet primitive | oeil_oreille | 0.6	FOETO:PF.ORL-MAL-015 | Défect de la membrane de Descemet | oeil_oreille | 0.6	FOETO:PF.ORL-MAL-033 | Épaississement de la membrane de Descemet | oeil_oreille | 0.6	FOETO:PF.ORL-MAL-015
538	Q Microphthalmia–Linear Skin Defects Syndrome  (MIDAS Syndrome)		verdijk	ch04_syndromic_anomalies	eye	direct	cataractous changes	Lens with cataractous changes (H&E stain, 100×).	FOETO:PF.MUL-MET-004 | Accumulation de galactitol dans le cristallin | multi_organe | 0.5	FOETO:PF.ORL-MAL-005 | Cataracte congénitale | oeil_oreille | 0.5		FOETO:PF.ORL-MAL-005
539	Q Microphthalmia–Linear Skin Defects Syndrome  (MIDAS Syndrome)		verdijk	ch04_syndromic_anomalies	eye	direct	Wedl cells and globules	Higher magnification showing Wedl cells and globules, as well as retention of lens nuclei (H&E stain, 200×).				NOUVEAU
540	Q Microphthalmia–Linear Skin Defects Syndrome  (MIDAS Syndrome)		verdijk	ch04_syndromic_anomalies	eye	direct	retention of lens nuclei	Higher magnification showing Wedl cells and globules, as well as retention of lens nuclei (H&E stain, 200×).				NOUVEAU
541	Q Microphthalmia–Linear Skin Defects Syndrome  (MIDAS Syndrome)		verdijk	ch04_syndromic_anomalies	eye	direct	abnormally developed chamber angle	Abnormally developed chamber angle (H&E stain, 100×).				NOUVEAU
542	Q Microphthalmia–Linear Skin Defects Syndrome  (MIDAS Syndrome)		verdijk	ch04_syndromic_anomalies	eye	direct	retinal rosettes	In addition, retinal rosettes were present (not illustrated)				FOETO:PF.CER-MAL-083
1331	Q Multiple Endocrine Neoplasia, Type 2B  (Multiple Neuroma Syndrome)		genereviews	men2	thyroid gland	direct	nests of C cells extending beyond the basement membrane and infiltrating and destroying thyroid follicles	MTC is diagnosed histologically when nests of C cells appear to extend beyond the basement membrane and to infiltrate and destroy thyroid follicles.				NON
1332	Q Multiple Endocrine Neoplasia, Type 2B  (Multiple Neuroma Syndrome)		genereviews	men2	thyroid gland	direct	increased number of diffusely scattered or clustered C cells	CCH is diagnosed histologically by the presence of an increased number of diffusely scattered or clustered C cells.				NOUVEAU
300	Q Multiple Lentigines Syndrome (LEOPARD Syndrome)		keeling	ch33_skin	epidermis	contexte	increased numbers of melanocytes disposed singly along the base of the epidermis	Congenital lentigines have increased numbers of melanocytes disposed singly along the base of the epidermis				NOUVEAU
301	Q Multiple Lentigines Syndrome (LEOPARD Syndrome)		keeling	ch33_skin	epidermis	contexte	increased pigmentation of the basal epidermal cells	associated with increased pigmentation of the basal epidermal cells and elongation of the rete pegs				FOETO:PF.PEA-MAL-017
302	Q Multiple Lentigines Syndrome (LEOPARD Syndrome)		keeling	ch33_skin	epidermis	contexte	elongation of the rete pegs	associated with increased pigmentation of the basal epidermal cells and elongation of the rete pegs				NOUVEAU
738	Q Neurocutaneous Melanosis Sequence		perineuro	s5_genetic_syndromes	leptomeninges	direct	patchy or diffuse leptomeningeal melanocytic infiltrate	Microscopic examination shows patchy or diffuse leptomeningeal melanocytic infiltrate involving subarachnoid space	FOETO:PF.CER-MAL-223 | Oblitération de l'espace sous-arachnoïdien | cerveau | 0.47			NOUVEAU
739	Q Neurocutaneous Melanosis Sequence		perineuro	s5_genetic_syndromes	brain parenchyma	direct	melanocytic infiltrate extending into underlying parenchyma through Virchow-Robin spaces	involving subarachnoid space and extending into underlying parenchyma predominantly through Virchow-Robin spaces	FOETO:PF.CER-MET-047 | Espaces de Virchow-Robin élargis | cerveau | 0.68	FOETO:PF.CER-MAL-223 | Oblitération de l'espace sous-arachnoïdien | cerveau | 0.47		NOUVEAU
740	Q Neurocutaneous Melanosis Sequence		perineuro	s5_genetic_syndromes	leptomeninges	direct	tumor cells showing various degrees of pleomorphism	The tumor cells show various degrees of pleomorphism, from mild to severe with readily identified mitoses.				NON
741	Q Neurocutaneous Melanosis Sequence		perineuro	s5_genetic_syndromes	leptomeninges	direct	increased proliferative activity	Proliferative activity is typically increased.				NON
742	Q Neurocutaneous Melanosis Sequence		perineuro	s5_genetic_syndromes	leptomeninges	direct	necrosis and hemorrhage	Necrosis and hemorrhage are frequent findings				NON
743	Q Neurocutaneous Melanosis Sequence		perineuro	s5_genetic_syndromes	leptomeninges	direct	melanocytic infiltrate arranged in nests with scattered melanin pigmentation	Melanocytic infiltrate arranged in nests with scattered melanin pigmentation (H&E, 200x)				NOUVEAU
744	Q Neurocutaneous Melanosis Sequence		perineuro	s5_genetic_syndromes	leptomeninges	direct	atypical melanocytic proliferation in the leptomeninges	Atypical melanocytic proliferation in the leptomeninges and around Virchow-Robin spaces (H&E, 100x)	FOETO:PF.CER-MET-047 | Espaces de Virchow-Robin élargis | cerveau | 0.52			NOUVEAU
1495	Q Peutz-Jeghers Syndrome		genereviews	pjs	gastrointestinal tract	direct	distinctive interdigitating smooth muscle bundles in a characteristic arborizing (branching tree) appearance throughout the lamina propria	histopathologically characterized by distinctive interdigitating smooth muscle bundles in a characteristic arborizing (branching tree) appearance throughout the lamina propria				NOUVEAU
1496	Q Peutz-Jeghers Syndrome		genereviews	pjs	small bowel	direct	lobular architecture	Small-bowel polyps are typically pedunculated and demonstrate a lobular architecture	FOETO:PF.DIG-NOR-002 | Architecture lobulaire pancréatique | digestif | 0.6			NON
1497	Q Peutz-Jeghers Syndrome		genereviews	pjs	gastrointestinal tract	direct	overlying epithelium is typically nondysplastic	The overlying epithelium is typically nondysplastic, although dysplasia can occur				NON
1498	Q Peutz-Jeghers Syndrome		genereviews	pjs	large intestine	direct	desmin-positive smooth muscle fiber	Their lobular architecture and desmin-positive smooth muscle fiber favor the diagnosis of PJS	FOETO:PF.DIG-NOR-002 | Architecture lobulaire pancréatique | digestif | 0.47			NON
1499	Q Peutz-Jeghers Syndrome		genereviews	pjs	gastrointestinal tract	direct	pseudo invasion of misplaced crypts	Pseudo invasion of misplaced crypts is an innate property of the PJS hamartoma				NON
1500	Q Peutz-Jeghers Syndrome		genereviews	pjs	skin	direct	increased melanocytes are observed at the epidermal-dermal junction	Histologically, increased melanocytes are observed at the epidermal-dermal junction, with increased melanin in the basal cells	FOETO:PF.PEA-MAL-058 | Naevus mélanocytaire jonctionnel | peau | 0.6	FOETO:PF.PEA-MAL-003 | Absence de mélanocytes épidermiques et dermiques (piébaldisme/Waardenburg) | peau | 0.54	FOETO:PF.PEA-MAL-004 | Absence de pigment mélanique épidermique | peau | 0.47	NOUVEAU
1501	Q Peutz-Jeghers Syndrome		genereviews	pjs	skin	direct	increased melanin in the basal cells	Histologically, increased melanocytes are observed at the epidermal-dermal junction, with increased melanin in the basal cells	FOETO:PF.PEA-MAL-058 | Naevus mélanocytaire jonctionnel | peau | 0.47	FOETO:PF.PEA-MAL-004 | Absence de pigment mélanique épidermique | peau | 0.47	FOETO:PF.PEA-MAL-003 | Absence de mélanocytes épidermiques et dermiques (piébaldisme/Waardenburg) | peau | 0.42	FOETO:PF.PEA-MAL-017
68	Q Sturge-Weber Sequence	ORPHA:3205	perineuro	s5_genetic_syndromes	brain	direct	Mild to moderate neuronal loss	Mild to moderate neuronal loss and moderate to severe cortical and white matter gliosis can be seen.	FOETO:PF.CER-INF-021 | Gliose de la substance blanche | cerveau | 0.8	FOETO:PF.CER-MET-086 | Perte neuronale corticale | cerveau | 0.7	FOETO:PF.CER-CLA-059 | Gliose diffuse de la substance blanche | cerveau | 0.7	FOETO:PF.CER-MET-086
69	Q Sturge-Weber Sequence	ORPHA:3205	perineuro	s5_genetic_syndromes	brain	direct	Moderate to severe cortical and white matter gliosis	Mild to moderate neuronal loss and moderate to severe cortical and white matter gliosis can be seen.	FOETO:PF.CER-INF-021 | Gliose de la substance blanche | cerveau | 1.0	FOETO:PF.CER-CLA-059 | Gliose diffuse de la substance blanche | cerveau | 0.9	FOETO:PF.CER-MET-086 | Perte neuronale corticale | cerveau | 0.7	FOETO:PF.CER-INF-021
70	Q Sturge-Weber Sequence	ORPHA:3205	perineuro	s5_genetic_syndromes	brain	direct	Proliferation of endothelium	The proliferation of endothelium and increased apoptosis may also be found [6].				NOUVEAU
71	Q Sturge-Weber Sequence	ORPHA:3205	perineuro	s5_genetic_syndromes	brain	direct	Increased apoptosis	The proliferation of endothelium and increased apoptosis may also be found [6].				NOUVEAU
62	Q Sturge-Weber Sequence	ORPHA:3205	soffoet	ch12_peau	derme	direct	prolifération vasculaire mature faite de capillaires bien différenciés, en nombre accrus dans le derme	la MO montre une prolifération vasculaire mature faites de capillaires bien différenciés, en nombre accrus dans le derme	FOETO:PF.MUL-MET-242 | Prolifération capillaire cérébrale | multi_organe | 0.6			NOUVEAU
63	Q Sturge-Weber Sequence	ORPHA:3205	soffoet	ch12_peau	derme	direct	vascularisation anormale du derme superficiel	pour conséquence une vascularisation anormale du derme superficiel, de la choroïde, de la pie-mère				NOUVEAU
64	Q Sturge-Weber Sequence	ORPHA:3205	verdijk	ch05_sporadic_anomalies	anterior segment	direct	secondary angle closure due to Sturge-Weber syndrome–associated hemangioma	Anterior segment with secondary angle closure due to Sturge-Weber syndrome–associated hemangioma	FOETO:PF.MUL-MET-118 | Dépôts de Gb3 (globotriaosylcéramide) dans les cellules endothéliales et viscérales | multi_organe | 0.5	FOETO:PF.PEA-MAL-030 | Décollement bulleux sous-épidermique | peau | 0.5	FOETO:PF.COE-TUM-016 | Hémangiome cardiaque régressé | coeur | 0.5	NON
65	Q Sturge-Weber Sequence	ORPHA:3205	verdijk	ch05_sporadic_anomalies	choroid	direct	diffuse choroidal hemangioma	Diffuse choroidal hemangioma	FOETO:PF.MUL-MET-118 | Dépôts de Gb3 (globotriaosylcéramide) dans les cellules endothéliales et viscérales | multi_organe | 0.5	FOETO:PF.MUL-MET-151 | Hémangiomes multiples cutanés | multi_organe | 0.5	FOETO:PF.MUL-MET-018 | Angiokeratome cutané (surcharge lysosomale) | multi_organe | 0.5	NOUVEAU
66	Q Sturge-Weber Sequence	ORPHA:3205	verdijk	ch05_sporadic_anomalies	choroid	direct	diffuse choroidal hemangioma in a phthisical eye	Another case of a diffuse choroidal hemangioma in a phthisical eye of an adult patient with Sturge-Weber syndrome	FOETO:PF.MUL-MET-118 | Dépôts de Gb3 (globotriaosylcéramide) dans les cellules endothéliales et viscérales | multi_organe | 0.5	FOETO:PF.MUL-MET-151 | Hémangiomes multiples cutanés | multi_organe | 0.5	FOETO:PF.MUL-MET-018 | Angiokeratome cutané (surcharge lysosomale) | multi_organe | 0.5	NOUVEAU
67	Q Sturge-Weber Sequence	ORPHA:3205	verdijk	ch05_sporadic_anomalies	choroid	direct	vascular channels of different sizes	ERG immunostaining (endothelial nuclei stain positive) highlights vascular channels of different sizes				NON
1135	Q Tuberous Sclerosis Syndrome		ashworth	ch09_coronary_arteries	arteries	contexte	histopathological changes very similar, if not identical, to fibromuscular dysplasia	Histopathological changes very similar, if not identical, to fibromuscular dysplasia have been described in other diseases such as tuberous sclerosis	FOETO:PF.COE-MAL-036 | Dysplasie fibromusculaire coronaire | coeur | 0.6			NOUVEAU
1136	Q Tuberous Sclerosis Syndrome		ashworth	ch12_fetal_cv_disease	myocardium	direct	large cells with clear cytoplasm with variable amount of interstitial fibrosis	Histologically, they are composed of large cells with clear cytoplasm with variable amount of interstitial fibrosis.	FOETO:PF.COE-DYS-009 | Fibrose interstitielle myocardique | coeur | 0.6			NOUVEAU
1137	Q Tuberous Sclerosis Syndrome		ashworth	ch13_tumours	heart	direct	large cells with clear cytoplasm	Histologically, the tumour is composed of large cells with clear cytoplasm.				NOUVEAU
1138	Q Tuberous Sclerosis Syndrome		ashworth	ch13_tumours	heart	direct	nucleus connected by strands of cytoplasm to the cell membrane	The nucleus is connected by strands of cytoplasm to the cell membrane, giving rise to so-called spider cells				NOUVEAU
1141	Q Tuberous Sclerosis Syndrome		ashworth	ch13_tumours	heart	contexte	focal staining of the cytoplasm for HMB45	There is focal staining of the cytoplasm for HMB45 [12].				NON
1143	Q Tuberous Sclerosis Syndrome		devneuro	ch09_heterotopia	brain	contexte	nodular calcification	the lack of nodular calcification in periventricular heterotopia distinguishes it from tuberous sclerosis	FOETO:PF.CER-MET-058 | Hétérotopie périventriculaire | cerveau | 0.8	FOETO:PF.CER-MAL-001 | Absence de calcification des nodules périventriculaires | cerveau | 0.7	FOETO:PF.CER-MAL-171 | Hétérotopie nodulaire périventriculaire | cerveau | 0.7	NON
1118	Q Tuberous Sclerosis Syndrome		keeling	ch13_hydrops	heart	direct	rhabdomyoma	Tumors may also be found, such as rhabdomyoma (Fig. 13.9). In such cases, other features of tuberous sclerosis should be sought.				NOUVEAU
1119	Q Tuberous Sclerosis Syndrome		keeling	ch20_cardiovascular	heart	contexte	large cells with clear cytoplasm	Histologically, the tumor is composed of large cells with clear cytoplasm.				NOUVEAU
1120	Q Tuberous Sclerosis Syndrome		keeling	ch20_cardiovascular	heart	contexte	nucleus connected by strands of cytoplasm to the cell membrane	The nucleus is connected by strands of cytoplasm to the cell membrane, giving rise to so-called spider cells.				NOUVEAU
1121	Q Tuberous Sclerosis Syndrome		keeling	ch20_cardiovascular	heart	contexte	spider cells	The nucleus is connected by strands of cytoplasm to the cell membrane, giving rise to so-called spider cells.				NOUVEAU
1122	Q Tuberous Sclerosis Syndrome		keeling	ch20_cardiovascular	heart	contexte	variable amount of fibrous tissue dividing the tumor into lobules	There is a variable amount of fibrous tissue dividing the tumor into lobules and there may be small foci of calcification.				NON
1123	Q Tuberous Sclerosis Syndrome		keeling	ch20_cardiovascular	heart	contexte	small foci of calcification	There is a variable amount of fibrous tissue dividing the tumor into lobules and there may be small foci of calcification.				NON
1124	Q Tuberous Sclerosis Syndrome		keeling	ch24_urinary	kidney	direct	cystic collecting tubules surrounded by fibrotic rings of interstitial tissue	Note cystic collecting tubules surrounded by fibrotic rings of interstitial tissue and numerous glomerular cysts	FOETO:PF.REN-MAL-034 | Kystes glomérulaires | rein | 0.8			NOUVEAU
1125	Q Tuberous Sclerosis Syndrome		keeling	ch24_urinary	kidney	direct	numerous glomerular cysts	Note cystic collecting tubules surrounded by fibrotic rings of interstitial tissue and numerous glomerular cysts	FOETO:PF.REN-MAL-034 | Kystes glomérulaires | rein | 1.0			FOETO:PF.REN-MAL-034
1126	Q Tuberous Sclerosis Syndrome		keeling	ch24_urinary	kidney	direct	cells lining the cysts are large, eosinophilic, with sometimes a multistratified appearance	The cells lining the cysts are large, eosinophilic, with sometimes a multistratified appearance				NOUVEAU
1127	Q Tuberous Sclerosis Syndrome		keeling	ch28_brain_malformations	brain	direct	cortical tubers made up of balloon cells and large dysmorphic neurons	cortical tubers, a few millimeters to several centimeters long, made up of “balloon cells” and large dysmorphic neurons	FOETO:PF.CER-MAL-210 | Neurones dysmorphiques | cerveau | 1.0	FOETO:PF.CER-MAL-046 | Cellules ballonnisées | cerveau | 1.0	FOETO:PF.CER-MAL-275 | Tuber cortical | cerveau | 1.0	FOETO:PF.CER-MAL-275
1128	Q Tuberous Sclerosis Syndrome		keeling	ch28_brain_malformations	brain	direct	fibrillary gliosis forming sheaf-like bundles in the subpial zone	present as a fibrillary gliosis forming sheaf-like bundles in the subpial zone	FOETO:PF.CER-MET-054 | Gliose fibrillaire cérébelleuse | cerveau | 0.6			NOUVEAU
1129	Q Tuberous Sclerosis Syndrome		keeling	ch28_brain_malformations	brain	direct	subcortical lesions made up of balloon cells frequently associated with microglial activation	subcortical lesions, which may be extensive, made up of “balloon cells” frequently associated with microglial activation	FOETO:PF.CER-CLA-003 | Activation microgliale | cerveau | 1.0	FOETO:PF.CER-MAL-046 | Cellules ballonnisées | cerveau | 1.0	FOETO:PF.CER-MET-074 | Microglie activée diffuse | cerveau | 0.9	FOETO:PF.CER-MAL-046
1146	Q Tuberous Sclerosis Syndrome		perineuro	s5_genetic_syndromes	brain	direct	Disorganized neocortex with collections of abnormal, misoriented neuroglial cells admixed with gemistocyte-like balloon cells and with extensive calcifications	Histologically, tubers may present on conventional stains as disorganized neocortex with collections of abnormal, misoriented neuroglial cells admixed with gemistocyte-like balloon cells and with extensive calcifications	FOETO:PP.PAR-MET-004 | Calcifications | parenchyme | 1.0	FOETO:PF.CER-MAL-046 | Cellules ballonnisées | cerveau | 1.0		NON
1147	Q Tuberous Sclerosis Syndrome		perineuro	s5_genetic_syndromes	brain	direct	Dysmorphic cells forming clusters scattered in the deep white matter	Dysmorphic cells may form clusters scattered in the deep white matter of the macroscopically normal cortex.	FOETO:PF.CER-MAL-248 | Réduction de la substance blanche | cerveau | 0.6	FOETO:PF.CER-MET-014 | Cavitation de la substance blanche | cerveau | 0.6	FOETO:PF.CER-INF-021 | Gliose de la substance blanche | cerveau | 0.6	NOUVEAU
1148	Q Tuberous Sclerosis Syndrome		perineuro	s5_genetic_syndromes	brain	direct	Neurofibrillary changes, granulovacuolar bodies, and argentophilic globules	Neurofibrillary changes, granulovacuolar bodies, and argentophilic globules have also been observed in TSC				NON
1150	Q Tuberous Sclerosis Syndrome		perineuro	s5_genetic_syndromes	brain	direct	Dysmorphic, enlarged neurons with associated cytoskeletal abnormalities and abnormal perikaryon accumulation of neurofilament	Tubers also contain dysmorphic, enlarged neurons with associated cytoskeletal abnormalities, filamentous accumulations highlighted by Nissl stain	FOETO:PF.CER-MAL-210 | Neurones dysmorphiques | cerveau | 0.9	FOETO:PF.MUL-MET-281 | Surcharge lysosomale des chondrocytes | multi_organe | 0.5	FOETO:PF.MUL-MET-079 | Densification osseuse généralisée (pycnodysostose) | multi_organe | 0.5	FOETO:PF.CER-MAL-210
1151	Q Tuberous Sclerosis Syndrome		perineuro	s5_genetic_syndromes	brain	direct	Scattered clusters of neuroblasts beneath a layer of ependyma	In neonates, SEN may contain scattered clusters of neuroblasts beneath a layer of ependyma	FOETO:PF.CER-NOR-096 | Épendyme | cerveau | 0.6			NON
1152	Q Tuberous Sclerosis Syndrome		perineuro	s5_genetic_syndromes	brain	direct	Mixture of elongated or swollen glial cells and their processes, multinucleated or giant cells and often calcifications	whereas in older patients, there is a mixture of elongated or swollen glial cells and their processes, multinucleated or giant cells and often calcifications.	FOETO:PP.PAR-MET-004 | Calcifications | parenchyme | 1.0	FOETO:PF.CER-INF-010 | Cellule géante multinucléée | cerveau | 0.9	FOETO:PF.CER-INF-012 | Cellules géantes multinucléées cérébrales | cerveau | 0.6	FOETO:PF.CER-INF-010
1132	Q Tuberous Sclerosis Syndrome		soffoet	ch11_cerveau	white matter	direct	tuberous sclerosis complex	White matter abnormalities in tuberous sclerosis complex	FOETO:PF.MUL-MET-030 | Anomalies de la substance blanche cérébrale | multi_organe | 0.52	FOETO:PF.CER-MAL-248 | Réduction de la substance blanche | cerveau | 0.47	FOETO:PF.CER-MET-014 | Cavitation de la substance blanche | cerveau | 0.47	NON
1133	Q Tuberous Sclerosis Syndrome		soffoet	ch11_cerveau	lung	direct	lymphangiomyomatosis	Lymphangioleiomyomatosis: pulmonary and abdominal findings with pathologic correlation	FOETO:PF.POU-MAL-025 | Lymphangiectasie pulmonaire | poumon | 0.7			NOUVEAU
1310	R Cranioectodermal Dysplasia (Sensenbrenner Syndrome)	ORPHA:1515	genereviews	ce-dysp	kidney	direct	Interstitial fibrosis with focal inflammatory cell infiltrates, tubular atrophy, glomerulosclerosis, and occasional cysts	Renal biopsy shows interstitial fibrosis with focal inflammatory cell infiltrates, tubular atrophy, glomerulosclerosis, and occasional cysts	FOETO:PF.REN-MAL-034 | Kystes glomérulaires | rein | 0.9	FOETO:PF.REN-DYS-001 | Dysgenèse tubulaire rénale | rein | 0.47	FOETO:PF.MUL-MET-183 | Kyste rénal cortical | multi_organe | 0.47	NOUVEAU
1311	R Cranioectodermal Dysplasia (Sensenbrenner Syndrome)	ORPHA:1515	genereviews	ce-dysp	liver	direct	Bile duct proliferation	Liver cirrhosis, severe cholestasis with bile duct proliferation, and acute cholangitis have been described in infants	FOETO:PF.FOI-MAL-009 | Cellules cytomégaliques dans les canaux biliaires | foie | 0.6			NOUVEAU
768	S Fetal Alcohol Syndrome	ORPHA:1915	devneuro	ch04_microcephaly	brain	direct	neuronal heterotopia	including midline anomalies (agenesis of the corpus callosum, holoprosencephaly), neural tube closure defects and neuronal heterotopia.	FOETO:PF.MUL-MET-163 | Hétérotopie neuronale | multi_organe | 1.0	FOETO:PF.MUL-MAL-026 | Hétérotopies neuronales | multi_organe | 0.9	FOETO:PF.CER-RET-002 | Agénèse du corps calleux | cerveau | 0.7	FOETO:PF.MUL-MET-163
761	S Fetal Alcohol Syndrome	ORPHA:1915	keeling	ch30_brain_acquired	brain	direct	laminar disorganisation	Neuronal migration disorders including laminar disorganisation and leptomeningeal heterotopias have bene described	FOETO:PF.MUL-MET-163 | Hétérotopie neuronale | multi_organe | 0.7	FOETO:PF.MUL-MAL-026 | Hétérotopies neuronales | multi_organe | 0.7	FOETO:PF.CER-MAL-100 | Désorganisation laminaire corticale | cerveau | 0.6	FOETO:PF.CER-MAL-100
762	S Fetal Alcohol Syndrome	ORPHA:1915	keeling	ch30_brain_acquired	brain	direct	leptomeningeal heterotopias	Neuronal migration disorders including laminar disorganisation and leptomeningeal heterotopias have bene described	FOETO:PF.MUL-MET-163 | Hétérotopie neuronale | multi_organe | 0.7	FOETO:PF.MUL-MAL-026 | Hétérotopies neuronales | multi_organe | 0.7	FOETO:PF.CER-MAL-271 | Tissu neuroglial hétérotopique leptoméningé | cerveau | 0.6	FOETO:PF.CER-MAL-271
763	S Fetal Alcohol Syndrome	ORPHA:1915	keeling	ch30_brain_acquired	corpus callosum	direct	thinning of the corpus callosum	along with thinning of the corpus callosum and cerebellar hypoplasia [133, 134]	FOETO:PF.CER-CLA-010 | Amincissement du corps calleux | cerveau | 0.9	FOETO:PF.CER-MAL-142 | Hypoplasie cérébelleuse | cerveau | 0.8	FOETO:PF.CER-MAL-150 | Hypoplasie du corps calleux | cerveau | 0.7	FOETO:PF.CER-CLA-010
764	S Fetal Alcohol Syndrome	ORPHA:1915	keeling	ch30_brain_acquired	cerebellum	direct	cerebellar hypoplasia	along with thinning of the corpus callosum and cerebellar hypoplasia [133, 134]	FOETO:PF.CER-MAL-142 | Hypoplasie cérébelleuse | cerveau | 1.0	FOETO:PF.CER-MAL-150 | Hypoplasie du corps calleux | cerveau | 0.7	FOETO:PF.CER-CLA-010 | Amincissement du corps calleux | cerveau | 0.7	FOETO:PF.CER-MAL-142
815	S Fetal Varicella Syndrome		perineuro	s9_infections	neural tissue	direct	disruption of neural development	Fetal varicella syndrome: disruption of neural development and persistent inflammation of				NON
816	S Fetal Varicella Syndrome		perineuro	s9_infections	non-neural tissues	direct	persistent inflammation of non-neural tissues	Fetal varicella syndrome: disruption of neural development and persistent inflammation of non-neural tissues.				NON
817	S Fetal Varicella Syndrome		perineuro	s9_infections	brain	contexte	necrotizing encephalitis	Congenital varicella-zoster. A serologically proven case with necrotizing encephalitis and malformation.	FOETO:PF.CER-INF-020 | Encéphalite nécrosante | cerveau | 1.0	FOETO:PF.CER-MAL-104 | Encéphalite nécrosante congénitale | cerveau | 0.7		FOETO:PF.CER-INF-020
818	S Fetal Varicella Syndrome		perineuro	s9_infections	spinal cord	direct	scarring of the spinal cord	Congenital varicella syndrome diagnosed by polymerase chain reaction–scarring of the spinal cord, not the skin.				NOUVEAU
1040	T Alagille Syndrome (Arteriohepatic Dysplasia)		ashworth	ch12_fetal_cv_disease	liver	direct	paucity of intrahepatic bile ducts	neonatal cholestasis (because of paucity of intrahepatic bile ducts)	FOETO:PF.FOI-DYS-001 | Paucité des canaux biliaires interlobulaires | foie | 1.0	FOETO:PF.MUL-MET-070 | Cholestase néonatale | multi_organe | 0.8	FOETO:PF.FOI-MAL-009 | Cellules cytomégaliques dans les canaux biliaires | foie | 0.6	FOETO:PF.FOI-DYS-001
1425	T Alagille Syndrome (Arteriohepatic Dysplasia)		genereviews	alagille	liver	direct	bile duct paucity	The histologic finding of bile duct paucity (an increased portal tract-to-bile duct ratio) on liver biopsy.	FOETO:PF.FOI-DYS-001 | Paucité des canaux biliaires interlobulaires | foie | 0.68	FOETO:PF.FOI-MAL-009 | Cellules cytomégaliques dans les canaux biliaires | foie | 0.6	FOETO:PP.PAR-NOR-003 | Autre (histo) | parenchyme | 0.47	FOETO:PF.FOI-DYS-001
1426	T Alagille Syndrome (Arteriohepatic Dysplasia)		genereviews	alagille	liver	direct	paucity of the intrahepatic bile ducts	Liver biopsy typically shows paucity of the intrahepatic bile ducts, which may be progressive.	FOETO:PF.FOI-DYS-001 | Paucité des canaux biliaires interlobulaires | foie | 0.9	FOETO:PF.FOI-MAL-009 | Cellules cytomégaliques dans les canaux biliaires | foie | 0.6		FOETO:PF.FOI-DYS-001
1034	T Alagille Syndrome (Arteriohepatic Dysplasia)		keeling	ch23_liver_gallbladder	liver	direct	Paucity of intrahepatic bile ducts	The portal tracts lack an appropriately sized bile duct i.e. a duct of similar caliber to, and in close proximity to, the hepatic artery branch.	FOETO:PF.FOI-DYS-001 | Paucité des canaux biliaires interlobulaires | foie | 1.0	FOETO:PF.FOI-MAL-009 | Cellules cytomégaliques dans les canaux biliaires | foie | 0.6	FOETO:PF.FOI-NOR-008 | Myélopoïèse portale hépatique | foie | 0.47	FOETO:PF.FOI-DYS-001
1035	T Alagille Syndrome (Arteriohepatic Dysplasia)		keeling	ch23_liver_gallbladder	liver	direct	Marginal ductular transformation	In biopsies from early Alagille syndrome, there can be marginal ductular transformation complicating the differential diagnosis with BA				NOUVEAU
1036	T Alagille Syndrome (Arteriohepatic Dysplasia)		keeling	ch23_liver_gallbladder	liver	direct	Cholestasis	The parenchyma is usually cholestatic with no other distinguishing features.	FOETO:PF.MUL-MET-069 | Cholestase hépatique | multi_organe | 0.5	FOETO:PF.MUL-MET-171 | Inclusions intracellulaires d'alpha-1-antitrypsine dans les hépatocytes | multi_organe | 0.5	FOETO:PF.FOI-MAL-003 | Bouchons biliaires ductulaires (bile plugs) | foie | 0.5	FOETO:PF.MUL-MET-069
1041	T Alagille Syndrome (Arteriohepatic Dysplasia)		verdijk	ch09_incidental_findings	eye	contexte	collagenous nodule at the junction of Descemet membrane and the trabecular meshwork	Histologically, a collagenous nodule is seen at the junction of Descemet membrane and the trabecular meshwork	FOETO:PF.ORL-NOR-016 | Membrane de Descemet primitive | oeil_oreille | 0.6	FOETO:PF.ORL-MAL-015 | Défect de la membrane de Descemet | oeil_oreille | 0.6	FOETO:PF.ORL-MAL-033 | Épaississement de la membrane de Descemet | oeil_oreille | 0.6	NOUVEAU
1042	T Alagille Syndrome (Arteriohepatic Dysplasia)		verdijk	ch09_incidental_findings	eye	contexte	prominent collagenous nodule	Higher magnification, with a prominent collagenous nodule (arrow) (H&E stain, 100×)				NOUVEAU
1043	T Alagille Syndrome (Arteriohepatic Dysplasia)		verdijk	ch09_incidental_findings	eye	contexte	Multiple inconspicuous cell nuclei between the collagen fibers	Multiple inconspicuous cell nuclei are seen between the collagen fibers (H&E stain, 200×)				NON
1011	T Axenfeld-Rieger Syndrome	ORPHA:782	verdijk	ch05_sporadic_anomalies	iris	direct	pupillary changes and hypoplastic anterior iris stroma	Rieger anomaly (or Axenfeld-Rieger anomaly) shows pupillary changes and hypoplastic anterior iris stroma	FOETO:PF.ORL-MAL-018 | Hypoplasie de l'iris | oeil_oreille | 0.9			FOETO:PF.ORL-MAL-018
1012	T Axenfeld-Rieger Syndrome	ORPHA:782	verdijk	ch05_sporadic_anomalies	anterior chamber angle	contexte	anteriorly placed and enlarged Schwalbe’s line associated with ridges of mesodermal tissue	Axenfeld anomaly, with anteriorly placed and enlarged Schwalbe’s line associated with ridges of mesodermal tissue coursing between the anterior iris stroma and Schwalbe’s line				NOUVEAU
87	T Bardet-Biedl Syndrome	ORPHA:110	keeling	ch24_urinary	kidney	direct	large and cystic kidneys with normal surface	The kidneys are large and cystic and their surface is usually normal, since the cysts spare the superficial cortex.	FOETO:PF.REN-NOR-010 | Cortex superficiel épargné par les kystes | rein | 0.52			NON
88	T Bardet-Biedl Syndrome	ORPHA:110	keeling	ch24_urinary	kidney	direct	persistence of normal, non-dilated collecting ducts in the medulla	An important difference, confirmed by the immunohistological analysis, is the persistence of normal, non-dilated collecting ducts in the medulla	FOETO:PF.REN-MAL-017 | Désorientation des tubes collecteurs | rein | 0.6			NOUVEAU
89	T Bardet-Biedl Syndrome	ORPHA:110	keeling	ch24_urinary	kidney	direct	cysts' epithelia are frequently dedifferentiated	although the cysts’ epithelia are frequently dedifferentiated (Fig. 24.23).				NOUVEAU
90	T Bardet-Biedl Syndrome	ORPHA:110	keeling	ch24_urinary	liver	direct	moderate portal fibrosis without ductular proliferation	In addition, the liver is normal or shows only moderate portal fibrosis without ductular proliferation (Fig. 24.24).	FOETO:PF.FOI-MAL-020 | Fibrose portale avec prolifération ductulaire extensive | foie | 0.54			NOUVEAU
93	T Bardet-Biedl Syndrome	ORPHA:110	soffoet	ch09_rein_voies_urinaires	rein	direct	kystes arrondis dont la taille augmente de la surface à la profondeur	kystes arrondis dont la taille augmente de la surface à la profondeur				FOETO:PF.REN-NOR-013
94	T Bardet-Biedl Syndrome	ORPHA:110	soffoet	ch09_rein_voies_urinaires	rein	contexte	persistance dans la médullaire de tubes collecteurs inter-kystiques normaux, non dilatés	persistance dans la médullaire de tubes collecteurs inter-kystiques normaux, non dilatés	FOETO:PF.REN-MAL-017 | Désorientation des tubes collecteurs | rein | 0.6			NOUVEAU
1312	T Mowat-Wilson Syndrome	ORPHA:2152	genereviews	mws	gut	direct	submucosal supernumerary smooth muscle coat	submucosal supernumerary smooth muscle coat has been identified more commonly in people with classic MWS	FOETO:PF.POU-NOR-016 | Muscle lisse péribronchique | poumon | 0.6			NOUVEAU
1075	U Amnion Rupture Sequence		benirschke	ch15_membranes	placenta	direct	infiltration with enlarged macrophages	The placental surface is usually somewhat opaque owing to infiltration with enlarged macrophages.	FOETO:PF.MUL-MET-180 | Infiltrat macrophagique dans le tissu adipeux | multi_organe | 0.6	FOETO:PP.PLA-MET-021 | Placentomégalie avec aspect pâle | placenta | 0.47		NOUVEAU
821	U Caudal Dysplasia Sequence (Caudal Regression Syndrome)	ORPHA:3027	verdijk	ch09_incidental_findings	retina	direct	hyperplastic RPE cells	A well-demarcated area composed of hyperplastic RPE cells was identified				NOUVEAU
1184	U Early Urethral Obstruction Sequence  (Prune Belly Syndrome)	ORPHA:2970	keeling	ch24_urinary	abdominal wall	direct	atrophy of the muscles of the anterior abdominal wall	The combination of atrophy of the muscles of the anterior abdominal wall, undescended testes with bilateral hydronephrosis, and hydroureter in an infant male is termed the “prune belly” syndrome	FOETO:PF.CER-RET-005 | Atrophie des racines antérieures | cerveau | 0.6			NON
1185	U Early Urethral Obstruction Sequence  (Prune Belly Syndrome)	ORPHA:2970	keeling	ch24_urinary	testes	direct	undescended testes	The combination of atrophy of the muscles of the anterior abdominal wall, undescended testes with bilateral hydronephrosis, and hydroureter in an infant male is termed the “prune belly” syndrome	FOETO:PF.GEN-MAL-028 | Infarctus testiculaire néonatal | genital | 0.5	FOETO:PF.GEN-NOR-086 | Hyperplasie des cellules de Leydig fœtales | genital | 0.5	FOETO:PF.GEN-MAL-014 | Dysgénésie gonadique — testicule dysgénétique | genital | 0.5	NON
1186	U Early Urethral Obstruction Sequence  (Prune Belly Syndrome)	ORPHA:2970	keeling	ch24_urinary	kidney	direct	bilateral hydronephrosis	The combination of atrophy of the muscles of the anterior abdominal wall, undescended testes with bilateral hydronephrosis, and hydroureter in an infant male is termed the “prune belly” syndrome	FOETO:PF.REN-MAL-048 | Sclérose mésangiale diffuse | rein | 0.5	FOETO:PF.REN-MAL-024 | Hypercellularité mésangiale glomérulaire | rein | 0.5	FOETO:PF.REN-MAL-011 | Dilatation microkystique des tubules proximaux | rein | 0.5	NON
1187	U Early Urethral Obstruction Sequence  (Prune Belly Syndrome)	ORPHA:2970	keeling	ch24_urinary	ureter	direct	hydroureter	The combination of atrophy of the muscles of the anterior abdominal wall, undescended testes with bilateral hydronephrosis, and hydroureter in an infant male is termed the “prune belly” syndrome				NON
1188	U Early Urethral Obstruction Sequence  (Prune Belly Syndrome)	ORPHA:2970	keeling	ch24_urinary	urethra	direct	tapering dilatation of the posterior urethra narrowing into the membranous urethra	More often, there is tapering dilatation of the posterior urethra narrowing into the membranous urethra without obstruction, although clinical investigation indicates an abnormal functional resistance in the membranous urethra.				NON
1189	U Early Urethral Obstruction Sequence  (Prune Belly Syndrome)	ORPHA:2970	keeling	ch24_urinary	bladder	direct	thick-walled bladder	The bladder is thick-walled, although usually not trabeculated.	FOETO:PF.REN-MAL-006 | Artérioles à paroi épaissie | rein | 0.6			NON
1190	U Early Urethral Obstruction Sequence  (Prune Belly Syndrome)	ORPHA:2970	keeling	ch24_urinary	bladder	direct	abnormally wide trigone	The trigone is abnormally wide and the ureteric orifices dilated and subject to vesicoureteric reflux.				NON
1191	U Early Urethral Obstruction Sequence  (Prune Belly Syndrome)	ORPHA:2970	keeling	ch24_urinary	bladder	direct	dilated ureteric orifices	The trigone is abnormally wide and the ureteric orifices dilated and subject to vesicoureteric reflux.				NON
1192	U Early Urethral Obstruction Sequence  (Prune Belly Syndrome)	ORPHA:2970	keeling	ch24_urinary	ureter	direct	dilated and tortuous ureters	The ureters are dilated and tortuous; the kidneys are hydronephrotic and show varying degrees of dysplastic development.	FOETO:PF.REN-MAL-046 | Rein multikystique | rein | 0.47			NON
1193	U Early Urethral Obstruction Sequence  (Prune Belly Syndrome)	ORPHA:2970	keeling	ch24_urinary	kidney	direct	hydronephrotic kidneys	The ureters are dilated and tortuous; the kidneys are hydronephrotic and show varying degrees of dysplastic development.	FOETO:PF.REN-MAL-046 | Rein multikystique | rein | 0.47			NON
1194	U Early Urethral Obstruction Sequence  (Prune Belly Syndrome)	ORPHA:2970	keeling	ch24_urinary	kidney	direct	dysplastic development of kidneys	The ureters are dilated and tortuous; the kidneys are hydronephrotic and show varying degrees of dysplastic development.	FOETO:PF.REN-MAL-046 | Rein multikystique | rein | 0.6			NOUVEAU
1197	U Early Urethral Obstruction Sequence  (Prune Belly Syndrome)	ORPHA:2970	soffoet	ch07_digestif_foie	paroi abdominale	direct	défaut de musculature pariétale abdominale	défaut de musculature pariétale abdominale - dilatation vésico-urétérale et cryptorchidie				NOUVEAU
1199	U Early Urethral Obstruction Sequence  (Prune Belly Syndrome)	ORPHA:2970	soffoet	ch07_digestif_foie	muscles abdominaux	direct	atrophie ou hypotrophie cellulaire des muscles	il en résulte alors une atrophie ou une hypotrophie à l’échelle cellulaire, probablement réversible				NOUVEAU
1225	U Occult Spinal Dysraphism Sequence  (Tethered Cord Malformation Sequence)		devneuro	ch02_neural_tube_defects	spinal cord	direct	overdistension of the central canal (hydromyelia)	The spinal cord abnormalities may comprise overdistension of the central canal (hydromyelia; Figure 2.7a)	FOETO:PF.CER-MAL-140 | Hydromyélie | cerveau | 1.0			FOETO:PF.CER-MAL-140
1226	U Occult Spinal Dysraphism Sequence  (Tethered Cord Malformation Sequence)		devneuro	ch02_neural_tube_defects	spinal cord	direct	longitudinal duplication or splitting of the spinal cord (diplomyelia, diastematomyelia)	longitudinal duplication or splitting of the spinal cord (diplomyelia, diastematomyelia; Figure 2.7b)	FOETO:PF.CER-MAL-203 | Moelle épinière dupliquée (diplomyélie) | cerveau | 1.0	FOETO:PF.CER-MAL-060 | Diastematomyélie | cerveau | 1.0	FOETO:PF.CER-MAL-065 | Diplomyélie | cerveau | 1.0	FOETO:PF.CER-MAL-203
1227	U Occult Spinal Dysraphism Sequence  (Tethered Cord Malformation Sequence)		devneuro	ch02_neural_tube_defects	spinal cord	direct	tethering of the lower end of the cord, often in association with lipoma	tethering of the lower end of the cord, often in association with lipoma (lipomyelomeningocele)	FOETO:PF.CER-MAL-205 | Myéloméningocèle | cerveau | 0.8	FOETO:PF.CER-MAL-190 | Lipome spinal (lipomyéloméningocèle) | cerveau | 0.47		NOUVEAU
1228	U Occult Spinal Dysraphism Sequence  (Tethered Cord Malformation Sequence)		devneuro	ch02_neural_tube_defects	spinal cord	direct	thickening of the filum terminale	variable combinations of thickening of the filum terminale, low or dilated conus medullaris, spinal lipoma	FOETO:PF.CER-MAL-190 | Lipome spinal (lipomyéloméningocèle) | cerveau | 0.47	FOETO:PF.CER-MAL-189 | Lipome intradural spinal | cerveau | 0.47		NOUVEAU
1229	U Occult Spinal Dysraphism Sequence  (Tethered Cord Malformation Sequence)		devneuro	ch02_neural_tube_defects	spinal cord	direct	low or dilated conus medullaris	variable combinations of thickening of the filum terminale, low or dilated conus medullaris, spinal lipoma	FOETO:PF.CER-MAL-190 | Lipome spinal (lipomyéloméningocèle) | cerveau | 0.47	FOETO:PF.CER-MAL-189 | Lipome intradural spinal | cerveau | 0.47		NON
1230	U Occult Spinal Dysraphism Sequence  (Tethered Cord Malformation Sequence)		devneuro	ch02_neural_tube_defects	spinal cord	direct	spinal lipoma	variable combinations of thickening of the filum terminale, low or dilated conus medullaris, spinal lipoma	FOETO:PF.CER-MAL-190 | Lipome spinal (lipomyéloméningocèle) | cerveau | 0.6	FOETO:PF.CER-MAL-189 | Lipome intradural spinal | cerveau | 0.6		FOETO:PF.CER-MAL-190
1231	U Occult Spinal Dysraphism Sequence  (Tethered Cord Malformation Sequence)		devneuro	ch02_neural_tube_defects	spinal cord	direct	dermoid cyst	spinal lipoma, dermoid cyst, split cord, hydromyelia, and sacral agenesis	FOETO:PF.CER-MAL-140 | Hydromyélie | cerveau | 0.8	FOETO:PF.CER-MAL-183 | Kyste dermoïde spinal | cerveau | 0.7	FOETO:PF.CER-MAL-190 | Lipome spinal (lipomyéloméningocèle) | cerveau | 0.47	FOETO:PF.CER-MAL-183
1232	U Occult Spinal Dysraphism Sequence  (Tethered Cord Malformation Sequence)		devneuro	ch02_neural_tube_defects	spinal cord	direct	split cord	dermoid cyst, split cord, hydromyelia, and sacral agenesis	FOETO:PF.CER-MAL-140 | Hydromyélie | cerveau | 0.8	FOETO:PF.CER-MAL-183 | Kyste dermoïde spinal | cerveau | 0.47		FOETO:PF.CER-MAL-060
1233	U Occult Spinal Dysraphism Sequence  (Tethered Cord Malformation Sequence)		devneuro	ch02_neural_tube_defects	spinal cord	direct	hydromyelia	dermoid cyst, split cord, hydromyelia, and sacral agenesis	FOETO:PF.CER-MAL-140 | Hydromyélie | cerveau | 1.0	FOETO:PF.CER-MAL-183 | Kyste dermoïde spinal | cerveau | 0.47		FOETO:PF.CER-MAL-140
545	U Septo-Optic Dysplasia Sequence	ORPHA:3157	keeling	ch28_brain_malformations	septum pellucidum	direct	septal agenesis	midline defects including septal agenesis and/or callosal agenesis	FOETO:PF.CER-MAL-017 | Agénésie du septum pellucidum | cerveau | 1.0			FOETO:PF.CER-MAL-017
546	U Septo-Optic Dysplasia Sequence	ORPHA:3157	keeling	ch28_brain_malformations	corpus callosum	direct	callosal agenesis	midline defects including septal agenesis and/or callosal agenesis	FOETO:PF.CER-MAL-017 | Agénésie du septum pellucidum | cerveau | 0.8	FOETO:PF.MUL-MET-016 | Agénésie ou hypoplasie du corps calleux dans le contexte métabolique | multi_organe | 0.5	FOETO:PF.CER-MAL-126 | Gyration radiale médiane anormale | cerveau | 0.5	FOETO:PF.CER-MAL-016
549	U Septo-Optic Dysplasia Sequence	ORPHA:3157	keeling	ch28_brain_malformations	olfactory bulb	direct	olfactory agenesis	In rare neuropathological studies, olfactory agenesis, hypothalamus dysplasia and heterotopia are reported.	FOETO:PF.CER-MAL-014 | Agénésie des bulbes olfactifs | cerveau | 0.6			FOETO:PF.CER-MAL-014
550	U Septo-Optic Dysplasia Sequence	ORPHA:3157	keeling	ch28_brain_malformations	hypothalamus	direct	hypothalamus dysplasia	In rare neuropathological studies, olfactory agenesis, hypothalamus dysplasia and heterotopia are reported.	FOETO:PF.CER-MAL-014 | Agénésie des bulbes olfactifs | cerveau | 0.47			NOUVEAU
551	U Septo-Optic Dysplasia Sequence	ORPHA:3157	keeling	ch28_brain_malformations	brain	direct	heterotopia	In rare neuropathological studies, olfactory agenesis, hypothalamus dysplasia and heterotopia are reported.	FOETO:PF.CER-INF-040 | Nodules de cellules de la zone germinale — périventriculaires | cerveau | 0.5	FOETO:PF.CER-VAS-002 | Nécrose du secteur CA1 de l'hippocampe | cerveau | 0.5	FOETO:PF.CER-NOR-034 | Lamination rudimentaire des nodules hétérotopiques | cerveau | 0.5	NOUVEAU
556	U Septo-Optic Dysplasia Sequence	ORPHA:3157	perineuro	s4_gray_matter_lesions	optic nerve and chiasm	direct	atrophy of optic nerve and chiasm	optic nerve and chiasm atrophy	FOETO:PF.MUL-MET-041 | Atrophie optique | multi_organe | 0.9	FOETO:PF.ORL-MAL-008 | Colobome du nerf optique | oeil_oreille | 0.6	FOETO:PF.ORL-MAL-019 | Hypoplasie du nerf optique | oeil_oreille | 0.6	FOETO:PF.MUL-MET-041
557	U Septo-Optic Dysplasia Sequence	ORPHA:3157	perineuro	s4_gray_matter_lesions	septum pellucidum	direct	absence of septum pellucidum	absent septum pellucidum	FOETO:PF.CER-MAL-008 | Absence du septum pellucidum | cerveau | 0.9	FOETO:PF.CER-CLA-013 | Aplasie du septum pellucidum | cerveau | 0.6	FOETO:PF.CER-NOR-079 | Septum pellucidum | cerveau | 0.6	FOETO:PF.CER-MAL-008
558	U Septo-Optic Dysplasia Sequence	ORPHA:3157	perineuro	s4_gray_matter_lesions	brain	direct	tissue destruction in the distribution of proximal penetrating branches of the middle cerebral arteries	tissue destruction in the distribution of proximal penetrating branches of the middle cerebral arteries				NOUVEAU
559	U Septo-Optic Dysplasia Sequence	ORPHA:3157	perineuro	s4_gray_matter_lesions	brain	contexte	focal polymicrogyria and gliosis	Focal polymicrogyria and gliosis were suggestive of an in utero ischemic process	FOETO:PF.MUL-MET-239 | Polymicrogyrie | multi_organe | 1.0	FOETO:PF.CER-MAL-235 | Polymicrogyrie bilatérale symétrique | cerveau | 0.5	FOETO:PF.CER-MAL-251 | Schizencéphalie | cerveau | 0.5	FOETO:PF.MUL-MET-239
560	V Oculo-Auriculo-Vertebral Spectrum  (First and Second Branchial Arch Syndrome, Facio-Auriculo-Vertebral Spectrum, Hemifacial Microsomia, Goldenhar Syndrome)	ORPHA:141132	keeling	ch33_skin	skin	contexte	epidermis and dermis, including hair follicles, overlying a core of fibroadipose tissue	Histologically, they comprise epidermis and dermis, including hair follicles, overlying a core of fibroadipose tissue				NON
561	V Oculo-Auriculo-Vertebral Spectrum  (First and Second Branchial Arch Syndrome, Facio-Auriculo-Vertebral Spectrum, Hemifacial Microsomia, Goldenhar Syndrome)	ORPHA:141132	keeling	ch33_skin	skin	contexte	bar of mature cartilage within the fat	Classically, there is a bar of mature cartilage within the fat, but this is not always present				NOUVEAU
563	V Oculo-Auriculo-Vertebral Spectrum  (First and Second Branchial Arch Syndrome, Facio-Auriculo-Vertebral Spectrum, Hemifacial Microsomia, Goldenhar Syndrome)	ORPHA:141132	verdijk	ch04_syndromic_anomalies	epibulbar dermoid	direct	non-keratinizing squamous epithelium with dermal-like stroma and subcutaneous-appearing fat	On microscopic evaluation, the lesion is mostly covered by a non-keratinizing squamous epithelium with a dermal-like stroma and various amounts of subcutaneous-appearing fat				FOETO:PF.ORL-MAL-012
564	V Oculo-Auriculo-Vertebral Spectrum  (First and Second Branchial Arch Syndrome, Facio-Auriculo-Vertebral Spectrum, Hemifacial Microsomia, Goldenhar Syndrome)	ORPHA:141132	verdijk	ch04_syndromic_anomalies	epibulbar dermoid	direct	dermal appendages such as hair follicles, sebaceous glands, and sweat glands	Dermal appendages such as hair follicles, sebaceous glands, and sweat glands are usually present				FOETO:PF.ORL-MAL-012
565	V Oculo-Auriculo-Vertebral Spectrum  (First and Second Branchial Arch Syndrome, Facio-Auriculo-Vertebral Spectrum, Hemifacial Microsomia, Goldenhar Syndrome)	ORPHA:141132	verdijk	ch04_syndromic_anomalies	dermolipoma	direct	conjunctival epithelium or non-keratinizing squamous epithelium with mainly fat stromal elements	The lesion may be covered by conjunctival epithelium or non-keratinizing squamous epithelium. There are usually no cutaneous appendages, and the stromal elements are mainly composed of fat				NOUVEAU
566	V Oculo-Auriculo-Vertebral Spectrum  (First and Second Branchial Arch Syndrome, Facio-Auriculo-Vertebral Spectrum, Hemifacial Microsomia, Goldenhar Syndrome)	ORPHA:141132	verdijk	ch04_syndromic_anomalies	limbal dermoid	direct	keratinized squamous epithelium with dermal collagen and underlying fat straddling the limbus	Keratinized squamous epithelium with dermal collagen and underlying fat straddling the limbus	FOETO:PF.PEA-NOR-011 | Faisceaux de collagène dermique | peau | 0.6			FOETO:PF.ORL-MAL-012
567	V Oculo-Auriculo-Vertebral Spectrum  (First and Second Branchial Arch Syndrome, Facio-Auriculo-Vertebral Spectrum, Hemifacial Microsomia, Goldenhar Syndrome)	ORPHA:141132	verdijk	ch04_syndromic_anomalies	limbal dermoid	direct	dermal appendages such as a hair follicle and sebaceous gland	Dermal appendages such as a hair follicle and sebaceous gland are present				FOETO:PF.ORL-MAL-012
568	V Oculo-Auriculo-Vertebral Spectrum  (First and Second Branchial Arch Syndrome, Facio-Auriculo-Vertebral Spectrum, Hemifacial Microsomia, Goldenhar Syndrome)	ORPHA:141132	verdijk	ch04_syndromic_anomalies	sclera	direct	cartilaginous choristoma in the sclera	Cartilaginous choristoma in the sclera in deeper sections adjacent to the coloboma				NOUVEAU
1874	FAMILLE Alagille et cholangiopathies syndromiques	FAM:0043	keeling	ch23_liver_gallbladder	liver	direct	paucity of intrahepatic bile ducts	There are also a group of abnormalities characterised by a paucity of intrahepatic bile ducts.				FOETO:PF.FOI-DYS-001
1875	FAMILLE Alagille et cholangiopathies syndromiques	FAM:0043	keeling	ch23_liver_gallbladder	liver	direct	bland cholestasis	A bland cholestasis can sometimes be seen.				FOETO:PF.MUL-MET-069
1876	FAMILLE Alagille et cholangiopathies syndromiques	FAM:0043	keeling	ch23_liver_gallbladder	liver	direct	paucity of bile ducts	Paucity of bile ducts. Syndromic and non-syndromic causes.				FOETO:PF.FOI-DYS-001
1877	FAMILLE Alagille et cholangiopathies syndromiques	FAM:0043	keeling	ch23_liver_gallbladder	liver	direct	marginal ductular transformation	in biopsies from early Alagille syndrome, there can be marginal ductular transformation complicating the differential diagnosis with BA				NOUVEAU
1878	FAMILLE Alagille et cholangiopathies syndromiques	FAM:0043	keeling	ch23_liver_gallbladder	liver	direct	duct paucity	studies of livers removed at transplantation in Alagille syndrome have shown that duct paucity is not uniform throughout the liver				FOETO:PF.FOI-DYS-001
