signe	nom_propose	hpo_id	label_hpo	n	choix	arbitre
attention-deficit/hyperactivity disorder	Attention deficit hyperactivity disorder	HP:0007018	Attention deficit hyperactivity disorder	55	HP:0007018	next:OK
Developmental delay / intellectual disability	Intellectual disability	HP:0001249	Intellectual disability	30	HP:0001249	next:OK
Developmental delay / intellectual disability	Developmental delay	HP:0001263	Global developmental delay	27	HP:0001263	next:OK
congenital heart disease	Congenital heart defect	HP:0001627	Abnormal heart morphology	22	HP:0001627	next:OK Abnormal heart morphology
Refractive errors	Abnormality of refraction	HP:0000539	Abnormality of refraction	22	HP:0000539	next:OK
Poor weight gain	Failure to thrive	HP:0001508	Failure to thrive	20	HP:0001508	next:OK
Autistic features	Autistic behavior	HP:0000729	Autistic behavior	18	HP:0000729	next:OK
end-stage kidney disease	End-stage renal disease	HP:0003774	Stage 5 chronic kidney disease	11	HP:0003774	next:OK
feeding issues	Feeding difficulties	HP:0011968	Feeding difficulties	11	HP:0011968	next:OK
hearing loss	Hearing abnormality	HP:0000364	Hearing abnormality	10	HP:0000364	next:OK
Hydropic appearance	Hydrops fetalis	HP:0001789	Hydrops fetalis	10	HP:0001789	next:OK
Learning disabilities	Intellectual disability	HP:0001249	Intellectual disability	10	HP:0001328	next:AUTRE Specific learning disability
Renal abnormalities	Abnormality of the kidney	HP:0000077	Abnormality of the kidney	10	HP:0000077	next:OK
Brain anomalies	Abnormality of brain morphology	HP:0012443	Abnormal brain morphology	9	HP:0012443	next:OK
Café au lait macules	Café-au-lait spot	HP:0000957	Cafe-au-lait spot	8	HP:0000957	next:OK
Delayed dentition	Delayed tooth eruption	HP:0000684	Delayed eruption of teeth	8	HP:0000684	next:OK
dysmorphic features	Dysmorphic facial feature	HP:0001999	Abnormal facial shape	8		next:AUTRE Abnormal facial shape ?
Genitourinary anomalies	Abnormality of the genitourinary system	HP:0000119	Abnormality of the genitourinary system	8	HP:0000119	next:OK
Learning disability	Intellectual disability	HP:0001249	Intellectual disability	8	HP:0001328	next:AUTRE Specific learning disability
Ligamentous laxity	Joint hypermobility	HP:0001382	Joint hypermobility	8	HP:0001382	next:OK
cognitive dysfunction	Intellectual disability	HP:0001249	Intellectual disability	7	HP:0001249	next:OK
Fetal hydrops	Hydrops fetalis	HP:0001789	Hydrops fetalis	7	HP:0001789	next:OK
incontinence	Urinary incontinence	HP:0000020	Urinary incontinence	7	HP:0000020	next:OK
Infant feeding difficulties	Feeding difficulties in infancy	HP:0008872	Feeding difficulties in infancy	7	HP:0008872	next:OK
kidney failure	Renal failure	HP:0000083	Renal insufficiency	7	HP:0000083	next:OK
Ocular abnormalities	Abnormality of the eye	HP:0000478	Abnormality of the eye	7	HP:0000478	next:OK
ocular anomalies	Abnormality of the eye	HP:0000478	Abnormality of the eye	7	HP:0000478	next:OK
recurrent vomiting	Vomiting	HP:0002013	Vomiting	7	HP:0002013	next:OK
Roving eye movements	Abnormal eye movements	HP:0000496	Abnormality of eye movement	7	HP:0000496	next:OK Abnormality of eye movement
Short hands and feet	Short foot	HP:0001773	Short foot	7		next:AUTRE Short hand ?
Shortness of stature	Short stature	HP:0004322	Short stature	7	HP:0004322	next:OK
Sleep disorders	Sleep disturbance	HP:0002360	Sleep disturbance	7	HP:0002360	next:OK
5th-finger clinodactyly	Clinodactyly of the 5th finger	HP:0004209	Clinodactyly of the 5th finger	6	HP:0004209	next:OK Clinodactyly of the 5th finger
Anxiety disorders	Anxiety	HP:0000739	Anxiety	6	HP:0000739	next:OK
Characteristic facial features	Abnormal facial shape	HP:0001999	Abnormal facial shape	6	HP:0001999	next:OK
cognitive delay	Intellectual disability	HP:0001249	Intellectual disability	6	HP:0001249	next:OK
Generalized demineralization	Osteopenia	HP:0000938	Osteopenia	6	HP:0000938	next:OK
Gingival hypertrophy	Gingival hyperplasia	HP:0000212	Gingival overgrowth	6	HP:0000212	next:OK
Growth restriction	Growth delay	HP:0001510	Growth delay	6	HP:0001510	next:OK Growth delay
growth restriction	Intrauterine growth restriction	HP:0001511	Intrauterine growth retardation	6	PARENT:HP:0001510	next:PARENT Growth delay
Hearing loss	Hearing impairment	HP:0000365	Hearing impairment	6	HP:0000365	next:OK
kidney anomalies	Abnormality of the kidney	HP:0000077	Abnormality of the kidney	6	HP:0000077	next:OK
Neuronal migration defects	Abnormal neuronal migration	HP:0002269	Abnormality of neuronal migration	6	HP:0002269	next:OK
Oculogyric crises	Oculogyric crisis	HP:0010553	Oculogyric crisis	6	HP:0010553	next:OK
optic nerve pallor	Optic atrophy	HP:0000648	Optic atrophy	6	HP:0000648	next:OK
Retinal abnormalities	Abnormality of the retina	HP:0000479	Abnormal retinal morphology	6	HP:0000479	next:OK
Shortened long bones	Short long bones	HP:0003026	Short long bone	6	HP:0003026	next:OK Short long bone
Thick vermilion of the upper and lower lips	Thick vermilion border	HP:0012471	Thick vermilion border	6	HP:0012471	next:OK
Brain stem atrophy	Brainstem atrophy	HP:0007366	Atrophy/Degeneration affecting the brainstem	5	HP:0007366	next:OK
Broad hands and feet	Broad hands	HP:0001169	Broad palm	5	PARENT:HP:0001169	next:PARENT Broad hand
Broad hands and feet	Broad feet	HP:0001769	Broad foot	5	HP:0001769	next:OK
bulbar dysfunction	Bulbar palsy	HP:0001283	Bulbar palsy	5	HP:0001283	next:OK
cardiac defects	Abnormality of the heart	HP:0001627	Abnormal heart morphology	5	HP:0001627	next:OK
cramps	Muscle cramp	HP:0003394	Muscle spasm	5	HP:0003394	next:OK Muscle spasm
Elevated serum alkaline phosphatase	Elevated alkaline phosphatase	HP:0003155	Elevated circulating alkaline phosphatase concentration	5	HP:0003155	next:OK
Eye anomalies	Abnormality of the eye	HP:0000478	Abnormality of the eye	5	HP:0000478	next:OK
Genitourinary malformations	Abnormality of the genitourinary system	HP:0000119	Abnormality of the genitourinary system	5	HP:0000119	next:OK Abnormality of the genitourinary system
Hypermobile joints	Joint hypermobility	HP:0001382	Joint hypermobility	5	HP:0001382	next:OK
Liver disease	Abnormality of the liver	HP:0001392	Abnormality of the liver	5	HP:0001392	next:OK
Mild-to-moderate intellectual disability	Mental retardation	HP:0001249	Intellectual disability	5	PARENT:HP:0001256	next:PARENT Mild intellectual disability
Mild-to-moderate intellectual disability	Mild intellectual disability	HP:0001256	Mild intellectual disability	5	PARENT:HP:0002342	next:PARENT Moderate intellectual disability
neuropathy	Peripheral neuropathy	HP:0009830	Peripheral neuropathy	5	HP:0009830	next:OK
Postnatal onset of growth deficiency	Postnatal growth deficiency	HP:0008897	Postnatal growth retardation	5	HP:0008897	next:OK
Refractive error	Abnormality of refraction	HP:0000539	Abnormality of refraction	5	HP:0000539	next:OK
Short metacarpals and metatarsals	Short metacarpals	HP:0010049	Short metacarpal	5	HP:0010049	next:OK
Short metacarpals and metatarsals	Short metatarsals	HP:0010743	Short metatarsal	5	HP:0010743	next:OK
structural brain anomalies	Abnormality of the brain	HP:0012443	Abnormal brain morphology	5	HP:0012443	next:OK Abnormal brain morphology
Tall forehead	High forehead	HP:0000348	High forehead	5	HP:0000348	next:OK
Wide fontanels	Wide fontanelles	HP:0000239	Large fontanelles	5	HP:0000239	next:OK
Abnormal tone	Abnormal muscle tone	HP:0003808	Abnormal muscle tone	4	HP:0003808	next:OK
Bowed femora	Bowed femur	HP:0002980	Femoral bowing	4	HP:0002980	next:OK
Bowing of the long tubular bones	Bowing of long bones	HP:0006487	Bowing of the long bones	4	HP:0006487	next:OK
brisk tendon reflexes	Hyperreflexia	HP:0001347	Hyperreflexia	4	HP:0001347	next:OK
Bulbous nasal tip	Bulbous nose	HP:0000414	Bulbous nose	4	HP:0000414	next:OK
Cardiac involvement	Cardiomyopathy	HP:0001638	Cardiomyopathy	4	HP:0001626	next:AUTRE Abnormality of the cardiovascular system
Cleft palate alone	Cleft palate	HP:0000175	Cleft palate	4	HP:0000175	next:OK
Coarsening of facial features	Coarse facial features	HP:0000280	Coarse facial features	4	HP:0000280	next:OK
cognitive disability	Intellectual disability	HP:0001249	Intellectual disability	4	HP:0001249	next:OK
Cognitive dysfunction	Cognitive impairment	HP:0100543	Cognitive impairment	4	HP:0100543	next:OK
Colobomata of iris	Iris coloboma	HP:0000612	Iris coloboma	4	HP:0000612	next:OK
Crowding	Dental crowding	HP:0000678	Dental crowding	4	HP:0000678	next:OK
Dilated lateral ventricles	Ventriculomegaly	HP:0002119	Ventriculomegaly	4	HP:0002119	next:OK
Dorsal kyphosis	Kyphosis	HP:0002808	Kyphosis	4	HP:0002808	next:OK
enlarged spleen	Splenomegaly	HP:0001744	Splenomegaly	4	HP:0001744	next:OK
Failure to gain weight	Failure to thrive	HP:0001508	Failure to thrive	4	HP:0001508	next:OK
Gait changes	Abnormal gait	HP:0001288	Gait disturbance	4	HP:0001288	next:OK Gait disturbance
Gastrointestinal reflux	Gastroesophageal reflux	HP:0002020	Gastroesophageal reflux	4	HP:0002020	next:OK
Hypoplastic maxilla	Maxillary hypoplasia	HP:0000327	Hypoplasia of the maxilla	4	HP:0000327	next:OK
Impaired hearing	Hearing impairment	HP:0000365	Hearing impairment	4	HP:0000365	next:OK
Irregular vertebral end plates	Irregular vertebral endplates	HP:0003301	Irregular vertebral endplates	4	HP:0003301	next:OK
Late closure of fontanels	Delayed closure of fontanelles	HP:0000270	Delayed cranial suture closure	4	HP:0000270	next:OK Delayed cranial suture closure
Learning difficulties	Intellectual disability	HP:0001249	Intellectual disability	4	PARENT:HP:0001249	next:PARENT Intellectual disability
Ligamentous hyperlaxity	Joint hypermobility	HP:0001382	Joint hypermobility	4	HP:0001382	next:OK
Low-​set ears	Low-set ears	HP:0000369	Low-set ears	4	HP:0000369	next:OK Low-set ears
Malignancy	Neoplasm	HP:0002664	Neoplasm	4	HP:0002664	next:OK
mild-to-moderate intellectual disability	Moderate intellectual disability	HP:0002342	Moderate intellectual disability	4	HP:0001249	next:AUTRE Intellectual disability
Neural tube closure defect	Neural tube defect	HP:0045005	Neural tube defect	4	HP:0045005	next:OK
Neurologic complications	Abnormality of the nervous system	HP:0000707	Abnormality of the nervous system	4	HP:0000707	next:OK
Neurologic involvement	Abnormality of the nervous system	HP:0000707	Abnormality of the nervous system	4	HP:0000707	next:OK
poor postnatal growth	Postnatal growth retardation	HP:0008897	Postnatal growth retardation	4	HP:0008897	next:OK
Postnatal short stature	Postnatal growth retardation	HP:0008897	Postnatal growth retardation	4	HP:0008897	next:OK
prematurity	Premature birth	HP:0001622	Premature birth	4	HP:0001622	next:OK
Protuberant eyes	Proptosis	HP:0000520	Proptosis	4	HP:0000520	next:OK
proximal weakness	Proximal muscle weakness	HP:0003701	Proximal muscle weakness	4	HP:0003701	next:OK
Redness	Erythema	HP:0010783	Erythema	4	HP:0010783	next:OK
Restricted joint mobility	Joint stiffness	HP:0001387	Joint stiffness	4	HP:0001376	next:AUTRE Limitation of joint mobility
Retarded osseous maturation	Delayed bone age	HP:0002750	Delayed skeletal maturation	4	HP:0002750	next:OK
Seizure disorder	Seizures	HP:0001250	Seizure	4	HP:0001250	next:OK
Short extremities	Short limb	HP:0009826	Limb undergrowth	4	HP:0009826	next:OK
Short, horizontally oriented ribs	Short ribs	HP:0000773	Short ribs	4	PARENT:HP:0000773	next:PARENT Short ribs
sleep-disordered breathing	Sleep apnea	HP:0010535	Sleep apnea	4		next:AUTRE Sleep apnea ?
Thyroid dysfunction	Abnormality of the thyroid gland	HP:0000820	Abnormality of the thyroid gland	4	HP:0000820	next:OK Abnormality of the thyroid gland
tone abnormalities	Abnormal muscle tone	HP:0003808	Abnormal muscle tone	4	HP:0003808	next:OK Abnormal muscle tone
Vertebral defects	Vertebral anomalies	HP:0003468	Abnormal vertebral morphology	4	HP:0003468	next:OK Abnormal vertebral morphology
Wide sutures	Diastasis of cranial sutures	HP:0010537	Wide cranial sutures	4	HP:0010537	next:OK Wide cranial sutures
Abnormal electroencephalograph	Abnormal electroencephalogram	HP:0002353	EEG abnormality	3	HP:0002353	next:OK EEG abnormality
Abnormal nails	Abnormal nail morphology	HP:0001597	Abnormal nail morphology	3	HP:0001597	next:OK Abnormal nail morphology
Accelerated osseous maturation	Advanced bone age	HP:0005616	Accelerated skeletal maturation	3	HP:0005616	next:OK Accelerated skeletal maturation
Airway compromise	Airway obstruction	HP:0006536	Airway obstruction	3	HP:0006536	next:OK Airway obstruction
Anal anomalies	Anal atresia	HP:0002023	Anal atresia	3	PARENT:HP:0004378	next:PARENT Abnormality of the anus
Aneurysm of other vessels	Aneurysm	HP:0002617	Vascular dilatation	3	HP:0002617	next:OK Vascular dilatation
atrophy	Muscle atrophy	HP:0003202	Skeletal muscle atrophy	3	HP:0003202	next:OK Skeletal muscle atrophy
Attention-deficit/hyperactivity disorder (ADHD)	Attention deficit hyperactivity disorder	HP:0007018	Attention deficit hyperactivity disorder	3	HP:0007018	next:OK Attention deficit hyperactivity disorder
Axonal sensorimotor neuropathy	Sensorimotor neuropathy	HP:0007141	Sensorimotor neuropathy	3	PARENT:HP:0009830	next:PARENT Peripheral neuropathy
behavioral issues	Behavioral abnormality	HP:0000708	Atypical behavior	3	HP:0000708	next:OK Atypical behavior
Bleeding from the gums	Gingival bleeding	HP:0000225	Gingival bleeding	3	HP:0000225	next:OK Gingival bleeding
Bowed long tubular bones	Bowed long bones	HP:0006487	Bowing of the long bones	3	HP:0006487	next:OK Bowing of the long bones
Bowed tibiae	Tibial bowing	HP:0002982	Tibial bowing	3	HP:0002982	next:OK Tibial bowing
Cardiac hypertrophy	Cardiomegaly	HP:0001640	Cardiomegaly	3		next:AUTRE Cardiac hypertrophy ?
Cardiac malformations	Congenital heart defect	HP:0001627	Abnormal heart morphology	3	HP:0001627	next:OK Abnormal heart morphology
Chronic anemia	Anemia	HP:0001903	Anemia	3	HP:0001903	next:OK Anemia
coarsening of the facial features	Coarse facial features	HP:0000280	Coarse facial features	3	HP:0000280	next:OK Coarse facial features
Colobomata	Coloboma	HP:0000589	Coloboma	3	HP:0000589	next:OK Coloboma
conduction defects	Abnormality of cardiac conduction	HP:0031546	Cardiac conduction abnormality	3	HP:0031546	next:OK Cardiac conduction abnormality
Congenital cardiac defects	Congenital heart defect	HP:0001627	Abnormal heart morphology	3	HP:0001627	next:OK Abnormal heart morphology
Cortical vision impairment	Cortical visual impairment	HP:0100704	Cerebral visual impairment	3	HP:0100704	next:OK Cerebral visual impairment
Craniostenosis	Craniosynostosis	HP:0001363	Craniosynostosis	3	HP:0001363	next:OK Craniosynostosis
Cryptorchidism in males	Cryptorchidism	HP:0000028	Cryptorchidism	3	HP:0000028	next:OK Cryptorchidism
Cushing disease	Cushing syndrome	HP:0003118	Increased circulating cortisol level	3	HP:0003118	next:AUTRE Cushing syndrome
Cystic lesions in the lower lobes	Pulmonary cyst	HP:0032445	Pulmonary cyst	3	HP:0032445	next:OK Pulmonary cyst
Dandy–Walker malformation	Dandy-Walker malformation	HP:0001305	Dandy-Walker malformation	3	HP:0001305	next:OK Dandy-Walker malformation
Deep palmar and plantar creases	Deep palmar creases	HP:0006191	Deep palmar crease	3	PARENT:HP:0006191	next:PARENT Deep palmar crease
Delayed independent ambulation	Delayed walking	HP:0031936	Delayed ability to walk	3	HP:0031936	next:OK Delayed ability to walk
Delayed sexual development	Delayed puberty	HP:0000823	Delayed puberty	3	HP:0000823	next:OK Delayed puberty
Diffuse interstitial prominence	Interstitial lung disease	HP:0006530	Abnormal pulmonary interstitial morphology	3	HP:0006530	next:OK Abnormal pulmonary interstitial morphology
Disproportionate dwarfism	Disproportionate short stature	HP:0003498	Disproportionate short stature	3	HP:0003498	next:OK Disproportionate short stature
Distal weakness	Distal muscle weakness	HP:0002460	Distal muscle weakness	3	HP:0002460	next:OK Distal muscle weakness
ear malformations	Abnormality of the ear	HP:0000598	Abnormality of the ear	3	HP:0000598	next:OK Abnormality of the ear
early-onset hypotonia	Hypotonia	HP:0001252	Hypotonia	3	HP:0001252	next:OK Hypotonia
Endocrine abnormalities	Abnormality of the endocrine system	HP:0000818	Abnormality of the endocrine system	3	HP:0000818	next:OK Abnormality of the endocrine system
Exophthalmia	Exophthalmos	HP:0000520	Proptosis	3	HP:0000520	next:OK Proptosis
Exposure keratopathy	Keratitis	HP:0000491	Keratitis	3		next:AUTRE Exposure keratopathy ?
faltering growth	Failure to thrive	HP:0001508	Failure to thrive	3	HP:0001508	next:OK Failure to thrive
Feeding intolerance	Feeding difficulties	HP:0011968	Feeding difficulties	3	HP:0011968	next:OK Feeding difficulties
feeding issues	Feeding difficulties in infancy	HP:0008872	Feeding difficulties in infancy	3	PARENT:HP:0011968	next:PARENT Feeding difficulties
Gastrointestinal anomalies	Abnormality of the gastrointestinal tract	HP:0011024	Abnormality of the gastrointestinal tract	3	HP:0011024	next:OK Abnormality of the gastrointestinal tract
gastrointestinal defects	Abnormality of the gastrointestinal tract	HP:0011024	Abnormality of the gastrointestinal tract	3	HP:0011024	next:OK Abnormality of the gastrointestinal tract
genitourinary defects	Abnormality of the genitourinary system	HP:0000119	Abnormality of the genitourinary system	3	HP:0000119	next:OK Abnormality of the genitourinary system
Hand and foot anomalies	Hand anomaly	HP:0001155	Abnormality of the hand	3	HP:0001155	next:OK Abnormality of the hand
Heart anomalies	Abnormality of the heart	HP:0001627	Abnormal heart morphology	3	HP:0001627	next:OK Abnormal heart morphology
Herniae	Hernia	HP:0100790	Hernia	3	HP:0100790	next:OK Hernia
Highly arched palate	High palate	HP:0000218	High palate	3	HP:0000218	next:OK High palate
Hyperkeratotic lesions	Hyperkeratosis	HP:0000962	Hyperkeratosis	3	HP:0000962	next:OK Hyperkeratosis
Hypoplastic midface	Midface hypoplasia	HP:0011800	Midface retrusion	3	HP:0011800	next:OK Midface retrusion
Impaired color vision	Abnormal color vision	HP:0000551	Color vision defect	3	HP:0000551	next:OK Color vision defect
Impaired kidney function	Renal insufficiency	HP:0000083	Renal insufficiency	3	HP:0000083	next:OK Renal insufficiency
Inguinal herniae	Inguinal hernia	HP:0000023	Inguinal hernia	3	HP:0000023	next:OK Inguinal hernia
Initial hypotonia	Hypotonia	HP:0001252	Hypotonia	3	HP:0001252	next:OK Hypotonia
Intracerebral calcifications	Intracranial calcification	HP:0430048	Intracranial calcification	3	HP:0430048	next:OK Intracranial calcification
Intrauterine growth deficiency	Intrauterine growth retardation	HP:0001511	Intrauterine growth retardation	3	HP:0001511	next:OK Intrauterine growth retardation
irregular menstrual cycles	Irregular menstruation	HP:0000858	Irregular menstruation	3	HP:0000858	next:OK Irregular menstruation
Kidney manifestations	Abnormality of the kidney	HP:0000077	Abnormality of the kidney	3	HP:0000077	next:OK Abnormality of the kidney
Knock-knee	Genu valgum	HP:0002857	Genu valgum	3	HP:0002857	next:OK Genu valgum
Large hands and feet	Macrodactyly	HP:0004099	Macrodactyly	3		next:AUTRE Macrodactyly of the hands ?
Lateral displacement of inner canthi	Telecanthus	HP:0000506	Telecanthus	3	HP:0000506	next:OK
Linear growth failure	Short stature	HP:0004322	Short stature	3	HP:0004322	next:OK
Long fingers and toes	Long toes	HP:0010511	Long toe	3	HP:0010511	next:OK
Long fingers and toes	Long fingers	HP:0100807	Long fingers	3	HP:0100807	next:OK
loss of initiative	Apathy	HP:0000741	Apathy	3	HP:0000741	next:OK
Loss of night vision	Night blindness	HP:0000662	Nyctalopia	3	HP:0000662	next:OK
Loss of proprioception	Impaired proprioception	HP:0010831	Impaired proprioception	3	HP:0010831	next:OK
Loss of skills	Developmental regression	HP:0002376	Developmental regression	3	HP:0002376	next:OK
loss of tendon reflexes	Absent deep tendon reflexes	HP:0001284	Areflexia	3	HP:0001284	next:OK
low bone mineral density	Decreased bone mineral density	HP:0004349	Reduced bone mineral density	3	HP:0004349	next:OK
Low-set and posteriorly rotated ears	Posteriorly rotated ear	HP:0000358	Posteriorly rotated ears	3	HP:0000358	next:OK Posteriorly rotated ears
Low-set and posteriorly rotated ears	Low set ear	HP:0000369	Low-set ears	3	HP:0000369	next:OK Low-set ears
lower-limb focal dystonia	Dystonia	HP:0001332	Dystonia	3	PARENT:HP:0100022	next:PARENT Lower limb dystonia
Lower-limb spasticity	Spasticity of lower limbs	HP:0002061	Lower limb spasticity	3	HP:0002061	next:OK
Macrocranium	Macrocephaly	HP:0000256	Macrocephaly	3	HP:0000256	next:OK
Malignancies	Neoplasm	HP:0002664	Neoplasm	3	HP:0002664	next:OK
Medullary stenosis	Spinal canal stenosis	HP:0003416	Spinal canal stenosis	3	HP:0003416	next:OK
Metaphyseal cupping of the distal ulna	Metaphyseal cupping	HP:0003021	Metaphyseal cupping	3	PARENT:HP:0000944	next:PARENT Metaphyseal cupping of the distal ulna
Mild prominence of supraorbital ridge	Prominent supraorbital ridges	HP:0000336	Prominent supraorbital ridges	3	HP:0000336	next:OK
Mild-to-severe intellectual disability	Intellectual disability	HP:0001249	Intellectual disability	3	PARENT:HP:0001249	next:PARENT Intellectual disability
Missing teeth	Hypodontia	HP:0000668	Hypodontia	3	HP:0000668	next:OK
moderate-to-profound intellectual disability	Intellectual disability	HP:0001249	Intellectual disability	3	PARENT:HP:0001249	next:PARENT Intellectual disability
narrow disc spaces	Narrow intervertebral disc spaces	HP:0002945	Intervertebral space narrowing	3	HP:0002945	next:OK Intervertebral space narrowing
Neurologic manifestations	Abnormality of the nervous system	HP:0000707	Abnormality of the nervous system	3	HP:0000707	next:OK Abnormality of the nervous system
Oligosyndactyly	Oligodactyly	HP:0012165	Oligodactyly	3	HP:0012165	next:OK
ophthalmologic abnormalities	Abnormality of the eye	HP:0000478	Abnormality of the eye	3	HP:0000478	next:OK
Parkinsonian features	Parkinsonism	HP:0001300	Parkinsonism	3	HP:0001300	next:OK
Patent ductus arteriosis	Patent ductus arteriosus	HP:0001643	Patent ductus arteriosus	3	HP:0001643	next:OK
Periosteal cloaking	Periosteal reaction	HP:0031485	Subperiosteal bone formation	3	HP:0031485	next:OK
peripheral hypertonia	Hypertonia	HP:0001276	Hypertonia	3	HP:0001276	next:OK
Persistent, severe hypoglycemia	Hypoglycemia	HP:0001943	Hypoglycemia	3	HP:0001943	next:OK
pes cavus foot deformity	Pes cavus	HP:0001761	Pes cavus	3	HP:0001761	next:OK
polysyndactyly	Polydactyly	HP:0010442	Polydactyly	3	HP:0010442	next:OK
poor linear growth	Short stature	HP:0004322	Short stature	3	HP:0004322	next:OK
Postnatal onset microcephaly	Postnatal microcephaly	HP:0005484	Secondary microcephaly	3	HP:0005484	next:OK
Premature epiphyseal fusion	Premature epiphyseal closure	HP:0005616	Accelerated skeletal maturation	3	HP:0005616	next:OK
Proximal tubular dysfunction	Renal tubular acidosis	HP:0001947	Renal tubular acidosis	3	HP:0000124	next:AUTRE Renal tubular dysfunction
pulmonary disease	Abnormality of the lung	HP:0002088	Abnormal lung morphology	3	HP:0002088	next:OK Abnormal lung morphology
Reflux	Gastroesophageal reflux	HP:0002020	Gastroesophageal reflux	3	HP:0000076	next:AUTRE Vesicoureteral reflux
Renal defect	Abnormality of the kidney	HP:0000077	Abnormality of the kidney	3	HP:0000077	next:OK
Repetitive speech	Echolalia	HP:0010529	Echolalia	3		next:AUTRE Repetitive speech ?
Retarded ossification of the skeleton	Delayed skeletal maturation	HP:0002750	Delayed skeletal maturation	3	HP:0002750	next:OK
serum CK elevation	Elevated creatine kinase	HP:0003236	Elevated circulating creatine kinase concentration	3	HP:0003236	next:OK
Short adult height	Short stature	HP:0004322	Short stature	3	HP:0004322	next:OK
short extremities	Short stature	HP:0004322	Short stature	3	HP:0009826	next:AUTRE Short limb
Short femora	Short femur	HP:0003097	Short femur	3	HP:0003097	next:OK
Short neck and trunk	Short neck	HP:0000470	Short neck	3	PARENT:HP:0000470	next:PARENT Short neck
Short tubular bones of the hands and feet	Short tubular bones of the hands	HP:0001248	Short tubular bones of the hand	3		next:AUTRE Short tubular bones of the hand and feet ?
Short, thick ribs	Short ribs	HP:0000773	Short ribs	3	PARENT:HP:0000773	next:PARENT Short ribs
Slanted palpebral fissures	Palpebral fissure slanting	HP:0200006	Slanting of the palpebral fissure	3	HP:0200006	next:OK Slanting of the palpebral fissure
Sleep issues	Sleep disturbance	HP:0002360	Sleep disturbance	3	HP:0002360	next:OK
small brain stem	Small brainstem	HP:0002365	Hypoplasia of the brainstem	3	HP:0002365	next:OK
Spine deformities	Spinal deformity	HP:0008443	Neuropathic spinal arthropathy	3	HP:0000925	next:AUTRE Abnormality of the vertebral column
stiffness	Muscle stiffness	HP:0003552	Muscle stiffness	3	HP:0001387	next:AUTRE Joint stiffness
tibial hypoplasia	Hypoplasia of tibia	HP:0005736	Short tibia	3	HP:0005736	next:OK Short tibia
Transient increases in plasma triglycerides	Hypertriglyceridemia	HP:0002155	Hypertriglyceridemia	3	HP:0002155	next:OK
Triangular face shape	Triangular face	HP:0000325	Triangular face	3	HP:0000325	next:OK
triangular-shaped face	Triangular face	HP:0000325	Triangular face	3	HP:0000325	next:OK
Ulnar deviation	Ulnar deviation of hand	HP:0009487	Ulnar deviation of the hand	3	HP:0009487	next:OK Ulnar deviation of the hand
Upper limb defects	Abnormality of the upper limb	HP:0002817	Abnormality of the upper limb	3	HP:0002817	next:OK
Urinary tract defects	Abnormality of the urinary system	HP:0000079	Abnormality of the urinary system	3	HP:0000079	next:OK Abnormality of the urinary system
vermian hypoplasia	Cerebellar vermis hypoplasia	HP:0001320	Cerebellar vermis hypoplasia	3	HP:0001320	next:OK
13 pairs of ribs	Supernumerary ribs	HP:0005815	Supernumerary ribs	2		
Abnormal femoral neck	Abnormality of the femoral neck	HP:0003367	Abnormal femoral neck morphology	2		
Abnormal sternum	Abnormal sternum morphology	HP:0000766	Abnormal sternum morphology	2		
Abnormal vision	Abnormality of vision	HP:0000504	Abnormality of vision	2		
absence of multiple fingers	Oligodactyly	HP:0012165	Oligodactyly	2		
Absent ossification of the sacrum	Sacral agenesis	HP:0010305	Absence of the sacrum	2		
acetabular spur projections	Acetabular spur	HP:0010454	Acetabular spurs	2	HP:0010454	next:OK Acetabular spurs
Acneiform lesions	Acne	HP:0001061	Acne	2		
Aggressive outbursts	Aggressive behavior	HP:0000718	Aggressive behavior	2		
amyotrophy of the small muscles of the hand	Muscle atrophy of hand	HP:0009130	Hand muscle atrophy	2	HP:0009130	next:OK Hand muscle atrophy
Anomalies of the cervical spine	Abnormality of the cervical spine	HP:0003319	Abnormality of the cervical spine	2		
Anomalous auricles	Abnormality of the external ear	HP:0000356	Abnormality of the outer ear	2		
Anophthalmos	Anophthalmia	HP:0000528	Anophthalmia	2		
Anterior placement of anus	Anteriorly placed anus	HP:0001545	Anteriorly placed anus	2		
Anxiety disorder	Anxiety	HP:0000739	Anxiety	2		
Anxious	Anxiety	HP:0000739	Anxiety	2		
Arrested puberty	Delayed puberty	HP:0000823	Delayed puberty	2		
Asymmetric face	Facial asymmetry	HP:0000324	Facial asymmetry	2		
Atresia of external ear canal	Atresia of external auditory canal	HP:0000413	Atresia of the external auditory canal	2	HP:0000413	next:OK Atresia of the external auditory canal
Atrioventricular canal	Atrioventricular septal defect	HP:0006695	Atrioventricular canal defect	2		
Atrioventricular conduction defects	Atrioventricular block	HP:0001678	Atrioventricular block	2		
Atrophic scarring	Atrophic scar	HP:0001075	Atrophic scars	2	HP:0001075	next:OK Atrophic scars
Attention problems	Attention deficit hyperactivity disorder	HP:0007018	Attention deficit hyperactivity disorder	2		
Atypical pigmentation of the retina	Retinal pigmentation abnormality	HP:0007703	Abnormal retinal pigmentation	2	HP:0007703	next:OK Abnormal retinal pigmentation
Auricular anomalies	Ear anomaly	HP:0000598	Abnormality of the ear	2		
Bacterial pneumonia	Pneumonia	HP:0002090	Pneumonia	2		
Bacteriemia	Bacteremia	HP:0031864	Bacteremia	2		
Behavior disorders	Behavioral abnormality	HP:0000708	Atypical behavior	2		
bladder dysfunction	Abnormality of the bladder	HP:0000014	Abnormality of the bladder	2		
Blood vessels visible through the skin	Prominent veins	HP:0001015	Prominent superficial veins	2		
Bowed radii and ulnae	Bowed radii	HP:0002986	Radial bowing	2		
Bowed radius and tibia	Bowed tibia	HP:0002982	Tibial bowing	2		
Bowed radius and tibia	Bowed radius	HP:0002986	Radial bowing	2		
Bowing of the undertubulated shafts	Bowing of long bones	HP:0006487	Bowing of the long bones	2		
Bowlegs in childhood	Genu valgum	HP:0002857	Genu valgum	2		
Brachydactyly in the hands	Brachydactyly	HP:0001156	Brachydactyly	2		
Brain stem hypoplasia	Brainstem hypoplasia	HP:0002365	Hypoplasia of the brainstem	2		
brisk deep-tendon reflexes in the legs	Hyperreflexia	HP:0001347	Hyperreflexia	2		
Broad second to fourth distal phalanges	Broad distal phalanx	HP:0009836	Broad distal phalanx of finger	2		
Broad thumbs and toes	Broad toe	HP:0001837	Broad toe	2		
Broad thumbs and toes	Broad thumb	HP:0011304	Broad thumb	2		
Bruising	Ecchymosis	HP:0031364	Ecchymosis	2		
Bulging fontanels	Bulging fontanelles	HP:6000647	Bulging fontanelle	2	HP:6000647	next:OK Bulging fontanelle
Bull's-eye maculopathy	Bull's eye maculopathy	HP:0011504	Bull's eye maculopathy	2		
Capital femoral epiphyseolysis	Slipped capital femoral epiphysis	HP:0006461	Proximal femoral epiphysiolysis	2		
Cardiac disease	Cardiac abnormality	HP:0001627	Abnormal heart morphology	2		
cardiac involvement	Cardiac arrhythmia	HP:0011675	Arrhythmia	2		
Cardiac manifestations	Abnormality of the heart	HP:0001627	Abnormal heart morphology	2		
Cardiovascular anomalies	Abnormality of the cardiovascular system	HP:0001626	Abnormality of the cardiovascular system	2		
Cardiovascular defects	Cardiovascular system abnormalities	HP:0001626	Abnormality of the cardiovascular system	2	HP:0001626	next:OK Abnormality of the cardiovascular system
carpal and metacarpal fusions	Carpal fusion	HP:0009702	Carpal synostosis	2		
Central nervous system malformations	Abnormality of the central nervous system	HP:0002011	Morphological central nervous system abnormality	2		
Cerebellar and brain stem atrophy	Cerebellar atrophy	HP:0001272	Cerebellar atrophy	2		
Cerebellar and brain stem atrophy	Brainstem atrophy	HP:0007366	Atrophy/Degeneration affecting the brainstem	2		
cervical involvement	Dystonia	HP:0001332	Dystonia	2		
cervical stenosis	Spinal stenosis	HP:0003416	Spinal canal stenosis	2		
characteristic facial appearance	Dysmorphic facial feature	HP:0001999	Abnormal facial shape	2	HP:0001999	next:OK Abnormal facial shape
cherry-red macula	Cherry red spot of the macula	HP:0010729	Cherry red spot of the macula	2		
Choanal atresia/stenosis	Choanal atresia	HP:0000453	Choanal atresia	2		
Choking	Dysphagia	HP:0002015	Dysphagia	2		
cholestatic jaundice	Cholestasis	HP:0001396	Cholestasis	2		
choreatic movements	Chorea	HP:0002072	Chorea	2		
Chubby cheeks	Full cheeks	HP:0000293	Full cheeks	2		
Cleft uvula and/or palate	Cleft palate	HP:0000175	Cleft palate	2		
Cleft uvula and/or palate	Cleft uvula	HP:0000193	Bifid uvula	2		
clubfoot deformity	Clubfoot	HP:0001762	Talipes equinovarus	2		
Coarsening of facial traits	Coarse facial features	HP:0000280	Coarse facial features	2		
Cognitive deficiency	Intellectual disability	HP:0001249	Intellectual disability	2		
Cognitive delays	Intellectual disability	HP:0001249	Intellectual disability	2		
Cognitive delays	Global developmental delay	HP:0001263	Global developmental delay	2		
Collapsed vertebrae	Vertebral compression fracture	HP:0002953	Vertebral compression fracture	2		
Cone-​shaped epiphyses	Cone-shaped epiphysis	HP:0010579	Cone-shaped epiphysis	2		
Congenital cardiac malformations	Congenital heart defects	HP:0001627	Abnormal heart morphology	2		
convulsive seizures	Seizure	HP:0001250	Seizure	2		
Corneal opacification	Corneal opacity	HP:0007957	Corneal opacity	2		
Corpus callosum defects	Corpus callosum agenesis	HP:0001274	Agenesis of corpus callosum	2		
Corpus callosum defects	Corpus callosum hypoplasia	HP:0002079	Hypoplasia of the corpus callosum	2		
Cortical vision loss	Cortical blindness	HP:0100704	Cerebral visual impairment	2		
Cutaneous capillary malformations	Capillary malformation	HP:0025104	Capillary malformation	2		
Cutaneous syndactyly of the fourth, fifth, and occasionally also of the third fingers	Syndactyly of fingers	HP:0006101	Finger syndactyly	2	PARENT:HP:0001159	next:PARENT
Cystic kidneys	Polycystic kidneys	HP:0000113	Polycystic kidney dysplasia	2		
Decreased bone density	Osteopenia	HP:0000938	Osteopenia	2		
Decreased bone density	Decreased bone mineral density	HP:0004349	Reduced bone mineral density	2		
decreased estimated glomerular filtration rate	Decreased glomerular filtration rate	HP:0012213	Decreased glomerular filtration rate	2		
decreased linear growth	Short stature	HP:0004322	Short stature	2		
Decreased muscle tone	Hypotonia	HP:0001252	Hypotonia	2		
deep intracerebral hemorrhages	Intracerebral hemorrhage	HP:0001342	Cerebral hemorrhage	2		
Deep palmar and plantar creases	Deep plantar creases	HP:0001869	Deep plantar creases	2		
Deep sensory loss	Impaired proprioception	HP:0010831	Impaired proprioception	2		
Defective gait	Abnormal gait	HP:0001288	Gait disturbance	2		
Defective ossification of the acetabulum	Abnormality of the acetabulum	HP:0003170	Abnormal acetabulum morphology	2		
Defective ossification of the ribs and long tubular bones	Rib hypoplasia	HP:0000773	Short ribs	2		
Defects of neuronal migration	Abnormal neuronal migration	HP:0002269	Abnormality of neuronal migration	2		
delayed carpal/tarsal bone ossification	Delayed carpal bone ossification	HP:0001216	Delayed ossification of carpal bones	2		next:AUTRE Delayed ossification of carpal and tarsal bones ?
Delayed closure of sutures	Delayed closure of cranial sutures	HP:0000270	Delayed cranial suture closure	2	HP:0000270	next:OK Delayed cranial suture closure
Delayed eruption and enamel hypoplasia of teeth	Delayed eruption of teeth	HP:0000684	Delayed eruption of teeth	2		
Delayed eruption and enamel hypoplasia of teeth	Enamel hypoplasia	HP:0006297	Enamel hypoplasia	2		
Delayed onset of speech	Delayed speech development	HP:0000750	Delayed speech and language development	2		
Delayed ossification of the cranial vault and base	Delayed closure of cranial sutures	HP:0000270	Delayed cranial suture closure	2		next:AUTRE Delayed ossification of the skull base ?
Dental issues	Abnormality of dental enamel	HP:0000682	Abnormal dental enamel morphology	2		
Developmental delay and intellectual disability	Intellectual disability	HP:0001249	Intellectual disability	2		
Developmental delay and/or intellectual disability	Intellectual disability	HP:0001249	Intellectual disability	2		
Developmental delay and/or intellectual disability	Developmental delay	HP:0001263	Global developmental delay	2		
Developmental delay and/or learning difficulties	Developmental delay	HP:0001263	Global developmental delay	2		
diarrhea and/or oral mucositis	Diarrhea	HP:0002014	Diarrhea	2		
difficulty with balance	Ataxia	HP:0001251	Ataxia	2		
digital contractures	Contracture	HP:0034392	Joint contracture	2		
Diminished libido	Decreased libido	HP:0046504	Decreased libido	2		
Disequilibrium	Gait ataxia	HP:0002066	Gait ataxia	2		
disinhibited behavior	Disinhibition	HP:0000734	Disinhibition	2		
Dislocated elbows	Elbow dislocation	HP:0003042	Elbow dislocation	2		
disproportionately short stature	Short stature	HP:0004322	Short stature	2		
Distal esophageal stenosis	Esophageal stenosis	HP:0010450	Esophageal stenosis	2		
distal spasticity	Spasticity	HP:0001257	Spasticity	2		
Distally short and tapered humerus and femur	Short femur	HP:0003097	Short femur	2		
Distally short and tapered humerus and femur	Short humerus	HP:0005792	Short humerus	2		
Distinctive facial features	Abnormal facial shape	HP:0001999	Abnormal facial shape	2	HP:0001999	next:OK Abnormal facial shape
Distorted pubic and ischial bones	Abnormality of the pubic bone	HP:0003172	Abnormal pubic bone morphology	2		
Distorted pubic and ischial bones	Abnormality of the ischium	HP:0003174	Abnormal ischium morphology	2		
Dolichocephalic skull	Dolichocephaly	HP:0000268	Dolichocephaly	2		
Double-outlet left ventricle	Double outlet left ventricle	HP:0011581	Double outlet left ventricle	2		
Downward slant of the palpebral fissures	Downslanting palpebral fissures	HP:0000494	Downslanted palpebral fissures	2		
dryness of the skin	Dry skin	HP:0000958	Dry skin	2		
Dumbbell-shaped femora	Dumbbell-shaped femur	HP:0006375	Dumbbell-shaped femur	2		
dysplastic auricles	Abnormal ear morphology	HP:0031703	Abnormal ear morphology	2		
dystonic features	Dystonia	HP:0001332	Dystonia	2		
Dystonic posturing	Dystonia	HP:0001332	Dystonia	2		
ear malformation	Abnormality of the ear	HP:0000598	Abnormality of the ear	2		
electroencephalograph abnormalities	Abnormal electroencephalogram	HP:0002353	EEG abnormality	2		
elevated blood pressure	Hypertension	HP:0000822	Hypertension	2		
Elevated serum phosphate	Hyperphosphatemia	HP:0002905	Hyperphosphatemia	2		
elevation of serum CK concentration	Elevated creatine kinase	HP:0003236	Elevated circulating creatine kinase concentration	2		
Elongated face	Long face	HP:0000276	Long face	2		
Enamel defects	Enamel hypoplasia	HP:0006297	Enamel hypoplasia	2		
enamel dysplasia	Enamel hypoplasia	HP:0006297	Enamel hypoplasia	2		
Enlarged bone ends	Enlarged epiphyses	HP:0010580	Enlarged epiphyses	2		
Enterovirus meningitis	Meningitis	HP:0001287	Meningitis	2		
Epiphyseal and metaphyseal abnormalities of the long tubular bones	Abnormality of the epiphyses	HP:0005930	Abnormal epiphysis morphology	2		
Excessive bruising	Easy bruising	HP:0000978	Bruising susceptibility	2		
Excessive periosteal new bone formation	Periostitis	HP:0040165	Periostitis	2		
Excessive perspiration	Hyperhidrosis	HP:0000975	Hyperhidrosis	2		
Extrapyramidal findings	Extrapyramidal signs	HP:0002071	Abnormality of extrapyramidal motor function	2	HP:0002071	next:OK
extreme microcephaly	Microcephaly	HP:0000252	Microcephaly	2		
fatigability	Fatigue	HP:0012378	Fatigue	2		
femoral necks in valgus	Coxa valga	HP:0002673	Coxa valga	2		
First-degree atrioventricular block	First degree atrioventricular block	HP:0011705	First degree atrioventricular block	2		
Flaccidity	Hypotonia	HP:0001252	Hypotonia	2		
Flattened facies	Flat facies	HP:0012368	Flat face	2		
Flattened nose	Flat nasal bridge	HP:0005280	Depressed nasal bridge	2		
Flattened vertebral bodies in infancy	Flattened vertebral bodies	HP:0000926	Platyspondyly	2		
Flexion contractures of the knees and/or hips	Knee flexion contracture	HP:0006380	Knee flexion contracture	2	HP:0006380	next:OK
Flexion contractures of the knees and/or hips	Hip flexion contracture	HP:0020025	Hip flexion contracture	2	HP:0020025	next:OK
Forefoot torsion	Forefoot varus	HP:0001840	Metatarsus adductus	2		
fragmented vertebra	Vertebral segmentation defect	HP:0003422	Vertebral segmentation defect	2		
Friable skin with minor trauma	Skin fragility	HP:0001030	Fragile skin	2		
Frontal and occipital prominence	Frontal bossing	HP:0002007	Frontal bossing	2		
Fused vertebrae	Vertebral fusion	HP:0002948	Vertebral fusion	2		
Gait disorder	Gait disturbance	HP:0001288	Gait disturbance	2		
Gait disorders	Gait abnormality	HP:0001288	Gait disturbance	2	HP:0001288	next:OK
Gait dyspraxia	Gait disturbance	HP:0001288	Gait disturbance	2		
gait unsteadiness	Gait ataxia	HP:0002066	Gait ataxia	2		
Gastrointestinal dysfunction	Abnormality of the gastrointestinal tract	HP:0011024	Abnormality of the gastrointestinal tract	2		
gastrointestinal problems	Abnormality of the digestive system	HP:0025031	Abnormality of the digestive system	2		
Generalized sclerosis	Generalized osteosclerosis	HP:0005789	Generalized osteosclerosis	2		
GI bleeding	Gastrointestinal hemorrhage	HP:0002239	Gastrointestinal hemorrhage	2		
glabellar nevus simplex	Nevus simplex	HP:0001052	Nevus flammeus	2		
global delays	Global developmental delay	HP:0001263	Global developmental delay	2		
Gross retardation of the carpotarsal and epiphyseal ossification	Delayed epiphyseal ossification	HP:0002663	Delayed epiphyseal ossification	2		
Growth impairment	Short stature	HP:0004322	Short stature	2		
Hair anomalies	Abnormal hair morphology	HP:0001595	Abnormal hair morphology	2		
hand and foot anomalies	Abnormality of the foot	HP:0001760	Abnormal foot morphology	2	HP:0001760	next:OK
Hard nodules on the extremities	Subcutaneous nodules	HP:0001482	Subcutaneous nodule	2		
Hemangiomata	Hemangioma	HP:0001028	Hemangioma	2		
Heterochromia	Heterochromia iridis	HP:0001100	Heterochromia iridis	2		
Humeroradial and humeroulnar synostoses	Humeroradial synostosis	HP:0003041	Humeroradial synostosis	2		
Humeroradial and humeroulnar synostoses	Humeroulnar synostosis	HP:0003939	Humeroulnar synostosis	2		
Hydrocephalus secondary to aqueductal stenosis	Hydrocephalus	HP:0000238	Hydrocephalus	2		
Hyperextensibility	Joint hypermobility	HP:0001382	Joint hypermobility	2		
Hyperinsulinism	Hyperinsulinemic hypoglycemia	HP:0000825	Hyperinsulinemic hypoglycemia	2		
Hypermobility of small joints	Joint hypermobility	HP:0001382	Joint hypermobility	2		
Hypomelia	Hypoplasia of the lower limb	HP:0009816	Lower limb undergrowth	2	PARENT:HP:0009826	next:PARENT Limb undergrowth
Hypoplasia and delayed ossification of the odontoid process of C-2	Odontoid process hypoplasia	HP:0003311	Hypoplasia of the odontoid process	2	HP:0003311	next:OK
Hypoplasia of epiglottis and larynx	Hypoplasia of the epiglottis	HP:0005349	Hypoplasia of the epiglottis	2		
Hypoplastic basilar ilia	Hypoplastic ilia	HP:0000946	Hypoplastic ilia	2		
Hypoplastic finger and toenails	Hypoplastic toenails	HP:0001800	Hypoplastic toenails	2		
Hypoplastic labia majora in females	Hypoplastic labia majora	HP:0000059	Hypoplastic labia majora	2		
Hypoplastic maxillae	Maxillary hypoplasia	HP:0000327	Hypoplasia of the maxilla	2		
Hypoplastic right heart	Hypoplasia of the right ventricle	HP:0004762	Hypoplasia of right ventricle	2	PARENT:HP:0001707	next:PARENT Hypoplasia of the right heart
Hypoplastic supraorbital margins	Hypoplasia of the supraorbital ridge	HP:0009891	Underdeveloped supraorbital ridges	2	HP:0009891	next:OK
Hypotonia at birth	Hypotonia	HP:0001252	Hypotonia	2		
Ichthyosiform skin lesions	Ichthyosis	HP:0008064	Ichthyosis	2		
Immune abnormalities	Abnormality of the immune system	HP:0002715	Abnormality of the immune system	2		
Impaired odor detection	Hyposmia	HP:0004409	Hyposmia	2		
impaired swallowing	Dysphagia	HP:0002015	Dysphagia	2		
Incomplete pubertal development	Delayed puberty	HP:0000823	Delayed puberty	2		
increased dental caries	Dental caries	HP:0000670	Carious teeth	2		
Increased nuchal thickness	Increased nuchal translucency	HP:0010880	Increased nuchal translucency	2		
increased periorbital folding	Periorbital fullness	HP:0000629	Periorbital fullness	2		
Increased reflexes in the upper limbs	Hyperreflexia	HP:0001347	Hyperreflexia	2		
increased ventricular size	Ventriculomegaly	HP:0002119	Ventriculomegaly	2		
Indentations on posterior rim of helix	Notched helix	HP:0009902	Cleft helix	2		
infant feeding difficulties	Poor feeding	HP:0011968	Feeding difficulties	2		
infantile hemiparesis	Hemiparesis	HP:0001269	Hemiparesis	2		
Infantile seizures	Infantile spasms	HP:0012469	Infantile spasms	2		
Infantile spasms syndrome	Infantile spasms	HP:0012469	Infantile spasms	2		
Inner canthal folds	Epicanthus	HP:0000286	Epicanthus	2		
intellectual and developmental disabilities	Intellectual disability	HP:0001249	Intellectual disability	2		
Intermittent hyperkalemia	Hyperkalemia	HP:0002153	Hyperkalemia	2		
Intermittent proteinuria	Proteinuria	HP:0000093	Proteinuria	2		
intracranial bleeding	Intracranial hemorrhage	HP:0002170	Intracranial hemorrhage	2		
Iris defects	Abnormality of the iris	HP:0000525	Abnormality iris morphology	2	HP:0000525	next:OK
Iris dysplasia	Iris hypoplasia	HP:0007676	Hypoplasia of the iris	2		
Iris heterochromia	Heterochromia iridis	HP:0001100	Heterochromia iridis	2		
iron-deficient anemia	Iron deficiency anemia	HP:0001891	Iron deficiency anemia	2		
Irregular contours of talus and calcaneus	Abnormality of the calcaneus	HP:0008364	Abnormality of the calcaneus	2		
Irregular metaphyseal ossification defects	Metaphyseal dysplasia	HP:0100255	Metaphyseal dysplasia	2		
Irregular, frayed metaphyseal margins	Metaphyseal dysplasia	HP:0100255	Metaphyseal dysplasia	2		
J-​shaped sella turcica	J-shaped sella turcica	HP:0002680	J-shaped sella turcica	2		
joint limitation	Joint stiffness	HP:0001387	Joint stiffness	2		
jugular foraminal stenosis	Stenosis of jugular foramen	HP:6000376	Jugular foramen stenosis	2	HP:6000376	next:OK
Keloid formation	Keloid	HP:0010562	Keloids	2	HP:0010562	next:OK
Kidney hypoplasia	Renal hypoplasia	HP:0000089	Renal hypoplasia	2		
kidney involvement	Renal anomaly	HP:0000077	Abnormality of the kidney	2		
kinetic ataxia	Ataxia	HP:0001251	Ataxia	2		
Kyphosis at thoracolumbar junction	Kyphosis	HP:0002808	Kyphosis	2		
Large calvarium	Macrocephaly	HP:0000256	Macrocephaly	2		
Late eruption of permanent teeth	Delayed eruption of teeth	HP:0000684	Delayed eruption of teeth	2		
Late-onset cognitive decline	Cognitive decline	HP:0001268	Mental deterioration	2		
Lax ligaments	Joint hypermobility	HP:0001382	Joint hypermobility	2		
left ventricular outflow obstruction	Left ventricular outflow tract obstruction	HP:0032092	Left ventricular outflow tract obstruction	2		
Lethargy-irritability crises	Irritability	HP:0000737	Irritability	2		
Lethargy-irritability crises	Lethargy	HP:0001254	Lethargy	2		
Liver disease	Abnormal platelet function	HP:0011869	Abnormal platelet function	2		
Liver involvement	Hepatomegaly	HP:0002240	Hepatomegaly	2		
Long narrow face	Long face	HP:0000276	Long face	2		
Long, thin nose with hypoplastic alae and narrow nostrils	Hypoplastic alae nasi	HP:0000430	Underdeveloped nasal alae	2		
Long, thin nose with hypoplastic alae and narrow nostrils	Long nose	HP:0003189	Long nose	2		
Longitudinal striations at the metaphyses at the knee	Metaphyseal striations	HP:0031367	Metaphyseal striations	2		
Longitudinally projecting spurs of bone at the periphery of the metaphyses	Metaphyseal spurs	HP:0005054	Metaphyseal spurs	2		
Loss of lunulae of the nails	Absent lunula	HP:0030805	Absent lunula	2		
loss of normal skin turgor	Decreased skin turgor	HP:6000303	Decreased skin turgor	2		
Low serum calcium	Hypocalcemia	HP:0002901	Hypocalcemia	2		
low- set ears	Low set ears	HP:0000369	Low-set ears	2		
Low-set auricles	Low-set ears	HP:0000369	Low-set ears	2		
Lower limb defects	Abnormality of the lower limb	HP:0002814	Abnormality of the lower limb	2		
Lymphoproliferative disease	Lymphoproliferative disorder	HP:0005523	Lymphoproliferative disorder	2		
Macro-orchidism	Macroorchidism	HP:0000053	Macroorchidism	2		
Macrocytosis	Macrocytic anemia	HP:0001972	Macrocytic anemia	2		
malformed ribs	Rib anomalies	HP:0000772	Abnormal rib morphology	2		
Mandibular overgrowth	Mandibular prognathism	HP:0000303	Mandibular prognathia	2		
Marked flare of the iliac wings	Flared iliac wings	HP:0002869	Flared iliac wing	2		
Maxillary underdevelopment	Maxillary hypoplasia	HP:0000327	Hypoplasia of the maxilla	2		
Mesomelic shortening	Mesomelic limb shortening	HP:0003027	Mesomelia	2		
Metaphyseal broadening	Metaphyseal widening	HP:0003016	Metaphyseal widening	2		
Metaphyseal broadening of the long bones	Metaphyseal widening	HP:0003016	Metaphyseal widening	2		
Metaphyseal flare	Metaphyseal flaring	HP:0003015	Flared metaphysis	2		
Midfacial retrusion	Midface retrusion	HP:0011800	Midface retrusion	2		
Midline cleft lip and palate	Cleft palate	HP:0000175	Cleft palate	2		
Midline cleft lip and palate	Cleft lip	HP:0410030	Cleft lip	2		
mild learning difficulties	Intellectual disability	HP:0001249	Intellectual disability	2		
Mild metaphyseal flare	Metaphyseal flaring	HP:0003015	Flared metaphysis	2		
mild proximal weakness	Proximal muscle weakness	HP:0003701	Proximal muscle weakness	2		
Mild rhizomelic shortness	Rhizomelia	HP:0008905	Rhizomelia	2		
Mild ventricular enlargement	Ventriculomegaly	HP:0002119	Ventriculomegaly	2		
Mildly narrowed thorax	Narrow thorax	HP:0000774	Narrow chest	2		
Mildly undertubulated metacarpals	Abnormal metacarpal morphology	HP:0005916	Abnormal metacarpal morphology	2		
Missing teeth	Anodontia	HP:0000674	Anodontia	2		
mitral valve thickening and insufficiency	Mitral valve insufficiency	HP:0001653	Mitral regurgitation	2		
Mixed conductive and sensorineural hearing loss	Mixed hearing loss	HP:0000410	Mixed hearing impairment	2		
Moderate learning difficulties	Intellectual disability	HP:0001249	Intellectual disability	2		
Moderate-to-severe intellectual disability	Intellectual disability	HP:0001249	Intellectual disability	2		
Moderate-to-severe intellectual disability	Moderate intellectual disability	HP:0002342	Moderate intellectual disability	2		
Moderately increased serum alkaline phosphatase levels	Elevated alkaline phosphatase	HP:0003155	Elevated circulating alkaline phosphatase concentration	2		
Moderately increased size of neurocranium	Macrocephaly	HP:0000256	Macrocephaly	2		
modest platyspondyly	Platyspondyly	HP:0000926	Platyspondyly	2		
Mosaic pattern of Wormian bones	Wormian bones	HP:0002645	Wormian bones	2		
Motor and cognitive developmental delay	Intellectual disability	HP:0001249	Intellectual disability	2		
Motor and cognitive developmental delay	Developmental delay	HP:0001263	Global developmental delay	2		
Multilevel airway obstruction	Airway obstruction	HP:0006536	Airway obstruction	2		
Multisuture craniosynostosis	Craniosynostosis	HP:0001363	Craniosynostosis	2		
muscle contractures	Contracture	HP:0034392	Joint contracture	2		
Muscular hypoplasia	Hypoplasia of the musculature	HP:0009004	Hypoplasia of the musculature	2		
myeloid dysplasia	Myelodysplasia	HP:0002863	Myelodysplasia	2		
Narrowing of the foramen magnum	Small foramen magnum	HP:0002677	Small foramen magnum	2		
neck dystonia	Dystonia	HP:0001332	Dystonia	2		
Neonatal feeding difficulties	Feeding difficulties in infancy	HP:0008872	Feeding difficulties in infancy	2		
Neural hearing loss	Sensorineural hearing impairment	HP:0000407	Sensorineural hearing impairment	2		
neurocognitive delay	Intellectual disability	HP:0001249	Intellectual disability	2		
Neurologic degeneration	Neurodegeneration	HP:0002180	Neurodegeneration	2		
nonalcoholic fatty liver disease	Hepatic steatosis	HP:0001397	Hepatic steatosis	2		
Nonspecific dysmorphic features	Dysmorphic facial feature	HP:0001999	Abnormal facial shape	2	NON	next:NON
Oligosyndactyly	Syndactyly	HP:0001159	Syndactyly	2		
Open-mouthed appearance	Open mouth	HP:0000194	Open mouth	2		
ophthalmologic manifestations	Abnormality of the eye	HP:0000478	Abnormality of the eye	2		
optic nerve pallor	Optic disc pallor	HP:0000543	Optic disc pallor	2		
Orbital hypotelorism	Hypotelorism	HP:0000601	Hypotelorism	2		
orofacial action-specific dystonia	Dystonia	HP:0001332	Dystonia	2		
Orofacial clefting	Orofacial cleft	HP:0000202	Orofacial cleft	2		
orthostasis	Orthostatic hypotension	HP:0001278	Orthostatic hypotension	2		
pain in affected bones	Bone pain	HP:0002653	Bone pain	2		
Parkinson-like features	Parkinsonism	HP:0001300	Parkinsonism	2		
Periarticular soft tissue calcification	Periarticular calcification	HP:0025477	Periarticular calcification	2		
Persistence of vitreous membrane	Persistent hyaloid artery	HP:0009922	Vascular remnant arising from the disk	2		
persistent vomiting	Vomiting	HP:0002013	Vomiting	2		
Persisting left superior vena cava	Persistent left superior vena cava	HP:0005301	Persistent left superior vena cava	2		
Pheochromocytoma and paraganglioma	Pheochromocytoma	HP:0002666	Pheochromocytoma	2		
Pheochromocytoma and paraganglioma	Paraganglioma	HP:0002668	Paraganglioma	2		
Pneumocystis jirovecii infection	Pneumocystis jirovecii pneumonia	HP:0020102	Pneumocystis jirovecii pneumonia	2		
Pneumothorax/pneumohemothorax	Pneumothorax	HP:0002107	Pneumothorax	2		
Poor articulation	Dysarthria	HP:0001260	Dysarthria	2		
poor linear growth and weight gain	Failure to thrive	HP:0001508	Failure to thrive	2		
Postaxial polydactyly of hands and feet	Postaxial polydactyly	HP:0100259	Postaxial polydactyly	2		
Posterior bowing of the ulnae with spur formation	Ulnar bowing	HP:0003031	Ulnar bowing	2		
postnatal growth delay	Postnatal growth retardation	HP:0008897	Postnatal growth retardation	2		
Postnatal onset of short stature	Short stature	HP:0004322	Short stature	2		
Postnatal short stature	Short stature	HP:0004322	Short stature	2		
postural tremor of the hand	Postural tremor	HP:0002174	Postural tremor	2		
Precocious osteoarthrosis	Premature osteoarthritis	HP:0003088	Premature osteoarthritis	2		
Premature loss of deciduous anterior teeth	Premature loss of deciduous teeth	HP:0006323	Premature loss of primary teeth	2		
Premature loss of dentition	Premature loss of teeth	HP:0006480	Premature loss of teeth	2		
Prematurely gray hair	Premature graying of hair	HP:0002216	Premature graying of hair	2		
Prenatal and postnatal growth restriction	Intrauterine growth restriction	HP:0001511	Intrauterine growth retardation	2		
Progressive bilateral white matter lesions	White matter abnormalities	HP:0002500	Abnormal cerebral white matter morphology	2	HP:0002500	next:OK
Progressive coarsening of the face	Coarse facial features	HP:0000280	Coarse facial features	2		
Progressive contractures of the hands and feet	Contracture of the hand	HP:0009473	Joint contracture of the hand	2	HP:0009473	next:OK
progressive spastic paresis	Spasticity	HP:0001257	Spasticity	2		
Progressive stiffness	Joint stiffness	HP:0001387	Joint stiffness	2		
prolonged international normalized ratio	Prolonged prothrombin time	HP:0008151	Prolonged prothrombin time	2		
prominent cheeks	Full cheeks	HP:0000293	Full cheeks	2		
Prominent eyeballs	Proptosis	HP:0000520	Proptosis	2		
Prominent frontal and occipital region	Prominent occiput	HP:0000269	Prominent occiput	2		
Prominent frontal and occipital region	Prominent forehead	HP:0011220	Prominent forehead	2		
Proximal joint contractures	Joint contracture	HP:0034392	Joint contracture	2		
Pseudobulbar involvement	Pseudobulbar palsy	HP:0007024	Pseudobulbar paralysis	2		
Psychiatric manifestations	Psychiatric disturbances	HP:0000708	Atypical behavior	2		
psychomotor retardation	Intellectual disability	HP:0001249	Intellectual disability	2		
Pulmonary insufficiency	Pulmonary valve insufficiency	HP:0010444	Pulmonic regurgitation	2		
Pyramidal dysfunction	Pyramidal signs	HP:0007256	Abnormal pyramidal sign	2		
Radioulnar and radiohumeral synostosis	Radioulnar synostosis	HP:0002974	Radioulnar synostosis	2		
recessed eyeballs	Enophthalmos	HP:0000490	Deeply set eye	2		
Recurrent episodes of hypovolemic hypernatremia	Hypernatremia	HP:0003228	Hypernatremia	2		
Recurrent syncope	Syncope	HP:0001279	Syncope	2		
Reduced height	Short stature	HP:0004322	Short stature	2		
Reduced kidney function	Renal insufficiency	HP:0000083	Renal insufficiency	2		
reduced neutrophil counts	Neutropenia	HP:0001875	Decreased total neutrophil count	2		
Redundant skin including pterygium colli	Webbed neck	HP:0000465	Webbed neck	2		
Refractive visual errors	Abnormality of refraction	HP:0000539	Abnormality of refraction	2		
refusal to feed	Feeding difficulties	HP:0011968	Feeding difficulties	2		
regression	Developmental regression	HP:0002376	Developmental regression	2		
Relatively long fibulae	Long fibula	HP:0003085	Long fibula	2		
renal defects	Renal anomaly	HP:0000077	Abnormality of the kidney	2		
Renal involvement	Abnormality of the kidney	HP:0000077	Abnormality of the kidney	2		
Respiratory dysfunction	Respiratory failure	HP:0002878	Respiratory failure	2		
Respiratory involvement	Abnormality of the respiratory system	HP:0002086	Abnormality of the respiratory system	2		
Restrictive pulmonary disease	Restrictive lung disease	HP:0002091	Restrictive ventilatory defect	2		
Retarded ossification of the pelvis	Delayed skeletal maturation	HP:0002750	Delayed skeletal maturation	2		
Retarded skeletal maturation	Delayed skeletal maturation	HP:0002750	Delayed skeletal maturation	2		
Retarded, disharmonic bone age	Delayed bone age	HP:0002750	Delayed skeletal maturation	2		
retention of primary dentition	Retention of deciduous teeth	HP:0006335	Persistence of primary teeth	2	HP:0006335	next:OK
retinal anomalies	Retinal dystrophy	HP:0000556	Retinal dystrophy	2		
Retinal changes	Abnormality of the retina	HP:0000479	Abnormal retinal morphology	2		
Retinal dystrophy / retinitis pigmentosa	Retinitis pigmentosa	HP:0000510	Rod-cone dystrophy	2		
Retinal dystrophy / retinitis pigmentosa	Retinal dystrophy	HP:0000556	Retinal dystrophy	2		
Rhizomelic shortness of the upper limbs	Rhizomelic limb shortening	HP:0008905	Rhizomelia	2		
Rhizomelic type of short stature	Rhizomelia	HP:0008905	Rhizomelia	2		
rhythm disturbances	Cardiac arrhythmia	HP:0011675	Arrhythmia	2		
Rib fractures	Fracture	HP:0020110	Bone fracture	2		
Right-sided heart strain	Right ventricular hypertrophy	HP:0001667	Right ventricular hypertrophy	2		
Rounded face	Round face	HP:0000311	Round face	2		
Rupture of spleen and bowel	Splenic rupture	HP:0012223	Splenic rupture	2		
Sacrococcygeal eversion resembling a human tail	Human tail	HP:0002825	Caudal appendage	2		
scaling	Scaling skin	HP:0040189	Scaling skin	2	HP:0040189	next:OK
scanning dysarthria	Scanning speech	HP:0002168	Scanning speech	2		
sensorineural hearing deficits	Sensorineural hearing impairment	HP:0000407	Sensorineural hearing impairment	2		
septic osteitis	Osteomyelitis	HP:0002754	Osteomyelitis	2		
Severe and chronic cholestatic liver failure	Cholestasis	HP:0001396	Cholestasis	2		
Severe and chronic cholestatic liver failure	Chronic liver failure	HP:0100626	Chronic hepatic failure	2		
Severe shortness	Short stature	HP:0004322	Short stature	2		
Severe-to-profound developmental delay and intellectual disability	Global developmental delay	HP:0001263	Global developmental delay	2		
Severe-to-profound developmental delay and intellectual disability	Severe intellectual disability	HP:0010864	Severe intellectual disability	2		
Sex-reversal	Sex reversal	HP:0012245	Sex reversal	2		
Sexual precocity	Precocious puberty	HP:0000826	Precocious puberty	2		
short 1st metatarsal	Short first metatarsal	HP:0010105	Short first metatarsal	2		
short and broad middle phalanges	Short middle phalanx of finger	HP:0005819	Short middle phalanx of finger	2		
Short and curved limbs	Short limb	HP:0009826	Limb undergrowth	2		
short and thick tubular bones	Short tubular bones	HP:0003026	Short long bone	2		
Short and thin ribs and tubular bones	Short ribs	HP:0000773	Short ribs	2		
Short greater sciatic notches	Narrow greater sciatic notch	HP:0003375	Narrow greater sciatic notch	2		
Short horizontally oriented ribs	Short ribs	HP:0000773	Short ribs	2		
Short limb type of dwarfism	Short-limb dwarfism	HP:0008873	Disproportionate short-limb short stature	2		
Short long tubular bones	Short long bone	HP:0003026	Short long bone	2	HP:0003026	next:OK
Short mesomelic bones	Mesomelic limb shortening	HP:0003027	Mesomelia	2		
Short metacarpals and phalanges	Short metacarpals	HP:0010049	Short metacarpal	2		
Short middle and distal phalanges	Short middle phalanx of finger	HP:0005819	Short middle phalanx of finger	2		
Short middle and distal phalanges	Short distal phalanx of finger	HP:0009882	Short distal phalanx of finger	2		
Short terminal phalanges	Short distal phalanges	HP:0009882	Short distal phalanx of finger	2		
Short, broad middle phalanges	Short middle phalanx of finger	HP:0005819	Short middle phalanx of finger	2		
Short, deformed, flaccid extremities	Short limbs	HP:0009826	Limb undergrowth	2		
Short, upturned nose with depressed bridge	Depressed nasal bridge	HP:0005280	Depressed nasal bridge	2		
Short, upturned palpebral fissures	Short palpebral fissures	HP:0012745	Short palpebral fissure	2		
Short-limbed short stature	Short stature	HP:0004322	Short stature	2		
Short-​limb type of short stature	Short stature	HP:0004322	Short stature	2		
Shortened long bones	Short limb	HP:0009826	Limb undergrowth	2	PARENT:HP:0003026	next:PARENT Short long bone
Shortened tubular bones	Short long bones	HP:0003026	Short long bone	2	HP:0003026	next:OK
Shortened ulna	Short ulna	HP:0003022	Hypoplasia of the ulna	2		
shortening and bowing of the radius	Radial bowing	HP:0002986	Radial bowing	2		
Shortening of forearms	Short forearm	HP:0005773	Short forearm	2		
Shortening of the distal phalanx	Short distal phalanx of finger	HP:0009882	Short distal phalanx of finger	2		
Shortness of the long tubular bones	Short long bones	HP:0003026	Short long bone	2	HP:0003026	next:OK
Skin thickening	Thickened skin	HP:0001072	Thickened skin	2		
sleep difficulties	Insomnia	HP:0100785	Insomnia	2		
sleep problems	Sleep disturbance	HP:0002360	Sleep disturbance	2		
Slender tubular bones	Slender long bones	HP:0003100	Slender long bone	2	HP:0003100	next:OK
slow growth	Growth delay	HP:0001510	Growth delay	2		
Slowed gastric emptying	Delayed gastric emptying	HP:0002578	Gastroparesis	2		
Small and deformed capital femoral epiphyses	Abnormality of the femoral head	HP:0003368	Abnormal femoral head morphology	2		
Small chin	Micrognathia	HP:0000347	Micrognathia	2		
small hands and feet	Small feet	HP:0001773	Short foot	2		
small hands and feet	Small hand	HP:0200055	Small hand	2		
Small iliac crests	Small iliac wings	HP:0002866	Hypoplastic iliac wing	2		
Small phallus	Micropenis	HP:0000054	Micropenis	2		
Small pituitary	Small pituitary gland	HP:0012506	Small pituitary gland	2		
Small thoracic cage	Small thorax	HP:0005257	Thoracic hypoplasia	2		
Small, round capital femoral epiphyses	Small capital femoral epiphyses	HP:0003090	Hypoplasia of the capital femoral epiphysis	2		
small, widely spaced teeth	Dental crowding	HP:0000678	Dental crowding	2		
Sparse scalp hair, eyebrows, and eyelashes	Sparse scalp hair	HP:0002209	Sparse scalp hair	2		
Sparse scalp hair, eyebrows, and eyelashes	Sparse eyebrows	HP:0045075	Sparse eyebrow	2		
spastic weakness	Spasticity	HP:0001257	Spasticity	2		
speech-language delays	Speech delay	HP:0000750	Delayed speech and language development	2		
Spine anomalies	Abnormality of the vertebral column	HP:0000925	Abnormality of the vertebral column	2		
Spine deformities	Abnormality of the spine	HP:0000925	Abnormality of the vertebral column	2	HP:0000925	next:OK
Square-shaped face	Square face	HP:0000321	Square face	2		
steep acetabula	Steep acetabular roof	HP:0010455	Steep acetabular roof	2		
stiffness	Joint stiffness	HP:0001387	Joint stiffness	2		
striatal toe	Babinski sign	HP:0003487	Babinski sign	2		
Structural cardiac defects	Congenital heart defects	HP:0001627	Abnormal heart morphology	2		
Subperiosteal resorption of the metaphyses	Subperiosteal bone resorption	HP:0003106	Subperiosteal bone resorption	2		
supraorbital ridge prominence	Prominent supraorbital ridges	HP:0000336	Prominent supraorbital ridges	2		
supravalvar aortic stenosis	Supravalvular aortic stenosis	HP:0004381	Supravalvular aortic stenosis	2		
Swallowing dysfunction	Swallowing difficulty	HP:0002015	Dysphagia	2		
Syndactyly of the third and fourth toes	Syndactyly of toes	HP:0001770	Toe syndactyly	2		
Tapetoretinal degeneration	Retinal degeneration	HP:0000546	Retinal degeneration	2		
Teeth fail to erupt	Delayed eruption of teeth	HP:0000684	Delayed eruption of teeth	2		
teething delay	Delayed eruption of teeth	HP:0000684	Delayed eruption of teeth	2		
tetanic seizures	Tonic seizure	HP:0032792	Tonic seizure	2		
Thick, leathery, hypertrichotic skin	Hypertrichosis	HP:0000998	Hypertrichosis	2		
Thick, leathery, hypertrichotic skin	Thick skin	HP:0001072	Thickened skin	2		
Thick, short, crumpled long bone shafts	Short long bones	HP:0003026	Short long bone	2	PARENT:HP:0011314	next:PARENT Abnormal long bone morphology
Thickening and insufficiency of the mitral valve	Mitral valve insufficiency	HP:0001653	Mitral regurgitation	2		
Thin vermillion border	Thin vermilion border	HP:0000233	Thin vermilion border	2		
tibial aplasia	Aplasia of tibia	HP:0009556	Absent tibia	2	HP:0009556	next:OK
Tiptoe walking	Toe walking	HP:0030051	Tip-toe gait	2		
tonic features	Tonic seizure	HP:0032792	Tonic seizure	2	NON	next:NON
Tracheal narrowing	Tracheal stenosis	HP:0002777	Tracheal stenosis	2		
Transient hydronephrosis	Hydronephrosis	HP:0000126	Hydronephrosis	2		
transient hypoglycemia	Hypoglycemia	HP:0001943	Hypoglycemia	2		
Translucent and redundant facial skin	Thin skin	HP:0000963	Thin skin	2		
ulnar deviation of the wrist joint	Ulnar deviation of wrist	HP:0003049	Ulnar deviation of the wrist	2	HP:0003049	next:OK
Undermineralization	Osteopenia	HP:0000938	Osteopenia	2		
Upper airway compromise	Upper airway obstruction	HP:0002781	Upper airway obstruction	2		
Upper limb anomalies	Abnormality of the upper limb	HP:0002817	Abnormality of the upper limb	2		
Upper limb involvement	Abnormality of the upper limb	HP:0002817	Abnormality of the upper limb	2		
upper respiratory infections	Upper respiratory tract infection	HP:0002788	Recurrent upper respiratory tract infections	2	HP:0002788	next:OK
Upslant to palpebral fissures	Upslanting palpebral fissures	HP:0000582	Upslanted palpebral fissure	2		
Upward slant to palpebral fissures	Upslanting palpebral fissures	HP:0000582	Upslanted palpebral fissure	2		
ureterovesical reflux	Vesicoureteral reflux	HP:0000076	Vesicoureteral reflux	2		
urogenital malformations	Abnormality of the genitourinary system	HP:0000119	Abnormality of the genitourinary system	2		
Varicosities	Varicose veins	HP:0002619	Varicose veins	2		
Venous varicosities	Varicose veins	HP:0002619	Varicose veins	2		
Ventricular enlargement	Ventriculomegaly	HP:0002119	Ventriculomegaly	2		
Vermian dysplasia	Cerebellar vermis hypoplasia	HP:0001320	Cerebellar vermis hypoplasia	2		
Vertebral dysplasia	Vertebral anomaly	HP:0003468	Abnormal vertebral morphology	2	HP:0003468	next:OK
Very short arms and legs	Short limbs	HP:0009826	Limb undergrowth	2		
vesico-ureteric reflux	Vesicoureteral reflux	HP:0000076	Vesicoureteral reflux	2		
Visual field loss	Visual field defect	HP:0001123	Visual field defect	2		
Visual problems	Abnormality of vision	HP:0000504	Abnormality of vision	2		
wasting	Muscle atrophy	HP:0003202	Skeletal muscle atrophy	2		
Weak suck	Weak cry	HP:0001612	Weak cry	2		
Wide fontanels and cranial sutures	Wide cranial sutures	HP:0010537	Wide cranial sutures	2		
Wormian cranial bones	Wormian bones	HP:0002645	Wormian bones	2		
Worsening gait	Gait disturbance	HP:0001288	Gait disturbance	2		
13 ribs and 13 thoracic vertebrae	Supernumerary ribs	HP:0005815	Supernumerary ribs	1		
1st metacarpals are often plump and short	Short first metacarpal	HP:0010034	Short 1st metacarpal	1		
3-4 syndactyly of fingers	Syndactyly of fingers	HP:0006101	Finger syndactyly	1	PARENT:HP:0006101	next:PARENT Syndactyly of fingers
7th cranial nerve palsy	Facial nerve palsy	HP:0010628	Facial palsy	1		
Abdominal cramping	Abdominal pain	HP:0002027	Abdominal pain	1		
abdominal distress	Abdominal pain	HP:0002027	Abdominal pain	1		
Abdominal muscle deficiency	Abdominal wall defect	HP:0010866	Abdominal wall defect	1		
Abdominal muscle dysplasia	Abdominal wall defect	HP:0010866	Abdominal wall defect	1		
Abdominal prominence	Abdominal protuberance	HP:0001538	Protuberant abdomen	1		
aberrant subclavian artery	Aberrant right subclavian artery	HP:0031632	Aberrant right subclavian artery	1		
abnormal arching (opisthotonus)	Opisthotonus	HP:0002179	Opisthotonus	1		
Abnormal audiogram	Abnormality of hearing	HP:0000364	Hearing abnormality	1	HP:0000364	next:OK
Abnormal auricles	Abnormality of the ear	HP:0000598	Abnormality of the ear	1		
Abnormal bile acids	Accumulation of very long chain fatty acids	HP:0008167	Very long chain fatty acid accumulation	1		next:AUTRE Abnormal bile acid metabolism ?
Abnormal brain stem and/or hypothalamic hamartomas	Hypothalamic hamartoma	HP:0002444	Hypothalamic hamartoma	1		
Abnormal caloric responses	Abnormal vestibular function	HP:0001751	Abnormal vestibular function	1		
Abnormal calyces	Abnormal renal calyx morphology	HP:0011130	Abnormal renal calyx morphology	1		
Abnormal cardiac conduction	Abnormality of cardiac conduction	HP:0031546	Cardiac conduction abnormality	1		
abnormal cardiac rhythms	Cardiac arrhythmia	HP:0011675	Arrhythmia	1		
Abnormal cervical vestibular evoked myogenic potentials	Abnormal vestibular function	HP:0001751	Abnormal vestibular function	1		
abnormal color of the iris	Abnormal iris pigmentation	HP:0008034	Abnormal iris pigmentation	1		
Abnormal crumpled ears	Abnormal ear morphology	HP:0031703	Abnormal ear morphology	1		
abnormal decay	Dental caries	HP:0000670	Carious teeth	1		
Abnormal dentinogenesis	Abnormal dentin morphology	HP:0010299	Abnormal dentin morphology	1		
Abnormal development of the cerebral cortex	Abnormal cerebral cortex morphology	HP:0002538	Abnormal cerebral cortex morphology	1		
Abnormal ears	Abnormality of the external ear	HP:0000356	Abnormality of the outer ear	1		
Abnormal ears	Abnormality of the ear	HP:0000598	Abnormality of the ear	1		
Abnormal ears	Abnormal ear morphology	HP:0031703	Abnormal ear morphology	1		
Abnormal EEG patterns	Abnormal electroencephalogram	HP:0002353	EEG abnormality	1		
abnormal EEGs without clinical seizures	Abnormal EEG	HP:0002353	EEG abnormality	1		
Abnormal electroencephalography	Abnormal electroencephalogram	HP:0002353	EEG abnormality	1		
Abnormal electrooculogram in ADVIRC	Abnormal electrooculogram	HP:0030454	Abnormal electrooculogram	1		
Abnormal electrooculogram in ARB	Abnormal electrooculogram	HP:0030454	Abnormal electrooculogram	1		
Abnormal eye signs	Abnormality of eye movements	HP:0000496	Abnormality of eye movement	1	HP:0000496	next:OK
abnormal eyebrows and nose	Abnormality of the nose	HP:0000366	Abnormality of the nose	1		
abnormal eyebrows and nose	Abnormality of the eyebrow	HP:0000534	Abnormal eyebrow morphology	1		
Abnormal eyelash growth	Abnormal eyelash morphology	HP:0000499	Abnormal eyelash morphology	1		
abnormal fecal fat balance study	Steatorrhea	HP:0002570	Steatorrhea	1		
abnormal finger-to-nose	Limb ataxia	HP:0002070	Limb ataxia	1		
Abnormal food-related behaviors	Abnormal eating behavior	HP:0100738	Abnormal eating behavior	1		
Abnormal gastrointestinal mobility	Abnormal gastrointestinal motility	HP:0030895	Abnormal gastrointestinal motility	1		
abnormal growth and maturation of the vertebral bodies	Abnormality of the vertebral epiphyses	HP:0100734	Abnormal vertebral epiphysis morphology	1		
Abnormal head circumference, either macrocephaly or microcephaly	Microcephaly	HP:0000252	Microcephaly	1		
Abnormal head circumference, either macrocephaly or microcephaly	Macrocephaly	HP:0000256	Macrocephaly	1		
Abnormal horizontal eye movements	Abnormal eye movement	HP:0000496	Abnormality of eye movement	1		
Abnormal humerus	Abnormality of the humerus	HP:0031095	Abnormal humerus morphology	1		
Abnormal intracranial vessels	Abnormality of the cerebral vasculature	HP:0100659	Abnormal cerebral vascular morphology	1		
abnormal J-shaped sella turcica	Abnormal sella turcica morphology	HP:0002679	Abnormal sella turcica morphology	1		
Abnormal mitochondria with circular cristae	Abnormal mitochondrial morphology	HP:0008322	Abnormal mitochondrial morphology	1		
Abnormal mottling of teeth	Abnormality of tooth color	HP:0011073	Abnormality of dental color	1		
abnormal movements	Motor delay	HP:0001270	Motor delay	1		
Abnormal movements	Abnormality of movement	HP:0100022	Abnormality of movement	1		
Abnormal nail development	Abnormal nail morphology	HP:0001597	Abnormal nail morphology	1		
Abnormal neuronal lamination	Abnormal neuronal migration	HP:0002269	Abnormality of neuronal migration	1		
Abnormal optic disk	Abnormal optic disc morphology	HP:0012795	Abnormal optic disc morphology	1		
Abnormal patella	Abnormal patella morphology	HP:0003045	Abnormal patella morphology	1		
abnormal phonation	Abnormality of voice	HP:0001608	Abnormality of the voice	1	HP:0001608	next:OK
Abnormal platelet aggregation studies	Abnormal platelet aggregation	HP:0030402	Abnormal platelet aggregation	1		
Abnormal pulmonary function	Abnormal pulmonary function test	HP:0030878	Abnormality on pulmonary function testing	1		
Abnormal responsiveness to bright lights	Photophobia	HP:0000613	Photophobia	1		
Abnormal retinal pigment epithelium	Abnormality of the retinal pigment epithelium	HP:0007703	Abnormal retinal pigmentation	1	HP:0007703	next:OK
Abnormal retinal vessels	Abnormality of retinal vasculature	HP:0008046	Abnormal retinal vascular morphology	1	HP:0008046	next:OK
Abnormal rotational chair testing	Abnormal vestibular function	HP:0001751	Abnormal vestibular function	1		
Abnormal saccadic pursuit and nystagmus	Nystagmus	HP:0000639	Nystagmus	1		
Abnormal scapula	Abnormal scapula morphology	HP:0000782	Abnormal scapula morphology	1		
Abnormal scotopic electroretinograms	Abnormal electroretinogram	HP:0000512	Abnormal electroretinogram	1		
Abnormal sebaceous glands	Abnormal sebaceous gland morphology	HP:0032226	Abnormal sebaceous gland morphology	1		
abnormal segmentation and/or hypoplasia of cervical and thoracic vertebrae	Abnormal vertebral morphology	HP:0003468	Abnormal vertebral morphology	1		
Abnormal sella turcica	Abnormal sella turcica morphology	HP:0002679	Abnormal sella turcica morphology	1		
Abnormal semicircular canals	Abnormal semicircular canal morphology	HP:0011380	Abnormal semicircular canal morphology	1		
Abnormal signal in the basal ganglia	Abnormality of the basal ganglia	HP:0002134	Abnormal basal ganglia morphology	1		
Abnormal sleep patterns	Abnormal sleep architecture	HP:5200298	Abnormal sleep architecture	1		
abnormal smile	Abnormal facial expression	HP:0005346	Abnormal facial expression	1		
abnormal spine radiograph	Abnormality of the spine	HP:0000925	Abnormality of the vertebral column	1		
Abnormal sweat glands	Abnormal sweat gland morphology	HP:0000971	Abnormal sweat gland morphology	1		
Abnormal T-cell function and absent thymic tissue	Abnormal T cell physiology	HP:0011840	Abnormal T cell physiology	1		
Abnormal T2-weighted hyperintensity	Abnormality of the white matter	HP:0002500	Abnormal cerebral white matter morphology	1		next:AUTRE Abnormality of the central nervous system imaging ?
Abnormal tarsal bones	Abnormality of tarsal bones	HP:0001850	Abnormality of the tarsal bones	1	HP:0001850	next:OK
abnormal thumb/hallux implantation	Abnormal thumb morphology	HP:0001172	Abnormal thumb morphology	1		
abnormal thumbs	Abnormality of the thumb	HP:0001172	Abnormal thumb morphology	1		
Abnormal toe placement	Abnormal toe morphology	HP:0001780	Abnormal toe morphology	1		
abnormal trabeculation with longitudinal and transverse metaphyseal striations	Abnormal trabecular bone morphology	HP:0100671	Abnormal trabecular bone morphology	1		
abnormal tracking eye movements	Abnormal eye movements	HP:0000496	Abnormality of eye movement	1		
Abnormal upper lip	Abnormality of the upper lip	HP:0000177	Abnormal upper lip morphology	1	HP:0000177	next:OK
Abnormal uterus	Abnormality of the uterus	HP:0000130	Abnormality of the uterus	1		
abnormalities in anterior spinocerebellar tracts	Abnormality of the spinocerebellar tract	HP:0003133	Abnormal spinocerebellar tract morphology	1	HP:0003133	next:OK
Abnormalities in basal ganglia signal intensity	Abnormality of the basal ganglia	HP:0002134	Abnormal basal ganglia morphology	1		
Abnormalities in ocular saccades and smooth pursuit	Abnormal smooth pursuit	HP:0000617	Abnormality of ocular smooth pursuit	1	PARENT:HP:0000496	next:PARENT Abnormality of eye movement
abnormalities in posterior limb of the internal capsule	Abnormality of the internal capsule	HP:0012502	Abnormality of the internal capsule	1		
Abnormalities of dopaminergic striatal pathways	Abnormality of the basal ganglia	HP:0002134	Abnormal basal ganglia morphology	1		
Abnormalities of gait and station	Abnormality of gait	HP:0001288	Gait disturbance	1	PARENT:HP:0001288	next:PARENT Abnormality of gait
Abnormalities of head of radius	Abnormality of the radial head	HP:0003995	Abnormality of the radial head	1		
Abnormalities of lymphatic development	Abnormality of the lymphatic system	HP:0100763	Abnormality of the lymphatic system	1		
abnormalities of motor functioning and coordination	Ataxia	HP:0001251	Ataxia	1		
abnormalities of postaxial fingers and toes	Polydactyly	HP:0010442	Polydactyly	1		
abnormalities of postaxial fingers and toes	Postaxial polydactyly	HP:0100259	Postaxial polydactyly	1		
abnormalities of pupil size, shape, and position	Abnormal pupil morphology	HP:0000615	Abnormal pupil morphology	1		
abnormalities of pupil size, shape, and position	Abnormal pupillary light reflex	HP:0007695	Abnormal pupillary light reflex	1		
abnormalities of the capital femoral epiphyses and metaphyses	Abnormality of the femoral neck	HP:0003367	Abnormal femoral neck morphology	1		
abnormalities of the capital femoral epiphyses and metaphyses	Abnormality of the femoral head	HP:0003368	Abnormal femoral head morphology	1		
Abnormalities of the genitourinary tract	Genitourinary tract anomaly	HP:0000119	Abnormality of the genitourinary system	1	HP:0000119	next:OK
Abnormalities of the retinal vessels	Abnormality of the retinal vasculature	HP:0008046	Abnormal retinal vascular morphology	1		
Abnormalities of the shoulders and/or elbows	Shoulder abnormality	HP:0003043	Abnormal shoulder morphology	1	HP:0003043	next:OK
Abnormalities of the shoulders and/or elbows	Elbow abnormality	HP:0009811	Abnormality of the elbow	1	HP:0009811	next:OK
Abnormalities of white matter volume	Abnormality of white matter	HP:0002500	Abnormal cerebral white matter morphology	1	HP:0002500	next:OK
Abnormally segmented and fused cervical vertebrae	Cervical vertebral fusion	HP:0002949	Fused cervical vertebrae	1		
abnormally small brain stem	Small brainstem	HP:0002365	Hypoplasia of the brainstem	1		
abnormally small carpal bones	Small carpal bone	HP:0001498	Carpal bone hypoplasia	1	HP:0001498	next:OK
abnormally tall stature	Tall stature	HP:0000098	Tall stature	1		
abnormally thick cortex	Nephrolithiasis	HP:0000787	Nephrolithiasis	1		
Abrupt metaphyseal widening and bowing of long tubular bones	Metaphyseal widening	HP:0003016	Metaphyseal widening	1		
Abrupt metaphyseal widening and bowing of long tubular bones	Bowing of long bones	HP:0006487	Bowing of the long bones	1		
abrupt onset of dysarthria	Dysarthria	HP:0001260	Dysarthria	1		
Abscesses	Abscess	HP:0025615	Abscess	1		
Absence of digits 3 to 5	Oligodactyly	HP:0012165	Oligodactyly	1		
Absence of discernible joints	Joint contracture	HP:0034392	Joint contracture	1		
Absence of dorsal flexion creases	Absence of palmar creases	HP:0010489	Absent palmar crease	1		next:AUTRE Absent dorsal digital crease ?
Absence of facial muscles	Facial muscle weakness	HP:0030319	Weakness of facial musculature	1		
absence of fibula	Aplasia/Hypoplasia of the fibula	HP:0006492	Aplasia/Hypoplasia of the fibula	1		
Absence of hemidiaphragm	Diaphragmatic paralysis	HP:0006597	Diaphragmatic paralysis	1		
Absence of hemidiaphragm	Diaphragmatic eventration	HP:0009110	Diaphragmatic eventration	1		
Absence of hunger	Anorexia	HP:0002039	Anorexia	1		
Absence of hyposmia	Hyposmia	HP:0004409	Hyposmia	1		
Absence of lacrimal puncta	Absence of lacrimal punctum	HP:0001092	Absent lacrimal punctum	1	HP:0001092	next:OK
Absence of lower eyelashes	Sparse eyelashes	HP:0000653	Sparse eyelashes	1		
absence of nails in affected digits	Anonychia	HP:0001798	Anonychia	1		
Absence of olfactory lobes, olfactory tract, corpus callosum, and septum pellucidum	Agenesis of the corpus callosum	HP:0001274	Agenesis of corpus callosum	1		
absence of ossification centers in wrist	Absent carpal ossification centers	HP:0004231	Carpal bone aplasia	1	HP:0001216	next:AUTRE Delayed ossification of carpal bones
Absence of ossification centers of the knee epiphyses	Abnormal knee morphology	HP:0034669	Abnormal knee morphology	1		
Absence of ossification centers of the pubic bones	Abnormal pubic bone morphology	HP:0003172	Abnormal pubic bone morphology	1		
Absence of overflow tears with emotional crying (alacrima)	Alacrima	HP:0000522	Alacrima	1		
Absence of parotid glands and Stensen ducts	Absence of Stensen duct	HP:0000198	Absence of Stensen duct	1		
Absence of pubertal maturation	Delayed puberty	HP:0000823	Delayed puberty	1		
Absence of pyramidal tracts	Abnormal pyramidal tract morphology	HP:0002062	Abnormal pyramidal tract morphology	1		
Absence of rectum	Anal atresia	HP:0002023	Anal atresia	1		
Absence of right lung	Unilateral lung agenesis	HP:0030707	Unilateral lung agenesis	1		
Absence of secondary sexual features	Delayed puberty	HP:0000823	Delayed puberty	1		
Absence of sweating	Anhidrosis	HP:0000970	Anhidrosis	1		
absence of the body of the sacrum	Sacral agenesis	HP:0010305	Absence of the sacrum	1		
absence of the distal lower limb with only a residual femur left	Femoral hypoplasia	HP:0003097	Short femur	1		
Absence of the first premolars	Hypodontia	HP:0000668	Hypodontia	1		
Absence of the flexion creases on the fingers and palms	Absent palmar creases	HP:0010489	Absent palmar crease	1	PARENT:HP:0010489	next:PARENT Absent palmar crease
Absence of the knee epiphyses	Absent knee epiphyses	HP:0006400	Absent knee epiphyses	1		
absence of the mandibular condyles	Aplasia of the mandibular condyle	HP:0007627	Mandibular condyle aplasia	1	HP:0007627	next:OK
Absence of the nasal cartilage (mild manifestation)	Hypoplasia of the nasal cartilage	HP:0000430	Underdeveloped nasal alae	1	HP:0030028	next:AUTRE Absent nasal cartilage
Absence of the nasal septum	Absent nasal septum	HP:0005273	Absent nasal septal cartilage	1		
Absence of triquetrum and navicular bones	Carpal bone aplasia	HP:0004231	Carpal bone aplasia	1		
Absence of vagina	Vaginal atresia	HP:0000148	Vaginal atresia	1		
Absence of voluntary movement	Akinetic mutism	HP:0012672	Akinetic mutism	1		
Absence seizure disorders	Absence seizures	HP:0002121	Generalized non-motor (absence) seizure	1		
Absent adrenal glands	Adrenal hypoplasia	HP:0000835	Adrenal hypoplasia	1		
Absent brainstem auditory evoked response	Prominent chin	HP:0000303	Mandibular prognathia	1		
Absent canine teeth	Anodontia	HP:0000674	Anodontia	1		
Absent corneal and patellar reflexes	Absent corneal reflex	HP:0034252	Absent corneal reflex	1		
Absent ductus arteriosus	Patent ductus arteriosus	HP:0001643	Patent ductus arteriosus	1		
absent elbow flexion and extension	Limited elbow extension	HP:0001377	Limited elbow extension	1		
absent elbow flexion and extension	Limited elbow flexion	HP:0006376	Limited elbow flexion	1		
absent evoked otoacoustic emissions	Absent otoacoustic emissions	HP:6000182	Absent otoacoustic emissions	1		
Absent eyelashes and head hair	Absent eyelashes	HP:0000561	Absent eyelashes	1		
Absent eyelashes and head hair	Alopecia	HP:0001596	Alopecia	1		
absent fibulas	Aplasia/Hypoplasia of the fibula	HP:0006492	Aplasia/Hypoplasia of the fibula	1		
Absent flexion creases	Absent palmar creases	HP:0010489	Absent palmar crease	1		next:AUTRE Absent digital crease ?
Absent gall bladder	Agenesis of the gallbladder	HP:0011467	Absent gallbladder	1		
Absent gonad	Unilateral renal agenesis	HP:0000122	Unilateral renal agenesis	1		
Absent halluces	Absent hallux	HP:0012386	Absent hallux	1		
Absent kidney and spleen	Renal agenesis	HP:0000104	Renal agenesis	1		
Absent kidney and spleen	Splenomegaly	HP:0001744	Splenomegaly	1		
Absent liver peroxisomes	Pyloric stenosis	HP:0002021	Pyloric stenosis	1		
Absent middle phalanges of the 2nd finger	Aplasia of the middle phalanx of the 2nd finger	HP:0009576	Absent middle phalanx of 2nd finger	1		
Absent middle phalanges of the 5th finger	Aplasia of the middle phalanx of the 5th finger	HP:0009162	Absent middle phalanx of 5th finger	1		
Absent or hypoplastic olfactory bulbs and tracts	Hypoplasia of the olfactory bulbs	HP:0040326	Hypoplasia of the olfactory bulb	1	PARENT:HP:0002977	next:PARENT Abnormality of the olfactory bulb
Absent or hypoplastic optic bulbs and tracts	Hypoplasia of the optic nerves	HP:0000609	Optic nerve hypoplasia	1	PARENT:HP:0000587	next:PARENT Abnormality of the optic nerve
Absent or retarded ossification of the femoral head and neck	Delayed skeletal maturation	HP:0002750	Delayed skeletal maturation	1	PARENT:HP:0008829	next:PARENT Delayed ossification of the femoral head
Absent or retarded ossification of the femoral head and neck	Abnormal femur morphology	HP:0002823	Abnormal femur morphology	1	PARENT:HP:0002823	next:PARENT Abnormal femur morphology
Absent or retarded ossification of the femoral head and neck	Femoral head dysplasia	HP:0010575	Dysplasia of the femoral head	1	PARENT:HP:0003368	next:PARENT Abnormal femoral head morphology
absent or severely delayed ossification of pubic and ischial bones	Delayed bone age	HP:0002750	Delayed skeletal maturation	1		
Absent or severely delayed ossification of the pubic and ischial bones	Abnormal pubic bone morphology	HP:0003172	Abnormal pubic bone morphology	1		
Absent or severely delayed ossification of the pubic and ischial bones	Abnormal ischium morphology	HP:0003174	Abnormal ischium morphology	1		
Absent or severely retarded ossification of the vertebral bodies and sacrum	Delayed epiphyseal ossification	HP:0002663	Delayed epiphyseal ossification	1		
Absent or severely retarded ossification of the vertebral bodies and sacrum	Delayed vertebral ossification	HP:0031096	Delayed vertebral ossification	1		
Absent ossification of the lower ilia, pubic, and ischial bones	Delayed pubic bone ossification	HP:0008788	Delayed pubic bone ossification	1		
Absent ossification of the odontoid process	Odontoid process hypoplasia	HP:0003311	Hypoplasia of the odontoid process	1		next:AUTRE Absent odontoid process ?
Absent ossification of the vertebral bodies of the upper cervical spine	Abnormal cervical spine morphology	HP:0046508	Abnormal cervical spine morphology	1		
Absent pituitary	Aplasia of the pituitary gland	HP:0010626	Anterior pituitary agenesis	1		
absent scalp hair	Alopecia	HP:0001596	Alopecia	1		
Absent thumbs and great toes	Absent thumb	HP:0009777	Absent thumb	1		
Absent to minimal language development	Speech delay	HP:0000750	Delayed speech and language development	1		
absent to severely delayed speech	Delayed speech development	HP:0000750	Delayed speech and language development	1		
absent triquetrum and navicular bones	Abnormality of the carpal bones	HP:0001191	Abnormal carpal morphology	1		
Absent vaginal opening	Imperforate hymen	HP:0030011	Imperforate hymen	1		
absent, proximally placed, and/or triphalangeal thumbs	Abnormality of the thumb	HP:0001172	Abnormal thumb morphology	1		
Absent-to-limited expressive language	Expressive language delay	HP:0002474	Expressive language delay	1		
Absent-to-limited speech	Absent speech	HP:0001344	Absent speech	1		
Absent-to-minimal albuminuria/proteinuria	Proteinuria	HP:0000093	Proteinuria	1		
Absent/hypoplastic teeth	Hypodontia	HP:0000668	Hypodontia	1		
Absent/hypoplastic teeth	Anodontia	HP:0000674	Anodontia	1		
Abundant scalp hair	Hypertrichosis	HP:0000998	Hypertrichosis	1		
accelerated bone growth	Accelerated skeletal maturation	HP:0005616	Accelerated skeletal maturation	1		
accelerated bone maturation	Advanced bone age	HP:0005616	Accelerated skeletal maturation	1		
Accelerated growth and maturation	Advanced bone age	HP:0005616	Accelerated skeletal maturation	1		
Acceleration of bone age	Advanced bone age	HP:0005616	Accelerated skeletal maturation	1		
Accentuated cupid bow to upper lip	Cupid bow upper lip	HP:0002263	Exaggerated cupid's bow	1		
Accentuation of theta and delta activity	Abnormality of the electroencephalogram	HP:0002353	EEG abnormality	1	HP:0002353	next:OK
accessory carpal bones in females	Accessory carpal bone	HP:0004232	Accessory carpal bones	1	HP:0004232	next:OK
Accessory parietal sutures	Wormian bones	HP:0002645	Wormian bones	1		
accessory proximal metacarpal epiphyses	Accessory carpal bone	HP:0004232	Accessory carpal bones	1		next:AUTRE Accessory metacarpal epiphyses ?
Accumulation of very long-chain fatty acids	Absence of peroxisomes	HP:0034553	Absence of peroxisomes	1		
Achilles tendon xanthomas	Xanthoma	HP:0001114	Xanthelasma	1		
Acne vulgaris	Acne	HP:0001061	Acne	1		
Acne, chronic seborrheic dermatitis, pachydermia after adolescence	Seborrheic dermatitis	HP:0001051	Seborrheic dermatitis	1		
Acne, chronic seborrheic dermatitis, pachydermia after adolescence	Acne	HP:0001061	Acne	1		
acquired cardiomyopathies	Cardiomyopathy	HP:0001638	Cardiomyopathy	1		
Acquired cataracts	Cataract	HP:0000518	Cataract	1		
acquired central canal stenosis	Spinal canal stenosis	HP:0003416	Spinal canal stenosis	1		
acquired color vision defect	Color vision defect	HP:0000551	Color vision defect	1		
Acquired encephalopathy	Encephalopathy	HP:0001298	Encephalopathy	1		
Acquired skin hyper- and hypopigmentation anomalies	Abnormal skin pigmentation	HP:0001000	Abnormality of skin pigmentation	1		
Acral (palmoplantar) keratoses	Palmoplantar keratoderma	HP:0000982	Palmoplantar keratoderma	1		
Acro-osteolytic dysplasia of distal phalanges	Acro-osteolysis	HP:0009771	Osteolytic defects of the phalanges of the hand	1		
Acroosteolysis of the terminal phalanges	Acroosteolysis	HP:0009771	Osteolytic defects of the phalanges of the hand	1		
action activated myoclonic jerks	Myoclonus	HP:0001336	Myoclonus	1		
action-induced facial and lingual fasciculations	Abnormality of the tongue	HP:0000157	Abnormality of the tongue	1		
action-induced facial and lingual fasciculations	Fasciculations	HP:0002380	Fasciculations	1		
activity-induced cramping	Exercise-induced muscle cramps	HP:0003710	Exercise-induced muscle cramps	1		
Acute anemia	Anemia	HP:0001903	Anemia	1		
acute dystonia	Dystonia	HP:0001332	Dystonia	1		
Acute encephalopathic crisis	Acute encephalopathy	HP:0006846	Acute encephalopathy	1		
acute episodic encephalopathy and weakness triggered by fever	Encephalopathy	HP:0001298	Encephalopathy	1		
Acute hemiparesis	Hemiparesis	HP:0001269	Hemiparesis	1		
Acute hepatic decompensation	Hepatic failure	HP:0001399	Hepatic failure	1		
acute infantile-onset cardiomyopathy	Cardiomyopathy	HP:0001638	Cardiomyopathy	1		
acute mid- to lower-back pain	Back pain	HP:0003418	Back pain	1		
Acute onset of a non-painful focal sensory and motor neuropathy in a single nerve	Acute onset	HP:0011009	Acute	1		
Acute onset of severe pain	Pain	HP:0012531	Pain	1		
Acute psychiatric manifestations including psychosis	Psychosis	HP:0000709	Psychosis	1		
acute renal injury	Acute kidney injury	HP:0001919	Acute kidney injury	1		
acute renal tubular necrosis	Acute kidney injury	HP:0001919	Acute kidney injury	1		
Acute sun sensitivity	Photosensitivity	HP:0000992	Cutaneous photosensitivity	1		
Additional finger in the syndactylous web	Polydactyly	HP:0010442	Polydactyly	1		
Additional full digit between toes I and II	Polydactyly of foot	HP:0001829	Foot polydactyly	1	HP:0001829	next:OK
adduction position of the thumb	Abnormal thumb morphology	HP:0001172	Abnormal thumb morphology	1		
adenotonsillar hypertrophy	Tonsillar hypertrophy	HP:0030812	Enlarged tonsils	1		
adenotonsillar hypertrophy	Adenoid hypertrophy	HP:0040261	Increased size of nasopharyngeal adenoids	1		
ADHD-like phenotype	Attention deficit hyperactivity disorder	HP:0007018	Attention deficit hyperactivity disorder	1		
Adolescent- to young adult-onset diabetes mellitus	Diabetes mellitus	HP:0000819	Diabetes mellitus	1		
adolescent-onset retinitis pigmentosa	Retinitis pigmentosa	HP:0000510	Rod-cone dystrophy	1		
adrenal aplasia	Adrenal hypoplasia	HP:0000835	Adrenal hypoplasia	1		
adrenal dysfunction	Adrenal insufficiency	HP:0000846	Adrenal insufficiency	1		
Adrenal hypoplasia congenita	Congenital adrenal hypoplasia	HP:0008244	Congenital adrenal hypoplasia	1		
adrenarche	Premature adrenarche	HP:0012412	Premature adrenarche	1		
Adult height 130 to 155 cm for females	Short stature	HP:0004322	Short stature	1		
Adult height 147 to 162 cm for males	Short stature	HP:0004322	Short stature	1		
adult height below the 10th percentile	Short stature	HP:0004322	Short stature	1		
Adult height below the third centile	Short stature	HP:0004322	Short stature	1		
Adult onset hypertension	Hypertension	HP:0000822	Hypertension	1		
adult-onset cervical dystonia	Dystonia	HP:0001332	Dystonia	1		
Adult-onset dilated cardiomyopathy	Dilated cardiomyopathy	HP:0001644	Dilated cardiomyopathy	1		
adult-onset focal cervical dystonia	Dystonia	HP:0001332	Dystonia	1		
adult-onset parkinsonism	Parkinsonism	HP:0001300	Parkinsonism	1		
Advanced carpal age	Advanced bone age	HP:0005616	Accelerated skeletal maturation	1		
Advanced carpal and tarsal bone age	Advanced bone age	HP:0005616	Accelerated skeletal maturation	1		
Advanced liver disease	Liver failure	HP:0001399	Hepatic failure	1		
Advanced osseous maturation in childhood	Advanced bone age	HP:0005616	Accelerated skeletal maturation	1		
Advanced skeletal maturation	Short ribs	HP:0000773	Short ribs	1		
Advanced skeletal maturation	Advanced bone age	HP:0005616	Accelerated skeletal maturation	1		
Adventitious movements	Abnormality of gait	HP:0001288	Gait disturbance	1		next:AUTRE Choreoathetosis ?
Afebrile seizures	Febrile seizures	HP:0002373	Febrile seizure (within the age range of 3 months to 6 years)	1		
Affected limb cold	Cold intolerance	HP:6000855	Cold intolerance	1		
Affected limb weakness	Muscle weakness	HP:0001324	Muscle weakness	1		
Aganglionosis of colon and ureters	Aganglionic megacolon	HP:0002251	Aganglionic megacolon	1		
Agenesis of kidneys	Renal agenesis	HP:0000104	Renal agenesis	1		
Agenesis of the uterus, cervix, and upper part of the vagina	Cervical aplasia	HP:0030008	Cervical agenesis	1		
Agenesis of the vermis	Agenesis of cerebellar vermis	HP:0002335	Agenesis of cerebellar vermis	1		
Agenesis/hypogenesis of corpus callosum	Agenesis of corpus callosum	HP:0001274	Agenesis of corpus callosum	1		
agenesis/hypogenesis of the corpus callosum	Agenesis of the corpus callosum	HP:0001274	Agenesis of corpus callosum	1		
Agenesis/hypoplasia of first metatarsals	Hypoplasia of the first metatarsal	HP:0010105	Short first metatarsal	1		next:AUTRE Hypoplasia of the first metatarsal bone ?
Agenesis/hypoplasia of thumbs and great toes	Aplasia/Hypoplasia of the thumb	HP:0009601	Aplasia/Hypoplasia of the thumb	1		
aggressive prostate cancer	Prostate cancer	HP:0012125	Prostate cancer	1		
Aggressive/frustrated behavior	Aggressive behavior	HP:0000718	Aggressive behavior	1		
Akinetic-rigid parkinsonism	Parkinsonism	HP:0001300	Parkinsonism	1		
Alien-limb phenomenon	Alien limb phenomenon	HP:0032506	Alien limb phenomenon	1		
all limbs involvement	Dystonia	HP:0001332	Dystonia	1		
Almond-shaped eyes	Almond-shaped palpebral fissures	HP:0007874	Almond-shaped palpebral fissure	1	HP:0007874	next:OK
Almost absent ossification of the skull vault	Thin calvarium	HP:0010539	Thin calvarium	1		
Alobar, semilobar, or lobar HPE	Semilobar holoprosencephaly	HP:0002507	Semilobar holoprosencephaly	1		
Alobar, semilobar, or lobar HPE	Alobar holoprosencephaly	HP:0006988	Alobar holoprosencephaly	1		
Alopecia at birth	Alopecia	HP:0001596	Alopecia	1		
Altered densities of the thalami and globus pallidi	Abnormality of the thalamus	HP:0010663	Abnormal thalamus morphology	1		
Altered dermatoglyphics of the hands	Abnormal dermatoglyphics	HP:0007477	Abnormal dermatoglyphics	1		
altered pupillary response to light	Abnormal pupillary light reflex	HP:0007695	Abnormal pupillary light reflex	1		
Altered sensitivity to pain and temperature	Impaired pain sensation	HP:0007328	Impaired pain sensation	1		
Altered sensitivity to pain and temperature	Impaired temperature sensation	HP:0010829	Impaired temperature sensation	1		
Altered vertical eye movements	Abnormality of eye movements	HP:0000496	Abnormality of eye movement	1	HP:0000496	next:OK
Altered visual evoked potential	Abnormal visual evoked potential	HP:0000649	Abnormality of visual evoked potentials	1		
Alzheimer disease-like dementia	Alzheimer disease	HP:0002511	Alzheimer disease	1		
Ambiguous genitalia / Disorders of sex development	Ambiguous genitalia	HP:0000062	Ambiguous genitalia	1		
Ambiguous genitalia or normal female external genitalia in an individual with a 46,XY karyotype	Ambiguous genitalia	HP:0000062	Ambiguous genitalia	1		
ambulation	Abnormality of gait	HP:0001288	Gait disturbance	1	NON	next:NON
Ambulation abnormalities	Abnormality of gait	HP:0001288	Gait disturbance	1	HP:0001288	next:OK
Amenorrhea secondary to hypogonadotropic hypogonadism	Hypogonadotropic hypogonadism	HP:0000044	Hypogonadotropic hypogonadism	1		
Amenorrhea secondary to hypogonadotropic hypogonadism	Amenorrhea	HP:0000141	Amenorrhea	1		
Ametropia	Abnormality of refraction	HP:0000539	Abnormality of refraction	1		
amino aciduria	Aminoaciduria	HP:0003355	Aminoaciduria	1		
Anal atresia/stenosis	Anal stenosis	HP:0002025	Anal stenosis	1		
Anal defects	Anal atresia	HP:0002023	Anal atresia	1		
Anal prolapse	Rectal prolapse	HP:0002035	Rectal prolapse	1		
Anal stenosis without complete atresia	Anal stenosis	HP:0002025	Anal stenosis	1		
Anatomic abnormality of pituitary	Abnormality of the pituitary gland	HP:0012503	Abnormal pituitary gland morphology	1		
Anemia consistent with blood loss and/or chronic disease	Anemia	HP:0001903	Anemia	1		
Angina	Angina pectoris	HP:0001681	Angina pectoris	1		
Angina/myocardial infarction	Myocardial infarction	HP:0001658	Myocardial infarction	1		
Angina/myocardial infarction	Angina pectoris	HP:0001681	Angina pectoris	1		
Angiofibromatous nodules	Angiofibroma	HP:0010615	Angiofibromas	1	HP:0010615	next:OK
Angiomatous nevi	Hemangioma	HP:0001028	Hemangioma	1		
angular deformities of the knees	Genu valgum	HP:0002857	Genu valgum	1		
Angulation deformities at knees	Genu valgum	HP:0002857	Genu valgum	1		
Angulation deformities at knees	Genu varum	HP:0002970	Genu varum	1		
Anhidrosis on trunk and upper extremities	Anhidrosis	HP:0000970	Anhidrosis	1		
ankle and patellar clonus	Clonus	HP:0002169	Clonus	1		
ankylosis of the mandibular joint	Temporomandibular joint ankylosis	HP:0012478	Temporomandibular joint ankylosis	1		
Anomalies of feet and hands	Abnormality of the hand	HP:0001155	Abnormality of the hand	1		
Anomalies of feet and hands	Abnormality of the foot	HP:0001760	Abnormal foot morphology	1		
Anomalies of heart, intestine, genitalia, liver, and pancreas	Abnormality of the heart	HP:0001627	Abnormal heart morphology	1		
Anomalies of heart, intestine, genitalia, liver, and pancreas	Abnormality of the intestine	HP:0002242	Abnormal intestine morphology	1		
Anomalies of the digits	Abnormality of the finger	HP:0001167	Abnormal finger morphology	1	HP:0001167	next:OK
Anomalies of the digits	Abnormality of the toe	HP:0001780	Abnormal toe morphology	1	HP:0001780	next:OK
Anomalies of the facial nerve	Abnormality of the facial nerve	HP:0010827	Abnormal seventh cranial physiology	1		
Anomalies of the genitourinary system	Abnormality of the genitourinary system	HP:0000119	Abnormality of the genitourinary system	1		
Anomalies of the heart	Abnormality of the heart	HP:0001627	Abnormal heart morphology	1		
Anomalies of the iris	Abnormality of the iris	HP:0000525	Abnormality iris morphology	1		
Anomalies of the skeleton	Abnormality of the skeletal system	HP:0000924	Abnormality of the skeletal system	1		
Anomalies of the urogenital system	Abnormality of the genitourinary system	HP:0000119	Abnormality of the genitourinary system	1		
Anomalous head posture	Abnormality of refraction	HP:0000539	Abnormality of refraction	1		
anomalous knee and ankle joints	Abnormality of the knee	HP:0002815	Abnormality of the knee	1		
anomalous knee and ankle joints	Abnormality of the ankle	HP:0003028	Abnormality of the ankle	1		
Antenatal bleeding	Antepartum hemorrhage	HP:0025328	Antepartum hemorrhage	1		
antenatal hydrothoraces	Pleural effusion	HP:0002202	Pleural effusion	1		
Anterior angulation of the tibiae and fibulae	Anterior bowing of tibia	HP:0006390	Anterior tibial bowing	1		
Anterior anus	Anteriorly placed anus	HP:0001545	Anteriorly placed anus	1		
Anterior bony protrusions of vertebral bodies	Anterior vertebral body beaking	HP:0004568	Beaking of vertebral bodies	1	HP:0004568	next:OK
Anterior bowing of tibiae with skin dimpling	Anterior bowing of tibia	HP:0006390	Anterior tibial bowing	1		
anterior central protrusion of vertebrae	Anterior vertebral body scalloping	HP:0004580	Anterior scalloping of vertebral bodies	1	HP:0004568	next:AUTRE Beaking of vertebral bodies
Anterior clefts of vertebral bodies	Vertebral segmentation defect	HP:0003422	Vertebral segmentation defect	1		
Anterior concavity of vertebral bodies	Anterior beaking of vertebral bodies	HP:0004568	Beaking of vertebral bodies	1		
Anterior cross-bite	Malocclusion	HP:0000689	Dental malocclusion	1		
Anterior crowding	Dental crowding	HP:0000678	Dental crowding	1		
Anterior cupping, sclerosis, and splaying of the ribs	Anterior cupping of the ribs	HP:0000907	Anterior rib cupping	1	HP:0000907	next:OK
Anterior cupping, splaying, and sclerosis of ribs	Metaphyseal splaying	HP:0003015	Flared metaphysis	1		
Anterior cupping, splaying, and sclerosis of ribs	Metaphyseal cupping	HP:0003021	Metaphyseal cupping	1		
anterior dimple	Sacral dimple	HP:0000960	Sacral dimple	1		
Anterior ectopia of external genitalia	Ectopic anus	HP:0004397	Ectopic anus	1		
Anterior frontal hair upsweep	Widow's peak	HP:0000349	Widow's peak	1		
anterior hyoid bone displacement	Abnormality of the hyoid bone	HP:3000052	Abnormal hyoid bone morphology	1	HP:3000052	next:OK
Anterior hypoplasia of cervical bodies	Anterior beaking of vertebral bodies	HP:0004568	Beaking of vertebral bodies	1	HP:0008434	next:AUTRE Hypoplastic cervical vertebrae
Anterior hypoplasia of cervical bodies	Hypoplasia of the cervical vertebrae	HP:0008434	Hypoplastic cervical vertebrae	1	HP:0008434	next:OK
anterior hypoplasia of cervical vertebral bodies	Hypoplasia of the cervical vertebrae	HP:0008434	Hypoplastic cervical vertebrae	1	HP:0008434	next:OK
anterior ossification defects	Abnormal vertebral ossification	HP:0100569	Abnormally ossified vertebrae	1		
Anterior placement of the anus	Anteriorly displaced anus	HP:0001545	Anteriorly placed anus	1		
anterior scalloping of lumbar bodies	Anterior scalloping of vertebral bodies	HP:0004580	Anterior scalloping of vertebral bodies	1		
anterior segment anomalies	Abnormality of the anterior segment of the eye	HP:0004328	Abnormal anterior eye segment morphology	1		
anterior tibialis weakness	Muscle weakness	HP:0001324	Muscle weakness	1		
Anterior tongue-like projection of vertebral bodies	Anterior beaking of vertebral bodies	HP:0004568	Beaking of vertebral bodies	1		
Anterior, inferior beaking of lower thoracic and lumbar vertebrae	Anterior vertebral body beaking	HP:0004568	Beaking of vertebral bodies	1	HP:0004568	next:OK Beaking of vertebral bodies
Anteriorly angulated tibiae	Anterior bowing of tibia	HP:0006390	Anterior tibial bowing	1		
anteriorly angulated tibiae and fibulae	Anterior bowing of tibia	HP:0006390	Anterior tibial bowing	1		
anterolateral bowing of the tibia	Anterior bowing of the tibia	HP:0006390	Anterior tibial bowing	1	HP:0006390	next:OK Anterior tibial bowing
Anterverted nostrils	Anteverted nares	HP:0000463	Anteverted nares	1		
Antimongoloid slanting palpebral fissures	Upslanting palpebral fissures	HP:0000582	Upslanted palpebral fissure	1		
Antiverted nares	Anteverted nares	HP:0000463	Anteverted nares	1		
anxiety-related disorder	Anxiety	HP:0000739	Anxiety	1		
Anxiety/phobias	Anxiety	HP:0000739	Anxiety	1		
Aortic and arterial aneurysms	Aortic aneurysm	HP:0004942	Aortic aneurysm	1		
Aortic and arterial aneurysms, dissections, and ischemic events	Aortic aneurysm	HP:0004942	Aortic aneurysm	1		
Aortic arch interruption	Interrupted aortic arch	HP:0011611	Interrupted aortic arch	1		
Aortic defect	Abnormality of the aorta	HP:0001679	Abnormal aortic morphology	1		
Aortic dilation	Aortic aneurysm	HP:0004942	Aortic aneurysm	1		
Aortic gradient increase	Aortic valve stenosis	HP:0001650	Aortic valve stenosis	1		
Aortic narrowing	Aortic stenosis	HP:0001650	Aortic valve stenosis	1		
aortic root enlargement	Aortic root aneurysm	HP:0002616	Aortic root aneurysm	1		
Aortic valve involvement	Aortic valve stenosis	HP:0001650	Aortic valve stenosis	1		
Aortic valve involvement	Aortic valve regurgitation	HP:0001659	Aortic regurgitation	1		
aplasia of the labia majora	Hypoplasia of the labia majora	HP:0000059	Hypoplastic labia majora	1	PARENT:HP:0000059	next:PARENT Hypoplastic labia majora
aplasia of ulna, radius, or humerus	Aplasia of radius	HP:0003974	Absent radius	1	HP:0003974	next:OK Absent radius
aplasia of ulna, radius, or humerus	Aplasia of ulna	HP:0003982	Aplasia of the ulna	1	HP:0003982	next:OK Aplasia of the ulna
apneic spells	Apnea	HP:0002104	Apnea	1		
apparent bipolar disease	Bipolar disorder	HP:0007302	Bipolar affective disorder	1		
apple peel intestinal atresia	Intestinal atresia	HP:0011100	Intestinal atresia	1		
Arced and broad eyebrows with sparse lateral third	Eyebrow hypotrichosis	HP:0045075	Sparse eyebrow	1	PARENT:HP:0045075	next:PARENT Sparse eyebrow
Arching of back with hyperextension of neck	Abnormality of the neck	HP:0000464	Abnormality of the neck	1		
Arcuate striations in ilia	Abnormality of the ilium	HP:0002867	Abnormal ilium morphology	1		
Areas of depigmentation	Hypopigmentation	HP:0001010	Hypopigmentation of the skin	1		
Areas of mineralization in basal ganglia	Basal ganglia calcification	HP:0002135	Basal ganglia calcification	1		
Areas of mineralization in subcutaneous tissues	Subcutaneous calcification	HP:0007618	Subcutaneous calcification	1		
Areas of schisis in the macula	Macular schisis	HP:0011511	Macular schisis	1		
Areas of thickened dry skin	Hyperkeratosis	HP:0000962	Hyperkeratosis	1		
Aregenerative, corticoid-sensitive anemia	Anemia	HP:0001903	Anemia	1		
arm tremor	Tremor	HP:0001337	Tremor	1		
Arrhythmias such as supraventricular tachycardia and ventricular fibrillation	Ventricular fibrillation	HP:0001663	Ventricular fibrillation	1		
Arrhythmias such as supraventricular tachycardia and ventricular fibrillation	Supraventricular tachycardia	HP:0004755	Supraventricular tachycardia	1		
arrythmias	Cardiac arrhythmia	HP:0011675	Arrhythmia	1		
Arterial and aortic tortuosity	Arterial tortuosity	HP:0005116	Arterial tortuosity	1		
Arterial aneurysm	Aneurysm	HP:0002617	Vascular dilatation	1		
Arterial aneurysms, dissection, or rupture	Arterial dissection	HP:0005294	Arterial dissection	1		
arteriopathy, including dilatation of the ascending thoracic aorta	Dilatation of the ascending aorta	HP:0004970	Ascending tubular aorta aneurysm	1	HP:0004970	next:OK Ascending tubular aorta aneurysm
Arteriovenous and carotid-cavernous sinus fistula	Arteriovenous fistula	HP:0004947	Arteriovenous fistula	1		
Artery dissections	Arterial dissection	HP:0005294	Arterial dissection	1		
Artery rupture	Arterial rupture	HP:0025019	Arterial rupture	1		
Arthralgia/polyarthritis	Arthralgia	HP:0002829	Arthralgia	1		
Arthritic changes in hips	Hip osteoarthritis	HP:0008843	Hip osteoarthritis	1		
Arthritic-type changes	Arthritis	HP:0001369	Arthritis	1		
arthritis involving the metacarpophalangeal joint	Arthritis	HP:0001369	Arthritis	1		
Arthrogryposis multiplex congenita-like contractures	Arthrogryposis multiplex congenita	HP:0002804	Arthrogryposis multiplex congenita	1		
Arthrotic changes	Osteoarthritis	HP:0002758	Osteoarthritis	1		
Articular pain	Joint pain	HP:0002829	Arthralgia	1		
Asthenic body build	Asthenic habitus	HP:0001533	Slender build	1		
astrocytic gliosis	Astrocytosis	HP:0002446	Astrocytosis	1		
Asymmetric and disproportionate overgrowth of body parts	Asymmetric overgrowth	HP:0001528	Hemihypertrophy	1		
Asymmetric muscle growth	Muscle atrophy	HP:0003202	Skeletal muscle atrophy	1		
Asymmetric muscle weakness and atrophy	Muscle weakness	HP:0001324	Muscle weakness	1		
Asymmetric muscle weakness and atrophy	Muscle atrophy	HP:0003202	Skeletal muscle atrophy	1		
Asymmetric rib cage	Asymmetric chest	HP:0001555	Asymmetry of the thorax	1		
asymmetric shortening of digits	Asymmetric limb shortening	HP:0100556	Hemiatrophy	1		
Asymmetric shortening of the extremities	Asymmetric limb shortening	HP:0100556	Hemiatrophy	1		
Asymmetric shortening of the long bones	Asymmetric limb shortening	HP:0100556	Hemiatrophy	1		
Asymmetric ventriculomegaly	Ventriculomegaly	HP:0002119	Ventriculomegaly	1		
asymmetric weakness and atrophy	Muscle atrophy	HP:0003202	Skeletal muscle atrophy	1		
Asymmetry of somewhat coarse facies	Coarse facial features	HP:0000280	Coarse facial features	1		
asymmetry of the skull and face	Asymmetry of face	HP:0000324	Facial asymmetry	1		
asymmetry of the skull and face	Asymmetry of skull	HP:0002678	Skull asymmetry	1		
Asymptomatic dysfunction of central and peripheral vestibular system	Vestibular dysfunction	HP:0001756	Vestibular hyporeflexia	1		
asymptomatic elevation of plasma CK	Elevated creatine kinase	HP:0003236	Elevated circulating creatine kinase concentration	1		
Asymptomatic osteopenia	Osteopenia	HP:0000938	Osteopenia	1		
Ataxia/motor incoordination	Ataxia	HP:0001251	Ataxia	1		
Ataxia/poor coordination	Ataxia	HP:0001251	Ataxia	1		
Athelia/hypothelia	Athelia	HP:0002561	Absent nipple	1		
Atherosclerotic plaque deposition	Atherosclerosis	HP:0002621	Atherosclerosis	1		
Atlanto-axial instability	Atlantoaxial instability	HP:0003467	Atlantoaxial instability	1		
Atlantoaxial subluxation/instability	Atlantoaxial instability	HP:0003467	Atlantoaxial instability	1		
Atonic-myoclonic-absence seizures	Atonic seizures	HP:0010819	Atonic seizure	1		
Atresia choanae	Choanal atresia	HP:0000453	Choanal atresia	1		
atresia of auditory meatus	Atresia of external auditory canal	HP:0000413	Atresia of the external auditory canal	1	HP:0000413	next:OK Atresia of the external auditory canal
Atretic ear canal	Atresia of the external auditory canal	HP:0000413	Atresia of the external auditory canal	1		
Atretic ear canals	Atresia of external auditory canal	HP:0000413	Atresia of the external auditory canal	1	HP:0000413	next:OK Atresia of the external auditory canal
Atretic mitral valve	Mitral valve atresia	HP:0011560	Mitral atresia	1		
Atretic/small external auditory canals	Atresia of the external auditory canal	HP:0000413	Atresia of the external auditory canal	1		
Atrophic and hypertrophic scarring	Atrophic scar	HP:0001075	Atrophic scars	1	PARENT:HP:0001075	next:PARENT Atrophic scars
Atrophic and hypoplastic areas of skin	Atrophic scar	HP:0001075	Atrophic scars	1	HP:0004334	next:AUTRE Cutis laxa ? | kimi:AUTRE Dermal atrophy
Atrophic fibers	Muscle fiber atrophy	HP:0100295	Muscle fiber atrophy	1		
Atrophic scars, especially after surgery	Atrophic scar	HP:0001075	Atrophic scars	1	HP:0001075	next:OK Atrophic scars
Atrophic skin lesion/aplasia cutis congenita/scarring	Aplasia cutis congenita	HP:0001057	Aplasia cutis congenita	1		
atrophic spinal cord	Spinal cord atrophy	HP:0006827	Atrophy of the spinal cord	1	HP:0006827	next:OK Atrophy of the spinal cord
Atrophy of frontal and parietal cortex	Cortical atrophy	HP:0002120	Cerebral cortical atrophy	1		
Atrophy of olfactory and optic nerves	Hypoplasia of the optic nerve	HP:0000609	Optic nerve hypoplasia	1	PARENT:HP:0000609	next:PARENT Optic nerve hypoplasia
atrophy of pelvic and shoulder girdle muscles	Shoulder girdle muscle weakness	HP:0003547	Shoulder girdle muscle weakness	1		
atrophy of pelvic and shoulder girdle muscles	Pelvic girdle muscle weakness	HP:0003749	Pelvic girdle muscle weakness	1		
Atrophy of retinal pigment epithelium	Retinal pigment epithelial atrophy	HP:0007722	Retinal pigment epithelial atrophy	1		
Atrophy of Subcutaneous Fat	Lipoatrophy	HP:0100578	Lipoatrophy	1		
Atrophy of the basal ganglia and cerebellum	Cerebellar atrophy	HP:0001272	Cerebellar atrophy	1		
Atrophy of the brain stem and the cerebellum	Cerebellar atrophy	HP:0001272	Cerebellar atrophy	1		
Atrophy of the brain stem and the cerebellum	Brainstem atrophy	HP:0007366	Atrophy/Degeneration affecting the brainstem	1		
Atrophy of the calf muscle	Muscle atrophy	HP:0003202	Skeletal muscle atrophy	1		
atrophy of the superior vermis	Cerebellar vermis atrophy	HP:0006855	Cerebellar vermis atrophy	1		
Atrophy, cramps, and fasciculations	Muscle fasciculations	HP:0002380	Fasciculations	1	PARENT:HP:0002380	next:PARENT Fasciculations
Attached helix with protruding lobules of low-set ears	Attached earlobe	HP:0009907	Attached earlobe	1		
attacks involving respiratory muscles	Respiratory muscle weakness	HP:0002747	Respiratory insufficiency due to muscle weakness	1		
attention disorders	Attention deficit hyperactivity disorder	HP:0007018	Attention deficit hyperactivity disorder	1		
attention issues	Attention deficit hyperactivity disorder	HP:0007018	Attention deficit hyperactivity disorder	1		
Attention-deficient/hyperactivity disorder	Attention deficit hyperactivity disorder	HP:0007018	Attention deficit hyperactivity disorder	1		
Attention-deficit disorder	Attention deficit hyperactivity disorder	HP:0007018	Attention deficit hyperactivity disorder	1		
Attention-deficit hyperactivity disorder	Attention deficit hyperactivity disorder	HP:0007018	Attention deficit hyperactivity disorder	1		
Attenuated ascending and transverse colon	Colon hypoplasia	HP:0005210	Hypoplastic colon	1	HP:0005210	next:OK Hypoplastic colon
Attenuated full-field electroretinogram	Abnormal electroretinogram	HP:0000512	Abnormal electroretinogram	1		
Atypical chest pain	Chest pain	HP:0100749	Chest pain	1		
Atypical clubfoot	Clubfoot	HP:0001762	Talipes equinovarus	1		
Atypical external genitalia	Ambiguous genitalia	HP:0000062	Ambiguous genitalia	1		
Atypical megakaryocytes	Abnormal megakaryocyte morphology	HP:0012143	Abnormal megakaryocyte morphology	1		
atypical melanocytic nevi	Atypical mole	HP:0001062	Atypical nevus	1		
atypical parkinsonism	Parkinsonism	HP:0001300	Parkinsonism	1		
Atypical retinal pigmentation	Abnormal retinal pigmentation	HP:0007703	Abnormal retinal pigmentation	1		
Atypical rhombencephalosynapsis	Rhombencephalosynapsis	HP:0031913	Rhombencephalosynapsis	1		
atypical white matter lesions	Abnormality of white matter	HP:0002500	Abnormal cerebral white matter morphology	1	HP:0002500	next:OK Abnormal cerebral white matter morphology
atypical-appearing nevi	Abnormality of the skin	HP:0000951	Abnormality of the skin	1		
auditory canal atresia/stenosis	Stenosis of external auditory canal	HP:0000402	Stenosis of the external auditory canal	1	HP:0000402	next:OK Stenosis of the external auditory canal
auditory canal atresia/stenosis	Atresia of external auditory canal	HP:0000413	Atresia of the external auditory canal	1	HP:0000413	next:OK Atresia of the external auditory canal
Auditory startle	Exaggerated startle response	HP:0002267	Exaggerated startle response	1		
auditory symptoms	Auditory hallucinations	HP:0008765	Auditory hallucination	1		next:AUTRE Auditory aura ?
Auricular anomaly	Abnormality of the ear	HP:0000598	Abnormality of the ear	1		
Autism and attention-deficit/hyperactivity disorder	Attention deficit hyperactivity disorder	HP:0007018	Attention deficit hyperactivity disorder	1		
Autism spectrum disorder	Autism	HP:0000717	Autism	1		
Autism spectrum disorder	Autistic behavior	HP:0000729	Autistic behavior	1		
Autistic spectrum disorder/traits	Autistic behavior	HP:0000729	Autistic behavior	1		
autistic tendencies	Autistic behavior	HP:0000729	Autistic behavior	1		
autistic-like affect and behavior	Autistic behavior	HP:0000729	Autistic behavior	1		
Autistic-like behaviors	Autistic behavior	HP:0000729	Autistic behavior	1		
Auto-amputation	Autoamputation	HP:0001218	Autoamputation	1		
Autoimmune anemia	Autoimmune hemolytic anemia	HP:0001890	Autoimmune hemolytic anemia	1		
Autoimmune complications	Autoimmune disease	HP:0002960	Autoimmunity	1		
Autonomic changes	Abnormality of the autonomic nervous system	HP:0002270	Abnormality of the autonomic nervous system	1		
Autonomic crises	Autonomic dysfunction	HP:0012332	Abnormal autonomic nervous system physiology	1		
Autonomic disturbance	Autonomic dysfunction	HP:0012332	Abnormal autonomic nervous system physiology	1		
autonomic episodes	Autonomic dysfunction	HP:0012332	Abnormal autonomic nervous system physiology	1		
Autonomic features	Autonomic dysfunction	HP:0012332	Abnormal autonomic nervous system physiology	1		
Autonomic instability affecting heart rate	Abnormal heart rate	HP:0011675	Arrhythmia	1		
Autonomic instability affecting temperature control	Abnormality of temperature regulation	HP:0004370	Abnormality of temperature regulation	1		
Autosomal dominant inheritance family history	Autosomal dominant inheritance	HP:0000006	Autosomal dominant inheritance	1		
Avascular vitreous strands and veils	Vitreous strands	HP:0030832	Vitreous strands	1		
Average IQ of 65	Intellectual disability	HP:0001249	Intellectual disability	1		
Average IQ of approximately 56	Intellectual disability	HP:0001249	Intellectual disability	1		
aversion to carbohydrate-rich foods	Pica	HP:0011856	Pica	1		
Awkward gait	Abnormality of gait	HP:0001288	Gait disturbance	1	HP:0001288	next:OK Gait disturbance
axial hypotonia in infancy	Hypotonia	HP:0001252	Hypotonia	1		
axial weakness	Axial hypotonia	HP:0008936	Axial hypotonia	1		
Axonal denervation	Axonal degeneration	HP:0040078	Axonal degeneration	1		
axonal motor neuropathy/neuronopathy	Axonal motor neuropathy	HP:0007002	Motor axonal neuropathy	1	HP:0007002	next:OK Motor axonal neuropathy
Axonal peripheral sensorimotor neuropathy	Peripheral sensorimotor neuropathy	HP:0007141	Sensorimotor neuropathy	1	HP:0007141	next:OK Sensorimotor neuropathy
Axonal polyneuropathy	Polyneuropathy	HP:0001271	Polyneuropathy	1		
axonal polyneuropathy	Axonal neuropathy	HP:0003477	Peripheral axonal neuropathy	1		
Axonal sensorimotor polyneuropathy	Sensorimotor neuropathy	HP:0007141	Sensorimotor neuropathy	1		
B and NK cell lymphopenia	B cell lymphopenia	HP:0010976	Decreased total B cell count	1		
Babinski responses	Babinski sign	HP:0003487	Babinski sign	1		
background slowing on EEG	Abnormal EEG	HP:0002353	EEG abnormality	1		
Bacterial infections	Recurrent bacterial infections	HP:0002718	Recurrent bacterial infections	1		
bacterial infections	Recurrent infections	HP:0002719	Recurrent infections	1		
bacterial pneumonias	Recurrent respiratory infections	HP:0002205	Recurrent respiratory infections	1		
balance &/or gait change	Gait disturbance	HP:0001288	Gait disturbance	1		
Balance disturbances	Abnormality of gait	HP:0001288	Gait disturbance	1	HP:0001251	next:AUTRE Ataxia
Balance issues	Ataxia	HP:0001251	Ataxia	1		
Balance problems	Ataxia	HP:0001251	Ataxia	1		
balance problems	Abnormality of balance	HP:0002141	Gait imbalance	1		
ball in socket appearance of their epiphyses	Abnormality of the epiphyses	HP:0005930	Abnormal epiphysis morphology	1		
Ballistic and dystonic movements	Dystonia	HP:0001332	Dystonia	1		
Barrel chest deformity	Barrel chest	HP:0001552	Barrel-shaped chest	1		
Basal ganglia hyperdensities	Basal ganglia calcification	HP:0002135	Basal ganglia calcification	1		
basal ganglia hyperintensities	Basal ganglia calcification	HP:0002135	Basal ganglia calcification	1		
Basal ganglia involvement	Basal ganglia calcification	HP:0002135	Basal ganglia calcification	1		
Basal ganglia mineralization	Basal ganglia calcification	HP:0002135	Basal ganglia calcification	1		
Basal ganglia signal abnormalities	Abnormality of the basal ganglia	HP:0002134	Abnormal basal ganglia morphology	1		
Basal skull sclerosis	Sclerosis of the skull base	HP:0002694	Sclerosis of skull base	1		
Beak-shaped nose	Beaked nose	HP:0000444	Convex nasal ridge	1		
Beaked vertebrae	Anterior vertebral body beaking	HP:0004568	Beaking of vertebral bodies	1	HP:0004568	next:OK Beaking of vertebral bodies
beaten copper appearance	Abnormality of the iris	HP:0000525	Abnormality iris morphology	1		
Bedwetting	Enuresis	HP:0000805	Enuresis	1		
Beevor sign	Abdominal wall defect	HP:0010866	Abdominal wall defect	1		
Behavior consistent with attention-deficit/hyperactivity disorder including impulsivity	Attention deficit hyperactivity disorder	HP:0007018	Attention deficit hyperactivity disorder	1		
Behavior disorder	Behavioral abnormality	HP:0000708	Atypical behavior	1		
Behavior problems	Behavioral abnormality	HP:0000708	Atypical behavior	1		
Behavior problems including aggression in females	Aggressive behavior	HP:0000718	Aggressive behavior	1		
behavioral and cognitive impairments	Developmental delay	HP:0001263	Global developmental delay	1		
Behavioral and intellectual deterioration	Behavioral abnormality	HP:0000708	Atypical behavior	1		
Behavioral and intellectual deterioration	Intellectual disability	HP:0001249	Intellectual disability	1		
Behavioral difficulties	Behavioral abnormality	HP:0000708	Atypical behavior	1		
Behavioral issues	Abnormal muscle tone	HP:0003808	Abnormal muscle tone	1		
Behavioral issues in females	Behavioral abnormality	HP:0000708	Atypical behavior	1		
Behavioral manifestations, including self-injurious behavior, hyperactivity, and autistic features	Hyperactivity	HP:0000752	Hyperactivity	1		
Behavioral manifestations, including self-injurious behavior, hyperactivity, and autistic features	Self-injurious behavior	HP:0100716	Self-injurious behavior	1		
Behavioral problems in females	Behavioral abnormality	HP:0000708	Atypical behavior	1		
Behavioral problems such as autism spectrum disorder, anxiety, and/or sleep disturbances	Anxiety	HP:0000739	Anxiety	1		
Behavioral problems, including low concentration, temper tantrums with head banging, and sleep problems	Aggressive behavior	HP:0000718	Aggressive behavior	1		
Behavioral problems, including low concentration, temper tantrums with head banging, and sleep problems	Attention deficit hyperactivity disorder	HP:0007018	Attention deficit hyperactivity disorder	1		
Bell shaped chest	Bell-shaped chest	HP:0001591	Bell-shaped thorax	1		
Below 10th centile at birth	Low birth weight	HP:0001518	Small for gestational age	1		
Below 3rd centile height	Short stature	HP:0004322	Short stature	1		
Below average cognition	Intellectual disability	HP:0001249	Intellectual disability	1		
Below-normal weight	Low body weight	HP:0004325	Decreased body weight	1		
benign and malignant hematologic abnormalities	Abnormality of the blood and blood-forming tissues	HP:0001871	Abnormality of blood and blood-forming tissues	1	NON	next:NON
Benign fibromas	Fibroma	HP:0010614	Fibroma	1		
benign lymphadenopathy	Lymphadenopathy	HP:0002716	Lymphadenopathy	1		
Benign uterine tumors	Uterine leiomyoma	HP:0000131	Uterine leiomyoma	1		
bent spine syndrome	Scoliosis	HP:0002650	Scoliosis	1		
Bicommissural aortic valve	Bicuspid aortic valve	HP:0001647	Bicuspid aortic valve	1		
biconvex deformity	Biconcave vertebrae	HP:0004586	Biconcave vertebral bodies	1		
biconvex flattening of vertebrae	Biconcave vertebrae	HP:0004586	Biconcave vertebral bodies	1		
bicornate uterus	Bicornuate uterus	HP:0000813	Bicornuate uterus	1		
Bicuspid pulmonic valve	Bicuspid pulmonary valve	HP:0005182	Bicuspid pulmonary valve	1		
bifid distal humerus	Bifid humerus	HP:0003864	Bifid humerus	1		
bifid distal phalanges of third toes	Bifid distal phalanx of toe	HP:0001853	Bifid distal phalanx of toe	1		
bifid shawl scrotum	Bifid scrotum	HP:0000048	Bifid scrotum	1		
Bifid toenail	Bifid nail	HP:0010793	Bifid nail	1		
Bifid uvula / cleft palate	Cleft palate	HP:0000175	Cleft palate	1		
Bifid uvula / cleft palate	Bifid uvula	HP:0000193	Bifid uvula	1		
bifid xiphoid	Bifid xiphoid process	HP:0100891	Bifid xiphoid process	1		
Bifid, synostotic, or partially missing ribs	Rib anomalies	HP:0000772	Abnormal rib morphology	1		
Bifid/fused/enlarged/missing ribs	Rib anomalies	HP:0000772	Abnormal rib morphology	1		
bilateral aplasia of the thumbs and radii	Radial aplasia	HP:0003974	Absent radius	1		
bilateral aplasia of the thumbs and radii	Thumb aplasia	HP:0009777	Absent thumb	1		
Bilateral brachydactyly affecting middle phalanges	Brachydactyly	HP:0001156	Brachydactyly	1		
bilateral cortical and medullary renal cysts	Renal cyst	HP:0000107	Renal cyst	1		
Bilateral early cataracts	Cataract	HP:0000518	Cataract	1		
bilateral early-onset optic atrophy	Optic atrophy	HP:0000648	Optic atrophy	1		
Bilateral equinovarus position of the feet	Clubfoot	HP:0001762	Talipes equinovarus	1		
Bilateral grayish-yellow, glistening, elevated retrolental masses	Persistent fetal vasculature	HP:0007968	Remnants of the hyaloid vascular system	1		
bilateral hyperintense T2-weighted signal in basal ganglia	Abnormality of the basal ganglia	HP:0002134	Abnormal basal ganglia morphology	1		
Bilateral liver	Polysplenia	HP:0001748	Polysplenia	1		
Bilateral lobular breast cancer	Breast cancer	HP:0003002	Breast carcinoma	1		
Bilateral shortened fifth fingers	Short 5th finger	HP:0009237	Short 5th finger	1		
Bilateral shortened fifth fingers	Short 5th toe	HP:0011917	Short 5th toe	1		
Bilateral shortening of the thumbs and great toes	Short thumb	HP:0009778	Short thumb	1		
bilateral symmetric hyperintense signal abnormality in the basal ganglia	Abnormality of the basal ganglia	HP:0002134	Abnormal basal ganglia morphology	1		
bilateral symmetric hyperintense signal abnormality in the brain stem	Abnormality of the brainstem	HP:0002363	Abnormal brainstem morphology	1		
bilateral T2-hyperintense lesions in the basal ganglia	Abnormality of the basal ganglia	HP:0002134	Abnormal basal ganglia morphology	1		
Bilateral, nearly contiguous periventricular nodular heterotopia	Periventricular nodular heterotopia	HP:0032388	Periventricular nodular heterotopia	1		
Bilateral, painless subacute visual failure	Visual impairment	HP:0000505	Visual impairment	1		
Bilateral, symmetric cataracts	Cataract	HP:0000518	Cataract	1		
Bilateral/multifocal tumors	Neoplasm	HP:0002664	Neoplasm	1		
bilaterally abnormal video head impulse test	Abnormal vestibulo-ocular reflex	HP:0007670	Abnormal vestibulo-ocular reflex	1		
bilaterally reduced caloric response	Abnormal vestibulo-ocular reflex	HP:0007670	Abnormal vestibulo-ocular reflex	1		
bilaterally reduced striatal glucose uptake	Abnormality of the striatum	HP:0010994	Abnormal corpus striatum morphology	1		
Bile duct abnormalities	Biliary tract abnormality	HP:0001080	Biliary tract abnormality	1		
Biliary dysgenesis	Biliary atresia	HP:0005912	Biliary atresia	1		
Biliary tract anomalies including aplasia of the gallbladder	Aplasia of the gallbladder	HP:0011467	Absent gallbladder	1		
bipartite ossification of scaphoid	Bipartite scaphoid	HP:0004244	Accessory scaphoid	1		
Birth length mildly reduced	Short stature	HP:0004322	Short stature	1		
Birth weight and/or length two standard deviations below the mean with preserved head size	Intrauterine growth retardation	HP:0001511	Intrauterine growth retardation	1		
Birth weight less than 5½ pounds	Low birth weight	HP:0001518	Small for gestational age	1		
bitemporal bossing	Temporal bossing	HP:0032569	Temporal bossing	1		
biventricular pump failure	Heart failure	HP:0001635	Congestive heart failure	1		
biventricular thickening	Ventricular hypertrophy	HP:0001714	Ventricular hypertrophy	1		
Bladder and bowel dysfunction	Neurogenic bladder	HP:0000011	Neurogenic bladder	1		
Bladder anomalies	Abnormality of the bladder	HP:0000014	Abnormality of the bladder	1		
Bladder defects	Abnormality of the bladder	HP:0000014	Abnormality of the bladder	1		
bladder malignancies	Bladder cancer	HP:0009725	Bladder neoplasm	1		
Bleeding disorder	Bleeding diathesis	HP:0001892	Abnormal bleeding	1		
Bleeding from minor mouth injuries	Oral bleeding	HP:0040184	Oral bleeding	1		
Blister formation	Blister	HP:0008066	Abnormal blistering of the skin	1		
blistering	Blister	HP:0008066	Abnormal blistering of the skin	1		
blistering and fissuring of the lips	Cheilitis	HP:0100825	Cheilitis	1		
Blisters and vesicles in light-exposed areas	Blisters	HP:0008066	Abnormal blistering of the skin	1		
Block-like metacarpals	Short metacarpals	HP:0010049	Short metacarpal	1		
Blond to light brown hair	Blond hair	HP:0002286	Fair hair	1		
Blond, sparse, fine, silky hair	Fine hair	HP:0002213	Fine hair	1		
Blond, sparse, fine, silky hair	Sparse hair	HP:0008070	Sparse hair	1		
Blood disorders (especially thrombocytopenia)	Thrombocytopenia	HP:0001873	Thrombocytopenia	1		
Blood visible in the urine	Hematuria	HP:0000790	Hematuria	1		
Blue sclerae in infancy	Blue sclerae	HP:0000592	Blue sclerae	1		
Blue/gray scleral hue	Blue sclerae	HP:0000592	Blue sclerae	1		
Bluish color especially around the nose	Cyanosis	HP:0000961	Cyanosis	1		
Bluish sclera	Blue sclerae	HP:0000592	Blue sclerae	1		
Blunted vertebral bodies	Flattened vertebral body	HP:0000926	Platyspondyly	1	PARENT:HP:0003312	next:AUTRE Abnormal vertebral body morphology ? | kimi:PARENT
Blurring of disk margins	Papilledema	HP:0001085	Papilledema	1		
Bone age advancement	Advanced bone age	HP:0005616	Accelerated skeletal maturation	1		
Bone age delay	Delayed skeletal maturation	HP:0002750	Delayed skeletal maturation	1		
bone changes	Abnormality of the skeletal system	HP:0000924	Abnormality of the skeletal system	1		
Bone defects	Abnormality of the skeletal system	HP:0000924	Abnormality of the skeletal system	1		
Bone deformities	Abnormality of the skeletal system	HP:0000924	Abnormality of the skeletal system	1		
bone demineralization	Osteopenia	HP:0000938	Osteopenia	1		
Bone disease	Abnormality of the skeletal system	HP:0000924	Abnormality of the skeletal system	1		
bone marrow aplasia	Aplastic anemia	HP:0001915	Aplastic anemia	1		
Bone pain primarily affecting the lower extremities	Bone pain	HP:0002653	Bone pain	1		
Bone spicule pigmentation	Bone spicule pigmentation of the retina	HP:0007737	Spicular pigmentation of the retina	1		
Bony bridging of sella turcica	Sella turcica abnormalities	HP:0002679	Abnormal sella turcica morphology	1		next:AUTRE Bridging of the sella turcica ?
Bony defects ring apophyses thoracolumbar spine	Abnormal vertebral morphology	HP:0003468	Abnormal vertebral morphology	1		
Bony fusion of digits I and II	Syndactyly of fingers	HP:0006101	Finger syndactyly	1	HP:0006101	next:OK Finger syndactyly
Bony fusion of distal phalanges	Abnormality of the phalanges of the hand	HP:0005918	Abnormal finger phalanx morphology	1		
Bony orbital hypotelorism with normal inner canthal distance	Hypotelorism	HP:0000601	Hypotelorism	1		
Bony skull defects	Abnormality of the skull	HP:0000929	Abnormal skull morphology	1		
Bony spurs over the midshafts of the long bones	Exostoses	HP:0100777	Exostoses	1		
bony stippling	Epiphyseal stippling	HP:0010655	Epiphyseal stippling	1		
Bony wedge over bridge of nose	Prominent nasal bridge	HP:0000426	Prominent nasal bridge	1		
Boomerang-shaped femora	Short femur	HP:0003097	Short femur	1		
borderline delays in development	Developmental delay	HP:0001263	Global developmental delay	1		
borderline increased intraocular pressure	Increased intraocular pressure	HP:0007906	Ocular hypertension	1		
Borderline microcephaly	Microcephaly	HP:0000252	Microcephaly	1		
Borderline normal to moderate intellectual disability	Intellectual disability	HP:0001249	Intellectual disability	1		
bossing of frontal, parietal, and occipital bones	Parietal bossing	HP:0000242	Parietal bossing	1		
bossing of frontal, parietal, and occipital bones	Frontal bossing	HP:0002007	Frontal bossing	1		
Both atria left	Left atrial isomerism	HP:0011537	Left atrial isomerism	1		
Both atria right	Right atrial isomerism	HP:0011536	Right atrial isomerism	1		
Both limbs involvement	Abnormality of the limbs	HP:0040064	Abnormality of limbs	1	NON	next:NON
Bowed extremities	Bowed legs	HP:0002979	Bowing of the legs	1		
Bowed femora	Bowed legs	HP:0002979	Bowing of the legs	1		
Bowed femora and tibiae	Bowed legs	HP:0002979	Bowing of the legs	1		
Bowed femora and tibiae	Femoral bowing	HP:0002980	Femoral bowing	1		
Bowed femora and tibiae	Tibial bowing	HP:0002982	Tibial bowing	1		
Bowed femora and/or tibiae	Bowed legs	HP:0002979	Bowing of the legs	1		
Bowed fibulae	Bowed legs	HP:0002979	Bowing of the legs	1		
Bowed radii and ulnae	Bowed ulna	HP:0003031	Ulnar bowing	1		
Bowed radius and ulna	Bowed radius	HP:0002986	Radial bowing	1		
Bowed radius and ulna	Bowed ulna	HP:0003031	Ulnar bowing	1		
bowed shaft of the second metacarpal	Bowed radius	HP:0002986	Radial bowing	1		
Bowed tibiae	Bowed legs	HP:0002979	Bowing of the legs	1		
bowel and bladder control are lost	Urinary incontinence	HP:0000020	Urinary incontinence	1		
bowel and bladder control are lost	Fecal incontinence	HP:0002607	Bowel incontinence	1		
bowing	Bowing of long bone	HP:0006487	Bowing of the long bones	1	HP:0006487	next:OK Bowing of the long bones
Bowing and fractures	Bone fracture	HP:0020110	Bone fracture	1		
Bowing deformities of the long bones	Bowing of long bones	HP:0006487	Bowing of the long bones	1		
bowing of femora	Femoral bowing	HP:0002980	Femoral bowing	1		
Bowing of femora and tibiae	Bowing of the tibia	HP:0002982	Tibial bowing	1		
Bowing of humerus, radius, ulna, and tibia	Bowed long bones	HP:0006487	Bowing of the long bones	1		
Bowing of long tubular bones	Bowing of long bones	HP:0006487	Bowing of the long bones	1		
Bowing of radius, ulna, femur, and tibia	Long bone bowing	HP:0006487	Bowing of the long bones	1	HP:0006487	next:OK Bowing of the long bones
Bowing of ribs, ulna, radii, tibiae, or fibulae	Bowing of long bones	HP:0006487	Bowing of the long bones	1		
Bowing of the distal femora	Femoral bowing	HP:0002980	Femoral bowing	1		
bowing of the femur and ulna	Femoral bowing	HP:0002980	Femoral bowing	1		
bowing of the femur and ulna	Ulnar bowing	HP:0003031	Ulnar bowing	1		
Bowing of the forearm and leg	Bowed leg	HP:0002979	Bowing of the legs	1	HP:0006487	next:AUTRE Bowing of the long bones
bowing of the limbs	Bowing of long bones	HP:0006487	Bowing of the long bones	1		
Bowing of the tibiae	Tibial bowing	HP:0002982	Tibial bowing	1		
bowing of tibiae	Tibial bowing	HP:0002982	Tibial bowing	1		
Bowing of tubular bones	Bowing of the long bones	HP:0006487	Bowing of the long bones	1		
Bowing of upper arms	Bowing of long bones	HP:0006487	Bowing of the long bones	1		
Bowing, pseudofractures (Looser zones) of the long bones	Bowing of the long bones	HP:0006487	Bowing of the long bones	1		
Bowlegs	Genu valgum	HP:0002857	Genu valgum	1		
Brachdactyly	Brachydactyly	HP:0001156	Brachydactyly	1		
brachy(-micro)cephaly	Brachycephaly	HP:0000248	Brachycephaly	1		
brachy(-micro)cephaly	Microcephaly	HP:0000252	Microcephaly	1		
Brachyclinodactyly of fifth fingers	Clinodactyly of the 5th finger	HP:0004209	Clinodactyly of the 5th finger	1		
Brachydactyly of all fingers in homozygous individuals	Brachydactyly	HP:0001156	Brachydactyly	1		
Brachydactyly of fourth and fifth metacarpals	Short fifth metacarpal	HP:0010047	Short 5th metacarpal	1		
brachydactyly of the hands and feet	Brachydactyly	HP:0001156	Brachydactyly	1		
Brachydactyly V	Brachydactyly type E	HP:0005863	Type E brachydactyly	1	HP:0005863	next:OK Type E brachydactyly
Brachyesophagus	Short esophagus	HP:6000382	Short esophagus	1		
brachymelia	Short limb	HP:0009826	Limb undergrowth	1		
Brachymesophalangy of the 2nd, 3rd, and 5th fingers	Brachydactyly	HP:0001156	Brachydactyly	1		
Brachymetacarpy	Brachydactyly	HP:0001156	Brachydactyly	1		
Brachyphalangia	Brachydactyly	HP:0001156	Brachydactyly	1		
bradyarrhythmias	Bradycardia	HP:0001662	Bradycardia	1		
bradycardia due to sinoatrial node dysfunction	Sinus bradycardia	HP:0001688	Sinus bradycardia	1		
Bradydactyly	Brachydactyly	HP:0001156	Brachydactyly	1		
Brain anomalies including hydrocephalus and holoprosencephaly	Hydrocephalus	HP:0000238	Hydrocephalus	1		
Brain anomalies including hydrocephalus and holoprosencephaly	Holoprosencephaly	HP:0001360	Holoprosencephaly	1		
Brain anomalies including pachygyria	Pachygyria	HP:0001302	Pachygyria	1		
Brain defects, especially of cranial nerve nuclei	Abnormality of the cranial nerves	HP:0001291	Abnormal cranial nerve morphology	1		
Brain malformations	Abnormality of brain morphology	HP:0012443	Abnormal brain morphology	1		
Brain MR spectroscopy: high lactate (35%) with normal lactate-to-pyruvate ratio	Lactic acidosis	HP:0003128	Lactic acidosis	1		
Brain MRI abnormalities	Abnormality of brain morphology	HP:0012443	Abnormal brain morphology	1		
Brain overgrowth	Macrocephaly	HP:0000256	Macrocephaly	1		
Brain stem lesions	Abnormality of the brainstem	HP:0002363	Abnormal brainstem morphology	1		
Brain stem signal abnormalities	Abnormality of the brainstem	HP:0002363	Abnormal brainstem morphology	1		
Branch pulmonary artery stenosis	Pulmonary artery stenosis	HP:0004415	Pulmonary artery stenosis	1		
Branchial (cutaneous) defects	Branchial cleft sinus	HP:0100272	Branchial sinus	1		
Breast development	Precocious puberty	HP:0000826	Precocious puberty	1		
Breast ductal adenoma	Breast adenoma	HP:6000894	Breast adenoma	1		
Breathing musculature affected	Respiratory muscle weakness	HP:0002747	Respiratory insufficiency due to muscle weakness	1		
brisk deep-tendon reflexes	Hyperreflexia	HP:0001347	Hyperreflexia	1		
brisk lower-limb deep-tendon reflexes	Hyperreflexia	HP:0001347	Hyperreflexia	1		
Broad 1st toes	Broad hallux	HP:0010055	Broad hallux	1		
Broad and arched eyebrows that flare medially	Abnormality of the eyebrows	HP:0000534	Abnormal eyebrow morphology	1	HP:0011229	next:AUTRE Broad eyebrows
Broad and enlarged big toes	Broad toe	HP:0001837	Broad toe	1		
Broad and malformed distal hallux	Abnormality of the hallux	HP:0001844	Abnormal hallux morphology	1		
Broad and small upturned nose	Broad nose	HP:0000445	Wide nose	1		
Broad and small upturned nose	Upturned nose	HP:0000463	Anteverted nares	1		
Broad basilar portions of iliac bones	Abnormality of the ilium	HP:0002867	Abnormal ilium morphology	1		
Broad bifid thumbs	Bifid thumb	HP:0009944	Partial duplication of thumb phalanx	1		
Broad bifid thumbs	Broad thumb	HP:0011304	Broad thumb	1		
broad complex tachyarrhythmia	Tachycardia	HP:0001649	Tachycardia	1		
broad distal phalanges of the thumb	Broad distal phalanx of thumb	HP:0009642	Broad distal phalanx of the thumb	1	HP:0009642	next:OK Broad distal phalanx of the thumb
Broad first toe	Broad hallux	HP:0010055	Broad hallux	1		
Broad first toes	Broad great toe	HP:0010055	Broad hallux	1		
broad flat nasal tip	Broad nasal tip	HP:0000455	Broad nasal tip	1		
broad hands and fingers	Broad hand	HP:0001169	Broad palm	1		
broad hands and fingers	Broad finger	HP:0001500	Broad finger	1		
Broad horizontal acetabular bones	Abnormality of the acetabulum	HP:0003170	Abnormal acetabulum morphology	1		
Broad ischial and pubic bones	Abnormal pubic bone morphology	HP:0003172	Abnormal pubic bone morphology	1		
Broad ischial and pubic bones	Abnormal ischium morphology	HP:0003174	Abnormal ischium morphology	1		
Broad late-closing cranial sutures	Delayed closure of cranial sutures	HP:0000270	Delayed cranial suture closure	1	HP:0000270	next:OK Delayed cranial suture closure
Broad metacarpal bones	Broad metacarpals	HP:0001230	Broad metacarpals	1		
Broad metaphyses	Abnormal metaphysis morphology	HP:0000944	Abnormal metaphysis morphology	1		
Broad middle and proximal phalanges	Broad phalanges of hand	HP:0009768	Broad phalanges of the hand	1	HP:0009768	next:OK Broad phalanges of the hand
Broad nasal bridge and columella	Broad nasal bridge	HP:0000431	Wide nasal bridge	1		
Broad nasal bridge and tip	Broad nasal bridge	HP:0000431	Wide nasal bridge	1		
Broad nasal bridge and tip	Broad nasal tip	HP:0000455	Broad nasal tip	1		
Broad nasal root/bridge	Broad nasal bridge	HP:0000431	Wide nasal bridge	1		
broad or flat nasal bridge	Broad nasal bridge	HP:0000431	Wide nasal bridge	1		
broad or flat nasal bridge	Flat nasal bridge	HP:0005280	Depressed nasal bridge	1		
broad prominent forehead	Broad forehead	HP:0000337	Broad forehead	1		
broad sclerotic clavicles and ribs	Abnormality of the clavicle	HP:0000889	Abnormal clavicle morphology	1		
broad sclerotic clavicles and ribs	Osteosclerosis	HP:0011001	Increased bone mineral density	1		
Broad shafts with fragmented metaphyses	Broad long bones	HP:0005622	Broad long bones	1		
Broad shafts with fragmented metaphyses	Metaphyseal dysplasia	HP:0100255	Metaphyseal dysplasia	1		
Broad terminal phalanx of finger II	Broad distal phalanx	HP:0009836	Broad distal phalanx of finger	1		
Broad thumbs and great toes	Broad great toes	HP:0010055	Broad hallux	1		
Broad thumbs and great toes	Broad thumbs	HP:0011304	Broad thumb	1		
Broad thumbs and halluces	Broad hallux	HP:0010055	Broad hallux	1		
Broad thumbs and halluces	Broad thumb	HP:0011304	Broad thumb	1		
Broad thumbs and index fingers	Broad thumb	HP:0011304	Broad thumb	1		
Broad thumbs/great toes	Broad hallux	HP:0010055	Broad hallux	1		
Broad thumbs/great toes	Broad thumb	HP:0011304	Broad thumb	1		
Broad thumbs/halluces	Broad hallux	HP:0010055	Broad hallux	1		
Broad thumbs/halluces	Broad thumb	HP:0011304	Broad thumb	1		
Broad tips of fingers and toes	Broad distal phalanges	HP:0009836	Broad distal phalanx of finger	1		
Broad tubular bones and mandible with wide alveolar ridge	Broad mandible	HP:0012802	Broad jaw	1		
Broad, horizontal superior acetabular margins	Horizontal acetabular roof	HP:0003180	Flat acetabular roof	1		
broad, longitudinally duplicated 1st metatarsals	Broad first metatarsal	HP:0010068	Broad first metatarsal	1		
broad, low nasal bridge with short nose and anteverted nostrils	Short nose	HP:0003196	Short nose	1		
broad, low nasal bridge with short nose and anteverted nostrils	Low nasal bridge	HP:0005280	Depressed nasal bridge	1		
Broad, paddle-shaped hands	Broad hands	HP:0001169	Broad palm	1		
Broad, paddleshaped hands	Broad hand	HP:0001169	Broad palm	1		
broad, partially duplicated thumbs	Polydactyly	HP:0010442	Polydactyly	1		
broad, partially duplicated thumbs	Broad thumb	HP:0011304	Broad thumb	1		
Broad, prominent forehead with a dolichocephalic head shape	Broad forehead	HP:0000337	Broad forehead	1		
Broad, short basilar portions of the iliac bones	Flared iliac wings	HP:0002869	Flared iliac wing	1		
Broad, short hands and feet	Broad hand	HP:0001169	Broad palm	1		
Broad, short hands and feet	Broad foot	HP:0001769	Broad foot	1		
Broad, soft hands with stubby, tapering, limp fingers	Broad hands	HP:0001169	Broad palm	1		
Broad, square nasal tip	Broad nasal tip	HP:0000455	Broad nasal tip	1		
Broad, thick ribs and clavicles	Abnormality of the ribs	HP:0000772	Abnormal rib morphology	1		
Broad, thick ribs and clavicles	Abnormality of the clavicle	HP:0000889	Abnormal clavicle morphology	1		
Broad/plump forefoot	Broad foot	HP:0001769	Broad foot	1		
Broadening of wrists and fingers	Broad finger	HP:0001500	Broad finger	1		
Broader chest	Broad chest	HP:0000914	Shield chest	1		
broken pursuits	Abnormal smooth pursuit	HP:0000617	Abnormality of ocular smooth pursuit	1	HP:0000617	next:OK Abnormality of ocular smooth pursuit
Bronchial anomalies	Abnormality of the bronchi	HP:0025426	Abnormal bronchus morphology	1		
Bronchopulmonary insufficiency	Respiratory insufficiency	HP:0002093	Respiratory insufficiency	1		
Brown pigmentation of the sclera	Pigmentation of the sclera	HP:0007832	Pigmentation of the sclera	1		
Bruising	Easy bruising	HP:0000978	Bruising susceptibility	1		
Bruising without known trauma	Easy bruising	HP:0000978	Bruising susceptibility	1		
Bruxism when awake	Bruxism	HP:0003763	Bruxism	1		
bulbar/oromandibular involvement	Bulbar palsy	HP:0001283	Bulbar palsy	1		
Bulbous end of nose	Bulbous nose	HP:0000414	Bulbous nose	1		
Bulbous ends of the short tubular bones	Abnormality of the phalanges	HP:0005918	Abnormal finger phalanx morphology	1		
Bulbous upturned nasal tip	Bulbous nose	HP:0000414	Bulbous nose	1		
Bulging caudate nuclei	Abnormality of the caudate nucleus	HP:0002339	Abnormal caudate nucleus morphology	1		
Bullous pulmonary degeneration	Pulmonary cysts	HP:0032445	Pulmonary cyst	1	HP:0002097	next:AUTRE Emphysema
Bullous pulmonary disease	Pulmonary cysts	HP:0032445	Pulmonary cyst	1	HP:0002097	next:AUTRE Pulmonary emphysema
Bull’s-eye-like maculae	Bull's eye maculopathy	HP:0011504	Bull's eye maculopathy	1		
Burning	Pain	HP:0012531	Pain	1		
burning	Neuropathic pain	HP:6000040	Neuropathic pain	1		
Burning paresthesias	Paresthesia	HP:0003401	Paresthesia	1		
burst suppression pattern on EEG	Abnormal EEG	HP:0002353	EEG abnormality	1		
Bushy, wide, and/or thick eyebrows	Broad eyebrow	HP:0011229	Broad eyebrow	1		
Butterfly-shaped vertebral bodies	Butterfly vertebrae	HP:0003316	Butterfly vertebrae	1		
C1 spina bifida occulta	Spina bifida occulta	HP:0003298	Spina bifida occulta	1		
C1-C2 abnormality	Abnormality of the cervical spine	HP:0003319	Abnormality of the cervical spine	1		
Cachectic dwarfism	Failure to thrive	HP:0001508	Failure to thrive	1		
Cachectic dwarfism	Short stature	HP:0004322	Short stature	1		
café au lait patches	Café-au-lait spot	HP:0000957	Cafe-au-lait spot	1		
Calcification not involving the basal ganglia	Calcification of the basal ganglia	HP:0002135	Basal ganglia calcification	1		
calcification of cerebellum	Cerebellar calcification	HP:0007352	Cerebellar calcifications	1	HP:0007352	next:OK
calcification of cerebrum	Intracranial calcification	HP:0430048	Intracranial calcification	1		
Calcification of the aortic and mitral valves	Calcification of the aortic valve	HP:0004380	Aortic valve calcification	1	HP:0004380	next:OK
Calcification of the aortic and mitral valves	Calcification of the mitral valve	HP:0004382	Mitral valve calcification	1	HP:0004382	next:OK
calcification of the external ear cartilage	Calcification of the auricular cartilage	HP:0005103	Calcification of the auricular cartilage	1		
calcifications in larynx, trachea, and bronchi	Calcification of the trachea	HP:0002787	Tracheal calcification	1		
calcifications in organs	Ectopic calcification	HP:0010766	Ectopic calcification	1		
Calcifications in organs other than the lungs	Ectopic calcification	HP:0010766	Ectopic calcification	1		
Calcifications in white matter	Intracranial calcification	HP:0430048	Intracranial calcification	1		
calcifications on brain CT scan	Intracranial calcification	HP:0430048	Intracranial calcification	1		
Calcified intervertebral discs	Calcification of intervertebral discs	HP:0005645	Intervertebral disk calcification	1	HP:0005645	next:OK
Calcified nodules on fingers	Calcification of the skin	HP:0007618	Subcutaneous calcification	1	HP:0007618	next:OK
Calcified ovarian fibromata	Ovarian fibroma	HP:0010618	Ovarian fibroma	1		
Calcium oxalate stones	Nephrolithiasis	HP:0000787	Nephrolithiasis	1		
Caliectasis to hydronephrosis	Hydronephrosis	HP:0000126	Hydronephrosis	1		
Callosal dysgenesis	Agenesis of the corpus callosum	HP:0001274	Agenesis of corpus callosum	1		
Camptodactyly and ulnar clinodactyly of the fourth, fifth, and sometimes also the third fingers	Camptodactyly	HP:0012385	Camptodactyly	1		
Camptodactyly of the fingers and/or toes	Camptodactyly	HP:0012385	Camptodactyly	1		
cancers including skin cancers and osteosarcoma	Neoplasm	HP:0002664	Neoplasm	1		
Capillary malformation in nonfacial areas	Capillary malformation	HP:0025104	Capillary malformation	1		
Capital femoral epiphyses ossify late	Delayed skeletal maturation	HP:0002750	Delayed skeletal maturation	1		
Cardiac angiosarcomas	Cardiac sarcoma	HP:0031350	Cardiac sarcoma	1		
Cardiac conduction disease	Cardiac conduction abnormality	HP:0031546	Cardiac conduction abnormality	1		
Cardiac defect	Congenital heart defect	HP:0001627	Abnormal heart morphology	1		
cardiac defects	Abnormality of the cardiovascular system	HP:0001626	Abnormality of the cardiovascular system	1		
cardiac defects, primarily patent ductus arteriosus and ventricular septal defects	Ventricular septal defect	HP:0001629	Ventricular septal defect	1		
cardiac defects, primarily patent ductus arteriosus and ventricular septal defects	Patent ductus arteriosus	HP:0001643	Patent ductus arteriosus	1		
Cardiac disease	Cardiomyopathy	HP:0001638	Cardiomyopathy	1		
Cardiac disease	Cardiac arrhythmia	HP:0011675	Arrhythmia	1		
cardiac dysfunction	Cardiomyopathy	HP:0001638	Cardiomyopathy	1		
cardiac dysrhythmias	Cardiac arrhythmia	HP:0011675	Arrhythmia	1		
Cardiac findings	Abnormality of the heart	HP:0001627	Abnormal heart morphology	1		
Cardiac involvement	Abnormality of the cardiovascular system	HP:0001626	Abnormality of the cardiovascular system	1		
Cardiac involvement	Cardiomegaly	HP:0001640	Cardiomegaly	1		
cardiac issues	Abnormality of the cardiovascular system	HP:0001626	Abnormality of the cardiovascular system	1		
Cardiac malformations	Abnormality of the cardiovascular system	HP:0001626	Abnormality of the cardiovascular system	1		
cardiac manifestations	Abnormality of the cardiovascular system	HP:0001626	Abnormality of the cardiovascular system	1		
Cardiac myxoma manifestation	Cardiac myxoma	HP:0011672	Cardiac myxoma	1		
cardiac pre-excitation	Polyuria	HP:0000103	Polyuria	1		
Cardiorespiratory difficulties	Respiratory distress	HP:0002098	Respiratory distress	1		
Cardiorespiratory failure	Respiratory failure	HP:0002878	Respiratory failure	1		
Cardiovascular autonomic dysfunction	Autonomic dysfunction	HP:0012332	Abnormal autonomic nervous system physiology	1		
cardiovascular complications	Cardiovascular abnormality	HP:0001626	Abnormality of the cardiovascular system	1		
cardiovascular defects	Heart defect	HP:0001627	Abnormal heart morphology	1	PARENT:HP:0001626	next:PARENT Abnormality of the cardiovascular system
Carotid artery blockages	Carotid artery stenosis	HP:0100546	Carotid artery stenosis	1		
Carpal and tarsal synostoses	Tarsal synostosis	HP:0008368	Tarsal synostosis	1		
Carpal and tarsal synostoses	Carpal synostosis	HP:0009702	Carpal synostosis	1		
carpal bones show triangulation	Carpal bone fusion	HP:0009702	Carpal synostosis	1		
Carpal tunnel syndrome with thenar muscle weakness and atrophy and sensory loss over the thumb and index finger	Muscle weakness	HP:0001324	Muscle weakness	1		
Carpal tunnel syndrome with thenar muscle weakness and atrophy and sensory loss over the thumb and index finger	Thenar muscle atrophy	HP:0003393	Thenar muscle atrophy	1		
Carpal/tarsal long bone defects	Abnormality of the carpal bones	HP:0001191	Abnormal carpal morphology	1		
Carpal/tarsal long bone defects	Abnormality of the tarsal bones	HP:0001850	Abnormality of the tarsal bones	1		
cataracts, usually juvenile, bilateral	Cataract	HP:0000518	Cataract	1		
Cautious stiff-legged gait	Abnormal gait	HP:0001288	Gait disturbance	1		
Cavernoma	Cavernous hemangioma	HP:0001048	Cavernous hemangioma	1		
Cavernous hemangiomata	Hemangioma	HP:0001028	Hemangioma	1		
cavum septum pellucidum et vergae	Cavum septum pellucidum	HP:0002389	Cavum septum pellucidum	1		
Cebocephaly	Cephalocele	HP:0011815	Cephalocele	1		
Celiac syndrome	Celiac disease	HP:0002608	Celiac disease	1		
Central and peripheral neuropathy	Peripheral neuropathy	HP:0009830	Peripheral neuropathy	1		
Central and peripheral sleep apnea	Obstructive sleep apnea	HP:0002870	Obstructive sleep apnea	1		
Central and peripheral sleep apnea	Central sleep apnea	HP:0010536	Central sleep apnea	1		
central blindness	Cortical blindness	HP:0100704	Cerebral visual impairment	1		
central chorioretinal lacunae	Chorioretinal lacunae	HP:0007858	Chorioretinal lacunae	1		
Central nervous system anomalies	Abnormality of the nervous system	HP:0000707	Abnormality of the nervous system	1		
central nervous system anomalies	Abnormality of the central nervous system	HP:0002011	Morphological central nervous system abnormality	1		
Central nervous system calcifications	Intracranial calcification	HP:0430048	Intracranial calcification	1		
Central nervous system defects	Abnormality of the central nervous system	HP:0002011	Morphological central nervous system abnormality	1		
central nervous system gliomas	Glioma	HP:0009733	Glioma	1		
Central notch in the superior and inferior end plates of the vertebral bodies	Vertebral endplate irregularity	HP:0003301	Irregular vertebral endplates	1		
Central obesity as adults	Central obesity	HP:0012743	Abdominal obesity	1		
Central protrusion of bone anteriorly	Anterior vertebral body beaking	HP:0004568	Beaking of vertebral bodies	1	HP:0004568	next:OK
central respiratory failure	Respiratory failure	HP:0002878	Respiratory failure	1		
central respiratory impairment	Chronic cough	HP:0034315	Chronic cough	1		
Central sleep-disordered breathing	Obstructive sleep apnea	HP:0002870	Obstructive sleep apnea	1		
central visual impairment	Visual impairment	HP:0000505	Visual impairment	1		
Cerebellar action tremor	Action tremor	HP:0002345	Action tremor	1		
Cerebellar ataxia and cerebellar degeneration	Cerebellar ataxia	HP:0001251	Ataxia	1		
Cerebellar atrophy prominently affecting the vermis	Cerebellar vermis hypoplasia	HP:0001320	Cerebellar vermis hypoplasia	1		
Cerebellar defects	Cerebellar atrophy	HP:0001272	Cerebellar atrophy	1		
Cerebellar defects	Cerebellar hypoplasia	HP:0001321	Cerebellar hypoplasia	1		
Cerebellar dysfunction	Cerebellar ataxia	HP:0001251	Ataxia	1		
Cerebellar dysgenesis	Cerebellar hypoplasia	HP:0001321	Cerebellar hypoplasia	1		
Cerebellar malformation	Abnormality of the cerebellum	HP:0001317	Abnormal cerebellum morphology	1		
Cerebellar microdysgenesis	Cerebellar hypoplasia	HP:0001321	Cerebellar hypoplasia	1		
cerebellar oculomotor disorder	Abnormality of eye movements	HP:0000496	Abnormality of eye movement	1	PARENT:HP:0000496	next:PARENT Abnormality of eye movement
Cerebellar signs: dysdiadochokinesia, mild intention tremor, ataxia	Dysdiadochokinesia	HP:0002075	Dysdiadochokinesis	1		
Cerebellar signs: dysdiadochokinesia, mild intention tremor, ataxia	Intention tremor	HP:0002080	Intention tremor	1		
cerebellar vermis agenesis/hypoplasia	Agenesis of cerebellar vermis	HP:0002335	Agenesis of cerebellar vermis	1		
cerebral and cerebellar dysplasia	Cerebellar dysplasia	HP:0007033	Cerebellar dysplasia	1		
cerebral atrophy on MRI	Cerebral atrophy	HP:0002059	Cerebral atrophy	1		
Cerebral impairment	Intellectual disability	HP:0001249	Intellectual disability	1		
Cerebral neoplasia/hamartoma	Brain neoplasm	HP:0030692	Brain neoplasm	1		
Cerebral vascular changes	Abnormality of the cerebral vasculature	HP:0100659	Abnormal cerebral vascular morphology	1		
Cerebral vascular compromise	Cerebrovascular accident	HP:0001297	Stroke	1		
Cerebral vessel aneurysm	Cerebral aneurysm	HP:0004944	Dilatation of the cerebral artery	1		
Cerebral volume loss	Cerebral atrophy	HP:0002059	Cerebral atrophy	1		
cerebral white matter lesions	Abnormality of white matter	HP:0002500	Abnormal cerebral white matter morphology	1	HP:0002500	next:OK
Cerebriform connective tissue nevi	Cerebriform connective tissue nevus	HP:6000009	Cerebriform connective tissue nevus	1		
Cerebrovascular incidents	Cerebrovascular accident	HP:0001297	Stroke	1		
Cerumen pigmentation	Pigmented cerumen	HP:6000025	Dark cerumen	1		
Cervical adenopathy	Cervical lymphadenopathy	HP:0025289	Cervical lymphadenopathy	1		
cervical artery dissection	Arterial dissection	HP:0005294	Arterial dissection	1		
Cervical defects	Abnormality of the cervical spine	HP:0003319	Abnormality of the cervical spine	1		
Cervical hyperkyphosis	Cervical kyphosis	HP:0002947	Cervical kyphosis	1		
Cervical spina bifida occulta	Spina bifida occulta	HP:0003298	Spina bifida occulta	1		
Cervical spinal hypermobility	Cervical spine hypermobility	HP:0003318	Cervical spine hypermobility	1		
Cervical spine anomalies	Abnormality of the cervical spine	HP:0003319	Abnormality of the cervical spine	1		
Cervical spine malformation and/or instability	Abnormality of the cervical spine	HP:0003319	Abnormality of the cervical spine	1		
Cervical spine malformation and/or instability	Cervical spine instability	HP:0010646	Cervical spine instability	1		
cervical spine stenosis	Spinal stenosis	HP:0003416	Spinal canal stenosis	1		
Cervical vertebral anomalies with associated spinal cord compression	Spinal cord compression	HP:0002176	Spinal cord compression	1		
cervical vertebral instability	Cervical spine instability	HP:0010646	Cervical spine instability	1		
Cervical vertebral synostosis	Cervical vertebral fusion	HP:0002949	Fused cervical vertebrae	1		
Cervicothoracic vertebral defects	Vertebral fusion	HP:0002948	Vertebral fusion	1		
Cervicothoracic vertebral defects	Abnormality of the cervical vertebrae	HP:0003319	Abnormality of the cervical spine	1		
Changes in muscle tone	Abnormal muscle tone	HP:0003808	Abnormal muscle tone	1		
Characteristic coarse facial features	Coarse facial features	HP:0000280	Coarse facial features	1		
Characteristic cutaneous features	Abnormality of the skin	HP:0000951	Abnormality of the skin	1		
Characteristic epiphyseal dysplasia of affected tubular bones with cone-​shaped epiphyses, Giedion type 12; premature epiphyseal fusion	Cone-shaped epiphyses	HP:0010579	Cone-shaped epiphysis	1		
Characteristic facial appearance	Abnormal face	HP:0000271	Abnormality of the face	1	PARENT:HP:0001999	next:PARENT Abnormal facial shape
Characteristic facial features	Abnormality of the head	HP:0000234	Abnormality of the head	1		
Characteristic facial features	Abnormality of the face	HP:0000271	Abnormality of the face	1		
characteristic facies	Dysmorphic facial features	HP:0001999	Abnormal facial shape	1		
Characteristic ulnar deviation of the wrists	Ulnar deviation of wrist	HP:0003049	Ulnar deviation of the wrist	1	HP:0003049	next:OK
Charcot neuroarthropathy	Charcot joint	HP:0002821	Neuropathic arthropathy	1		
Chari I malformation	Chiari malformation type I	HP:0007099	Chiari type I malformation	1	HP:0007099	next:OK
Cheek swelling	Facial swelling	HP:0000282	Facial edema	1		
cheerful and friendly disposition	Behavioral abnormality	HP:0000708	Atypical behavior	1		
Cherry-red spot	Cherry red spot of the macula	HP:0010729	Cherry red spot of the macula	1		
Cherry-red spot of the fovea centralis of the macula of the retina	Cherry red spot of the macula	HP:0010729	Cherry red spot of the macula	1		
cherry-red spot of the macula	Cherry red spot of the macula	HP:0010729	Cherry red spot of the macula	1		
Chest deformities	Abnormality of the chest	HP:0000765	Abnormal thorax morphology	1		
Chest muscle involvement	Muscle weakness	HP:0001324	Muscle weakness	1		
Chest pain from pleuritis	Pleuritic chest pain	HP:0033771	Pleuritic chest pain	1		
Chest wall asymmetry	Asymmetry of the thorax	HP:0001555	Asymmetry of the thorax	1		
Chiari 1 malformation	Chiari malformation type I	HP:0007099	Chiari type I malformation	1	HP:0007099	next:OK
Chiari 1 malformations	Chiari malformation type I	HP:0007099	Chiari type I malformation	1	HP:0007099	next:OK
Chiari I malformation and/or low-lying cerebellar tonsils	Chiari malformation	HP:0002308	Chiari malformation	1		
Chiasm hypoplasia	Hypoplasia of the optic chiasm	HP:0034311	Hypoplastic optic chiasm	1	HP:0034311	next:OK
Childhood focal seizures	Seizures	HP:0001250	Seizure	1		
childhood hypotonia	Hypotonia	HP:0001252	Hypotonia	1		
childhood-onset abdominal obesity	Abdominal obesity	HP:0012743	Abdominal obesity	1		
childhood-onset dystonia	Dystonia	HP:0001332	Dystonia	1		
childhood-onset generalized dystonia	Dystonia	HP:0001332	Dystonia	1		
Childhood-onset neuroblastoma	Neuroblastoma	HP:0003006	Neuroblastoma	1		
childhood-onset obesity	Obesity	HP:0001513	Obesity	1		
Childhood-onset spastic paraplegia	Spastic paraplegia	HP:0001258	Spastic paraplegia	1		
Choanal stenosis/atresia	Choanal stenosis	HP:0000452	Choanal stenosis	1		
Choanal stenosis/atresia	Choanal atresia	HP:0000453	Choanal atresia	1		
choking on food and drink	Dysphagia	HP:0002015	Dysphagia	1		
Cholangiocellular carcinoma	Cholangiocarcinoma	HP:0030153	Cholangiocarcinoma	1		
Cholestasis, increased liver transaminases	Cholestasis	HP:0001396	Cholestasis	1		
Cholestatic liver failure	Cholestasis	HP:0001396	Cholestasis	1		
Chondral calcification in the larynx	Laryngeal calcification	HP:0008754	Laryngeal calcification	1		
Chondral calcification in the trachea	Tracheal calcification	HP:0002787	Tracheal calcification	1		
Chondroblastosarcoma	Chondrosarcoma	HP:0006765	Chondrosarcoma	1		
Chondrolysis of the hip	Hip joint pain	HP:0003365	Arthralgia of the hip	1		
Chorea-athetosis	Chorea	HP:0002072	Chorea	1		
Chorea-athetosis	Athetosis	HP:0002305	Athetosis	1		
choreic and ballistic movements	Chorea	HP:0002072	Chorea	1		
choreoathetoid movement disorder	Choreoathetosis	HP:0001266	Choreoathetosis	1		
choreoathetoid movements of the fingers and hands, and sometimes the toes and feet	Choreoathetosis	HP:0001266	Choreoathetosis	1		
Choreoathetotic movements	Choreoathetosis	HP:0001266	Choreoathetosis	1		
chorioretinal pigment alterations	Chorioretinal dystrophy	HP:0001135	Chorioretinal dystrophy	1		
choroid cysts	Choroid plexus cyst	HP:0002190	Choroid plexus cyst	1		
Chronic abdominal pain	Abdominal pain	HP:0002027	Abdominal pain	1		
chronic anemia resistant to therapy	Anemia	HP:0001903	Anemia	1		
Chronic cholestasis	Cholestasis	HP:0001396	Cholestasis	1		
Chronic disk edema	Papilledema	HP:0001085	Papilledema	1		
Chronic ear infections	Recurrent otitis media	HP:0000403	Recurrent otitis media	1		
chronic emesis	Vomiting	HP:0002013	Vomiting	1		
Chronic erythematous and scaly skin lesions	Erythema	HP:0010783	Erythema	1		
Chronic erythematous and scaly skin lesions	Scaling skin	HP:0040189	Scaling skin	1		
Chronic functional bladder impairment of voiding	Urinary retention	HP:0000016	Urinary retention	1		
chronic growth restriction / failure to thrive	Failure to thrive	HP:0001508	Failure to thrive	1		
chronic growth restriction / failure to thrive	Intrauterine growth restriction	HP:0001511	Intrauterine growth retardation	1		
chronic hemorrhagic diarrhea	Chronic diarrhea	HP:0002028	Chronic diarrhea	1		
Chronic intestinal pseudo-obstruction	Intestinal pseudo-obstruction	HP:0004389	Intestinal pseudo-obstruction	1		
chronic intractable diarrhea	Chronic diarrhea	HP:0002028	Chronic diarrhea	1		
Chronic joint and limb pain	Joint pain	HP:0002829	Arthralgia	1		
chronic joint pain	Joint pain	HP:0002829	Arthralgia	1		
Chronic joint subluxations/dislocations	Joint subluxation	HP:0032153	Joint subluxation	1		
Chronic liver dysfunction	Abnormal liver function	HP:0002910	Elevated circulating hepatic transaminase concentration	1		
Chronic loose stools	Chronic diarrhea	HP:0002028	Chronic diarrhea	1		
Chronic meningitis	Meningitis	HP:0001287	Meningitis	1		
chronic metabolic alkalosis	Metabolic alkalosis	HP:0200114	Metabolic alkalosis	1		
Chronic mucoid rhinitis	Chronic rhinitis	HP:0002257	Chronic rhinitis	1		
chronic muscle pain	Muscle pain	HP:0003326	Myalgia	1		
chronic myopathy	Myopathy	HP:0003198	Myopathy	1		
Chronic neuropathic pain	Neuropathic pain	HP:6000040	Neuropathic pain	1		
chronic noncyclic neutropenia	Neutropenia	HP:0001875	Decreased total neutrophil count	1		
Chronic osteomyelitis of the jaws	Osteomyelitis	HP:0002754	Osteomyelitis	1		
Chronic pulmonary changes	Abnormality of the lung	HP:0002088	Abnormal lung morphology	1	PARENT:HP:0002088	next:PARENT Abnormal lung morphology
chronic renal insufficiency	Renal insufficiency	HP:0000083	Renal insufficiency	1		
Chronic respiratory tract infections	Recurrent respiratory infections	HP:0002205	Recurrent respiratory infections	1		
chronic vomiting	Vomiting	HP:0002013	Vomiting	1		
Chronic widespread pain	Chronic pain	HP:0012532	Chronic pain	1		
Chronically swollen, sometimes painful joints	Joint swelling	HP:0001386	Joint swelling	1		
Chubby cheeks	Round face	HP:0000311	Round face	1		
ciliary body medulloepithelioma	Medulloepithelioma	HP:0030071	Medulloepithelioma	1		
cirrhotic cardiomyopathy	Cardiomyopathy	HP:0001638	Cardiomyopathy	1		
Cirrhotic changes	Liver cirrhosis	HP:0001394	Cirrhosis	1		
Clavicular abnormalities	Abnormality of the clavicle	HP:0000889	Abnormal clavicle morphology	1		
Clavicular defects	Clavicle abnormalities	HP:0000889	Abnormal clavicle morphology	1	HP:0000889	next:OK
Clavicular dysplasia	Clavicular hypoplasia	HP:0000894	Short clavicles	1		
Clavicular pseudoarthrosis	Pseudoarthrosis of the clavicle	HP:0006585	Congenital pseudoarthrosis of the clavicle	1	HP:0006585	next:OK
clear cell carcinoma	Clear cell renal cell carcinoma	HP:0006770	Clear cell renal cell carcinoma	1		
Clear cell carcinoma of the thyroid	Thyroid carcinoma	HP:0002890	Thyroid carcinoma	1		
Cleft lip—sometimes midline	Cleft lip	HP:0410030	Cleft lip	1		
cleft maxilla	Cleft palate	HP:0000175	Cleft palate	1		
cleft of the sternum	Sternal cleft	HP:0010309	Bifid sternum	1		
clefts	Cleft palate	HP:0000175	Cleft palate	1		
Clenching of the fists	Clenching of hands	HP:0001188	Hand clenching	1	HP:0001188	next:OK
Clinical photosensitivity	Photosensitivity	HP:0000992	Cutaneous photosensitivity	1		
clinical seizures	Seizure	HP:0001250	Seizure	1		
clinically migrating seizures	Migrating focal seizures	HP:0032786	Migrating focal seizure	1	HP:0032786	next:OK
Clinically significant diarrhea	Diarrhea	HP:0002014	Diarrhea	1		
Clinobrachydactyly	Brachydactyly	HP:0001156	Brachydactyly	1		
Clinobrachydactyly	Clinodactyly	HP:0030084	Clinodactyly	1		
clinodactyly 5	Clinodactyly of the 5th finger	HP:0004209	Clinodactyly of the 5th finger	1		
Clinodactyly frequency	Clinodactyly	HP:0030084	Clinodactyly	1		
Clinodactyly of digit V	Clinodactyly of finger	HP:0040019	Finger clinodactyly	1	PARENT:HP:0004209	next:PARENT Clinodactyly of the 5th finger
clinodactyly of fingers III–V	Clinodactyly	HP:0030084	Clinodactyly	1		
clinodactyly of the 2nd and 5th fingers	Clinodactyly of the 5th finger	HP:0004209	Clinodactyly of the 5th finger	1		
clinodactyly of the 2nd and 5th fingers	Clinodactyly of the 2nd finger	HP:0040022	Clinodactyly of the 2nd finger	1		
clinodactyly of the index finger	Clinodactyly of second finger	HP:0040022	Clinodactyly of the 2nd finger	1	HP:0040022	next:OK
Clinodactyly of third and fifth fingers	Clinodactyly of finger	HP:0040019	Finger clinodactyly	1	PARENT:HP:0004097	next:PARENT Clinodactyly of the 3rd finger; Clinodactyly of the 5th finger
closed spinal dysraphism	Spinal dysraphism	HP:0010301	Spinal dysraphism	1		
Cloud-like radiodensities on epiphyseal plates	Epiphyseal stippling	HP:0010655	Epiphyseal stippling	1		
Club-shaped ends	Advanced bone age	HP:0005616	Accelerated skeletal maturation	1		
Club-​shaped metaphyseal widening of the tubular bones	Metaphyseal widening	HP:0003016	Metaphyseal widening	1		
Clubbed foot	Clubfoot	HP:0001762	Talipes equinovarus	1		
clumsiness / poor balance	Ataxia	HP:0001251	Ataxia	1		
clumsiness of hands	Clumsiness	HP:0002312	Clumsiness	1		
Clumsiness of the hands	Clumsiness	HP:0002312	Clumsiness	1		
clumsiness when walking	Abnormal gait	HP:0001288	Gait disturbance	1		
clusters of nocturnal motor seizures	Seizures	HP:0001250	Seizure	1		
CNS abnormalities	Abnormality of the central nervous system	HP:0002011	Morphological central nervous system abnormality	1		
CNS malformations	Abnormality of the central nervous system	HP:0002011	Morphological central nervous system abnormality	1		
CNS xanthomas	Xanthoma	HP:0001114	Xanthelasma	1		
coarctation of the aortic arch	Coarctation of aorta	HP:0001680	Coarctation of aorta	1		
Coarse appearance	Coarse facial features	HP:0000280	Coarse facial features	1		
coarse bone trabeculae	Osteopenia	HP:0000938	Osteopenia	1		
Coarse features	Coarse facial features	HP:0000280	Coarse facial features	1		
coarse gaze-induced nystagmus	Nystagmus	HP:0000639	Nystagmus	1		
coarse profuse scalp hair	Hypertrichosis	HP:0000998	Hypertrichosis	1		
coarse profuse scalp hair	Coarse hair	HP:0002208	Coarse hair	1		
Coarse ribs	Abnormality of the ribs	HP:0000772	Abnormal rib morphology	1		
coarse, gray-white scales	Hyperkeratosis	HP:0000962	Hyperkeratosis	1		
Coarsely structured phalanges	Abnormality of the phalanges	HP:0005918	Abnormal finger phalanx morphology	1		
Coarsened facies	Coarse facial features	HP:0000280	Coarse facial features	1		
Coarsening of face	Coarse facial features	HP:0000280	Coarse facial features	1		
Coarsening of the face	Coarse facial features	HP:0000280	Coarse facial features	1		
coarsening of the facial features over time	Coarse facial features	HP:0000280	Coarse facial features	1		
cobblestone-like hyperkeratosis of scalp	Hyperkeratosis	HP:0000962	Hyperkeratosis	1		
cobblestone-like hyperkeratosis on forehead	Hyperkeratosis	HP:0000962	Hyperkeratosis	1		
cobblestone-like hyperkeratosis on trunk	Hyperkeratosis	HP:0000962	Hyperkeratosis	1		
Coccygeal abnormalities	Abnormal coccyx morphology	HP:0008519	Abnormal coccyx morphology	1		
cochlear dysfunction	Abnormality of the inner ear	HP:0000359	Abnormality of the inner ear	1		
Cod-fish vertebrae	Codfish vertebrae	HP:0004586	Biconcave vertebral bodies	1		
Cognitive alterations	Cognitive impairment	HP:0100543	Cognitive impairment	1		
cognitive and motor disorders	Developmental delay	HP:0001263	Global developmental delay	1		
cognitive and motor disorders	Motor delay	HP:0001270	Motor delay	1		
Cognitive and psychomotor decline	Intellectual disability	HP:0001249	Intellectual disability	1		
cognitive changes	Cognitive impairment	HP:0100543	Cognitive impairment	1		
cognitive comorbidity	Intellectual disability	HP:0001249	Intellectual disability	1		
cognitive decline progressing to severe dementia	Dementia	HP:0000726	Dementia	1		
Cognitive difficulties	Intellectual disability	HP:0001249	Intellectual disability	1		
cognitive disturbances	Cognitive impairment	HP:0100543	Cognitive impairment	1		
Cognitive issues	Intellectual disability	HP:0001249	Intellectual disability	1		
cold skin boils	Recurrent skin infections	HP:0001581	Recurrent skin infections	1		
Collapse of vertebral bodies	Vertebral compression fracture	HP:0002953	Vertebral compression fracture	1		
Collodion-like ichthyosis	Collodion baby	HP:0007479	Congenital nonbullous ichthyosiform erythroderma	1		
coloboma of iris and/or optic nerve	Coloboma of the iris	HP:0000612	Iris coloboma	1		
Coloboma of optic disk	Optic disc coloboma	HP:0000588	Optic disc coloboma	1		
Coloboma of the iris, choroid, and retina	Coloboma of the iris	HP:0000612	Iris coloboma	1		
Coloboma of the upper lid	Coloboma of the upper eyelid	HP:0000636	Upper eyelid coloboma	1		
Coloboma of upper lid	Coloboma of upper eyelid	HP:0000636	Upper eyelid coloboma	1	HP:0000636	next:OK
Colobomas of the optic disk	Optic disc coloboma	HP:0000588	Optic disc coloboma	1		
Colobomata of eyelid	Eyelid coloboma	HP:0000625	Eyelid coloboma	1		
Colobomata of eyelids	Eyelid coloboma	HP:0000625	Eyelid coloboma	1		
Colobomatous dysplasia of optic nerve	Optic nerve coloboma	HP:0000588	Optic disc coloboma	1		
colonic bleeding	Gastrointestinal hemorrhage	HP:0002239	Gastrointestinal hemorrhage	1		
Colonic hypoganglionosis	Hypoganglionosis	HP:0025150	Hypoganglionosis	1		
combativeness	Aggressive behavior	HP:0000718	Aggressive behavior	1		
Combined cellular and humoral immune deficiency	Combined immunodeficiency	HP:0005387	Combined immunodeficiency	1		
Combined cortical and cerebellar atrophy	Cerebellar atrophy	HP:0001272	Cerebellar atrophy	1		
Combined cortical and cerebellar atrophy	Cerebral atrophy	HP:0002059	Cerebral atrophy	1		
Combined hearing loss	Conductive hearing loss	HP:0000405	Conductive hearing impairment	1		
Combined hearing loss	Sensorineural hearing loss	HP:0000407	Sensorineural hearing impairment	1		
Combined hearing loss	Mixed hearing loss	HP:0000410	Mixed hearing impairment	1		
Combined upper and lower motor neuron dysfunction	Upper motor neuron dysfunction	HP:0002493	Upper motor neuron dysfunction	1		
Compensatory splenomegaly	Splenomegaly	HP:0001744	Splenomegaly	1		
Complete absence of ossification of anterior ribs	Hypoplasia of the ribs	HP:0000773	Short ribs	1		next:AUTRE Absent anterior rib ossification ?
Complete bony fusion of the maxilla and mandible	Ankylosis of the temporomandibular joint	HP:0012478	Temporomandibular joint ankylosis	1		next:AUTRE Fusion of maxilla and mandible ?
complete disorganization of the metacarpals and phalanges	Abnormality of the hand	HP:0001155	Abnormality of the hand	1		
Complete heterochromia iridium	Heterochromia iridis	HP:0001100	Heterochromia iridis	1		
complete immobility	Ankylosis	HP:0031013	Ankylosis	1		
Complete primary alopecia	Alopecia universalis	HP:0002289	Alopecia universalis	1		
complete syndactyly affecting all digits of the hand	Syndactyly of fingers	HP:0006101	Finger syndactyly	1	PARENT:HP:0001159	next:PARENT Complete syndactyly of all fingers
Complete syndactyly III–VI	Syndactyly of fingers	HP:0006101	Finger syndactyly	1	PARENT:HP:0001159	next:PARENT Complete syndactyly of fingers III-VI
Complete syndactyly of all fingers	Syndactyly of fingers	HP:0006101	Finger syndactyly	1	PARENT:HP:0001159	next:PARENT Complete syndactyly of all fingers
Complete syndactyly of digits I and II	Syndactyly of fingers	HP:0006101	Finger syndactyly	1	PARENT:HP:0001159	next:PARENT Complete syndactyly of fingers I-II
Complete syndactyly of fingers II–V	Syndactyly of fingers	HP:0006101	Finger syndactyly	1	PARENT:HP:0001159	next:PARENT Complete syndactyly of fingers II-V
Complete syndactyly of toes I–V	Syndactyly of feet	HP:0001770	Toe syndactyly	1		
Completely divided nostrils	Bifid nose	HP:0011803	Bifid nose	1		
Complex congenital heart defects	Congenital heart defect	HP:0001627	Abnormal heart morphology	1		
Complex distal tibiofibular, fibulocalcaneal and tibiotalar fusion	Tibiotalar synostosis	HP:6001052	Tibiotalar synostosis	1		
complex hand malformation	Abnormal hand morphology	HP:0005922	Abnormal hand morphology	1		
Complex movement disorders	Abnormality of extrapyramidal motor function	HP:0002071	Abnormality of extrapyramidal motor function	1		
Complex movement disorders	Movement disorder	HP:0100022	Abnormality of movement	1		
complex partial epilepsy	Complex partial seizures	HP:0002384	Focal impaired awareness seizure	1		
Complex, compulsive, or ritualistic behaviors	Compulsive behavior	HP:0000722	Compulsive behaviors	1	HP:0000722	next:OK
compressive myelopathy	Myelopathy	HP:0002196	Myelopathy	1		
compromised hearing	Abnormality of hearing	HP:0000364	Hearing abnormality	1	HP:0000364	next:OK
Compromised respiratory function	Respiratory failure	HP:0002878	Respiratory failure	1		
compromised vision	Abnormality of vision	HP:0000504	Abnormality of vision	1		
Compulsion	Compulsive behavior	HP:0000722	Compulsive behaviors	1	HP:0000722	next:OK
compulsions	Compulsive behaviors	HP:0000722	Compulsive behaviors	1		
Compulsiveness	Compulsive behavior	HP:0000722	Compulsive behaviors	1	HP:0000722	next:OK
Conduction defects	Hyperostosis	HP:0100774	Hyperostosis	1		
conduction system disease	Abnormality of the cardiac conduction system	HP:0031546	Cardiac conduction abnormality	1	HP:0031546	next:OK
Conductive and/or sensory hearing loss	Conductive hearing loss	HP:0000405	Conductive hearing impairment	1		
Conductive and/or sensory hearing loss	Sensorineural hearing loss	HP:0000407	Sensorineural hearing impairment	1		
conductive hearing deficits	Conductive hearing loss	HP:0000405	Conductive hearing impairment	1		
Conductive hearing loss due to stapes ankylosis	Conductive hearing loss	HP:0000405	Conductive hearing impairment	1		
Conductive hearing loss secondary to cleft palate	Conductive hearing loss	HP:0000405	Conductive hearing impairment	1		
conductive, mixed, and profound sensorineural hearing loss	Conductive hearing loss	HP:0000405	Conductive hearing impairment	1		
conductive, mixed, and profound sensorineural hearing loss	Sensorineural hearing loss	HP:0000407	Sensorineural hearing impairment	1		
cone-shaped cleft tapering proximally	Cleft hand	HP:0100257	Ectrodactyly	1		
congenital absence of teeth	Anodontia	HP:0000674	Anodontia	1		
Congenital anomaly (corpus callosum, anal, cardiac, skeletal)	Corpus callosum agenesis	HP:0001274	Agenesis of corpus callosum	1		
Congenital anterior segment anomalies of the eye	Anterior segment dysgenesis	HP:0007700	Ocular anterior segment dysgenesis	1		
Congenital bilateral hallux valgus malformations	Hallux valgus	HP:0001822	Hallux valgus	1		
Congenital dislocation of hips and knees	Congenital hip dislocation	HP:0001374	Congenital hip dislocation	1		
Congenital dislocation of hips and knees	Congenital knee dislocation	HP:0005191	Congenital knee dislocation	1		
congenital dislocations of the hips and knees	Hip dislocation	HP:0002827	Hip dislocation	1		
congenital dislocations of the hips and knees	Knee dislocation	HP:0004976	Knee dislocation	1		
Congenital hallux valgus deformity that is most often bilateral	Hallux valgus	HP:0001822	Hallux valgus	1		
congenital hearing loss	Sensorineural hearing impairment	HP:0000407	Sensorineural hearing impairment	1		
congenital heart anomalies	Congenital heart defects	HP:0001627	Abnormal heart morphology	1		
Congenital heart disease	Genitourinary tract anomaly	HP:0000119	Abnormality of the genitourinary system	1	HP:0001627	next:AUTRE Congenital heart defect
Congenital heart malformations	Congenital heart defect	HP:0001627	Abnormal heart morphology	1		
congenital luxation of the hip	Congenital hip dislocation	HP:0001374	Congenital hip dislocation	1		
congenital luxation of the knee	Congenital knee dislocation	HP:0005191	Congenital knee dislocation	1		
congenital malformations of the heart	Congenital heart defect	HP:0001627	Abnormal heart morphology	1		
congenital nonmyopathic ptosis	Ptosis	HP:0000508	Ptosis	1		
congenital penile curvature	Chordee	HP:0000041	Chordee	1		
Congenital presentation	Congenital onset	HP:0003577	Congenital onset	1		
Congenital retinal blindness	Renal cystic dysplasia	HP:0000800	Cystic renal dysplasia	1		
Congenital sensorineural hearing loss due to cochlear abnormalities	Sensorineural hearing impairment	HP:0000407	Sensorineural hearing impairment	1		
congenital structural cardiac abnormalities	Congenital heart defect	HP:0001627	Abnormal heart morphology	1		
Congenital, net-like pattern of red-to-purplish cutaneous erythema	Cutis marmorata	HP:0000965	Cutis marmorata	1		
Congenital-onset abnormal muscle tone	Abnormal muscle tone	HP:0003808	Abnormal muscle tone	1		
Congenitally missing teeth	Hypodontia	HP:0000668	Hypodontia	1		
Conical anterior teeth	Conical teeth	HP:0000698	Conical tooth	1		
Conical bases of widened metacarpals	Abnormal metacarpal morphology	HP:0005916	Abnormal metacarpal morphology	1		
conical crowns	Conical teeth	HP:0000698	Conical tooth	1		
Conical form	Conical cornea	HP:0000563	Keratoconus	1		
Conical shape teeth	Conical teeth	HP:0000698	Conical tooth	1		
Connective tissue laxity	Joint hypermobility	HP:0001382	Joint hypermobility	1		
Constricted iliac base with vertical ischial axis	Abnormal ischium morphology	HP:0003174	Abnormal ischium morphology	1		
Constricted palate	Narrow palate	HP:0000189	Narrow palate	1		
Constriction of the foramen magnum	Foramen magnum stenosis	HP:0002677	Small foramen magnum	1		
Contracted hips	Hip dysplasia	HP:0001385	Hip dysplasia	1		
contracture deformities of interphalangeal joints	Contracture of interphalangeal joint of finger	HP:0001220	Interphalangeal joint contracture of finger	1	HP:0001220	next:OK
Contracture of fifth finger proximal interphalangeal joint	Contracture of the proximal interphalangeal joint of finger	HP:0100490	Camptodactyly of finger	1	PARENT:HP:0009185	next:PARENT Camptodactyly of the 5th finger
Contracture of other large joints	Contracture of large joint	HP:0005781	Contractures of the large joints	1	HP:0005781	next:OK
contracture of other large joints	Contracture of joint	HP:0034392	Joint contracture	1	PARENT:HP:0003549	next:PARENT
Contractures including clubfeet	Clubfoot	HP:0001762	Talipes equinovarus	1		
Contractures including clubfeet	Contracture	HP:0034392	Joint contracture	1		
contractures of other joints	Joint contracture	HP:0034392	Joint contracture	1		
Contractures of the hands and feet	Contracture of the hand	HP:0009473	Joint contracture of the hand	1	PARENT:HP:0001155	next:PARENT
contractures of the interphalangeal joints	Joint contracture	HP:0034392	Joint contracture	1		
Contractures of the long finger flexors	Flexion contracture of finger	HP:0012785	Flexion contracture of finger	1		
Convergency insufficiency	Convergence insufficiency	HP:0000619	Impaired convergence	1		
Convex and narrow profile to the nose	Narrow nasal bridge	HP:0000446	Narrow nasal bridge	1		
Convex upper and lower surfaces of vertebral bodies	Biconcave vertebral bodies	HP:0004586	Biconcave vertebral bodies	1		
Convolutional calcification	Cerebral calcification	HP:0002514	Cerebral calcification	1		
Coordination disorder	Ataxia	HP:0001251	Ataxia	1		
coordination disorder	Abnormality of coordination	HP:0011443	Abnormality of coordination	1		
Copper deposits in the periphery of the cornea	Kayser-Fleischer rings	HP:0200032	Kayser-Fleischer ring	1	HP:0200032	next:OK
Copper-beaten appearance of the calvarium	Copper beaten skull	HP:0034271	Copper beaten skull	1		
cord atrophy	Spinal cord atrophy	HP:0006827	Atrophy of the spinal cord	1	HP:0006827	next:OK
core muscle involvement	Muscle weakness	HP:0001324	Muscle weakness	1		
Corneal and other anterior chamber anomalies	Corneal opacity	HP:0007957	Corneal opacity	1		
corneal and scleral abnormalities	Abnormality of the cornea	HP:0000481	Abnormal cornea morphology	1		
corneal and scleral abnormalities	Abnormality of the sclera	HP:0000591	Abnormal sclera morphology	1		
Corneal atrophy/scleralization	Corneal opacity	HP:0007957	Corneal opacity	1		
Corneal cystine crystals	Corneal crystals	HP:0000531	Corneal crystals	1		
Corneal dryness	Dry eyes	HP:0001097	Keratoconjunctivitis sicca	1		
Corneal dryness and clouding	Keratitis	HP:0000491	Keratitis	1		
corneal ectasia	Keratoconus	HP:0000563	Keratoconus	1		
corneal excavation	Keratoconus	HP:0000563	Keratoconus	1		
corneal irritation	Keratitis	HP:0000491	Keratitis	1		
Corneal keratopathy/pannus	Corneal pannus	HP:0011496	Corneal neovascularization	1		
Corneal leukoma	Corneal opacity	HP:0007957	Corneal opacity	1		
Corneal opacification and vascularization	Corneal opacity	HP:0007957	Corneal opacity	1		
Corneal opacification and vascularization	Corneal vascularization	HP:0011496	Corneal neovascularization	1		
Coronal and saggital clefts of the vertebrae	Vertebral segmentation defect	HP:0003422	Vertebral segmentation defect	1		
Coronal cleft of the lumbar bodies	Coronal cleft vertebrae	HP:0003417	Coronal cleft vertebrae	1		
Coronal cleft of vertebral bodies	Coronal cleft vertebrae	HP:0003417	Coronal cleft vertebrae	1		
coronal clefts in the lower thoracic and lumbar spine	Coronal clefts of vertebrae	HP:0003417	Coronal cleft vertebrae	1	HP:0003417	next:OK
coronal clefts in the lumbar spine	Coronal cleft vertebrae	HP:0003417	Coronal cleft vertebrae	1		
Coronal clefts of the thoracolumbar vertebral bodies	Vertebral clefting	HP:0008428	Vertebral clefting	1		
Coronal clefts of vertebral bodies	Abnormal vertebral morphology	HP:0003468	Abnormal vertebral morphology	1		
Coronal clefts throughout the thoracic and lumbar spine	Coronal clefts of vertebrae	HP:0003417	Coronal cleft vertebrae	1	HP:0003417	next:OK
Coronal suture involvement	Coronal craniosynostosis	HP:0004440	Coronal craniosynostosis	1		
Corpus callosal thinning	Thin corpus callosum	HP:0033725	Thin corpus callosum	1		
Corpus callosum agenesis/hypogenesis	Hypoplasia of the corpus callosum	HP:0002079	Hypoplasia of the corpus callosum	1		
corpus callosum anomalies	Abnormal corpus callosum morphology	HP:0001273	Abnormal corpus callosum morphology	1		
corpus callosum anomalies	Corpus callosum agenesis	HP:0001274	Agenesis of corpus callosum	1		
corpus callosum anomalies	Corpus callosum hypoplasia	HP:0002079	Hypoplasia of the corpus callosum	1		
Corpus callosum aplasia	Agenesis of corpus callosum	HP:0001274	Agenesis of corpus callosum	1		
Corpus callosum dysplasia/hypoplasia	Hypoplasia of the corpus callosum	HP:0002079	Hypoplasia of the corpus callosum	1		
corpus callosum underdevelopment	Hypoplasia of the corpus callosum	HP:0002079	Hypoplasia of the corpus callosum	1		
cortical and/or subcortical atrophy	Cerebellar atrophy	HP:0001272	Cerebellar atrophy	1		
cortical and/or subcortical atrophy	Cerebral atrophy	HP:0002059	Cerebral atrophy	1		
cortical atrophy and calcification of the cerebral cortex overlying the cyst	Cerebral atrophy	HP:0002059	Cerebral atrophy	1		
cortical atrophy and calcification of the cerebral cortex overlying the cyst	Intracranial calcification	HP:0430048	Intracranial calcification	1		
cortical gyral abnormalities	Abnormal cortical gyration	HP:0002536	Abnormal cortical gyration	1		
cortical hypoplasia	Cortical dysplasia	HP:0002539	Cortical dysplasia	1		
cortical loss	Cortical atrophy	HP:0002120	Cerebral cortical atrophy	1		
Cortical malformations	Cortical dysplasia	HP:0002539	Cortical dysplasia	1		
Cortical osteoporosis	Osteoporosis	HP:0000939	Osteoporosis	1		
Cortical sclerosis and thickening of bone	Osteosclerosis	HP:0011001	Increased bone mineral density	1		
Cortical thickening and sclerosis of the tubular bones	Osteosclerosis	HP:0011001	Increased bone mineral density	1		
Cortical thickening of long and short tubular bones	Osteosclerosis	HP:0011001	Increased bone mineral density	1		
Cortical thumbs	Flexion contracture of finger	HP:0012785	Flexion contracture of finger	1		
Cortical wedge cataract	Cataract	HP:0000518	Cataract	1		
Cortical wedge cataracts	Cataract	HP:0000518	Cataract	1		
cortical, periventricular, subarachnoid heterotopia	Periventricular heterotopia	HP:0007165	Periventricular heterotopia	1		
Cortisol deficiency	Adrenal insufficiency	HP:0000846	Adrenal insufficiency	1		
cough and congestion	Nasal congestion	HP:0001742	Nasal congestion	1		
cough and congestion	Cough	HP:0012735	Cough	1		
Coxa plana and coxa magna	Coxa magna	HP:0003279	Coxa magna	1		
Coxa plana and coxa magna	Coxa plana	HP:0005743	Avascular necrosis of the capital femoral epiphysis	1		
cramping	Abdominal cramps	HP:0032155	Abdominal cramps	1		
Cranial deformities especially basilar impression	Basilar impression	HP:0005758	Basilar impression	1		
cranial involvement	Dystonia	HP:0001332	Dystonia	1		
Cranial MRI/CT abnormalities	Abnormality of brain morphology	HP:0012443	Abnormal brain morphology	1		
Cranial nerve deficits	Cranial nerve paralysis	HP:0006824	Cranial nerve paralysis	1		
cranial nerve impingement resulting in facial palsy	Facial palsy	HP:0010628	Facial palsy	1		
Cranial nerve signs	Cranial nerve paralysis	HP:0006824	Cranial nerve paralysis	1		
Cranial thickening	Thickened calvaria	HP:0002684	Thickened calvaria	1		
Cranial vault sclerosis	Sclerosis of the skull	HP:0004330	Increased skull ossification	1	HP:0004330	next:OK
Craniocervical dystonia	Dystonia	HP:0001332	Dystonia	1		
Craniocervical instability	Atlantoaxial instability	HP:0003467	Atlantoaxial instability	1		
craniocervical muscle involvement	Dystonia	HP:0001332	Dystonia	1		
craniocervical region involvement	Dystonia	HP:0001332	Dystonia	1		
craniofacial abnormalities	Abnormality of the head	HP:0000234	Abnormality of the head	1		
Craniofacial dysmorphisms	Dysmorphic facial feature	HP:0001999	Abnormal facial shape	1	PARENT:HP:0000271	next:PARENT
craniofacial features	Abnormality of the head	HP:0000234	Abnormality of the head	1		
Craniostenosis with a “beaten-​copper” appearance	Craniosynostosis	HP:0001363	Craniosynostosis	1		
Craniosynostosis involving the metopic suture leading to trigonocephaly	Trigonocephaly	HP:0000243	Trigonocephaly	1		
Cranium large for gestational age	Macrocephaly	HP:0000256	Macrocephaly	1		
Crenated ilia	Abnormal iliac wing morphology	HP:0011867	Abnormal iliac wing morphology	1		
Crescentic pattern	Crescentic glomerulonephritis	HP:0008653	Crescentic glomerulonephritis	1		
cribriform-morular variant of papillary thyroid cancer	Papillary thyroid carcinoma	HP:0002895	Papillary thyroid carcinoma	1		
crippling arthritis	Arthritis	HP:0001369	Arthritis	1		
Crooked index finger with radial deviation at the metacarpo-phalangeal joint	Radial deviation of finger	HP:0009466	Radial deviation of finger	1		
Crowded and displaced carpal bones	Abnormality of carpal bone ossification	HP:0006257	Abnormality of carpal bone ossification	1		
crowded and misaligned teeth	Crowded teeth	HP:0000678	Dental crowding	1		
Crowding of carpal bones	Carpal bone fusion	HP:0009702	Carpal synostosis	1		
Crowding of Teeth	Dental crowding	HP:0000678	Dental crowding	1		
Crumbling teeth	Dental caries	HP:0000670	Carious teeth	1		
crus I atrophy	Cerebellar atrophy	HP:0001272	Cerebellar atrophy	1		
Cryptorchidism and/or undescended testicle	Cryptorchidism	HP:0000028	Cryptorchidism	1		
Crystal deposition in the anterior chamber	Corneal crystals	HP:0000531	Corneal crystals	1		
Crystalline deposits in corneal limbus	Corneal crystals	HP:0000531	Corneal crystals	1		
CSF protein elevation	Elevated cerebrospinal fluid protein	HP:0002922	Increased CSF protein concentration	1		
Cubitus valgus and flexion deformity at the elbows	Cubitus valgus	HP:0002967	Cubitus valgus	1		
Cubitus valgus and flexion deformity at the elbows	Elbow flexion contracture	HP:0002987	Elbow flexion contracture	1		
Cup-shaped auricles	Cupped ears	HP:0000378	Cupped ear	1	HP:0000378	next:OK
Cupid-bow shape of upper lip	Cupid bow upper lip	HP:0002263	Exaggerated cupid's bow	1		
cupped spur-like irregular flaring of metaphyses	Metaphyseal spur	HP:0005054	Metaphyseal spurs	1		next:AUTRE Cupped metaphyses ?
Cupping of ears	Cupped ears	HP:0000378	Cupped ear	1	HP:0000378	next:OK
Curly or sparse, fine hair	Fine hair	HP:0002213	Fine hair	1		
Curly or sparse, fine hair	Sparse hair	HP:0008070	Sparse hair	1		
Curvature of tibia	Tibial bowing	HP:0002982	Tibial bowing	1		
Curved femora with rounded distal epiphyses	Abnormality of the femoral head	HP:0003368	Abnormal femoral head morphology	1		
curved parrot-like nose	Beaked nose	HP:0000444	Convex nasal ridge	1		
Cutaneous and visceral granulomatous inflammatory lesions	Cutaneous granuloma	HP:6000070	Cutaneous granuloma	1		
Cutaneous and/or mucosal bluish-purple VM	Venous malformation	HP:0012721	Venous malformation	1		
Cutaneous dimple at the apex of bowing	Skin dimple	HP:0010781	Skin dimple	1		
Cutaneous findings	Abnormality of the skin	HP:0000951	Abnormality of the skin	1		
cutaneous hypopigmentation	Hypopigmentation	HP:0001010	Hypopigmentation of the skin	1		
Cutaneous neoplasms	Neoplasm of the skin	HP:0008069	Neoplasm of the skin	1		
Cutaneous nevi	Nevus	HP:0003764	Nevus	1		
cutaneous syndactyly / interdigital webbing	Syndactyly	HP:0001159	Syndactyly	1		
Cutaneous syndactyly between fingers II, III, and IV	Syndactyly of fingers	HP:0006101	Finger syndactyly	1	PARENT:HP:0001159	next:PARENT
cutaneous syndactyly of the 2nd and 3rd toes	Syndactyly of toes	HP:0001770	Toe syndactyly	1		
Cutaneous syndactyly of the 4th and 5th fingers	Syndactyly of fingers	HP:0006101	Finger syndactyly	1	PARENT:HP:0001159	next:PARENT
Cutaneous ulcers	Skin ulcer	HP:0200042	Skin ulcer	1		
Cutis marmorata and perioral pale cyanosis	Cutis marmorata	HP:0000965	Cutis marmorata	1		
cutis marmorata of the extremities	Cutis marmorata	HP:0000965	Cutis marmorata	1		
Cutis marmorata telangiectasia congenital	Cutis marmorata telangiectatica congenita	HP:0025107	Cutis marmorata telangiectatica congenita	1		
Cuts and bruises	Bruising susceptibility	HP:0000978	Bruising susceptibility	1		
cyanosis during sleep	Cyanosis	HP:0000961	Cyanosis	1		
cyanotic breath holding	Cyanosis	HP:0000961	Cyanosis	1		
Cyst-like alterations of lungs	Pulmonary cyst	HP:0032445	Pulmonary cyst	1		
Cystic changes in periventricular white matter	Periventricular leukomalacia	HP:0006970	Periventricular leukomalacia	1		
Cystic degeneration of cerebral subcortical white matter	Abnormality of the cerebral white matter	HP:0002500	Abnormal cerebral white matter morphology	1		
Cystic degeneration of the macula	Abnormality of the macula	HP:0001103	Abnormal macular morphology	1		
Cystic dilatation of fourth ventricle with lack of midline fusion of cerebellum	Cerebellar vermis hypoplasia	HP:0001320	Cerebellar vermis hypoplasia	1		
Cystic dilatation of renal tubules	Renal cysts	HP:0000107	Renal cyst	1		next:AUTRE Dilated renal tubules ?
Cystic dilatation of the quadrigeminal cistern and mega cisterna magna	Mega cisterna magna	HP:0002280	Enlarged cisterna magna	1		
Cystic dysplasia	End stage renal disease	HP:0003774	Stage 5 chronic kidney disease	1		
cystic kidneys	Renal cyst	HP:0000107	Renal cyst	1		
Cystic ovarian disease	Polycystic ovaries	HP:0000147	Polycystic ovaries	1		
cystic renal disease	Renal cyst	HP:0000107	Renal cyst	1		
Cysts (kidney, thyroid, ovary, epididymis, arachnoid)	Renal cysts	HP:0000107	Renal cyst	1	HP:0000107	next:OK
Cysts (kidney, thyroid, ovary, epididymis, arachnoid)	Thyroid cysts	HP:6000853	Thyroid cyst	1	HP:6000853	next:OK
cysts in the arachnoid membrane	Arachnoid cysts	HP:0100702	Arachnoid cyst	1		
cysts in the pancreas	Pancreatic cysts	HP:0001737	Pancreatic cysts	1		
Dacryostenosis	Nasolacrimal duct obstruction	HP:0000579	Nasolacrimal duct obstruction	1		
dampening of nystagmus by convergence	Nystagmus	HP:0000639	Nystagmus	1		
Dandy-Walker anomaly of brain	Dandy-Walker malformation	HP:0001305	Dandy-Walker malformation	1		
Dandy-Walker complex	Dandy-Walker malformation	HP:0001305	Dandy-Walker malformation	1		
Dandy-Walker malformation/variant	Dandy-Walker malformation	HP:0001305	Dandy-Walker malformation	1		
Dandy-Walker variant	Dandy-Walker malformation	HP:0001305	Dandy-Walker malformation	1		
Dark blue sclerae	Blue sclerae	HP:0000592	Blue sclerae	1		
Dark cloverleaf pigmentation of the inner margin of the iris	Brushfield spots	HP:0001088	Brushfield spots	1		
Deceleration of growth	Growth delay	HP:0001510	Growth delay	1		
decrease in intellectual functioning	Intellectual disability	HP:0001249	Intellectual disability	1		
Decrease in muscle mass	Muscle atrophy	HP:0003202	Skeletal muscle atrophy	1		
Decrease in the size of the head of the caudate	Caudate nucleus abnormality	HP:0002339	Abnormal caudate nucleus morphology	1	PARENT:HP:0010994	next:PARENT
decrease of androgen-dependent hair growth	Hypotrichosis	HP:0008070	Sparse hair	1		
decreased appreciation of vibration	Impaired vibratory sensation	HP:0002495	Impaired vibratory sensation	1		
Decreased balance	Ataxia	HP:0001251	Ataxia	1		
decreased balance	Abnormality of balance	HP:0002141	Gait imbalance	1		
Decreased balance requiring a wide base of support, decreased dexterity, and tremor	Ataxia	HP:0001251	Ataxia	1		
Decreased birth length	Short stature	HP:0004322	Short stature	1		
Decreased bone mineralization	Osteopenia	HP:0000938	Osteopenia	1		
Decreased bone mineralization	Decreased bone mineral density	HP:0004349	Reduced bone mineral density	1		
decreased central visual acuity	Decreased visual acuity	HP:0007663	Reduced visual acuity	1		
Decreased dexterity	Impaired fine motor skills	HP:0007010	Poor fine motor coordination	1		
decreased facial movements	Decreased facial expression	HP:0004673	Decreased facial expression	1		
decreased forearm strength	Muscle weakness	HP:0001324	Muscle weakness	1		
decreased hand strength	Muscle weakness	HP:0001324	Muscle weakness	1		
decreased head growth	Microcephaly	HP:0000252	Microcephaly	1		
decreased heart rate beat-to-beat variability	Abnormal heart rate variability	HP:0031860	Abnormal heart rate variability	1		
decreased knee flexion strength	Muscle weakness	HP:0001324	Muscle weakness	1		
decreased motor and sensory nerve conduction velocities	Decreased nerve conduction velocity	HP:0000762	Decreased nerve conduction velocity	1		
Decreased motor tone and axial instability	Hypotonia	HP:0001252	Hypotonia	1		
Decreased motor tone and axial instability	Axial hypotonia	HP:0008936	Axial hypotonia	1		
Decreased muscle mass and bone growth	Muscle atrophy	HP:0003202	Skeletal muscle atrophy	1		
Decreased muscle strength	Muscle weakness	HP:0001324	Muscle weakness	1		
decreased ossification in sutural areas	Delayed closure of cranial sutures	HP:0000270	Delayed cranial suture closure	1	HP:0004331	next:AUTRE Delayed cranial suture closure ? | kimi:AUTRE Decreased skull ossification
decreased perspiration	Hypohidrosis	HP:0000966	Hypohidrosis	1		
Decreased pigmentation of the iris	Hypopigmentation of the iris	HP:0007730	Iris hypopigmentation	1	HP:0007730	next:OK
decreased position and vibration sense	Abnormality of proprioception	HP:0010831	Impaired proprioception	1		
decreased reabsorption of phosphate	Renal phosphate wasting	HP:0000117	Renal phosphate wasting	1		
Decreased sensation	Hypoesthesia	HP:0033748	Hypoesthesia	1		
decreased serum chloride	Hypochloremia	HP:0003113	Hypochloremia	1		
decreased serum cholesterol concentration	Hypocholesterolemia	HP:0003146	Hypocholesterolemia	1		
Decreased serum phosphate	Hypophosphatemia	HP:0002148	Hypophosphatemia	1		
decreased serum sodium	Hyponatremia	HP:0002902	Hyponatremia	1		
decreased shoulder abduction strength	Muscle weakness	HP:0001324	Muscle weakness	1		
Decreased size of the foramen magnum	Small foramen magnum	HP:0002677	Small foramen magnum	1		
decreased strength of hip extensors	Muscle weakness	HP:0001324	Muscle weakness	1		
Decreased taste and absence of fungiform papillae of the tongue	Hypogeusia	HP:0000224	Hypogeusia	1		
decreased testicular volume in males	Small testes	HP:0008734	Decreased testicular size	1		
Decreased vertical height of ilia	Abnormality of the ilium	HP:0002867	Abnormal ilium morphology	1		
decreased vision	Decreased visual acuity	HP:0007663	Reduced visual acuity	1		
Decreased vision during pregnancy	Decreased visual acuity	HP:0007663	Reduced visual acuity	1		
decreased wrist strength	Muscle weakness	HP:0001324	Muscle weakness	1		
decreased/abolished reflexes	Hyporeflexia	HP:0001265	Hyporeflexia	1		
Decreased/loss of position sense and/or vibration sense in the lower limbs	Impaired vibratory sensation	HP:0002495	Impaired vibratory sensation	1		
Decreased/loss of position sense and/or vibration sense in the lower limbs	Impaired proprioception	HP:0010831	Impaired proprioception	1		
decreasing caudate volumes	Caudate atrophy	HP:0002340	Caudate atrophy	1		
decreasing forced vital capacity	Decreased forced vital capacity	HP:0032341	Reduced forced vital capacity	1		
Decreasing visual attentiveness and unusual eye movements	Abnormal eye movements	HP:0000496	Abnormality of eye movement	1		
Deep abscesses in subcutaneous tissues	Subcutaneous abscess	HP:0020116	Subcutaneous abscess	1		
Deep abscesses in the liver	Liver abscess	HP:0100523	Liver abscess	1		
Deep abscesses in the lungs	Lung abscess	HP:0025044	Lung abscess	1		
Deep acromial dimples	Acromial dimples	HP:0010782	Shoulder dimple	1	HP:0010782	next:OK Shoulder dimple
Deep and widely set eyes	Hypertelorism	HP:0000316	Hypertelorism	1		
Deep creases in palms and soles	Deep plantar creases	HP:0001869	Deep plantar creases	1		
Deep creases in palms and soles	Deep palmar creases	HP:0006191	Deep palmar crease	1		
deep creases on palms	Deep palmar creases	HP:0006191	Deep palmar crease	1		
Deep groove running the length of a short columella	Short columella	HP:0002000	Short columella	1		
Deep groove under eyes	Deep nasolabial fold	HP:0005272	Prominent nasolabial fold	1		
Deep interphalangeal creases of the feet	Deep plantar creases	HP:0001869	Deep plantar creases	1		
deep palmar/plantar creases	Deep palmar crease	HP:0006191	Deep palmar crease	1		
Deep plantar and palmar creases	Deep plantar creases	HP:0001869	Deep plantar creases	1		
Deep plantar and palmar creases	Deep palmar creases	HP:0006191	Deep palmar crease	1		
Deep-set orbits	Deep-set eyes	HP:0000490	Deeply set eye	1		
Deep-vein thrombosis (DVT)	Deep vein thrombosis	HP:0002625	Deep venous thrombosis	1		
deep-​set eyes	Deep-set eyes	HP:0000490	Deeply set eye	1		
Deeply grooved tongue	Furrowed tongue	HP:0000221	Furrowed tongue	1		
defect in closure at the anterior portion of the neural groove	Craniorachischisis	HP:0030770	Craniorachischisis	1		
defect in closure of the neural groove	Neural tube defect	HP:0045005	Neural tube defect	1		
Defect of corpus callosum	Agenesis of the corpus callosum	HP:0001274	Agenesis of corpus callosum	1		
Defect of lower limb	Abnormality of the lower limb	HP:0002814	Abnormality of the lower limb	1		
Defect of middle ear	Abnormality of the middle ear	HP:0000370	Abnormality of the middle ear	1		
Defective dark adaptation	Night blindness	HP:0000662	Nyctalopia	1		
defective dentition	Abnormality of dental enamel	HP:0000682	Abnormal dental enamel morphology	1		
defective hearing	Hearing abnormality	HP:0000364	Hearing abnormality	1		
Defective hearing	Hearing impairment	HP:0000365	Hearing impairment	1		
Defective mineralization of the inner pelvic rim	Abnormality of the ilium	HP:0002867	Abnormal ilium morphology	1		
Defective ossification of the odontoid process	Odontoid hypoplasia	HP:0003311	Hypoplasia of the odontoid process	1		
Defective vision in bright light	Photophobia	HP:0000613	Photophobia	1		
Defects in Central Nervous System	Abnormality of the central nervous system	HP:0002011	Morphological central nervous system abnormality	1		
Defects in social behavior	Abnormal social behavior	HP:0012433	Abnormal social behavior	1		
Defects in sperm concentration	Oligospermia	HP:0000798	Oligozoospermia	1		
Defects in sperm morphology	Teratozoospermia	HP:0012864	Abnormal sperm morphology	1		
Defects in sperm motility	Asthenospermia	HP:0012207	Reduced sperm motility	1		
Defects in the cardiac conduction system	Abnormality of the cardiac conduction system	HP:0031546	Cardiac conduction abnormality	1	HP:0031546	next:OK Cardiac conduction abnormality
defects of clavicle	Abnormality of the clavicle	HP:0000889	Abnormal clavicle morphology	1		
defects of humerus	Abnormality of the humerus	HP:0031095	Abnormal humerus morphology	1		
defects of sternum	Abnormality of the sternum	HP:0000766	Abnormal sternum morphology	1		
defects of the spine	Abnormality of the spine	HP:0000925	Abnormality of the vertebral column	1		
defects of the ulna	Ulna aplasia	HP:0003982	Aplasia of the ulna	1	PARENT:HP:0003953	next:AUTRE Abnormality of the ulna ? | kimi:PARENT
defects of the upper limbs	Abnormality of the upper limb	HP:0002817	Abnormality of the upper limb	1		
Defects of vertebrae	Abnormality of the vertebral column	HP:0000925	Abnormality of the vertebral column	1		
Deficiency of bone and soft tissue of thumb and index finger	Hypoplasia of the thumb	HP:0009778	Short thumb	1	HP:0009778	next:AUTRE Hypoplasia of the thumb
Deficiency of eyelashes and eyebrows	Hypotrichosis	HP:0008070	Sparse hair	1		
deficiency of fat-soluble vitamins	Vitamin A deficiency	HP:0004905	Reduced circulating vitamin A concentration	1		
deficiency of fat-soluble vitamins	Vitamin D deficiency	HP:0100512	Decreased circulating vitamin D concentration	1		
Deficiency of long bones	Short limb	HP:0009826	Limb undergrowth	1		
Deficiency of pubic and axillary hair	Hypotrichosis	HP:0008070	Sparse hair	1		
Deficient cellular immunity	Defective cellular immunity	HP:0002843	Abnormal T cell morphology	1		
Deficient lacrimation	Decreased lacrimation	HP:0000633	Decreased lacrimation	1		
Deficient ossification of the calvarium	Delayed closure of fontanels	HP:0000270	Delayed cranial suture closure	1		
Deficient ossification of the calvarium	Hypoplasia of the frontal bone	HP:0005466	Hypoplasia of the frontal bone	1		
Deficient ossification of the lateral part of the distal tibial epiphyses	Delayed tibial epiphyseal ossification	HP:6000867	Delayed tibial epiphyseal ossification	1		
Deficient ossification of the lateral part of the proximal tibial epiphyses	Delayed tibial epiphyseal ossification	HP:6000867	Delayed tibial epiphyseal ossification	1		
Deficit in midline frontal bone	Frontal bossing	HP:0002007	Frontal bossing	1		
Deficits in naming	Anomia	HP:0030784	Anomic aphasia	1		
Deformation neuropathies	Entrapment neuropathy	HP:0012181	Entrapment neuropathy	1		
Deformed femoral heads	Abnormal femoral head morphology	HP:0003368	Abnormal femoral head morphology	1		
Deformed legs	Bowing of the legs	HP:0002979	Bowing of the legs	1		
deformed long bones	Abnormality of long bone morphology	HP:0011314	Abnormal long bone morphology	1		
Deformed skull with biparietal prominence	Biparietal bossing	HP:0000242	Parietal bossing	1		
Deformed sternum	Abnormality of the sternum	HP:0000766	Abnormal sternum morphology	1		
Deforming arthritis	Arthritis	HP:0001369	Arthritis	1		
Deformities of the carpal and thenar bones	Carpal bone abnormality	HP:0001191	Abnormal carpal morphology	1	HP:0001191	next:AUTRE Abnormality of the carpal bones
Deformities of the ear and/or nose	Ear anomaly	HP:0000598	Abnormality of the ear	1		
Deformities of the feet	Foot deformity	HP:0001760	Abnormal foot morphology	1		
Deformities of the interphalangeal, metacarpo-phalangeal, and metatarso-phalangeal joints	Abnormal metacarpophalangeal joint morphology	HP:0011911	Abnormal metacarpophalangeal joint morphology	1		
Deformities of the spine	Spinal deformity	HP:0008443	Neuropathic spinal arthropathy	1	HP:0000925	next:AUTRE Abnormality of the vertebral column
Deformity of the clavicle	Abnormal clavicle morphology	HP:0000889	Abnormal clavicle morphology	1		
Deformity of the ossicles	Abnormality of the middle ear ossicles	HP:0004452	Abnormality of the middle ear ossicles	1		
Deformity of the proximal femoral epiphyses	Abnormality of the femoral epiphysis	HP:0006499	Abnormal femoral epiphysis morphology	1	HP:0006499	next:OK Abnormal femoral epiphysis morphology
Degenerative joint changes	Osteoarthritis	HP:0002758	Osteoarthritis	1		
degenerative retinal changes	Retinal dystrophy	HP:0000556	Retinal dystrophy	1		
delay in early developmental milestones	Delayed milestone development	HP:0012434	Delayed early-childhood social milestone development	1		
Delay in motor milestones	Delayed motor development	HP:0001270	Motor delay	1		
Delay in myelination	Delayed myelination	HP:0012448	Delayed myelination	1		
delay in onset of independent ambulation	Delayed walking	HP:0031936	Delayed ability to walk	1		
delay in reaching early gross motor and speech-language milestones (walking and talking)	Delayed speech and language development	HP:0000750	Delayed speech and language development	1		
delay in reaching early gross motor and speech-language milestones (walking and talking)	Delayed gross motor development	HP:0002194	Delayed gross motor development	1		
delay in speech development	Delayed speech development	HP:0000750	Delayed speech and language development	1		
Delay in walking	Delayed walking	HP:0031936	Delayed ability to walk	1		
Delay of fine motor skills	Delayed fine motor development	HP:0010862	Delayed fine motor development	1		
Delay of gross motor skills	Delayed gross motor development	HP:0002194	Delayed gross motor development	1		
Delay of social development	Delayed social development	HP:0012434	Delayed early-childhood social milestone development	1		
Delay of speech acquisition	Delayed speech development	HP:0000750	Delayed speech and language development	1		
delayed acquisition of motor milestones	Delayed motor development	HP:0001270	Motor delay	1		
delayed ambulation	Delayed walking	HP:0031936	Delayed ability to walk	1		
Delayed appearance of the carpal and tarsal ossification centers	Delayed carpal ossification	HP:0001216	Delayed ossification of carpal bones	1		
Delayed appearance of the carpal and tarsal ossification centers	Delayed skeletal maturation	HP:0002750	Delayed skeletal maturation	1		
Delayed appearance of the carpal and tarsal ossification centers	Delayed tarsal ossification	HP:0008103	Delayed tarsal ossification	1		
Delayed attainment of developmental milestones	Delayed psychomotor development	HP:0001263	Global developmental delay	1		
Delayed bleeding following injury, trauma, or surgery	Prolonged bleeding time	HP:0003010	Prolonged bleeding time	1		
delayed calvarial ossification	Delayed closure of cranial sutures	HP:0000270	Delayed cranial suture closure	1		next:AUTRE Delayed ossification of the skull ?
Delayed closure of cranial sutures and fontanels	Delayed closure of fontanels	HP:0000270	Delayed cranial suture closure	1		
delayed coalescence of the two calcaneal ossification centers	Delayed calcaneal ossification	HP:0008142	Delayed calcaneal ossification	1		
Delayed dental maturation and eruption	Delayed dental eruption	HP:0000684	Delayed eruption of teeth	1		
Delayed development / intellectual disability	Intellectual disability	HP:0001249	Intellectual disability	1		
Delayed epiphyseal mineralization	Delayed epiphyseal ossification	HP:0002663	Delayed epiphyseal ossification	1		
delayed expressive language	Delayed speech development	HP:0000750	Delayed speech and language development	1		
Delayed fusion of the cranial sutures	Delayed closure of cranial sutures	HP:0000270	Delayed cranial suture closure	1	HP:0000270	next:OK Delayed cranial suture closure
delayed gross and fine motor skills	Delayed motor development	HP:0001270	Motor delay	1		
delayed motor and cognitive milestones	Global developmental delay	HP:0001263	Global developmental delay	1		
Delayed motor and speech development	Delayed speech development	HP:0000750	Delayed speech and language development	1		
Delayed motor and speech development	Delayed motor development	HP:0001270	Motor delay	1		
Delayed motor, speech, and social skills	Delayed speech and language development	HP:0000750	Delayed speech and language development	1		
Delayed motor, speech, and social skills	Delayed motor development	HP:0001270	Motor delay	1		
Delayed myelination and white matter changes	Delayed myelination	HP:0012448	Delayed myelination	1		
delayed myelination for age	Delayed myelination	HP:0012448	Delayed myelination	1		
delayed myelination on MRI	Delayed myelination	HP:0012448	Delayed myelination	1		
Delayed nerve conduction velocity at the site of compression	Decreased nerve conduction velocity	HP:0000762	Decreased nerve conduction velocity	1		
Delayed onset of puberty	Delayed puberty	HP:0000823	Delayed puberty	1		
delayed ossification of distal femora and proximal tibiae	Delayed bone age	HP:0002750	Delayed skeletal maturation	1		
Delayed ossification of epiphyses	Delayed epiphyseal ossification	HP:0002663	Delayed epiphyseal ossification	1		
Delayed Ossification of Fontanels	Delayed closure of fontanelles	HP:0000270	Delayed cranial suture closure	1		
Delayed ossification of the epiphyses	Delayed epiphyseal ossification	HP:0002663	Delayed epiphyseal ossification	1		
Delayed ossification of the epiphyses, pubic, and ischial bones	Delayed epiphyseal ossification	HP:0002663	Delayed epiphyseal ossification	1		
delayed ossification of the sutures	Delayed closure of cranial sutures	HP:0000270	Delayed cranial suture closure	1	HP:0000270	next:OK Delayed cranial suture closure
Delayed ossification of the trapezoid	Delayed bone age	HP:0002750	Delayed skeletal maturation	1		
Delayed ossification of vertebrae	Delayed vertebral ossification	HP:0031096	Delayed vertebral ossification	1		
Delayed phalangeal epiphyses	Delayed skeletal maturation	HP:0002750	Delayed skeletal maturation	1		
Delayed puberty and skeletal maturation	Delayed puberty	HP:0000823	Delayed puberty	1		
Delayed puberty and skeletal maturation	Delayed skeletal maturation	HP:0002750	Delayed skeletal maturation	1		
delayed receptive communication	Delayed language development	HP:0000750	Delayed speech and language development	1		
Delayed secondary sexual characteristics	Delayed puberty	HP:0000823	Delayed puberty	1		
Delayed sitting	Delayed motor development	HP:0001270	Motor delay	1		
Delayed skeletal maturation, deformed or absent carpal bones	Delayed skeletal maturation	HP:0002750	Delayed skeletal maturation	1		
Delayed sleep initiation	Delayed sleep onset	HP:0031874	Late chronotype	1		
Delayed sutural closure	Delayed closure of cranial sutures	HP:0000270	Delayed cranial suture closure	1	HP:0000270	next:OK Delayed cranial suture closure
Delays in early motor and language milestones	Speech delay	HP:0000750	Delayed speech and language development	1		
Delays in early motor and language milestones	Motor delay	HP:0001270	Motor delay	1		
delays in early motor development	Motor delay	HP:0001270	Motor delay	1		
delays in myelination	Delayed myelination	HP:0012448	Delayed myelination	1		
delays in speech and motor development	Developmental delay	HP:0001263	Global developmental delay	1		
delays in speech and motor development	Motor delay	HP:0001270	Motor delay	1		
delays in walking and speech	Delayed speech development	HP:0000750	Delayed speech and language development	1		
delays in walking and speech	Delayed walking	HP:0031936	Delayed ability to walk	1		
Delta proximal phalanx of the great toe	Triphalangeal thumb	HP:0001199	Triphalangeal thumb	1		
Delta proximal phalanx of the thumb	Triphalangeal thumb	HP:0001199	Triphalangeal thumb	1		
Dense congenital cataracts	Congenital cataract	HP:0000519	Developmental cataract	1		
Dense skull base	Sclerosis of the skull base	HP:0002694	Sclerosis of skull base	1		
Densely ossified femoral necks	Abnormality of the femoral neck	HP:0003367	Abnormal femoral neck morphology	1		
dental abscesses	Dental abscess	HP:0030757	Tooth abscess	1		
Dental and oral anomalies	Abnormality of the oral cavity	HP:0000163	Abnormal oral cavity morphology	1		
dental and oral manifestations	Abnormality of the oral cavity	HP:0000163	Abnormal oral cavity morphology	1		
Dental anomalies including missing permanent teeth and retained deciduous teeth	Dental anomalies	HP:0000164	Abnormality of the dentition	1		
Dental anomalies including missing permanent teeth and retained deciduous teeth	Hypodontia	HP:0000668	Hypodontia	1		
Dental anomalies, including dental crowding and delayed or failed tooth eruption	Dental crowding	HP:0000678	Dental crowding	1		
Dental anomalies, including dental crowding and delayed or failed tooth eruption	Delayed tooth eruption	HP:0000684	Delayed eruption of teeth	1		
Dental crowding and high or narrow palate	High palate	HP:0000218	High palate	1		
Dental crowding and high or narrow palate	Dental crowding	HP:0000678	Dental crowding	1		
Dental defects	Abnormality of dental morphology	HP:0006482	Abnormal dental morphology	1		
dental enamel discoloration	Dental enamel hypoplasia	HP:0006297	Enamel hypoplasia	1		
dental enamel dysplasia with pitting	Dental enamel hypoplasia	HP:0006297	Enamel hypoplasia	1		
Dental irregularities	Abnormality of dental enamel	HP:0000682	Abnormal dental enamel morphology	1		
Dental irregularities	Malocclusion	HP:0000689	Dental malocclusion	1		
Dental malalignment	Malaligned teeth	HP:0000692	Tooth malposition	1		
Dental malocclusion and crowding	Dental crowding	HP:0000678	Dental crowding	1		
Dental malocclusion and crowding	Malocclusion	HP:0000689	Dental malocclusion	1		
depressed	Depression	HP:0000716	Depression	1		
depressed deep tendon reflexes	Hyporeflexia	HP:0001265	Hyporeflexia	1		
Depressed midface	Midface hypoplasia	HP:0011800	Midface retrusion	1		
Dermal erosions	Skin erosion	HP:0200041	Skin erosion	1		
destructive behaviors	Self-injurious behavior	HP:0100716	Self-injurious behavior	1		
Destructive changes in the elbows, knees, and other large joints	Arthropathy	HP:0003040	Arthropathy	1		
Deterioration of CNS function	Cognitive impairment	HP:0100543	Cognitive impairment	1		
Deterioration of gait	Abnormal gait	HP:0001288	Gait disturbance	1		
deterioration of kidney function	Renal insufficiency	HP:0000083	Renal insufficiency	1		
deterioration of motor skills	Developmental regression	HP:0002376	Developmental regression	1		
development of upgaze palsy	Supranuclear gaze palsy	HP:0000605	Supranuclear gaze palsy	1		
developmental coxa vara	Coxa vara	HP:0002812	Coxa vara	1		
Developmental delay / cognitive disability	Intellectual disability	HP:0001249	Intellectual disability	1		
Developmental delay / cognitive disability	Developmental delay	HP:0001263	Global developmental delay	1		
Developmental delay / intellectual disability with regression	Intellectual disability	HP:0001249	Intellectual disability	1		
Developmental delay / intellectual disability with regression	Developmental delay	HP:0001263	Global developmental delay	1		
Developmental delay / mild-to-severe intellectual disability	Intellectual disability	HP:0001249	Intellectual disability	1		
Developmental delay and cognitive impairment	Intellectual disability	HP:0001249	Intellectual disability	1		
Developmental delay and cognitive impairment	Global developmental delay	HP:0001263	Global developmental delay	1		
Developmental delay and intellectual disability	Developmental delay	HP:0001263	Global developmental delay	1		
developmental delay followed by motor and cognitive regression	Developmental delay	HP:0001263	Global developmental delay	1		
developmental delays in cognition	Intellectual disability	HP:0001249	Intellectual disability	1		
developmental delays in gait	Gait abnormality	HP:0001288	Gait disturbance	1	HP:0031936	next:AUTRE Delayed ability to walk
developmental delays in language	Speech delay	HP:0000750	Delayed speech and language development	1		
developmental delays in motor skills	Motor delay	HP:0001270	Motor delay	1		
developmental delays in speech	Speech delay	HP:0000750	Delayed speech and language development	1		
developmental impairment	Developmental delay	HP:0001263	Global developmental delay	1		
Deviation and deformation of digits	Clinodactyly	HP:0030084	Clinodactyly	1		
Deviation of nasal septum	Deviated nasal septum	HP:0004411	Deviated nasal septum	1		
Deviation of terminal phalanges	Hyperostosis of skull	HP:0004330	Increased skull ossification	1		
deviation of the nasal root	Depressed nasal bridge	HP:0005280	Depressed nasal bridge	1		
dextroposition of the heart	Dextrocardia	HP:0001651	Dextrocardia	1		
diabetes / impaired glucose tolerance	Diabetes mellitus	HP:0000819	Diabetes mellitus	1		
diabetes / impaired glucose tolerance	Impaired glucose tolerance	HP:0040270	Impaired glucose tolerance	1		
Diaphragm paralysis	Diaphragmatic paralysis	HP:0006597	Diaphragmatic paralysis	1		
Diaphragm weakness	Diaphragmatic paralysis	HP:0006597	Diaphragmatic paralysis	1		
diaphragmatic failure	Diaphragmatic paralysis	HP:0006597	Diaphragmatic paralysis	1		
Diaphragmatic hernia, eventration, or both	Congenital diaphragmatic hernia	HP:0000776	Congenital diaphragmatic hernia	1		
Diaphragmatic hernia, eventration, or both	Diaphragmatic eventration	HP:0009110	Diaphragmatic eventration	1		
Diaphyseal broadening of short misshapen bones	Short stature	HP:0004322	Short stature	1		
Diaphyseal cortical thickening and sclerosis	Osteosclerosis	HP:0011001	Increased bone mineral density	1		
Diaphyses of leg bones bowed anteriorly	Coxa valga	HP:0002673	Coxa valga	1		
Diaphyses of leg bones bowed anteriorly	Coxa vara	HP:0002812	Coxa vara	1		
Diaphysitis	Diaphyseal dysplasia	HP:0100252	Diaphyseal dysplasia	1		
Diastases of the radioulnar joint	Radioulnar synostosis	HP:0002974	Radioulnar synostosis	1		
Diastasis of the medial recti	Divergent strabismus	HP:0020049	Exodeviation	1		
difficulties in head control	Hypotonia	HP:0001252	Hypotonia	1		
difficulties in language processing	Language delay	HP:0000750	Delayed speech and language development	1		
difficulties with attention	Attention deficit hyperactivity disorder	HP:0007018	Attention deficit hyperactivity disorder	1		
difficulties with suck and swallow	Swallowing difficulty	HP:0002015	Dysphagia	1		
difficulties with suck and swallow	Feeding difficulties	HP:0011968	Feeding difficulties	1		
difficulty conceiving	Infertility	HP:0000789	Infertility	1		
Difficulty gaining weight	Failure to thrive	HP:0001508	Failure to thrive	1		
Difficulty holding head up	Hypotonia	HP:0001252	Hypotonia	1		
difficulty in comprehension of written material	Dyslexia	HP:0010522	Dyslexia	1		
Difficulty in lifting weights	Muscle weakness	HP:0001324	Muscle weakness	1		
difficulty in managing oral secretions	Dysphagia	HP:0002015	Dysphagia	1		
difficulty in reading	Dyslexia	HP:0010522	Dyslexia	1		
Difficulty lying flat to sleep	Orthopnea	HP:0012764	Orthopnea	1		
difficulty moving from sitting to standing	Abnormality of gait	HP:0001288	Gait disturbance	1		next:AUTRE Difficulty rising from a squatting position ?
Difficulty opening mouth	Limited mouth opening	HP:0000211	Trismus	1		
Difficulty opening mouth widely	Limited mouth opening	HP:0000211	Trismus	1		
Difficulty with balance when standing	Ataxia	HP:0001251	Ataxia	1		
Difficulty with language	Language impairment	HP:0002463	Language impairment	1		
Difficulty with sucking/swallowing	Dysphagia	HP:0002015	Dysphagia	1		
diffuse and spontaneous relapsing petechial purpura	Petechiae	HP:0000967	Petechiae	1		
Diffuse atrophy	Cerebral atrophy	HP:0002059	Cerebral atrophy	1		
Diffuse atrophy involving the cerebrum	Cerebral atrophy	HP:0002059	Cerebral atrophy	1		
diffuse bilateral symmetric signal abnormality in cerebral white matter	Leukoencephalopathy	HP:0002352	Leukoencephalopathy	1		
Diffuse bilateral symmetric signal abnormality in the deep cerebral and cerebellar white matter	Leukoencephalopathy	HP:0002352	Leukoencephalopathy	1		
Diffuse cerebral volume loss	Cerebral atrophy	HP:0002059	Cerebral atrophy	1		
diffuse conjugate saccadic gaze paresis	Abnormality of eye movements	HP:0000496	Abnormality of eye movement	1	HP:0000605	next:AUTRE Supranuclear gaze palsy
Diffuse epileptiform abnormalities on EEG	Abnormal EEG	HP:0002353	EEG abnormality	1		
diffuse periventricular leukoencephalopathy	Leukoencephalopathy	HP:0002352	Leukoencephalopathy	1		
diffuse periventricular leukoencephalopathy	Periventricular leukomalacia	HP:0006970	Periventricular leukomalacia	1		
Diffuse sclerosis	Osteosclerosis	HP:0011001	Increased bone mineral density	1		
diffuse white matter disease	Leukoencephalopathy	HP:0002352	Leukoencephalopathy	1		
Diffuse yellow-orange nonepidermolytic hyperkeratosis on the palms and soles	Hyperkeratosis of palms and soles	HP:0000972	Palmoplantar hyperkeratosis	1		
diffusely osteosclerotic spine	Osteosclerosis	HP:0011001	Increased bone mineral density	1		
digit anomalies	Abnormality of the hand	HP:0001155	Abnormality of the hand	1		
digit anomalies	Abnormality of the foot	HP:0001760	Abnormal foot morphology	1		
Digital abnormalities in 95%	Abnormality of the hand	HP:0001155	Abnormality of the hand	1		
Digital whorl dermal ridge patterning	Abnormal dermatoglyphics	HP:0007477	Abnormal dermatoglyphics	1		
Dilatation of basilar vertebral arteries	Vertebrobasilar dolichoectasia	HP:0020038	Vertebrobasilar dolichoectasia	1		
dilatation of the ureters	Ureteral dilatation	HP:0000072	Hydroureter	1		
Dilatation of the ventricular system	Ventriculomegaly	HP:0002119	Ventriculomegaly	1		
dilatation of the vestibular aqueduct	Dilated vestibular aqueduct	HP:0011387	Enlarged vestibular aqueduct	1		
dilated aortic root	Aortic root aneurysm	HP:0002616	Aortic root aneurysm	1		
Dilated bladder	Megacystis	HP:0000021	Megacystis	1		
Dilated cardiomyopathy in infancy	Dilated cardiomyopathy	HP:0001644	Dilated cardiomyopathy	1		
Dilated left ventricle	Dilated cardiomyopathy	HP:0001644	Dilated cardiomyopathy	1		
Dilated renal pelvis (hydronephrosis)	Hydronephrosis	HP:0000126	Hydronephrosis	1		
Dilated right ventricle	Dilated cardiomyopathy	HP:0001644	Dilated cardiomyopathy	1		
Dilated scalp veins	Prominent scalp veins	HP:0001043	Prominent scalp veins	1		
Dilated upper urinary tracts	Hydroureter	HP:0000072	Hydroureter	1		
Dilated upper urinary tracts	Hydronephrosis	HP:0000126	Hydronephrosis	1		
Dilated, tortuous superficial veins	Telangiectasia	HP:0001009	Telangiectasia	1		
Diminished bowel sounds	Decreased bowel sounds	HP:0030144	Hypoactive bowel sounds	1		
diminished circulating memory T and B cells	Abnormal T cell count	HP:0011839	Abnormal total T cell count	1		
Diminished joint mobility at elbows	Limited elbow extension	HP:0001377	Limited elbow extension	1		
Diminished joint mobility at elbows	Limited elbow flexion	HP:0006376	Limited elbow flexion	1		
Diminished joint mobility at hips	Limited hip extension	HP:0003093	Limited hip extension	1		
Diminished joint mobility at knees	Limited knee extension	HP:0003066	Limited knee extension	1		
Diminished joint mobility at knees	Limited knee flexion	HP:0006389	Limited knee flexion	1		
Diminished muscle bulk	Muscle atrophy	HP:0003202	Skeletal muscle atrophy	1		
Diminished need for sleep	Decreased need for sleep	HP:5200276	Decreased need for sleep	1		
diminished pupillary light response	Abnormal pupillary light reflex	HP:0007695	Abnormal pupillary light reflex	1		
Diminished pupillary reflexes to light	Abnormal pupillary light reflex	HP:0007695	Abnormal pupillary light reflex	1		
Diminished reflexes	Hyporeflexia	HP:0001265	Hyporeflexia	1		
Diminished scalp hair	Hypotrichosis	HP:0008070	Sparse hair	1		
Diminished subcutaneous body fat	Decreased subcutaneous fat	HP:0003758	Reduced subcutaneous adipose tissue	1		
Diminished sweat glands	Hypohidrosis	HP:0000966	Hypohidrosis	1		
Diminished to absent parotid secretion	Xerostomia	HP:0000217	Xerostomia	1		
Diminished/absent axillary hair and perspiration	Hypohidrosis	HP:0000966	Hypohidrosis	1		
Diminished/absent axillary hair and perspiration	Sparse axillary hair	HP:0002215	Sparse axillary hair	1		
Diminutive extrahepatic ducts	Biliary tract abnormality	HP:0001080	Biliary tract abnormality	1		
Dimples	Skin dimple	HP:0010781	Skin dimple	1		
Disappeared vibration sense	Impaired vibratory sensation	HP:0002495	Impaired vibratory sensation	1		
discrete internal nerve sheath tumors	Schwannoma	HP:0100008	Schwannoma	1		
Discrete rhizomelic micromelia	Rhizomelia	HP:0008905	Rhizomelia	1		
Disfigurement	Congenital heart defect	HP:0001627	Abnormal heart morphology	1		
Dislocated elbows with proximal radio-​ulnar seperation	Elbow dislocation	HP:0003042	Elbow dislocation	1		
Dislocated hips and knees	Hip dislocation	HP:0002827	Hip dislocation	1		
Dislocated hips and knees	Knee dislocation	HP:0004976	Knee dislocation	1		
dislocated knee	Knee dislocation	HP:0004976	Knee dislocation	1		
dislocated patella	Patellar dislocation	HP:0002999	Patellar dislocation	1		
Dislocated patella and hips	Hip dislocation	HP:0002827	Hip dislocation	1		
Dislocated patella and hips	Patellar dislocation	HP:0002999	Patellar dislocation	1		
Dislocation of head of radius	Dislocation of the radial head	HP:0003083	Dislocated radial head	1		
Dislocations and deformities at any joint	Joint dislocation	HP:0001373	Joint dislocation	1		
dislocations of elbows, hips, knees, and wrists	Hip dislocation	HP:0002827	Hip dislocation	1		
dislocations of elbows, hips, knees, and wrists	Elbow dislocation	HP:0003042	Elbow dislocation	1		
dislocations of the hip, knee, elbow joints, and wrists	Joint dislocation	HP:0001373	Joint dislocation	1		
Dislocations/subluxation	Joint subluxation	HP:0032153	Joint subluxation	1		
Disordered sleep	Abnormal sleep architecture	HP:5200298	Abnormal sleep architecture	1		
disorganization of phalanges with distal fusions	Abnormality of the phalanges of the hand	HP:0005918	Abnormal finger phalanx morphology	1		
Dispersion and clusters of pigment	Pigmentary retinopathy	HP:0000580	Pigmentary retinopathy	1		
Displacement of the pupil	Ectopia pupillae	HP:0009918	Ectopia pupillae	1		
Displacement or absence of deciduous and permanent teeth	Hypodontia	HP:0000668	Hypodontia	1		
Disproportion between normal width and reduced length	Short tubular bones	HP:0003026	Short long bone	1		
Disproportionate arm span	Abnormality of the upper limb	HP:0002817	Abnormality of the upper limb	1		
Disproportionate dwarfism with short spine, short neck, barrel chest, pectus carinatum, genu valgum	Short stature	HP:0004322	Short stature	1		
Disproportionate short-limbed short stature	Short stature	HP:0004322	Short stature	1		
Disproportionate shortening of arms and legs	Short limbs	HP:0009826	Limb undergrowth	1		
Disproportionate shortness of the humerus	Short humerus	HP:0005792	Short humerus	1		
Disproportionate shortness of the ulna	Short ulna	HP:0003022	Hypoplasia of the ulna	1		
Disproportionate shortness of the ulna with bowing of the radius	Hypoplasia of the ulna	HP:0003022	Hypoplasia of the ulna	1		
Disproportionate, irregularly short extremities	Disproportionate short stature	HP:0003498	Disproportionate short stature	1		
Disproportionately broad bones of the hallux	Broad hallux	HP:0010055	Broad hallux	1		
disproportionately broad hallux	Broad hallux	HP:0010055	Broad hallux	1		
disproportionately long middle and proximal phalanges	Long phalanx of finger	HP:0006155	Long phalanx of finger	1		
Disproportionately long trunk	Truncal obesity	HP:0001956	Truncal obesity	1		
Disproportionately short hands and feet	Short feet	HP:0001773	Short foot	1		
Disproportionately short limbs at birth	Short limbs	HP:0009826	Limb undergrowth	1		
Disproportionately short oval-shaped tibiae	Short tibia	HP:0005736	Short tibia	1		
Disproportionately short, distally tapered femur	Short femur	HP:0003097	Short femur	1		
Disproportionately short, distally tapered humerus	Short humerus	HP:0005792	Short humerus	1		
Disproportionately short, oval-shaped tibiae	Short tibia	HP:0005736	Short tibia	1		
Disruption of meta-diaphyses into small islands of ossification	Metaphyseal dysplasia	HP:0100255	Metaphyseal dysplasia	1		
Disruption of the frontonasal processes	Cleft lip	HP:0410030	Cleft lip	1		
disruptive sleep patterns	Sleep disturbance	HP:0002360	Sleep disturbance	1		
Dissolution of the cortical architecture	Abnormality of cortical bone	HP:0003103	Abnormal cortical bone morphology	1		
Distal brachydactyly	Brachydactyly	HP:0001156	Brachydactyly	1		
Distal duplication/clefts of thumbs	Cleft hand	HP:0100257	Ectrodactyly	1		
distal edema	Edema	HP:0000969	Edema	1		
Distal elongation of phalanges	Long finger	HP:0100807	Long fingers	1	HP:0012299	next:AUTRE Long distal phalanx of the finger
distal fibular and dorsal calcaneal prominence	Prominent calcaneus	HP:0012428	Prominent calcaneus	1		
Distal hypertonia	Hypertonia	HP:0001276	Hypertonia	1		
distal hypertonicity	Hypertonia	HP:0001276	Hypertonia	1		
distal joint contractures	Joint contracture	HP:0034392	Joint contracture	1		
distal joint hyperlaxity	Joint hypermobility	HP:0001382	Joint hypermobility	1		
Distal leg muscle atrophy	Distal lower limb muscle atrophy	HP:0008944	Distal lower limb amyotrophy	1	HP:0008944	next:OK Distal lower limb amyotrophy
Distal limb myoclonus	Myoclonus	HP:0001336	Myoclonus	1		
Distal lower limb atrophy	Distal lower limb muscle atrophy	HP:0008944	Distal lower limb amyotrophy	1	HP:0008944	next:OK Distal lower limb amyotrophy
distal muscle weakness and atrophy	Distal muscle weakness	HP:0002460	Distal muscle weakness	1		
distal muscle weakness and atrophy	Muscle atrophy	HP:0003202	Skeletal muscle atrophy	1		
Distal muscle weakness and wasting	Distal muscle weakness	HP:0002460	Distal muscle weakness	1		
Distal muscle weakness and wasting	Muscle atrophy	HP:0003202	Skeletal muscle atrophy	1		
distal muscle weakness and wasting of the lower limbs	Muscle weakness	HP:0001324	Muscle weakness	1		
distal muscle weakness and wasting of the upper limbs	Muscle weakness	HP:0001324	Muscle weakness	1		
Distal radioulnar separation	Radioulnar synostosis	HP:0002974	Radioulnar synostosis	1		
Distal sensory neuropathy	Distal sensory loss	HP:0002936	Distal sensory impairment	1		
Distal syndactyly	Syndactyly	HP:0001159	Syndactyly	1		
Distal tapering of digits	Tapering finger	HP:0001182	Tapered finger	1	HP:0001182	next:OK Tapered finger
Distal tapering of fingers	Tapered fingers	HP:0001182	Tapered finger	1	HP:0001182	next:OK Tapered finger
Distal tapering of phalanges	Tapering finger	HP:0001182	Tapered finger	1	HP:0001182	next:OK Tapered finger
distal upper limbs weakness	Distal upper limb muscle weakness	HP:0008959	Distal upper limb muscle weakness	1		
Distal wasting	Distal muscle weakness	HP:0002460	Distal muscle weakness	1		
distal wasting	Muscle atrophy	HP:0003202	Skeletal muscle atrophy	1		
distal wasting	Distal muscle atrophy	HP:0003693	Distal amyotrophy	1		
distal weakness greater than proximal	Distal muscle weakness	HP:0002460	Distal muscle weakness	1		
Distally tapered fingers	Tapered finger	HP:0001182	Tapered finger	1		
Distalward progressive shortness of metacarpals and phalanges	Short metacarpals	HP:0010049	Short metacarpal	1		
distention	Abdominal distension	HP:0003270	Abdominal distention	1		
Distention of liver cells by glycogen and fat	Hepatomegaly	HP:0002240	Hepatomegaly	1		
Distinct cupid-bow shape	Cupid bow upper lip	HP:0002263	Exaggerated cupid's bow	1		
Distinct hypoplasia of distal ulna	Hypoplasia of the ulna	HP:0003022	Hypoplasia of the ulna	1		
distinctive facial appearance	Dysmorphic facial feature	HP:0001999	Abnormal facial shape	1	HP:0001999	next:OK
distinctive facial features	Atrophic scar	HP:0001075	Atrophic scars	1	HP:0001999	next:AUTRE Abnormal facial shape
Distinctive pugilistic face	Pugilistic facies	HP:0000339	Pugilistic facies	1		
Distinctive round face with short nose, often with happy-natured appearance due to full cheeks	Round face	HP:0000311	Round face	1		
Distinctive round face with short nose, often with happy-natured appearance due to full cheeks	Short nose	HP:0003196	Short nose	1		
Distorted and irregularly ossified scapulae	Abnormal scapula morphology	HP:0000782	Abnormal scapula morphology	1		
Distorted appearance of the clavicles	Abnormal clavicle morphology	HP:0000889	Abnormal clavicle morphology	1		
Distorted appearance of the ribs	Abnormal rib morphology	HP:0000772	Abnormal rib morphology	1		
Distorted bone trabeculation and thin cortices	Osteopenia	HP:0000938	Osteopenia	1		
Distorted bone trabeculation and thin cortices	Thin long bones	HP:0003100	Slender long bone	1		
Distorting, bizarre, irregular calcified overgrowth of bones	Bone overgrowth	HP:0100774	Hyperostosis	1		
diuresis	Polyuria	HP:0000103	Polyuria	1		
Diverticulae of bladder	Bladder diverticula	HP:0000015	Bladder diverticulum	1		
Dominant congenital VM	Venous malformation	HP:0012721	Venous malformation	1		
Dorsal kyphoscoliosis	Kyphoscoliosis	HP:0002751	Kyphoscoliosis	1		
dorsal subluxation of radial head	Radial head subluxation	HP:0003048	Radial head subluxation	1		
Double-humped vertebral bodies	Butterfly vertebrae	HP:0003316	Butterfly vertebrae	1		
Downslant to palpebral fissures	Downslanting palpebral fissures	HP:0000494	Downslanted palpebral fissures	1		
"downturned ""tent""-shaped vermilion"	Downslanting palpebral fissures	HP:0000494	Downslanted palpebral fissures	1		
Downturned angles of mouth	Downturned corners of mouth	HP:0002714	Downturned corners of mouth	1		
Downturned corners	Downslanting palpebral fissures	HP:0000494	Downslanted palpebral fissures	1		
downturned corners	Downturned corners of mouth	HP:0002714	Downturned corners of mouth	1		
Downturned upper lip	Downturned corners of mouth	HP:0002714	Downturned corners of mouth	1		
Downturned “fishlike” mouth	Downslanting palpebral fissures	HP:0000494	Downslanted palpebral fissures	1		
downturning corners of mouth	Downslanting palpebral fissures	HP:0000494	Downslanted palpebral fissures	1		
downward protrusion of the supraoccipital bone	Prominent occiput	HP:0000269	Prominent occiput	1		
downward slant to palpebral fissures	Downslanting palpebral fissures	HP:0000494	Downslanted palpebral fissures	1		
droopy skin on the cheeks	Prominent nasolabial folds	HP:0005272	Prominent nasolabial fold	1		next:AUTRE Redundant skin of the face ?
dry and sometimes scaly skin	Dry skin	HP:0000958	Dry skin	1		
dry and sometimes scaly skin	Scaly skin	HP:0040189	Scaling skin	1		
Dry, hyperkeratotic skin	Hyperkeratosis	HP:0000962	Hyperkeratosis	1		
Dull mentality	Intellectual disability	HP:0001249	Intellectual disability	1		
Duodenal stricture	Duodenal stenosis	HP:0100867	Duodenal stenosis	1		
Duplex renal system	Duplex collecting system	HP:0000081	Duplicated collecting system	1		
duplicated distal phalanx of the hallux	Duplication of the distal phalanx of the hallux	HP:0010084	Duplication of the distal phalanx of the hallux	1		
Duplicated fibula	Fibular duplication	HP:0010503	Fibular duplication	1		
Duplicated terminal phalanx of hallux	Duplication of distal phalanx of hallux	HP:0010084	Duplication of the distal phalanx of the hallux	1	HP:0010084	next:OK
Duplication of kidneys	Renal duplication	HP:0000075	Renal duplication	1		
Duplication of second phalanx of thumb	Duplication of phalanx of thumb	HP:0009942	Duplication of thumb phalanx	1		
Duplication of the distal phalanx	Bowed tibia	HP:0002982	Tibial bowing	1		
Duplication of the palm and sole	Polydactyly	HP:0010442	Polydactyly	1		
Duplication of the toes	Polydactyly	HP:0010442	Polydactyly	1		
Duplications of distal phalanges	Polydactyly	HP:0010442	Polydactyly	1		
Dysarthria and verbal dyspraxia with phoneme imprecision	Dysarthria	HP:0001260	Dysarthria	1		
Dysarthria and verbal dyspraxia with phoneme imprecision	Verbal dyspraxia	HP:0011098	Speech apraxia	1		
dysarthria preceding ataxia	Dysarthria	HP:0001260	Dysarthria	1		
dysarthria preceding ataxia	Progressive ataxia	HP:0002073	Progressive cerebellar ataxia	1		
dysarthria without ataxia	Dysarthria	HP:0001260	Dysarthria	1		
Dysarthria, aphonia, or spasmodic dysphonia	Dysarthria	HP:0001260	Dysarthria	1		
dysarthrophonia	Dysarthria	HP:0001260	Dysarthria	1		
dysdiadokokinesia	Dysdiadochokinesia	HP:0002075	Dysdiadochokinesis	1		
dyskinesia during sleep	Dyskinesia	HP:0100660	Dyskinesia	1		
dyskinetic limb movements	Dyskinesia	HP:0100660	Dyskinesia	1		
Dyskinetic movements	Dystonia	HP:0001332	Dystonia	1		
dyskinetic movements	Dyskinesia	HP:0100660	Dyskinesia	1		
Dyslexia in females	Dyslexia	HP:0010522	Dyslexia	1		
dysmetria worsened by eye closure	Dysmetria	HP:0001310	Dysmetria	1		
Dysmorphic basal ganglia	Basal ganglia abnormality	HP:0002134	Abnormal basal ganglia morphology	1	HP:0002134	next:OK
Dysmorphic corpus callosum	Hypoplasia of the corpus callosum	HP:0002079	Hypoplasia of the corpus callosum	1		
dysmorphic features of the head and face	Dysmorphic facial features	HP:0001999	Abnormal facial shape	1		
Dysmotility	Abnormal gastrointestinal motility	HP:0030895	Abnormal gastrointestinal motility	1		
Dysphasia	Aphasia	HP:0002381	Aphasia	1		
Dysplasia of pelvis	Hip dysplasia	HP:0001385	Hip dysplasia	1		
dysplastic and radially inclined distal ulna	Abnormal ulna morphology	HP:0040071	Abnormal morphology of ulna	1	PARENT:HP:0011314	next:PARENT
Dysplastic capital femoral epiphyses	Epiphyseal dysplasia	HP:0002656	Epiphyseal dysplasia	1		
Dysplastic cerebral cortex	Cortical dysplasia	HP:0002539	Cortical dysplasia	1		
dysplastic changes of the capital femoral epiphyses	Abnormality of the femoral head epiphysis	HP:0010574	Abnormality of the epiphysis of the femoral head	1	HP:0010574	next:OK
dysplastic epiphyseal centers	Epiphyseal dysplasia	HP:0002656	Epiphyseal dysplasia	1		
dysplastic epiphyses	Epiphyseal dysplasia	HP:0002656	Epiphyseal dysplasia	1		
Dysplastic epiphyses of metacarpal bones	Epiphyseal dysplasia	HP:0002656	Epiphyseal dysplasia	1		
Dysplastic epiphyses of phalanges	Epiphyseal dysplasia	HP:0002656	Epiphyseal dysplasia	1		
dysplastic nails in the upper limb	Abnormality of the nails	HP:0001597	Abnormal nail morphology	1	PARENT:HP:0011138	next:PARENT
dysplastic ribs	Rib anomaly	HP:0000772	Abnormal rib morphology	1	HP:0000772	next:OK
Dyspnea on exertion	Exertional dyspnea	HP:0002875	Exertional dyspnea	1		
dysraphism	Spina bifida	HP:0002414	Spina bifida	1		
dysregulation of muscle tone	Abnormal muscle tone	HP:0003808	Abnormal muscle tone	1		
Dysrhythmia	Cardiac arrhythmia	HP:0011675	Arrhythmia	1		
Dysseborrheic dermatitis	Seborrheic dermatitis	HP:0001051	Seborrheic dermatitis	1		
Dystonia (exercise induced) and/or choreoathetotic movements	Choreoathetosis	HP:0001266	Choreoathetosis	1		
Dystonia (exercise induced) and/or choreoathetotic movements	Dystonia	HP:0001332	Dystonia	1		
Dystonia and hyperkinetic movement disorders, including choreoathetosis and dyskinesia	Choreoathetosis	HP:0001266	Choreoathetosis	1		
Dystonia and hyperkinetic movement disorders, including choreoathetosis and dyskinesia	Dystonia	HP:0001332	Dystonia	1		
dystonia in lower limbs	Dystonia	HP:0001332	Dystonia	1		
dystonia involving limbs and trunk	Dystonia	HP:0001332	Dystonia	1		
dystonia-parkinsonism	Parkinsonism	HP:0001300	Parkinsonism	1		
dystonia-parkinsonism	Dystonia	HP:0001332	Dystonia	1		
dystonic adductor dysphonia	Spasmodic dysphonia	HP:0012049	Laryngeal dystonia	1		
dystonic contractures	Dystonia	HP:0001332	Dystonia	1		
dystonic contractures	Contracture	HP:0034392	Joint contracture	1		
dystonic episodes	Dystonia	HP:0001332	Dystonia	1		
dystonic extension of the big toe	Babinski sign	HP:0003487	Babinski sign	1		
dystonic head tremor	Dystonia	HP:0001332	Dystonia	1		
Dystonic posture of the hands	Dystonia	HP:0001332	Dystonia	1		
Dystonic scoliosis	Scoliosis	HP:0002650	Scoliosis	1		
Dystonic spasms with dystonic posturing	Dystonia	HP:0001332	Dystonia	1		
dystonic tremor	Dystonia	HP:0001332	Dystonia	1		
dystonic tremor	Tremor	HP:0001337	Tremor	1		
Dystonic, dyskinetic, or choreiform movement disorder	Dystonia	HP:0001332	Dystonia	1		
Dystonic, dyskinetic, or choreiform movement disorder	Dyskinesia	HP:0100660	Dyskinesia	1		
dystonic-rigid extrapyramidal syndrome	Parkinsonism	HP:0001300	Parkinsonism	1		
dystonic-rigid extrapyramidal syndrome	Dystonia	HP:0001332	Dystonia	1		
Dystopic kidney	Ectopic kidney	HP:0000086	Ectopic kidney	1		
ear dysplasia	Ear anomaly	HP:0000598	Abnormality of the ear	1		
ear infections	Otitis media	HP:0000388	Otitis media	1		
ear length above the 97th centile	Long ears	HP:0400004	Long ear	1		
Early adrenarche	Premature adrenarche	HP:0012412	Premature adrenarche	1		
Early and intractable seizures	Seizures	HP:0001250	Seizure	1		
Early atraumatic loss of teeth	Premature loss of teeth	HP:0006480	Premature loss of teeth	1		
Early childhood-onset non-progressive hearing loss	Hearing abnormality	HP:0000364	Hearing abnormality	1		
Early closing fontanels	Early closure of fontanelles	HP:0005458	Premature closure of fontanelles	1	HP:0005458	next:OK
Early decay	Dental caries	HP:0000670	Carious teeth	1		
early delays in reaching motor milestones	Motor delay	HP:0001270	Motor delay	1		
Early gonadal insufficiency	Premature ovarian failure	HP:0008209	Premature ovarian insufficiency	1		
Early graying of the scalp hair	Premature graying of hair	HP:0002216	Premature graying of hair	1		
Early high-tone hearing loss	Sensorineural hearing impairment	HP:0000407	Sensorineural hearing impairment	1		
early menarche	Precocious puberty	HP:0000826	Precocious puberty	1		
Early postnatal contractures of joints	Joint contracture	HP:0034392	Joint contracture	1		
early, marked hip dysplasia	Hip dysplasia	HP:0001385	Hip dysplasia	1		
Early-onset arthritis	Arthritis	HP:0001369	Arthritis	1		
Early-onset cataract	Cataract	HP:0000518	Cataract	1		
Early-onset cataracts	Cataract	HP:0000518	Cataract	1		
early-onset developmental delay	Global developmental delay	HP:0001263	Global developmental delay	1		
Early-onset heterotopic ossification	Heterotopic ossification	HP:0011986	Ectopic ossification	1		
Early-onset hypotonia with very slow motor development	Hypotonia	HP:0001252	Hypotonia	1		
Early-onset hypotonia with very slow motor development	Motor delay	HP:0001270	Motor delay	1		
early-onset kyphoscoliosis	Kyphoscoliosis	HP:0002751	Kyphoscoliosis	1		
Early-onset lacunar and/or hemorrhagic strokes	Ischemic stroke	HP:0002140	Ischemic stroke	1		
Early-onset macular degeneration	Macular degeneration	HP:0000608	Macular degeneration	1		
Early-onset menopause	Premature ovarian failure	HP:0008209	Premature ovarian insufficiency	1		
Early-onset nephrolithiasis	Nephrolithiasis	HP:0000787	Nephrolithiasis	1		
early-onset obesity with high fat mass and low lean mass	Obesity	HP:0001513	Obesity	1		
Early-onset osteoporosis	Osteoporosis	HP:0000939	Osteoporosis	1		
early-onset osteosclerosis	Osteosclerosis	HP:0011001	Increased bone mineral density	1		
early-onset parkinsonism	Parkinsonism	HP:0001300	Parkinsonism	1		
Early-onset peripheral motor and sensory neuropathy	Peripheral sensory neuropathy	HP:0000763	Sensory neuropathy	1		
Early-onset peripheral motor and sensory neuropathy	Peripheral motor neuropathy	HP:0007178	Motor polyneuropathy	1		
early-onset progressive psychomotor regression	Psychomotor regression	HP:0002376	Developmental regression	1		
early-onset retinal detachment	Retinal detachment	HP:0000541	Retinal detachment	1		
Early-onset rhabdoid tumor	Rhabdoid tumor	HP:0034557	Rhabdoid tumor	1		
Early-onset severe interstitial lung disease	Interstitial lung disease	HP:0006530	Abnormal pulmonary interstitial morphology	1		
Early-onset tonic-clonic seizures	Generalized tonic-clonic seizure	HP:0002069	Bilateral tonic-clonic seizure	1		
Early-onset varicose veins	Varicose veins	HP:0002619	Varicose veins	1		
Early-onset Wilms tumor	Wilms tumor	HP:0002667	Nephroblastoma	1		
Ears with simple structure and attached lobes	Attached earlobe	HP:0009907	Attached earlobe	1		
Ears with simple structure and attached lobes	Simple ear	HP:0020206	Simple ear	1		
Easily excitable personality	Irritability	HP:0000737	Irritability	1		
Easily removable hair	Brittle hair	HP:0002299	Brittle hair	1		
Eating difficulties	Feeding difficulties	HP:0011968	Feeding difficulties	1		
echogenic sediment in amniotic fluid	Abnormal amniotic fluid	HP:0001560	Abnormality of the amniotic fluid	1		
ectodermal abnormalities	Abnormality of the skin	HP:0000951	Abnormality of the skin	1		
Ectodermal issues	Ectodermal dysplasia	HP:0000968	Ectodermal dysplasia	1		
Ectopic calcification in falx cerebri	Calcification of the falx cerebri	HP:0005462	Calcification of falx cerebri	1	HP:0005462	next:OK
Ectopic eruption	Ectopic eruption of tooth	HP:4000093	Ectopic tooth eruption	1	HP:4000093	next:OK
Ectopic ossification at tendon attachment and paraspinal ligament	Ectopic ossification	HP:0011986	Ectopic ossification	1		
Ectopic ossification at the paraspinal ligament	Ectopic ossification	HP:0011986	Ectopic ossification	1		
Ectopic ossification at the tendon attachment	Ectopic ossification	HP:0011986	Ectopic ossification	1		
Ectopic testes	Ectopic testis	HP:6000460	Ectopic testis	1		
ectrodactyly of feet	Ectrodactyly of foot	HP:0001839	Split foot	1	HP:0001839	next:OK
Ectrodactyly spectrum disorder	Ectrodactyly	HP:0100257	Ectrodactyly	1		
ectrodactyly-like loss of digits	Ectrodactyly	HP:0100257	Ectrodactyly	1		
Ectrodactyly-like phenotype	Ectrodactyly	HP:0100257	Ectrodactyly	1		
Eczema-like skin disorder	Eczema	HP:0000964	Eczematoid dermatitis	1		
eczematous-like skin rash	Eczema	HP:0000964	Eczematoid dermatitis	1		
Edema in the legs in the absence of cardiac failure	Edema	HP:0000969	Edema	1		
Edematous ears	Edema	HP:0000969	Edema	1		
Edematous hands and feet	Edema	HP:0000969	Edema	1		
Effusions of the heart	Pericardial effusion	HP:0001698	Pericardial effusion	1		
Effusions of the lungs	Pleural effusion	HP:0002202	Pleural effusion	1		
Effusions of the peritoneum	Ascites	HP:0001541	Ascites	1		
Elbow contractures secondary to radial head dislocation	Radial head dislocation	HP:0003083	Dislocated radial head	1		
Elbow contractures secondary to radial head dislocation	Elbow contracture	HP:0034391	Elbow contracture	1		
Elbow joints in extension	Elbow extension contracture	HP:0034393	Elbow extension contracture	1		
Electrical myotonia	Myotonia	HP:0002486	Myotonia	1		
Electrocardiographic abnormalities	Abnormal electrocardiogram	HP:0003115	Abnormal EKG	1		
Electroencephalographic abnormalities	Abnormal electroencephalogram	HP:0002353	EEG abnormality	1		
Electroencephalographic abnormality	Abnormal electroencephalogram	HP:0002353	EEG abnormality	1		
elevated ammonia	Hyperammonemia	HP:0001987	Hyperammonemia	1		
Elevated bone-specific alkaline phosphatase	Elevated alkaline phosphatase	HP:0003155	Elevated circulating alkaline phosphatase concentration	1		
Elevated creatine kinase BB	Elevated creatine kinase	HP:0003236	Elevated circulating creatine kinase concentration	1		
Elevated creatine kinase levels	Elevated creatine kinase	HP:0003236	Elevated circulating creatine kinase concentration	1		
Elevated creatine kinase values	Elevated creatine kinase	HP:0003236	Elevated circulating creatine kinase concentration	1		
Elevated creatine phosphokinase	Elevated creatine kinase	HP:0003236	Elevated circulating creatine kinase concentration	1		
Elevated CSF protein levels	Elevated cerebrospinal fluid protein	HP:0002922	Increased CSF protein concentration	1		
Elevated erythrocyte sedimentation rate and/or C-reactive protein	Elevated erythrocyte sedimentation rate	HP:0003565	Elevated erythrocyte sedimentation rate	1		
Elevated fasting blood glucose	Hyperglycemia	HP:0003074	Hyperglycemia	1		
Elevated fasting ghrelin levels	Elevated circulating ghrelin concentration	HP:6000436	Elevated circulating ghrelin concentration	1		
Elevated glucose levels on oral glucose tolerance testing (OGTT)	Impaired glucose tolerance	HP:0040270	Impaired glucose tolerance	1		
Elevated glutamine	Hyperglutaminemia	HP:0003217	Hyperglutaminemia	1		
Elevated hepatic transaminases and hyperbilirubinemia	Hyperbilirubinemia	HP:0002904	Hyperbilirubinemia	1		
elevated IgG	Hypergammaglobulinemia	HP:0010702	Increased circulating immunoglobulin concentration	1		
elevated lactate in blood and cerebrospinal fluid	Cerebrospinal fluid lactate increased	HP:0002490	Increased CSF lactate	1	PARENT:HP:0030085	next:PARENT
elevated levels of alkaline phosphatase	Elevated alkaline phosphatase	HP:0003155	Elevated circulating alkaline phosphatase concentration	1		
elevated levels of gastrin	Hypergastrinemia	HP:0500167	Hypergastrinemia	1		
Elevated lipids	Hyperlipidemia	HP:0003077	Hyperlipidemia	1		
Elevated plasma alanine	Hyperalaninemia	HP:0003348	Hyperalaninemia	1		
Elevated plasma ammonia	Hyperammonemia	HP:0001987	Hyperammonemia	1		
elevated plasma and CSF glycine levels	Hyperglycinemia	HP:0002154	Hyperglycinemia	1		
elevated plasma creatine kinase levels	Elevated creatine kinase	HP:0003236	Elevated circulating creatine kinase concentration	1		
Elevated plasma gastrin concentration	Hypergastrinemia	HP:0500167	Hypergastrinemia	1		
Elevated plasma LDH, ferritin, and zinc	Elevated serum ferritin	HP:0003281	Increased circulating ferritin concentration	1		
Elevated plasma proline	Hyperprolinemia	HP:0008358	Hyperprolinemia	1		
Elevated Platelet Counts	Thrombocytosis	HP:0001894	Thrombocytosis	1		
Elevated prolactin levels	Hyperprolactinemia	HP:0000870	Increased circulating prolactin concentration	1		
elevated serum alanine concentration	Hyperalaninemia	HP:0003348	Hyperalaninemia	1		
Elevated serum biochemical markers of inflammation	Abnormal inflammatory response	HP:0012647	Abnormal inflammatory response	1		
elevated serum CK concentration as high as 2000 IU/L	Elevated creatine kinase	HP:0003236	Elevated circulating creatine kinase concentration	1		
Elevated serum creatine kinase (CK) concentration	Elevated creatine kinase	HP:0003236	Elevated circulating creatine kinase concentration	1		
elevated serum creatine kinase concentrations	Elevated creatine kinase	HP:0003236	Elevated circulating creatine kinase concentration	1		
Elevated serum creatinine phosphokinase	Elevated creatine kinase	HP:0003236	Elevated circulating creatine kinase concentration	1		
Elevated serum ferritin concentration	Elevated serum ferritin	HP:0003281	Increased circulating ferritin concentration	1		
Elevated serum phosphorus	Hyperphosphatemia	HP:0002905	Hyperphosphatemia	1		
Elevated thyroid-stimulating hormone	Elevated thyroid stimulating hormone	HP:0002925	Elevated circulating thyroid-stimulating hormone concentration	1		
elevated TSH	Elevated thyroid stimulating hormone	HP:0002925	Elevated circulating thyroid-stimulating hormone concentration	1		
Elevated uric acid	Hyperuricemia	HP:0002149	Hyperuricemia	1		
elevated urine pH	Abnormal urine pH	HP:0032943	Abnormal urine pH	1		
elevation of the eyebrow	Prominent eyebrows	HP:0000574	Thick eyebrow	1		
elevation of the superior orbital rim	Prominent supraorbital ridges	HP:0000336	Prominent supraorbital ridges	1		
elevations in creatine kinase MM isoenzyme	Elevated creatine kinase	HP:0003236	Elevated circulating creatine kinase concentration	1		
elevations of serum CK	Elevated creatine kinase	HP:0003236	Elevated circulating creatine kinase concentration	1		
Eleven pairs of ribs	Supernumerary ribs	HP:0005815	Supernumerary ribs	1		
Elliptocytes	Elliptocytosis	HP:0004445	Elliptocytosis	1		
Elongated distal end of the fibula	Long fibula	HP:0003085	Long fibula	1		
elongated myopathic facies	Long face	HP:0000276	Long face	1		
elongated proximal and middle phalanges	Long phalanx of finger	HP:0006155	Long phalanx of finger	1		
elongated proximal fibulae	Fibular hypoplasia	HP:0003038	Fibular hypoplasia	1		
elongated proximal fibulae	Long fibula	HP:0003085	Long fibula	1		
Elongation and valgisation of the femoral neck	Coxa valga	HP:0002673	Coxa valga	1		
Elongation of neck and trunk	Elongated neck	HP:0000472	Long neck	1		
embolus from a left ventricular mural thrombus	Thromboembolism	HP:0001907	Thromboembolism	1		
embryonal rhabdomyosarcoma of the uterus, cervix, or vagina	Embryonal rhabdomyosarcoma	HP:0006743	Embryonal rhabdomyosarcoma	1		
emotional incontinence	Emotional lability	HP:0000712	Emotional lability	1		
Emotional lability / difficulty in controlling emotions and affective disorders such as inappropriate euphoria and/or crying	Emotional lability	HP:0000712	Emotional lability	1		
Emotional lability and affective disorders including inappropriate euphoria and/or crying	Emotional lability	HP:0000712	Emotional lability	1		
Enamel hypoplasia of both deciduous and permanent teeth	Enamel hypoplasia	HP:0006297	Enamel hypoplasia	1		
Enamel hypoplasia of the teeth	Enamel hypoplasia	HP:0006297	Enamel hypoplasia	1		
Encephaloceles attached to the amnion	Encephalocele	HP:0002084	Encephalocele	1		
encephalopathy including coma	Encephalopathy	HP:0001298	Encephalopathy	1		
end plate irregularities	Irregular vertebral endplates	HP:0003301	Irregular vertebral endplates	1		
End-stage heart failure	Heart failure	HP:0001635	Congestive heart failure	1		
End-stage kidney disease	Growth delay	HP:0001510	Growth delay	1		
End-stage liver disease	Liver failure	HP:0001399	Hepatic failure	1		
endocrine issues	Abnormality of the endocrine system	HP:0000818	Abnormality of the endocrine system	1		
Endocrinopathy, including: Hypopituitarism	Hypopituitarism	HP:0040075	Hypopituitarism	1		
Endometrial cancer	Endometrial carcinoma	HP:0012114	Endometrial carcinoma	1		
enhanced caries	Dental caries	HP:0000670	Carious teeth	1		
enlarged abdominal masses	Abdominal mass	HP:0031500	Abdominal mass	1		
Enlarged adenoids and tonsils	Enlarged tonsils	HP:0030812	Enlarged tonsils	1		
Enlarged and flattened capital femoral epiphyses	Abnormality of the femoral head	HP:0003368	Abnormal femoral head morphology	1		
Enlarged anterior fontanel with delayed closure	Large anterior fontanelle	HP:0000260	Wide anterior fontanel	1		
Enlarged anterior fontanel with delayed closure	Delayed closure of anterior fontanelle	HP:0001476	Delayed closure of the anterior fontanelle	1		
Enlarged bladder	Megacystis	HP:0000021	Megacystis	1		
Enlarged bladder with failure to empty	Urinary retention	HP:0000016	Urinary retention	1		
Enlarged bladder with failure to empty	Megacystis	HP:0000021	Megacystis	1		
enlarged calf muscles	Calf hypertrophy	HP:0008981	Calf muscle hypertrophy	1		
Enlarged cerebrospinal fluid spaces	Enlarged ventricles	HP:0002119	Ventriculomegaly	1		
Enlarged cisterna magnum	Enlarged cisterna magna	HP:0002280	Enlarged cisterna magna	1		
Enlarged epiphysis at the knees	Anterior bowing of tibia	HP:0006390	Anterior tibial bowing	1		
Enlarged fontanels	Large fontanelles	HP:0000239	Large fontanelles	1		
Enlarged globes	Buphthalmos	HP:0000557	Buphthalmos	1		
Enlarged head	Macrocephaly	HP:0000256	Macrocephaly	1		
Enlarged missing and/or accessory spleens	Splenomegaly	HP:0001744	Splenomegaly	1		
Enlarged missing and/or accessory spleens	Accessory spleen	HP:0001747	Accessory spleen	1		
Enlarged parietal foramina	Parietal foramina	HP:0002697	Parietal foramina	1		
Enlarged platelets	Giant platelets	HP:0001902	Giant platelets	1		
Enlarged sella	Enlarged sella turcica	HP:0002690	Large sella turcica	1		
Enlarged testes	Macroorchidism	HP:0000053	Macroorchidism	1		
Enlarged tongue	Macroglossia	HP:0000158	Macroglossia	1		
Enlarged tongue on affected side	Macroglossia	HP:0000158	Macroglossia	1		
enlarged tonsils and adenoids	Enlarged tonsils	HP:0030812	Enlarged tonsils	1		
enlarged tonsils and adenoids	Adenoid hypertrophy	HP:0040261	Increased size of nasopharyngeal adenoids	1		
Enlarged tonsils that are yellow and/or orange	Enlarged tonsils	HP:0030812	Enlarged tonsils	1		
enlarged U waves	Prominent U wave	HP:0025072	Prominent U wave	1		
enlarged U-waves	Prominent U wave	HP:0025072	Prominent U wave	1		
Enlarged/dysplastic basal ganglia	Abnormal basal ganglia morphology	HP:0002134	Abnormal basal ganglia morphology	1		
Enlargement and delayed closure of the anterior fontanelle	Delayed closure of anterior fontanelle	HP:0001476	Delayed closure of the anterior fontanelle	1		
enlargement of hands and feet	Macrodactyly	HP:0004099	Macrodactyly	1		
Enlargement of the cisterna magna	Enlarged cisterna magna	HP:0002280	Enlarged cisterna magna	1		
Enlargement of the ear	Macrotia	HP:0000400	Macrotia	1		
enlargement of the inner cerebrospinal fluid spaces	Enlarged ventricles	HP:0002119	Ventriculomegaly	1		
enlargement of the lateral ventricles	Ventriculomegaly	HP:0002119	Ventriculomegaly	1		
Enlargement of the nose and lips	Macrostomia	HP:0000154	Wide mouth	1		
Enlargement of the nose and lips	Macroglossia	HP:0000158	Macroglossia	1		
entropion of lower eyelids	Entropion	HP:0000621	Entropion	1		
Eosinophilic myositis	Myositis	HP:0100614	Myositis	1		
Epididymal and broad ligament cystadenomas	Epididymal cyst	HP:0030424	Epididymal cyst	1		
epigastric abdominal pain	Epigastric pain	HP:0410019	Epigastric pain	1		
epiglottal hypoplasia	Hypoplasia of epiglottis	HP:0005349	Hypoplasia of the epiglottis	1	HP:0005349	next:OK
epilepsy	Seizures	HP:0001250	Seizure	1		
epilepsy	Respiratory insufficiency	HP:0002093	Respiratory insufficiency	1		
Epilepsy, including infantile spasms, tonic-clonic, myoclonic, and/or generalized seizures	Infantile spasms	HP:0012469	Infantile spasms	1		
Epileptic seizures later in life	Seizure	HP:0001250	Seizure	1		
Epiphyseal abnormalities in the knees and/or hips	Abnormality of the hip joint	HP:0001384	Abnormal hip joint morphology	1		
Epiphyseal and metaphyseal bone cysts	Bone cyst	HP:0012062	Bone cyst	1		
Epiphyseal dysplasia of the long tubular bones	Epiphyseal dysplasia	HP:0002656	Epiphyseal dysplasia	1		
Epiphyseal flattening	Epiphyseal dysplasia	HP:0002656	Epiphyseal dysplasia	1		
Epiphyseal involvement of long tubular bones	Epiphyseal dysplasia	HP:0002656	Epiphyseal dysplasia	1		
Epiphyseal irregularity	Flattened femoral head	HP:0008812	Flattened femoral head	1		
epiphyseal irregularity with hyperplastic trochanters	Epiphyseal dysplasia	HP:0002656	Epiphyseal dysplasia	1		
Epiphyseal overgrowth with irregular ossification	Epiphyseal dysplasia	HP:0002656	Epiphyseal dysplasia	1		
Epiphyseal separation at the elbow	Epiphyseal dysplasia	HP:0002656	Epiphyseal dysplasia	1		
Epiphyseal stippling of calcaneus	Epiphyseal stippling	HP:0010655	Epiphyseal stippling	1		
epiphyseal swelling	Epiphyseal dysplasia	HP:0002656	Epiphyseal dysplasia	1		
Episodes of deep breathing during waking hours	Hyperventilation	HP:0002883	Hyperventilation	1		
episodes of dehydration	Dehydration	HP:0001944	Dehydration	1		
Episodes of diarrhea	Diarrhea	HP:0002014	Diarrhea	1		
Episodes of hepatic failure	Hepatic failure	HP:0001399	Hepatic failure	1		
episodes of muscle stiffness	Myotonia	HP:0002486	Myotonia	1		
Episodes of stupor and coma	Coma	HP:0001259	Coma	1		
episodic apnea and/or hyperpnea	Apnea	HP:0002104	Apnea	1		
episodic apnea and/or hyperpnea	Hyperventilation	HP:0002883	Hyperventilation	1		
Episodic blindness	Cortical blindness	HP:0100704	Cerebral visual impairment	1		
episodic confusion	Confusion	HP:0001289	Confusion	1		
episodic irritability	Irritability	HP:0000737	Irritability	1		
Episodic movement disorders	Abnormality of movement	HP:0100022	Abnormality of movement	1		
Episodic neuropathic pain	Neuropathic pain	HP:6000040	Neuropathic pain	1		
episodic or sustained elevations in blood pressure and pulse	Hypertension	HP:0000822	Hypertension	1		
episodic profuse sweating	Hyperhidrosis	HP:0000975	Hyperhidrosis	1		
Episodic psychomotor regression	Psychomotor regression	HP:0002376	Developmental regression	1		
Episodic unexplained fevers	Visual impairment	HP:0000505	Visual impairment	1		
episodic vertigo	Vertigo	HP:0002321	Vertigo	1		
Epithelioid schwannoma	Schwannoma	HP:0100008	Schwannoma	1		
Epithelioma	Neoplasm	HP:0002664	Neoplasm	1		
Equatorial retinal traction and schisis	Retinoschisis	HP:0030502	Retinoschisis	1		
Equinovarus foot deformation	Congenital joint contracture	HP:0002803	Congenital contracture	1	HP:0001762	next:AUTRE Talipes equinovarus
Equinovarus positioning bilaterally	Clubfoot	HP:0001762	Talipes equinovarus	1		
Erlenmeyer-flask appearance to femur	Erlenmeyer flask deformity of femur	HP:0004975	Erlenmeyer flask deformity of the femurs	1	HP:0004975	next:OK
eroded acetabular roofs	Abnormal acetabulum morphology	HP:0003170	Abnormal acetabulum morphology	1		
erratic behavior	Aggressive behavior	HP:0000718	Aggressive behavior	1		
Eruptive xanthomata	Xanthomatosis	HP:0000991	Xanthomatosis	1		
erythema & fine scales on face & trunk	Hyperkeratosis	HP:0000962	Hyperkeratosis	1		
erythema & fine scales on face & trunk	Erythema	HP:0010783	Erythema	1		
Erythema of the face and extremities	Facial erythema	HP:0001041	Facial erythema	1		
Erythema of the face and extremities	Erythema	HP:0010783	Erythema	1		
erythema, swelling, and blistering on the face	Facial edema	HP:0000282	Facial edema	1		
erythema, swelling, and blistering on the face	Facial erythema	HP:0001041	Facial erythema	1		
erythematous skin rashes	Erythema	HP:0010783	Erythema	1		
Erythematous-to-violaceous, reticulated, net-like or marbled-appearing patches	Cutis marmorata	HP:0000965	Cutis marmorata	1		
erythrodermic skin	Erythroderma	HP:0001019	Erythroderma	1		
Esophageal atresia/fistula	Esophageal atresia	HP:0002032	Esophageal atresia	1		
Esophageal atresia/fistula	Tracheoesophageal fistula	HP:0002575	Tracheoesophageal fistula	1		
esophageal atresia/tracheoesophageal fistula	Esophageal atresia	HP:0002032	Esophageal atresia	1		
esophageal atresia/tracheoesophageal fistula	Tracheoesophageal fistula	HP:0002575	Tracheoesophageal fistula	1		
esophageal narrowing	Esophageal stenosis	HP:0010450	Esophageal stenosis	1		
evanescent milia of the face	Milia	HP:0001056	Milia	1		
Eventration of the diaphragm	Diaphragmatic eventration	HP:0009110	Diaphragmatic eventration	1		
eventual deterioration of bulbar functions	Bulbar palsy	HP:0001283	Bulbar palsy	1		
Eversion of the lateral portion of the lower eyelid	Ectropion of lower eyelid	HP:0007651	Ectropion of lower eyelids	1	HP:0007651	next:OK
exaggerated deep tendon reflexes	Hyperreflexia	HP:0001347	Hyperreflexia	1		
Exaggerated head-retraction reflex	Exaggerated startle response	HP:0002267	Exaggerated startle response	1		
Exaggerated lumbosacral lordosis	Lumbar hyperlordosis	HP:0002938	Lumbar hyperlordosis	1		
Excess digital ulnar loops	Abnormality of dermatoglyphics	HP:0007477	Abnormal dermatoglyphics	1	PARENT:HP:0011356	next:PARENT
Excess mobility of the knees, hips, and most other joints	Joint hypermobility	HP:0001382	Joint hypermobility	1		
Excess skin on back of neck	Webbed neck	HP:0000465	Webbed neck	1		
Excess skin over the eyelids	Redundant eyelid skin	HP:0010750	Dermatochalasis	1		
excess vertebrae	Supernumerary vertebrae	HP:0002946	Supernumerary vertebrae	1		
Excessive appetite	Hyperphagia	HP:0002591	Polyphagia	1		
excessive bleeding after hemostatic challenges	Bleeding diathesis	HP:0001892	Abnormal bleeding	1		
Excessive bruising	Ecchymosis	HP:0031364	Ecchymosis	1		
Excessive bruising, especially with firm, subcutaneous hematomas	Easy bruising	HP:0000978	Bruising susceptibility	1		
Excessive caries	Dental caries	HP:0000670	Carious teeth	1		
Excessive chewing/mouthing behaviors	Pica	HP:0011856	Pica	1		
Excessive clumsiness	Ataxia	HP:0001251	Ataxia	1		
Excessive drooling	Sialorrhea	HP:0002307	Drooling	1		
excessive eating	Hyperphagia	HP:0002591	Polyphagia	1		
Excessive extra-axial fluid spaces	Enlarged subarachnoid space	HP:0012704	Widened subarachnoid space	1		
Excessive freckling	Hyperpigmented macules	HP:0001034	Hypermelanotic macule	1		
excessive gastrointestinal bleeding	Gastrointestinal hemorrhage	HP:0002239	Gastrointestinal hemorrhage	1		
Excessive irritability	Irritability	HP:0000737	Irritability	1		
Excessive startle response	Exaggerated startle response	HP:0002267	Exaggerated startle response	1		
Excessive startling and opisthotonus-like posturing	Opisthotonus	HP:0002179	Opisthotonus	1		
Excessive sweating of hands and feet	Hyperhidrosis	HP:0000975	Hyperhidrosis	1		
Excessive symmetric periosteal new bone formation	Periosteal reaction	HP:0031485	Subperiosteal bone formation	1		
Excessive tearing	Epiphora	HP:0009926	Epiphora	1		
Excitability	Hyperactivity	HP:0000752	Hyperactivity	1		
Excretion of protein <500 mg/24h	Proteinuria	HP:0000093	Proteinuria	1		
exercise-induced cramps	Muscle cramps	HP:0003394	Muscle spasm	1		
Exercise-induced supraventricular arrhythmias	Supraventricular tachycardia	HP:0004755	Supraventricular tachycardia	1		
exertion-induced myalgias	Myalgia	HP:0003326	Myalgia	1		
exertional rhabdomyolysis	Rhabdomyolysis	HP:0003201	Rhabdomyolysis	1		
Exocrine pancreatic deficiency	Exocrine pancreatic insufficiency	HP:0001738	Exocrine pancreatic insufficiency	1		
exocrine pancreatic dysfunction	Exocrine pancreatic insufficiency	HP:0001738	Exocrine pancreatic insufficiency	1		
Exostoses at the ends of long bones	Osteochondroma	HP:0030431	Osteochondroma	1		
Exostoses in the pelvis	Osteochondroma	HP:0030431	Osteochondroma	1		
expanded phalanges	Abnormality of the phalanges of the hand	HP:0005918	Abnormal finger phalanx morphology	1		
Expansion of the ribs	Wide ribs	HP:0000885	Broad ribs	1		
Exposed posterior bladder wall	Bladder exstrophy	HP:0002836	Bladder exstrophy	1		
exposure conjunctivitis	Conjunctivitis	HP:0000509	Conjunctivitis	1		
Exposure keratitis	Keratitis	HP:0000491	Keratitis	1		
Exposure keratopathy and corneal scarring	Keratitis	HP:0000491	Keratitis	1		
Expressive language absent	Absent speech	HP:0001344	Absent speech	1		
Expressive language affected	Expressive language delay	HP:0002474	Expressive language delay	1		
expressive language difficulties	Expressive language delay	HP:0002474	Expressive language delay	1		
Expressive language problems	Expressive language delay	HP:0002474	Expressive language delay	1		
expressive speech delay	Expressive language delay	HP:0002474	Expressive language delay	1		
Exstrophy of the cloaca sequence	Cloacal exstrophy	HP:0010475	Cloacal exstrophy	1		
extensive cerebral and cerebellar deep white matter hyperintensities	Leukoencephalopathy	HP:0002352	Leukoencephalopathy	1		
Extensive polydactyly of feet	Polydactyly of foot	HP:0001829	Foot polydactyly	1	HP:0001829	next:OK
extensor cutaneous plantar signs	Extensor plantar response	HP:0003487	Babinski sign	1		
Extensor plantar reflex	Babinski sign	HP:0003487	Babinski sign	1		
extensor tendons of the elbow xanthomas	Xanthoma	HP:0001114	Xanthelasma	1		
extensor tendons of the hand xanthomas	Xanthoma	HP:0001114	Xanthelasma	1		
Extensor toe signs	Extensor plantar response	HP:0003487	Babinski sign	1		
External ear anomalies	Abnormality of the external ear	HP:0000356	Abnormality of the outer ear	1		
external ear auricle is typically malformed	Abnormality of the external ear	HP:0000356	Abnormality of the outer ear	1		
External ear canal defect	External auditory canal atresia	HP:0000413	Atresia of the external auditory canal	1		
External ear defects	Abnormality of the external ear	HP:0000356	Abnormality of the outer ear	1		
external genitalia ranging from typical male to ambiguous	Ambiguous genitalia	HP:0000062	Ambiguous genitalia	1		
extra carpal bones	Carpal bone fusion	HP:0009702	Carpal synostosis	1		
extra ossicle between the metacarpal/metatarsal and proximal phalanx	Accessory tarsal bone	HP:6000593	Supernumerary tarsal bone	1		
extra ossification at the metacarpophalangeal joint	Accessory carpal bone	HP:0004232	Accessory carpal bones	1	HP:0005917	next:AUTRE Supernumerary metacarpal bone
Extra sacral crease	Sacral dimple	HP:0000960	Sacral dimple	1		
Extra-adrenal sympathetic paraganglioma	Paraganglioma	HP:0002668	Paraganglioma	1		
Extracranial malignant rhabdoid tumor	Rhabdoid tumor	HP:0034557	Rhabdoid tumor	1		
Extracranial melanoma	Cutaneous melanoma	HP:0012056	Cutaneous melanoma	1		
Extrahepatic biliary duct involvement	Biliary tract anomaly	HP:0012440	Abnormal biliary tract morphology	1	HP:0012440	next:OK
extrahepatic biliary ducts	Abnormality of the biliary tract	HP:0001080	Biliary tract abnormality	1	HP:0001080	next:OK
extramedullary erythropoiesis	Extramedullary hematopoiesis	HP:0001978	Extramedullary hematopoiesis	1		
extrapyramidal involvement	Extrapyramidal sign	HP:0002071	Abnormality of extrapyramidal motor function	1	HP:0002071	next:OK
extrapyramidal movements	Extrapyramidal sign	HP:0002071	Abnormality of extrapyramidal motor function	1	HP:0002071	next:OK
Extrapyramidal signs: mild choreoathetoid movements	Chorea	HP:0002072	Chorea	1		
Extrapyramidal signs: mild choreoathetoid movements	Athetosis	HP:0002305	Athetosis	1		
Extrapyramidal/pyramidal involvement	Extrapyramidal signs	HP:0002071	Abnormality of extrapyramidal motor function	1		
Extrapyramidal/pyramidal involvement	Pyramidal signs	HP:0007256	Abnormal pyramidal sign	1		
Extreme brachydactyly	Brachydactyly	HP:0001156	Brachydactyly	1		
Extreme emotion	Emotional lability	HP:0000712	Emotional lability	1		
Extreme fatigue	Fatigue	HP:0012378	Fatigue	1		
extreme hyperkeratosis	Hyperkeratosis	HP:0000962	Hyperkeratosis	1		
Extreme irritability	Irritability	HP:0000737	Irritability	1		
Extreme micromelia	Micromelia	HP:0002983	Micromelia	1		
extreme, progressive apathy and catatonic(-like) behavior	Apathy	HP:0000741	Apathy	1		
Extremely diminished growth velocity	Short stature	HP:0004322	Short stature	1		
Extremely narrow chest	Narrow chest	HP:0000774	Narrow chest	1		
Extremely short metacarpals, metatarsals, and phalanges	Short metacarpals	HP:0010049	Short metacarpal	1		
Extremely short metacarpals, metatarsals, and phalanges	Short metatarsals	HP:0010743	Short metatarsal	1		
Extremely short tubular bones with concave ends	Short tubular bones	HP:0003026	Short long bone	1		
Extremely short tubular bones with concave ends	Abnormality of the epiphyses	HP:0005930	Abnormal epiphysis morphology	1		
extrinsic eye muscles involvement	Abnormality of extraocular muscles	HP:0008049	Abnormality of the extraocular muscles	1	HP:0008049	next:OK
Eye defects ranging from colobomata to microphthalmia	Microphthalmia	HP:0000568	Microphthalmia	1		
Eye defects ranging from colobomata to microphthalmia	Coloboma	HP:0000589	Coloboma	1		
Eye fluttering	Eyelid fluttering	HP:0030826	Eyelid fasciculation	1		
Eye inflammation manifesting as conjunctivitis, periorbital edema, and periorbital pain	Conjunctivitis	HP:0000509	Conjunctivitis	1		
Eye inflammation manifesting as conjunctivitis, periorbital edema, and periorbital pain	Periorbital edema	HP:0100539	Periorbital edema	1		
eyebrow and eyelash hair loss	Hypotrichosis	HP:0008070	Sparse hair	1		
Eyebrow differences	Abnormal eyebrow morphology	HP:0000534	Abnormal eyebrow morphology	1		
Eyelashes, eyebrows, and lanugo are sparse or absent	Absent eyelashes	HP:0000561	Absent eyelashes	1		
Eyelashes, eyebrows, and lanugo are sparse or absent	Sparse hair	HP:0008070	Sparse hair	1		
eyelid dystonia	Blepharospasm	HP:0000643	Blepharospasm	1		
Eyelid ectropion	Ectropion	HP:0000656	Ectropion	1		
eyelid nevus simplex	Nevus simplex	HP:0001052	Nevus flammeus	1		
facial & neck dystonia	Dystonia	HP:0001332	Dystonia	1		
Facial and neck dystonia	Dystonia	HP:0001332	Dystonia	1		
Facial anomalies involving the nasal alae and columella	Abnormality of the nasal alae	HP:0000429	Abnormal morphology of the nasal alae	1		
Facial appearance	Abnormal facial shape	HP:0001999	Abnormal facial shape	1		
Facial bone hypoplasia	Midface hypoplasia	HP:0011800	Midface retrusion	1		
Facial clefts not conforming to usual lines of closure	Cleft lip	HP:0410030	Cleft lip	1		
Facial coarsening	Coarse facial features	HP:0000280	Coarse facial features	1		
Facial deformity	Abnormal facial shape	HP:0001999	Abnormal facial shape	1		
Facial hypertrichosis and hyperpigmentation	Hypertrichosis	HP:0000998	Hypertrichosis	1		
Facial hypomimia	Hypomimia	HP:0000338	Hypomimic face	1		
Facial involvement	Facial weakness	HP:0030319	Weakness of facial musculature	1		
Facial milia	Milia	HP:0001056	Milia	1		
facial muscles involvement	Facial weakness	HP:0030319	Weakness of facial musculature	1		
facial nevus simplex	Nevus simplex	HP:0001052	Nevus flammeus	1		
facial seborrhea	Seborrhea	HP:0001051	Seborrheic dermatitis	1		
Facial skin wrinkling	Facial wrinkling	HP:0009762	Facial wrinkling	1		
Facial telangiectatic erythema	Facial telangiectasia	HP:0007380	Facial telangiectasia	1		
facial-faucial-finger myoclonus	Dystonia	HP:0001332	Dystonia	1		
facial-faucial-finger myoclonus	Myoclonus	HP:0001336	Myoclonus	1		
facio-lingual atrophy	Tongue atrophy	HP:0012473	Tongue atrophy	1		
Faciolingual fasciculations	Fasciculations	HP:0002380	Fasciculations	1		
Failed fusion of posterior neural arches	Spina bifida	HP:0002414	Spina bifida	1		
failed newborn hearing screen	Hearing impairment	HP:0000365	Hearing impairment	1		
Failure of fusion of genital tubercles and pubic rami	Hypospadias	HP:0000047	Hypospadias	1		
failure of fusion of posterior neural arches	Spina bifida	HP:0002414	Spina bifida	1		
Failure of fusion of the posterior neural arches	Spina bifida	HP:0002414	Spina bifida	1		
Failure of lower esophageal sphincter relaxation	Achalasia	HP:0002571	Achalasia	1		
Failure of midline fusion of the neural arches	Spina bifida	HP:0002414	Spina bifida	1		
Failure of neural arch fusion	Spina bifida	HP:0002414	Spina bifida	1		
Failure of ossification of calcaneus	Delayed tarsal ossification	HP:0008103	Delayed tarsal ossification	1		
Failure of ossification of cervical spine	Delayed vertebral ossification	HP:0031096	Delayed vertebral ossification	1		
Failure of ossification of lumbar spine	Delayed vertebral ossification	HP:0031096	Delayed vertebral ossification	1		
Failure of ossification of sacrum	Delayed vertebral ossification	HP:0031096	Delayed vertebral ossification	1		
Failure of ossification of sutures	Delayed closure of cranial sutures	HP:0000270	Delayed cranial suture closure	1	HP:0000270	next:AUTRE Delayed cranial suture closure ? | kimi:OK
Failure of ossification of talus	Delayed tarsal ossification	HP:0008103	Delayed tarsal ossification	1		
failure of primary teeth exfoliation	Delayed tooth eruption	HP:0000684	Delayed eruption of teeth	1		
Failure of sexual maturation	Delayed puberty	HP:0000823	Delayed puberty	1		
Failure of vision	Vision loss	HP:0000572	Visual loss	1		
failure to achieve head control	Hypotonia	HP:0001252	Hypotonia	1		
Failure to feed	Feeding difficulties	HP:0011968	Feeding difficulties	1		
Failure to shed primary teeth	Retention of deciduous teeth	HP:0006335	Persistence of primary teeth	1	HP:0006335	next:OK
Failure to thrive in weight	Failure to thrive	HP:0001508	Failure to thrive	1		
Failure to walk at a normal age	Delayed walking	HP:0031936	Delayed ability to walk	1		
Falling	Falls	HP:0002527	Falls	1		
Falx calcification	Calcification of the falx cerebri	HP:0005462	Calcification of falx cerebri	1	HP:0005462	next:OK
Falx, tentorial, and meningeal calcifications	Intracranial calcification	HP:0430048	Intracranial calcification	1		
Fan-like striations of the iliac bones	Abnormality of the ilium	HP:0002867	Abnormal ilium morphology	1		
fasting ketosis	Ketosis	HP:0001946	Ketosis	1		
fatigue, chronic pain, muscle atrophy, weakness, and sleep disturbances	Fatigue	HP:0012378	Fatigue	1		
fatigue, chronic pain, muscle atrophy, weakness, and sleep disturbances	Chronic pain	HP:0012532	Chronic pain	1		
Fatty infiltration of the myocardium	Myocardial fibrosis	HP:0001685	Myocardial fibrosis	1		
febrile illness-associated episodic encephalopathy	Encephalopathy	HP:0001298	Encephalopathy	1		
Febrile seizure onset in the first year of life	Febrile seizure	HP:0002373	Febrile seizure (within the age range of 3 months to 6 years)	1		
Feeble fetal activity	Decreased fetal movement	HP:0001558	Decreased fetal movement	1		
feeding and swallowing issues	Swallowing difficulties	HP:0002015	Dysphagia	1		
feeding and swallowing issues	Feeding difficulties	HP:0011968	Feeding difficulties	1		
Feeding difficulties during infancy	Feeding difficulties	HP:0011968	Feeding difficulties	1		
Feeding difficulties in infancy, including poor suck and/or reluctance to feed	Feeding difficulties in infancy	HP:0008872	Feeding difficulties in infancy	1		
Feeding difficulties, including swallowing problems	Dysphagia	HP:0002015	Dysphagia	1		
Feeding difficulties, including swallowing problems	Feeding difficulties	HP:0011968	Feeding difficulties	1		
Feeding difficulties, persistent vomiting	Vomiting	HP:0002013	Vomiting	1		
Feeding difficulties, persistent vomiting	Feeding difficulties	HP:0011968	Feeding difficulties	1		
feeding disorder	Feeding difficulties	HP:0011968	Feeding difficulties	1		
Feeding dystonia	Feeding difficulties in infancy	HP:0008872	Feeding difficulties in infancy	1		
Feeding/gastrointestinal issues	Gastrointestinal hemorrhage	HP:0002239	Gastrointestinal hemorrhage	1		
Feeding/gastrointestinal issues	Feeding difficulties in infancy	HP:0008872	Feeding difficulties in infancy	1		
feeling cold	Cold intolerance	HP:6000855	Cold intolerance	1		
female breast cancer	Breast cancer	HP:0003002	Breast carcinoma	1		
Fetal contractures	Fetal akinesia	HP:0001989	Fetal akinesia sequence	1		
fever accompanying swellings	Fever	HP:0001945	Fever	1		
fever following minor head trauma	Fever	HP:0001945	Fever	1		
fibrocystic liver	Hepatic cysts	HP:0001407	Hepatic cysts	1		
Fibromata	Fibroma	HP:0010614	Fibroma	1		
fibrotic changes of the liver	Liver fibrosis	HP:0001395	Hepatic fibrosis	1		
Fibrous dysplasia	Fibrous dysplasia of bone	HP:0010734	Fibrous dysplasia of the bones	1	HP:0010734	next:OK
fibulae shorter than tibiae	Short fibula	HP:0003038	Fibular hypoplasia	1		
Fibular and tibial hypoplasia	Hypoplasia of the tibia	HP:0005736	Short tibia	1		
Fibular ray deficiency	Fibular aplasia	HP:0002990	Fibular aplasia	1		
Field defects	Visual field defect	HP:0001123	Visual field defect	1		
Fifth toe overlapping fourth	Overlapping toes	HP:0001845	Overlapping toe	1		
fifth-digit clinodactyly	Clinodactyly of the fifth finger	HP:0004209	Clinodactyly of the 5th finger	1	HP:0004209	next:OK
Filling of tooth pulps with amorphous denticle-like material	Pulp stones	HP:0003771	Pulp calcification	1		
Final adult height < 100 cm	Short stature	HP:0004322	Short stature	1		
final height between 115 cm and 140 cm	Short stature	HP:0004322	Short stature	1		
Fine intentional tremor	Intention tremor	HP:0002080	Intention tremor	1		
Fine motor delay	Delayed motor development	HP:0001270	Motor delay	1		
Fine porous iris	Iris hypopigmentation	HP:0007730	Iris hypopigmentation	1		
Fine puncta	Punctate corneal dystrophy	HP:0007809	Punctate corneal dystrophy	1		
Fine to moderate intention tremor	Intention tremor	HP:0002080	Intention tremor	1		
Fine tremor	Tremor	HP:0001337	Tremor	1		
Fine white scaling	Scaling of skin	HP:0040189	Scaling skin	1	HP:0040189	next:OK
Fine, dry, and hypochromic hair	Dry hair	HP:0011359	Dry hair	1		
Fine, dry, or sparse and slow growing hair	Sparse hair	HP:0008070	Sparse hair	1		
Fine, dry, or sparse and slow growing hair	Dry hair	HP:0011359	Dry hair	1		
Fine, silky hair	Fine hair	HP:0002213	Fine hair	1		
Fine, soft, and often sparse hair	Abnormal hair morphology	HP:0001595	Abnormal hair morphology	1		
Fine, sparse hair, eyebrows, and lashes	Sparse eyelashes	HP:0000653	Sparse eyelashes	1		
Fine, sparse hair, eyebrows, and lashes	Sparse body hair	HP:0002231	Sparse body hair	1		
fine, sparse, depigmented, and slow-growing hair	Sparse hair	HP:0008070	Sparse hair	1		
fine, whitish scales	Hyperkeratosis	HP:0000962	Hyperkeratosis	1		
Finger V clinodactyly	Clinodactyly of finger	HP:0040019	Finger clinodactyly	1	PARENT:HP:0004209	next:PARENT Clinodactyly of the 5th finger
finger V flexed in ulnar deviation	Ulnar deviation of finger	HP:0009465	Ulnar deviation of finger	1		
finger-chase	Limb ataxia	HP:0002070	Limb ataxia	1		
fingers and toes affected	Abnormality of the hand	HP:0001155	Abnormality of the hand	1		
fingers and toes affected	Abnormality of the foot	HP:0001760	Abnormal foot morphology	1		
First kidney stone	Nephrolithiasis	HP:0000787	Nephrolithiasis	1		
First-degree atrioventricular (AV) block	First degree atrioventricular block	HP:0011705	First degree atrioventricular block	1		
First-degree AV block	First degree atrioventricular block	HP:0011705	First degree atrioventricular block	1		
Fissure of lower lip	Cleft lower lip	HP:0010281	Cleft lower lip	1		
Fisted hands, camptodactyly, overriding fingers, and transverse palmar creases	Overlapping fingers	HP:0010557	Overlapping fingers	1		
Fisted hands, camptodactyly, overriding fingers, and transverse palmar creases	Camptodactyly	HP:0012385	Camptodactyly	1		
fixation-off phenomenon	Fixation-off sensitivity	HP:0025644	Fixation-off epileptiform discharges	1		
Fixed dysarthria	Dysarthria	HP:0001260	Dysarthria	1		
Fixed flexion joint contractures	Joint contracture	HP:0034392	Joint contracture	1		
fixed limb contractures	Contracture	HP:0034392	Joint contracture	1		
fixed muscle weakness	Muscle weakness	HP:0001324	Muscle weakness	1		
Fixed narrow mouth	Microstomia	HP:0000160	Narrow mouth	1		
Flaccid limb weakness	Hypotonia	HP:0001252	Hypotonia	1		
flapping tremors	Asterixis	HP:0012164	Asterixis	1		
Flare to pelvis	Flared iliac wings	HP:0002869	Flared iliac wing	1		
Flared iliac crests	Flared iliac wings	HP:0002869	Flared iliac wing	1		
Flared metaphyses of long tubular bones	Flared metaphyses	HP:0003015	Flared metaphysis	1	HP:0003015	next:OK
Flared pelvis	Flared iliac wings	HP:0002869	Flared iliac wing	1		
Flared thorax	Barrel chest	HP:0001552	Barrel-shaped chest	1		
Flared upper incisors	Protruding upper incisors	HP:0025009	Forward slanting upper incisors	1		
flaring eyebrows	Flared eyebrows	HP:0011229	Broad eyebrow	1		
Flaring of the metaphyses	Metaphyseal flaring	HP:0003015	Flared metaphysis	1		
Flat acetabulum	Shallow acetabulum	HP:0003182	Shallow acetabular fossae	1		
Flat and broad vertebral bodies	Platyspondyly	HP:0000926	Platyspondyly	1		
Flat and irregular capital epiphyses	Abnormality of the femoral head epiphysis	HP:0010574	Abnormality of the epiphysis of the femoral head	1	HP:0010574	next:OK
Flat appearance of the face on profile view	Flat facial profile	HP:0012368	Flat face	1		
Flat broad nasal bridge	Flat nasal bridge	HP:0005280	Depressed nasal bridge	1		
flat distal femoral epiphyses	Abnormality of the femoral head	HP:0003368	Abnormal femoral head morphology	1		
Flat epiphyses of the phalanges	Epiphyseal dysplasia	HP:0002656	Epiphyseal dysplasia	1		
Flat facial appearance	Flat face	HP:0012368	Flat face	1		
flat hemangioma	Hemangioma	HP:0001028	Hemangioma	1		
Flat vertebrae	Flat vertebral bodies	HP:0000926	Platyspondyly	1		
Flat, irregular acetabulae	Acetabular dysplasia	HP:0008807	Acetabular dysplasia	1		
Flat, irregular epiphyseal ossification	Irregular epiphyses	HP:0010582	Irregular epiphyses	1		
Flat, relatively wide proximal femoral epiphyses	Flat proximal femoral epiphyses	HP:0003370	Flat capital femoral epiphysis	1		
Flatness of the ossification centers of the vertebral bodies	Abnormal vertebral epiphysis morphology	HP:0100734	Abnormal vertebral epiphysis morphology	1		
Flatness, immaturity, and anterior ossification defects of the vertebral bodies	Delayed skeletal maturation	HP:0002750	Delayed skeletal maturation	1		
Flatness, immaturity, and anterior ossification defects of the vertebral bodies	Abnormal vertebral morphology	HP:0003468	Abnormal vertebral morphology	1		
Flattened acetabulum	Shallow acetabulum	HP:0003182	Shallow acetabular fossae	1		
flattened and deformed capital femoral epiphyses	Abnormality of the femoral head	HP:0003368	Abnormal femoral head morphology	1		
Flattened and widened proximal femoral epiphyses	Abnormal femoral head morphology	HP:0003368	Abnormal femoral head morphology	1		
Flattened ears	Low-set ears	HP:0000369	Low-set ears	1		
Flattened epiphyses at the knees and shoulders	Epiphyseal dysplasia	HP:0002656	Epiphyseal dysplasia	1		
flattened joint surface of radius and ulna	Abnormal radius morphology	HP:0002818	Abnormal morphology of the radius	1	HP:0002818	next:OK
flattened joint surface of radius and ulna	Abnormal ulna morphology	HP:0040071	Abnormal morphology of ulna	1	HP:0040071	next:OK
Flattened metacarpal epiphyses	Abnormality of the metacarpal epiphyses	HP:0005913	Abnormal metacarpal epiphysis morphology	1	HP:0005913	next:OK
flattened midface	Flat face	HP:0012368	Flat face	1		
Flattened occiput	Flat occiput	HP:0005469	Flat occiput	1		
Flattening of epiphyses	Epiphyseal dysplasia	HP:0002656	Epiphyseal dysplasia	1		
Flattening of the antihelix	Abnormal helix morphology	HP:0011039	Abnormal helix morphology	1		
Flattening of the capital femoral epiphyses	Epiphyseal dysplasia	HP:0002656	Epiphyseal dysplasia	1		
Flattening of the capital femoral epiphyses	Flattened femoral head	HP:0008812	Flattened femoral head	1		
Flattening of the epiphyses	Epiphyseal dysplasia	HP:0002656	Epiphyseal dysplasia	1		
flattening of the forehead	Flat forehead	HP:0004425	Flat forehead	1		
Flattening of vertebrae	Flat vertebral bodies	HP:0000926	Platyspondyly	1		
Flattening, dorsal wedging, sclerosis of the vertebral bodies	Vertebral compression fracture	HP:0002953	Vertebral compression fracture	1		
Flattening, dorsal wedging, sclerosis of the vertebral bodies	Increased bone density	HP:0011001	Increased bone mineral density	1		
Fleshy nasal tip	Broad nasal tip	HP:0000455	Broad nasal tip	1		
Fleshy protrusion at the back of the heel	Prominent calcaneus	HP:0012428	Prominent calcaneus	1		
flexed finger joints	Finger flexion contracture	HP:0012785	Flexion contracture of finger	1	HP:0012785	next:OK
Flexed fingers	Flexion contracture of finger	HP:0012785	Flexion contracture of finger	1		
flexed hip joints	Hip flexion contracture	HP:0020025	Hip flexion contracture	1		
flexed knee joints	Knee flexion contracture	HP:0006380	Knee flexion contracture	1		
Flexed toes	Flexion contracture of toe	HP:0005830	Flexion contracture of toe	1		
Flexed wrists and hands	Flexion contracture of wrist	HP:0001239	Wrist flexion contracture	1	HP:0001239	next:OK
flexion and abduction at the hips	Hip flexion contracture	HP:0020025	Hip flexion contracture	1		
flexion at the elbows	Flexion contracture of elbow	HP:0002987	Elbow flexion contracture	1	HP:0002987	next:OK
Flexion contractions of elbows, wrists, and fingers	Contracture of elbow	HP:0034391	Elbow contracture	1	HP:0034391	next:OK
flexion contracture of other joints	Flexion contracture	HP:0001371	Flexion contracture	1		
Flexion contractures at elbows and knees	Flexion contracture of the elbow	HP:0002987	Elbow flexion contracture	1	HP:0002987	next:OK
Flexion contractures at elbows and knees	Flexion contracture of the knee	HP:0006380	Knee flexion contracture	1	HP:0006380	next:OK
Flexion contractures involving elbows, shoulders, hips, knees, ankles, hands, and feet	Flexion contracture of elbow	HP:0002987	Elbow flexion contracture	1	HP:0002987	next:OK
Flexion contractures involving elbows, shoulders, hips, knees, ankles, hands, and feet	Flexion contracture of shoulder	HP:0003044	Shoulder flexion contracture	1	HP:0003044	next:OK
Flexion contractures of fingers and toes	Contracture of the toe	HP:0005830	Flexion contracture of toe	1	HP:0005830	next:OK
Flexion contractures of hips and knees	Flexion contracture of knee	HP:0006380	Knee flexion contracture	1	HP:0006380	next:OK
Flexion contractures of hips and knees	Flexion contracture of hip	HP:0020025	Hip flexion contracture	1	HP:0020025	next:OK
Flexion deformity of index finger	Flexion contracture of finger	HP:0012785	Flexion contracture of finger	1		
Flexion of fingers	Thick skin	HP:0001072	Thickened skin	1		
Flexion of PIP joints	Flexion contracture of finger	HP:0012785	Flexion contracture of finger	1		
Flexion of the fingers gives the hands a cup-shaped form	Abnormal hand shape	HP:0005922	Abnormal hand morphology	1		next:AUTRE Cupped hand ?
flexion of the wrists	Flexion contracture of wrist	HP:0001239	Wrist flexion contracture	1	HP:0001239	next:OK
floppiness	Hypotonia	HP:0001252	Hypotonia	1		
floppy, flipper-like foot	Clubfoot	HP:0001762	Talipes equinovarus	1		
fluctuating hypertonia	Hypertonia	HP:0001276	Hypertonia	1		
fluctuating hypotonia	Hypotonia	HP:0001252	Hypotonia	1		
Fluid accumulation in middle ear	Otitis media	HP:0000388	Otitis media	1		
focal aplastic skin defects	Aplasia/Hypoplasia of skin	HP:0008065	Aplasia/Hypoplasia of the skin	1	HP:0001057	next:AUTRE Aplasia cutis congenita
Focal areas of encephalomalacia	Encephalomalacia	HP:0040197	Encephalomalacia	1		
Focal atrophy of the cerebellum	Cerebellar atrophy	HP:0001272	Cerebellar atrophy	1		
Focal atrophy of the cortex	Cerebral atrophy	HP:0002059	Cerebral atrophy	1		
Focal bony defects of the metaphyses	Metaphyseal irregularity	HP:0003025	Metaphyseal irregularity	1		
Focal clonic activity	Focal seizures	HP:0007359	Focal-onset seizure	1		
focal cortical abnormalities	Abnormality of the cerebral cortex	HP:0002538	Abnormal cerebral cortex morphology	1		
focal epilepsy	Focal seizures	HP:0007359	Focal-onset seizure	1		
Focal epileptiform abnormalities	Abnormality of the electroencephalogram	HP:0002353	EEG abnormality	1		next:AUTRE Focal epileptiform discharges ?
Focal epileptiform abnormalities on EEG	Abnormal EEG	HP:0002353	EEG abnormality	1		
focal hypomyelination	Hypomyelination	HP:0003429	CNS hypomyelination	1		
Focal motor features	Focal onset seizure	HP:0007359	Focal-onset seizure	1		
Focal onset with tonic stiffening of limb(s)	Focal onset seizure	HP:0007359	Focal-onset seizure	1		
Focal pachygyria	Pachygyria	HP:0001302	Pachygyria	1		
Focal sclerosis of the skull base	Osteosclerosis of the skull base	HP:0005746	Osteosclerosis of the base of the skull	1		
Focal skin aplasia/hypoplasia on the scalp	Aplasia/Hypoplasia of the skin	HP:0008065	Aplasia/Hypoplasia of the skin	1		
Focal spike and wave discharges	Abnormality of the electroencephalogram	HP:0002353	EEG abnormality	1		next:AUTRE Focal spike and wave discharges ?
focal spinal stenosis	Spinal canal stenosis	HP:0003416	Spinal canal stenosis	1		
Focal stenosis of segments of the pulmonary arteries and/or aorta	Pulmonary artery stenosis	HP:0004415	Pulmonary artery stenosis	1		
Focal tubular atrophy	Tubular atrophy	HP:0000092	Renal tubular atrophy	1		
Focal weakness, atrophy, or sensory loss	Muscle atrophy	HP:0003202	Skeletal muscle atrophy	1		
Focal white matter signal abnormalities	Abnormality of white matter	HP:0002500	Abnormal cerebral white matter morphology	1		next:AUTRE Abnormal cerebral white matter signal intensity ?
Focal, multifocal, or generalized dystonia	Dystonia	HP:0001332	Dystonia	1		
Foci of necrosis with mineralization	Intracranial calcification	HP:0430048	Intracranial calcification	1		
Follicular keratoses	Keratosis pilaris	HP:0032152	Keratosis pilaris	1		
Follicular keratoses on the trunk and extremities	Keratosis pilaris	HP:0032152	Keratosis pilaris	1		
Food fads	Pica	HP:0011856	Pica	1		
Food seeking and obsessive compulsive behaviors	Obsessive-compulsive disorder	HP:0000722	Compulsive behaviors	1		
Food seeking and obsessive compulsive behaviors	Hyperphagia	HP:0002591	Polyphagia	1		
foot anomalies	Foot deformity	HP:0001760	Abnormal foot morphology	1		
Foot deformities including clubfeet	Clubfoot	HP:0001762	Talipes equinovarus	1		
Foot deformities including talipes equinovarus, pes planus, and talipes calcaneovalgus	Talipes equinovarus	HP:0001762	Talipes equinovarus	1		
Foot deformities including talipes equinovarus, pes planus, and talipes calcaneovalgus	Pes planus	HP:0001763	Pes planus	1		
foot drag	Foot drop	HP:0009027	Foot dorsiflexor weakness	1		
foot dystonia	Dystonia	HP:0001332	Dystonia	1		
Foot malformations	Abnormality of the foot	HP:0001760	Abnormal foot morphology	1		
foot malposition	Foot deformity	HP:0001760	Abnormal foot morphology	1		
Foot position anomalies	Abnormal foot morphology	HP:0001760	Abnormal foot morphology	1		
Foot positional defects	Foot deformity	HP:0001760	Abnormal foot morphology	1		
Foot positioning defects	Abnormal foot morphology	HP:0001760	Abnormal foot morphology	1		
forceful palpitations	Palpitations	HP:0001962	Palpitations	1		
forwardly directed anterior dentition	Prognathism	HP:0000303	Mandibular prognathia	1		
Fossa acetabulae hypoplasia	Acetabular dysplasia	HP:0008807	Acetabular dysplasia	1		
Four-limb dystonia	Dystonia	HP:0001332	Dystonia	1		
Fourth and fifth toe syndactyly	Syndactyly of toes	HP:0001770	Toe syndactyly	1		
foveal hypoplasia/aplasia	Foveal hypoplasia	HP:0007750	Hypoplasia of the fovea	1		
fractures of the humerus and tibia	Fracture of the humerus	HP:0041055	Fractured humerus	1		
fractures of the humerus and tibia	Fracture of the tibia	HP:0041143	Fractured tibia	1		
Fragile connective tissue	Connective tissue abnormality	HP:0003549	Abnormality of connective tissue	1	NON	next:NON
fragility of the skin and mucous membranes	Skin fragility	HP:0001030	Fragile skin	1		
Fragmented and deformed upper femoral epiphyses	Abnormal femoral head morphology	HP:0003368	Abnormal femoral head morphology	1		
Frank cleft palate	Cleft palate	HP:0000175	Cleft palate	1		
Frank growth hormone deficiency	Growth hormone deficiency	HP:0034323	Reduced circulating growth hormone concentration	1		
Frank microphthalmia	Microphthalmia	HP:0000568	Microphthalmia	1		
Freckles	Nevus	HP:0003764	Nevus	1		
Freezing	Freezing of gait	HP:0031825	Freezing of gait	1		
Frequent awakenings	Sleep disturbance	HP:0002360	Sleep disturbance	1		
frequent clusters of focal seizures	Focal seizures	HP:0007359	Focal-onset seizure	1		
frequent falling	Falls	HP:0002527	Falls	1		
Frequent nighttime waking	Sleep disturbance	HP:0002360	Sleep disturbance	1		
frequent otitis	Recurrent otitis media	HP:0000403	Recurrent otitis media	1		
Frequent sinopulmonary infections	Growth hormone deficiency	HP:0034323	Reduced circulating growth hormone concentration	1		
Friability	Skin fragility	HP:0001030	Fragile skin	1		
Friable skin in light-exposed areas	Skin fragility	HP:0001030	Fragile skin	1		
Frontal and temporal bossing of the skull	Frontal bossing	HP:0002007	Frontal bossing	1		
Frontal and temporal bossing of the skull	Temporal bossing	HP:0032569	Temporal bossing	1		
Frontal bossing / prominent forehead	Frontal bossing	HP:0002007	Frontal bossing	1		
Frontal bossing, flat facies with a depressed nasal bridge, ocular proptosis	Frontal bossing	HP:0002007	Frontal bossing	1		
Frontal bossing, flat facies with a depressed nasal bridge, ocular proptosis	Flat face	HP:0012368	Flat face	1		
Frontal osteomas	Osteoma	HP:0100246	Osteoma	1		
Frontoparietal bossing	Frontal bossing	HP:0002007	Frontal bossing	1		
Frontotemporal hypoplasia / open opercula	Open operculum	HP:0100954	Open operculum	1		
Full cheeks and prominent midface	Full cheeks	HP:0000293	Full cheeks	1		
Full forehead	Frontal bossing	HP:0002007	Frontal bossing	1		
full forehead	Prominent forehead	HP:0011220	Prominent forehead	1		
Functional visual impairment	Abnormality of refraction	HP:0000539	Abnormality of refraction	1		
Fungal infections	Recurrent fungal infections	HP:0002841	Recurrent fungal infections	1		
Fused and hypoplastic labia	Hypoplasia of the labia majora	HP:0000059	Hypoplastic labia majora	1		next:AUTRE Hypoplastic labia majora ?
Fused and round metatarsals and phalanges	Abnormality of the tarsal bones	HP:0001850	Abnormality of the tarsal bones	1		
fused cervical and/or thoracic vertebrae	Vertebral fusion	HP:0002948	Vertebral fusion	1		
Fused olfactory placodes into proboscis	Proboscis	HP:0012806	Proboscis	1		
fused phalanges and carpal bones	Carpal fusion	HP:0009702	Carpal synostosis	1		
fused remnants of radial and ulnar ray fingers	Cleft hand	HP:0100257	Ectrodactyly	1		
fused third, fourth, and fifth metatarsals with cuneiform and cuboid bones	Abnormality of the tarsal bones	HP:0001850	Abnormality of the tarsal bones	1		
fused/absent carpal bones	Carpal bone fusion	HP:0009702	Carpal synostosis	1		
Fusiform swelling and bowing of the tubular bones	Bowing of long bones	HP:0006487	Bowing of the long bones	1		
fusion anomalies of the cervical spine	Cervical spine fusion	HP:0002949	Fused cervical vertebrae	1		
Fusion between adjacent metatarsals	Syndactyly	HP:0001159	Syndactyly	1		
Fusion between adjacent metatarsals	Fusion of metatarsals	HP:0001440	Metatarsal synostosis	1		
fusion of carpal bones in females	Fusion of carpal bones	HP:0009702	Carpal synostosis	1		
fusion of cuneiform and navicular bones in females	Fusion of tarsal bones	HP:0008368	Tarsal synostosis	1	HP:0008368	next:OK
Fusion of hamate and capitate bones	Fusion of carpal bones	HP:0009702	Carpal synostosis	1		
Fusion of metacarpals and/or phalanges	Syndactyly	HP:0001159	Syndactyly	1		
fusion of metatarsal cuneiform and navicular bones	Fusion of tarsal bones	HP:0008368	Tarsal synostosis	1	PARENT:HP:0001850	next:AUTRE Tarsal synostosis ? | kimi:PARENT
fusion of metatarsals in females	Fusion of metatarsals	HP:0001440	Metatarsal synostosis	1		
Fusion of metatarsals IV and V	Syndactyly of toes	HP:0001770	Toe syndactyly	1		
Fusion of nails within the syndactyly	Syndactyly	HP:0001159	Syndactyly	1		
Fusion of posterior elements of C2/C3	Fusion of cervical vertebrae	HP:0002949	Fused cervical vertebrae	1		
fusion of scaphoid and lunate bones	Fusion of carpal bones	HP:0009702	Carpal synostosis	1		
Fusion of superior helix to scalp	Preauricular skin tag	HP:0000384	Preauricular skin tag	1		
fusion of the capitate and hamate bones	Carpal fusion	HP:0009702	Carpal synostosis	1		
fusion of the cuneiform and navicular	Tarsal fusion	HP:0008368	Tarsal synostosis	1		
fusion of the metacarpals/phalanges	Syndactyly	HP:0001159	Syndactyly	1		
fusion of the trapezoid and scaphoid	Carpal fusion	HP:0009702	Carpal synostosis	1		
fusion of the triquetrum and hamate	Abnormality of the carpal bones	HP:0001191	Abnormal carpal morphology	1		
fusion of trapezoid and scaphoid	Fusion of carpal bones	HP:0009702	Carpal synostosis	1		
fusion of triquetral and pisiform bones	Fusion of carpal bones	HP:0009702	Carpal synostosis	1		
Fusion of triquetrum and hamate	Carpal fusion	HP:0009702	Carpal synostosis	1		
Fusion of vertebrae	Vertebral fusion	HP:0002948	Vertebral fusion	1		
Fusion with the index finger	Syndactyly of fingers	HP:0006101	Finger syndactyly	1	HP:0006101	next:OK
fusions of digits	Syndactyly	HP:0001159	Syndactyly	1		
gait alteration	Gait abnormality	HP:0001288	Gait disturbance	1	HP:0001288	next:OK
gait and motor impairment	Abnormality of gait	HP:0001288	Gait disturbance	1		next:AUTRE Abnormality of gait ?
Gait anomalies	Abnormal gait	HP:0001288	Gait disturbance	1		
gait ataxia alone	Gait ataxia	HP:0002066	Gait ataxia	1		
Gait change / loss of ambulation	Loss of ambulation	HP:0002505	Loss of ambulation	1		
Gait incoordination	Gait ataxia	HP:0002066	Gait ataxia	1		
gait myotonia	Myotonia	HP:0002486	Myotonia	1		
Gallbladder cancer	Gallbladder neoplasm	HP:0100575	Neoplasm of the gallbladder	1	HP:0100575	next:OK
gassiness	Abdominal distension	HP:0003270	Abdominal distention	1		
gastric fundic gland polyposis	Gastric polyposis	HP:0033769	Fundic gland polyposis	1		
Gastric pseudovolvulus	Gastric volvulus	HP:6000384	Gastric volvulus	1		
Gastric signet ring cell carcinoma in situ	Gastric cancer	HP:0012126	Stomach cancer	1		
Gastric ulceration	Gastric ulcer	HP:0002592	Gastric ulcer	1		
Gastric/duodenal ulcers	Peptic ulcer	HP:0004398	Peptic ulcer	1		
Gastroesophageal incoordination	Gastroesophageal reflux	HP:0002020	Gastroesophageal reflux	1		
Gastroesophageal varices	Scoliosis	HP:0002650	Scoliosis	1		
Gastrointestinal abnormalities	Abnormality of the gastrointestinal tract	HP:0011024	Abnormality of the gastrointestinal tract	1		
Gastrointestinal abnormalities	Abnormality of the digestive system	HP:0025031	Abnormality of the digestive system	1		
Gastrointestinal and gastroesophageal complications	Gastroesophageal reflux disease	HP:0002020	Gastroesophageal reflux	1		
Gastrointestinal disease	Gastrointestinal inflammation	HP:0004386	Gastrointestinal inflammation	1		
gastrointestinal diseases resulting in diarrhea	Diarrhea	HP:0002014	Diarrhea	1		
gastrointestinal disturbance	Abnormality of the gastrointestinal tract	HP:0011024	Abnormality of the gastrointestinal tract	1		
Gastrointestinal dysfunction with vomiting crises	Vomiting	HP:0002013	Vomiting	1		
Gastrointestinal granuloma	Granuloma	HP:0032252	Granuloma	1		
gastrointestinal malabsorption	Malabsorption	HP:0002024	Malabsorption	1		
gastrointestinal malrotation	Intestinal malrotation	HP:0002566	Intestinal malrotation	1		
gastrointestinal manifestations	Abnormality of the gastrointestinal tract	HP:0011024	Abnormality of the gastrointestinal tract	1		
gastrointestinal manifestations	Abnormality of the digestive system	HP:0025031	Abnormality of the digestive system	1		
Gastrointestinal nodules	Gastrointestinal polyps	HP:0200008	Intestinal polyposis	1		
Gastrointestinal problems	Abnormality of the gastrointestinal tract	HP:0011024	Abnormality of the gastrointestinal tract	1		
Gastrointestinal tract anomalies	Abnormality of the gastrointestinal tract	HP:0011024	Abnormality of the gastrointestinal tract	1		
gastrointestinal/feeding problems	Feeding difficulties	HP:0011968	Feeding difficulties	1		
gaze apraxia	Oculomotor apraxia	HP:0000657	Oculomotor apraxia	1		
Gaze nystagmus	Nystagmus	HP:0000639	Nystagmus	1		
Gaze restriction	Abnormality of eye movements	HP:0000496	Abnormality of eye movement	1	PARENT:HP:0012373	next:PARENT
GE reflux	Gastroesophageal reflux	HP:0002020	Gastroesophageal reflux	1		
gelastic cataplexy	Gelastic seizures	HP:0010821	Focal emotional seizure with laughing	1		
general brain atrophy	Cerebral atrophy	HP:0002059	Cerebral atrophy	1		
general growth retardation	Short stature	HP:0004322	Short stature	1		
Generalized atrophy	Muscle atrophy	HP:0003202	Skeletal muscle atrophy	1		
Generalized continuous stiffness	Muscle stiffness	HP:0003552	Muscle stiffness	1		
Generalized discharges in slow-wave sleep	Abnormal EEG	HP:0002353	EEG abnormality	1		
generalized fine, white scaling	Hyperkeratosis	HP:0000962	Hyperkeratosis	1		
Generalized flattening of the vertebral bodies	Flattened vertebral bodies	HP:0000926	Platyspondyly	1		
Generalized joint limitations	Joint stiffness	HP:0001387	Joint stiffness	1		
Generalized lack of ossification	Osteopenia	HP:0000938	Osteopenia	1		
Generalized large-amplitude intermediate slow activity	Abnormal electroencephalogram	HP:0002353	EEG abnormality	1		
Generalized loss of height of vertebral bodies	Vertebral compression fracture	HP:0002953	Vertebral compression fracture	1		
Generalized slow wave activity	Abnormality of the electroencephalogram	HP:0002353	EEG abnormality	1	PARENT:HP:0030178	next:PARENT
Generalized slowing on EEG	Abnormal EEG	HP:0002353	EEG abnormality	1		
Generalized spike and wave discharges	Abnormality of the electroencephalogram	HP:0002353	EEG abnormality	1	PARENT:HP:0030178	next:PARENT
Generalized spike-wave complexes on EEG	Abnormal EEG	HP:0002353	EEG abnormality	1		
Generalized tonic-clonic, myoclonic, and mixed seizure types	Seizures	HP:0001250	Seizure	1		
Generalized tonic-colonic seizures	Generalized tonic-clonic seizures	HP:0002069	Bilateral tonic-clonic seizure	1	HP:0002069	next:OK
generalized tonic–clonic seizures	Generalized tonic-clonic seizures	HP:0002069	Bilateral tonic-clonic seizure	1	HP:0002069	next:OK
generous extra-axial cerebrospinal fluid spaces	Enlarged subarachnoid space	HP:0012704	Widened subarachnoid space	1		
genital abnormalities in males	Abnormality of the male genitalia	HP:0010461	Abnormality of the male genitalia	1		
genital ambiguity	Ambiguous genitalia	HP:0000062	Ambiguous genitalia	1		
Genital anomalies frequency	Genital anomalies	HP:0000078	Abnormality of the genital system	1		
Genital anomalies in males	Genital anomalies	HP:0000078	Abnormality of the genital system	1		
Genital anomalies in males	Abnormality of the male genitalia	HP:0010461	Abnormality of the male genitalia	1		
Genital anomalies including shawl scrotum, micropenis, and cryptorchidism	Shawl scrotum	HP:0000049	Shawl scrotum	1		
Genital anomalies including shawl scrotum, micropenis, and cryptorchidism	Micropenis	HP:0000054	Micropenis	1		
genitourinary anomalies in males	Abnormality of the genitourinary system	HP:0000119	Abnormality of the genitourinary system	1		
Genitourinary granuloma	Granuloma	HP:0032252	Granuloma	1		
genitourinary issues	Abnormality of the genitourinary system	HP:0000119	Abnormality of the genitourinary system	1		
Genitourinary malformations	Hand anomaly	HP:0001155	Abnormality of the hand	1	HP:0000119	next:AUTRE Abnormality of the genitourinary system
genitourinary manifestations	Abnormality of the genitourinary system	HP:0000119	Abnormality of the genitourinary system	1		
Genu valga and vera	Genu valgum	HP:0002857	Genu valgum	1		
Genu valgum / genu varum	Genu valgum	HP:0002857	Genu valgum	1		
Genu valgum / genu varum	Genu varum	HP:0002970	Genu varum	1		
Genu valgum/varum	Genu valgum	HP:0002857	Genu valgum	1		
Genu valgum/varum	Genu varum	HP:0002970	Genu varum	1		
Gibbus	Kyphosis	HP:0002808	Kyphosis	1		
Gibbus deformity of the lower spine	Kyphosis	HP:0002808	Kyphosis	1		
Gingival thickening	Gingival hyperplasia	HP:0000212	Gingival overgrowth	1		
glabellar and eyelid nevus simplex	Nevus simplex	HP:0001052	Nevus flammeus	1		
Glabellar cutaneous hemangioma	Hemangioma	HP:0001028	Hemangioma	1		
Glaucoma / elevated intraocular pressure	Glaucoma	HP:0000501	Glaucoma	1		
Glaucoma / elevated intraocular pressure	Elevated intraocular pressure	HP:0007906	Ocular hypertension	1		
global atrophy	Brain atrophy	HP:0012444	Brain atrophy	1		
global cognitive decline	Intellectual disability	HP:0001249	Intellectual disability	1		
global cognitive delay	Global developmental delay	HP:0001263	Global developmental delay	1		
Global dementia	Dementia	HP:0000726	Dementia	1		
global neurodevelopmental impairment	Global developmental delay	HP:0001263	Global developmental delay	1		
glomerular basement membrane thickening, lamellation, and scalloping	Glomerular basement membrane thickening	HP:0004722	Thickened glomerular basement membrane	1	PARENT:HP:0033282	next:PARENT
glomerular cysts	Renal cysts	HP:0000107	Renal cyst	1	PARENT:HP:0012210	next:PARENT
glomerular filtration rate decrease	Decreased glomerular filtration rate	HP:0012213	Decreased glomerular filtration rate	1		
glomerular nephropathy	Glomerulonephritis	HP:0000099	Glomerulonephritis	1		
Glycogenic acanthosis	Acanthosis nigricans	HP:0000956	Acanthosis nigricans	1		
Gonadotrophin resistance	Hypogonadotropic hypogonadism	HP:0000044	Hypogonadotropic hypogonadism	1		
Gout reported in five of 75 affected individuals	Gout	HP:0001997	Gout	1		
Gower maneuver	Gowers sign	HP:0003391	Gowers sign	1		
gracile diaphyses	Slender long bones	HP:0003100	Slender long bone	1	HP:0003100	next:OK
grade 1 foveal hypoplasia	Foveal hypoplasia	HP:0007750	Hypoplasia of the fovea	1		
gradual onset and slow progression of dysphagia	Dysphagia	HP:0002015	Dysphagia	1		
gradual onset and slow progression of personality changes	Personality change	HP:0000751	Personality changes	1		
Granuloma formation	Granuloma	HP:0032252	Granuloma	1		
gray and white matter atrophy	Cerebral atrophy	HP:0002059	Cerebral atrophy	1		
Gray and white matter volume loss	Cerebral atrophy	HP:0002059	Cerebral atrophy	1		
Greek warrior helmet appearance of nose	Beaked nose	HP:0000444	Convex nasal ridge	1		
Greyish-blue sclerae	Blue sclerae	HP:0000592	Blue sclerae	1		
Grimace	Facial grimacing	HP:0000273	Facial grimacing	1		
Grimacing	Facial grimacing	HP:0000273	Facial grimacing	1		
Gross defects in cardiac septation	Ventricular septal defect	HP:0001629	Ventricular septal defect	1		
Gross defects in cardiac septation	Atrial septal defect	HP:0001631	Atrial septal defect	1		
Gross demineralization of calvarium and facial bones	Osteopenia	HP:0000938	Osteopenia	1		
Gross malformations of posterior fossa structures	Abnormality of the posterior fossa	HP:0000932	Abnormal posterior cranial fossa morphology	1		
gross motor development delay	Delayed motor development	HP:0001270	Motor delay	1		
gross motor skills impairment	Impaired fine motor skills	HP:0007010	Poor fine motor coordination	1		
gross neurologic defects	Abnormality of the nervous system	HP:0000707	Abnormality of the nervous system	1		
Gross retardation of the carpotarsal and epiphyseal ossification	Delayed carpal ossification	HP:0001216	Delayed ossification of carpal bones	1		
grossly defective ossification of femoral epiphyses	Abnormality of the femoral head epiphysis	HP:0010574	Abnormality of the epiphysis of the femoral head	1	PARENT:HP:0003368	next:PARENT
grossly enlarged ventricles	Ventriculomegaly	HP:0002119	Ventriculomegaly	1		
Grossly evident exostosis in the hand	Osteochondroma	HP:0030431	Osteochondroma	1		
growth and musculoskeletal abnormalities	Abnormality of the musculoskeletal system	HP:0033127	Abnormality of the musculoskeletal system	1		
Growth below 3rd percentile	Short stature	HP:0004322	Short stature	1		
Growth deficiency / short stature	Short stature	HP:0004322	Short stature	1		
Growth deficiency and short stature	Growth deficiency	HP:0001510	Growth delay	1		
Growth deficiency and short stature	Short stature	HP:0004322	Short stature	1		
Growth failure at birth	Intrauterine growth retardation	HP:0001511	Intrauterine growth retardation	1		
growth problems	Abnormality of body height	HP:0000002	Abnormality of body height	1		
Growth restriction	Ectopic kidney	HP:0000086	Ectopic kidney	1	HP:0001510	next:AUTRE Growth delay
Growth restriction	Small kidney	HP:0000089	Renal hypoplasia	1	HP:0001510	next:AUTRE Growth delay
Growth restriction	Growth abnormality	HP:0001507	Growth abnormality	1	PARENT:HP:0000118	next:PARENT
Growth restriction / short stature	Short stature	HP:0004322	Short stature	1		
Growth retardation / failure to thrive	Failure to thrive	HP:0001508	Failure to thrive	1		
Growth retardation / failure to thrive	Growth retardation	HP:0001510	Growth delay	1		
Gyral simplification	Simplified gyral pattern	HP:0009879	Simplified gyral pattern	1		
Habitual eye poking	Eye poking	HP:0001483	Eye poking	1		
habitual tongue and lip biting resulting in self-mutilation	Self-mutilation	HP:0000742	Self-mutilation	1		
Hair changes	Abnormal hair morphology	HP:0001595	Abnormal hair morphology	1		
Hair growth on lateral forehead	Hirsutism	HP:0001007	Hirsutism	1		
Hair loss in clumps	Alopecia	HP:0001596	Alopecia	1		
hair tufts	Hypertrichosis	HP:0000998	Hypertrichosis	1		
Hair unable to be combed	Uncombable hair	HP:0030056	Uncombable hair	1		
Hairless fatty tissue nevus of the scalp (nevus psiloliparus)	Nevus psiloliparus	HP:0034587	Nevus psiloliparus	1		
Hamartoma of hypothalamus	Hypothalamic hamartoma	HP:0002444	Hypothalamic hamartoma	1		
Hamartomatous polyps in urinary bladder	Hamartoma of urinary bladder	HP:0034970	Urinary bladder hamartoma	1	HP:0034970	next:OK
Hammer position of great toes	Hammer toe	HP:0001765	Hammertoe	1		
Hand and finger clumsiness	Clumsiness	HP:0002312	Clumsiness	1		
Hand biting	Self-injurious behavior	HP:0100716	Self-injurious behavior	1		
Hand postural and action tremor	Tremor	HP:0001337	Tremor	1		
Hand wasting	Muscle atrophy	HP:0003202	Skeletal muscle atrophy	1		
Hand/foot drop	Foot drop	HP:0009027	Foot dorsiflexor weakness	1		
Hand/foot syndactyly	Syndactyly of foot	HP:0001770	Toe syndactyly	1	HP:0001159	next:AUTRE Syndactyly
Hands and feet appear relatively large	Large hands	HP:0001176	Large hands	1		
Happy personality	Happy demeanor	HP:0040082	Happy demeanor	1		
Hard soft tissue nodules	Subcutaneous nodule	HP:0001482	Subcutaneous nodule	1		
Harlequin appearance	Ichthyosis	HP:0008064	Ichthyosis	1		
head and eye deviation	Abnormality of eye movements	HP:0000496	Abnormality of eye movement	1		next:AUTRE Abnormality of eye movement ?
Head deviation	Abnormal head movements	HP:0002457	Abnormal head movements	1		
Head disproportionately large for face	Macrocephaly	HP:0000256	Macrocephaly	1		
head movements	Abnormal head movements	HP:0002457	Abnormal head movements	1		
Hearing deficit	Hearing abnormality	HP:0000364	Hearing abnormality	1		
Hearing deficits	Hearing impairment	HP:0000365	Hearing impairment	1		
hearing involvement	Hearing abnormality	HP:0000364	Hearing abnormality	1		
Hearing loss secondary to canal stenosis	Conductive hearing impairment	HP:0000405	Conductive hearing impairment	1		
Hearing loss with ankylosis of ossicles	Conductive hearing impairment	HP:0000405	Conductive hearing impairment	1		
Hearing loss with tuning-fork malformation of the stapes	Sensorineural hearing loss	HP:0000407	Sensorineural hearing impairment	1		
Hearing problems	Hearing impairment	HP:0000365	Hearing impairment	1		
heart involvement	Cardiomyopathy	HP:0001638	Cardiomyopathy	1		
heart involvement	Cardiac arrhythmia	HP:0011675	Arrhythmia	1		
Heart rhythm disturbances	Cardiac arrhythmia	HP:0011675	Arrhythmia	1		
heart valve disease	Abnormality of the heart valves	HP:0001654	Abnormal heart valve morphology	1		
heart valve involvement	Heart valve abnormality	HP:0001654	Abnormal heart valve morphology	1	HP:0001654	next:OK
Heavy menses	Menorrhagia	HP:0000132	Menorrhagia	1		
Heavy menstrual bleeding	Menorrhagia	HP:0000132	Menorrhagia	1		
Heavy menstrual bleeding, especially with onset at menarche	Menorrhagia	HP:0000132	Menorrhagia	1		
Height 2 to 4 SD below median	Short stature	HP:0004322	Short stature	1		
height below tenth centile	Short stature	HP:0004322	Short stature	1		
height loss	Decreased body height	HP:0004322	Short stature	1		
Height usually less than 50th percentile	Short stature	HP:0004322	Short stature	1		
Hemangioblastomas of the brain, spinal cord, and retina	Hemangioblastoma	HP:0010797	Hemangioblastoma	1		
Hemangiomas of the forehead, nose, and upper lip	Hemangioma	HP:0001028	Hemangioma	1		
Hemangiomatous lesion	Hemangioma	HP:0001028	Hemangioma	1		
hemarthropathy	Hemarthrosis	HP:0005261	Joint hemorrhage	1		
Hemarthrosis, especially with mild or no antecedent trauma	Hemarthrosis	HP:0005261	Joint hemorrhage	1		
Hemifacial paralysis	Facial nerve paralysis	HP:0010628	Facial palsy	1		
Hemimacrocephaly	Hemimegalencephaly	HP:0007206	Hemimegalencephaly	1		
Hemimegencephaly	Hemimegalencephaly	HP:0007206	Hemimegalencephaly	1		
hemiplegic events	Hemiplegia	HP:0002301	Hemiplegia	1		
Hemochromatosis	Abnormal skin pigmentation	HP:0001000	Abnormality of skin pigmentation	1		
hepatic disease	Abnormality of the liver	HP:0001392	Abnormality of the liver	1		
Hepatocellular cancer	Hepatocellular carcinoma	HP:0001402	Hepatocellular carcinoma	1		
hepatosteatosis	Hepatic steatosis	HP:0001397	Hepatic steatosis	1		
hesitancy	Urinary hesitancy	HP:0000019	Urinary hesitancy	1		
Heterochromatic iris	Heterochromia iridis	HP:0001100	Heterochromia iridis	1		
Heterochromic irides	Heterochromia iridis	HP:0001100	Heterochromia iridis	1		
heterotopic ossification extending over thorax	Heterotopic ossification	HP:0011986	Ectopic ossification	1		
heterotopic subcutaneous ossifications	Heterotopic ossification	HP:0011986	Ectopic ossification	1		
hexadactyly	Polydactyly	HP:0010442	Polydactyly	1		
High and narrow ilia	Abnormality of the ilium	HP:0002867	Abnormal ilium morphology	1		
High anterior hair line	High anterior hairline	HP:0009890	High anterior hairline	1		
High arched palate / grooved palate	High arched palate	HP:0000218	High palate	1		
High blood pressure	Hypertension	HP:0000822	Hypertension	1		
high creatine kinase	Elevated creatine kinase	HP:0003236	Elevated circulating creatine kinase concentration	1		
high heart rate	Tachycardia	HP:0001649	Tachycardia	1		
High Incidence of Cavities	Dental caries	HP:0000670	Carious teeth	1		
High pain threshold	Pain insensitivity	HP:0007021	Pain insensitivity	1		
High pain tolerance	Pain insensitivity	HP:0007021	Pain insensitivity	1		
High palate and dental crowding	High palate	HP:0000218	High palate	1		
high resting serum creatine kinase activity	Elevated creatine kinase	HP:0003236	Elevated circulating creatine kinase concentration	1		
high, slitlike palate	High arched palate	HP:0000218	High palate	1		
High-amplitude spike and slow waves at 2 to 3 Hz posteriorly	Abnormal electroencephalogram	HP:0002353	EEG abnormality	1		
High-frequency sensorineural hearing loss	Sensorineural hearing loss	HP:0000407	Sensorineural hearing impairment	1		
high-frequency sensorineural hearing loss	High frequency sensorineural hearing impairment	HP:0001757	High-frequency sensorineural hearing impairment	1		
high-frequency, low-arch dermal ridge patterns	Abnormal dermatoglyphics	HP:0007477	Abnormal dermatoglyphics	1		
High-pitched nasal voice	High-pitched voice	HP:0001620	Abnormally high-pitched voice	1		
high-set, short anteverted nose	Anteverted nares	HP:0000463	Anteverted nares	1		
high-set, short anteverted nose	Short nose	HP:0003196	Short nose	1		
high-stepping gait	Steppage gait	HP:0003376	Steppage gait	1		
high-​arched palate	High arched palate	HP:0000218	High palate	1		
Higher hemoglobin	Erythrocytosis	HP:0001901	Polycythemia	1		
Higher mean corpuscular volume	Macrocytic anemia	HP:0001972	Macrocytic anemia	1		
higher systolic blood pressure	Hypertension	HP:0000822	Hypertension	1		
highly abnormal elbow joint	Abnormal elbow morphology	HP:0020300	Abnormal elbow morphology	1		
Highly arched hard palate	High arched palate	HP:0000218	High palate	1		
Hip arthropathy	Hip joint pain	HP:0003365	Arthralgia of the hip	1		
Hip discomfort	Hip pain	HP:0030838	Hip pain	1		
Hip involvement	Hip joint abnormality	HP:0001384	Abnormal hip joint morphology	1	HP:0001384	next:OK
hip involvement	Abnormality of the hip	HP:0003272	Abnormal hip bone morphology	1	HP:0003272	next:OK
hip problems	Abnormality of the hip	HP:0003272	Abnormal hip bone morphology	1	HP:0003272	next:OK
Hippocampal dysplasia	Abnormal hippocampus morphology	HP:0025100	Abnormal hippocampus morphology	1		
hippocampal volume loss	Hippocampal atrophy	HP:0410170	Hippocampal atrophy	1		
Hips flexed, dislocated, adducted, or abducted	Hip dislocation	HP:0002827	Hip dislocation	1		
Hirschsprung disease and/or chronic constipation	Constipation	HP:0002019	Constipation	1		
history of fractures	Recurrent fractures	HP:0002757	Recurrent fractures	1		
history of infections	Recurrent infections	HP:0002719	Recurrent infections	1		
history of kidney stones	Nephrolithiasis	HP:0000787	Nephrolithiasis	1		
Hoarse, deep voice	Hoarse voice	HP:0001609	Hoarse voice	1		
Hoarse, high-​pitched voice	Hoarse voice	HP:0001609	Hoarse voice	1		
Hoarse, low-pitched cry	Hoarse cry	HP:0001615	Hoarse cry	1		
Hockey stick palmar crease	Single palmar crease	HP:0000954	Single transverse palmar crease	1		
Hollowed-out cheeks	Hollow cheeks	HP:0009938	Sunken cheeks	1		
Holoprosencephaly (HPE) spectrum disorder	Holoprosencephaly	HP:0001360	Holoprosencephaly	1		
holoprosencephaly arrhinencephaly-type defect	Holoprosencephaly	HP:0001360	Holoprosencephaly	1		
holoprosencephaly arrhinencephaly-type defect	Alobar holoprosencephaly	HP:0006988	Alobar holoprosencephaly	1		
Holoprosencephaly sequence	Holoprosencephaly	HP:0001360	Holoprosencephaly	1		
Holoprosencephaly-type brain defects	Holoprosencephaly	HP:0001360	Holoprosencephaly	1		
Homogenous increase in bone density	Increased bone density	HP:0011001	Increased bone mineral density	1		
Horizontal acetabula	Horizontal acetabular roof	HP:0003180	Flat acetabular roof	1		
horizontal acetabula	Shallow acetabulum	HP:0003182	Shallow acetabular fossae	1		
horizontal and conjugate nystagmus oscillations	Nystagmus	HP:0000639	Nystagmus	1		
Horizontal growth plate of the proximal femora	Horizontal acetabular roof	HP:0003180	Flat acetabular roof	1		
Horizontal head titubation	Head titubation	HP:0002599	Head titubation	1		
humeroradial ankylosis	Humeroradial synostosis	HP:0003041	Humeroradial synostosis	1		
humeroradioulnar synostosis	Humeroradial synostosis	HP:0003041	Humeroradial synostosis	1		
Hyaline bodies of optic nerve head	Optic disc drusen	HP:0012426	Optic disc drusen	1		
Hydroceles in males	Hydrocele	HP:0000034	Hydrocele testis	1		
Hydrocephalus requiring shunting	Hydrocephalus	HP:0000238	Hydrocephalus	1		
Hydrocephalus secondary to aqueductal stenosis	Aqueductal stenosis	HP:0002410	Aqueductal stenosis	1		
Hydronephrotic kidney	Hydronephrosis	HP:0000126	Hydronephrosis	1		
Hydropic fetal appearance	Hydrops fetalis	HP:0001789	Hydrops fetalis	1		
Hymenal atresia	Imperforate hymen	HP:0030011	Imperforate hymen	1		
Hyperactive lower-extremity deep-tendon reflexes	Hyperreflexia	HP:0001347	Hyperreflexia	1		
Hyperactive reflexes	Hyperreflexia	HP:0001347	Hyperreflexia	1		
Hyperactivity in childhood	Hyperactivity	HP:0000752	Hyperactivity	1		
Hyperactivity in females	Hyperactivity	HP:0000752	Hyperactivity	1		
Hyperactivity/hyperkinesia in females	Hyperactivity	HP:0000752	Hyperactivity	1		
Hypercoagulopathy	Hypercoagulability	HP:0100724	Hypercoagulability	1		
Hyperechoic colon on prenatal ultrasound	Muscle weakness	HP:0001324	Muscle weakness	1		
Hypereflexia	Hyperreflexia	HP:0001347	Hyperreflexia	1		
Hyperextensible fingers and toes	Hyperextensibility of finger joints	HP:0001187	Hyperextensibility of the finger joints	1	PARENT:HP:0001187	next:PARENT Hyperextensibility of the finger joints
Hyperextensible proximal interphalangeal joints of the fingers	Joint hypermobility of finger	HP:0006094	Finger joint hypermobility	1	PARENT:HP:0006094	next:PARENT Finger joint hypermobility
hyperintense signal in the peri-insular region	Abnormality of the basal ganglia	HP:0002134	Abnormal basal ganglia morphology	1		
hyperintense T2-weighted and FLAIR signal abnormalities of periventricular and subcortical regions	Abnormality of the periventricular white matter	HP:0002518	Abnormal periventricular white matter morphology	1		
hyperintense T2-weighted signal in the basal ganglia	Abnormal basal ganglia morphology	HP:0002134	Abnormal basal ganglia morphology	1		
hyperintense T2-weighted signal in the thalami	Abnormal thalamus morphology	HP:0010663	Abnormal thalamus morphology	1		
hyperintensities of cerebellar dentate nuclei and periventricular white matter	Abnormality of the periventricular white matter	HP:0002518	Abnormal periventricular white matter morphology	1		
Hyperkeratosis and calluses	Hyperkeratosis	HP:0000962	Hyperkeratosis	1		
Hyperkeratosis on dorsum of hands	Hyperkeratosis	HP:0000962	Hyperkeratosis	1		
hyperkeratosis, particularly of the soles of the feet	Hyperkeratosis	HP:0000962	Hyperkeratosis	1		
hyperkeratotic plaques over knees	Hyperkeratosis	HP:0000962	Hyperkeratosis	1		
hyperketotic hypoglycemia	Hypoglycemia	HP:0001943	Hypoglycemia	1		
hyperkinetic events	Hyperkinesia	HP:0002487	Hyperkinetic movements	1		
Hyperkinetic movement disorder	Hyperkinesia	HP:0002487	Hyperkinetic movements	1		
Hyperlaxity	Joint hypermobility	HP:0001382	Joint hypermobility	1		
Hyperlaxity of distal joints	Joint hypermobility	HP:0001382	Joint hypermobility	1		
Hyperlaxity of skin in males	Cutis laxa	HP:0000973	Cutis laxa	1		
hypermetric saccades into downgaze	Hypermetric saccades	HP:0007338	Hypermetric saccades	1		
Hypermetropic astigmatism	Astigmatism	HP:0000483	Astigmatism	1		
Hypermetropic astigmatism	Hyperopia	HP:0000540	Hypermetropia	1		
Hypermineralization of cortical bone	Increased bone mineral density	HP:0011001	Increased bone mineral density	1		
hypermobility	Joint hypermobility	HP:0001382	Joint hypermobility	1		
Hypermobility in the knee and finger joints	Joint hypermobility	HP:0001382	Joint hypermobility	1		
Hypermobility of all joints except the elbows	Joint hypermobility	HP:0001382	Joint hypermobility	1		
Hypermobility of major joints except elbows	Joint hypermobility	HP:0001382	Joint hypermobility	1		
Hypermobility of other joints	Joint hypermobility	HP:0001382	Joint hypermobility	1		
Hypermobility of the small joints	Joint hypermobility	HP:0001382	Joint hypermobility	1		
Hypermotor seizures	Seizure	HP:0001250	Seizure	1		
Hypermotoric behavior	Hyperkinesia	HP:0002487	Hyperkinetic movements	1		
Hypernasality	Hypernasal speech	HP:0001611	Hypernasal speech	1		
Hyperostosis begins at the base of the anterior and middle fossae	Hyperostosis	HP:0100774	Hyperostosis	1		
Hyperostosis is usually symmetric in the appendicular skeleton	Hyperostosis	HP:0100774	Hyperostosis	1		
Hyperostosis of calvarium	Hyperostosis of skull	HP:0004330	Increased skull ossification	1		
hyperostosis of the calvarium and base of the skull	Hyperostosis of the skull	HP:0004330	Increased skull ossification	1	HP:0004330	next:OK
hyperostosis of the long bones	Hyperostosis	HP:0100774	Hyperostosis	1		
Hyperostosis of the skull and vertebrae	Hyperostosis of the skull	HP:0004330	Increased skull ossification	1	PARENT:HP:0004330	next:PARENT Increased skull ossification
Hyperostosis often includes the frontal bone	Hyperostosis	HP:0100774	Hyperostosis	1		
Hyperostosiss of the skull base	Sclerosis of the skull base	HP:0002694	Sclerosis of skull base	1		
Hyperostotic cranial bones	Thyroid adenoma	HP:0000854	Thyroid adenoma	1		
hyperphalangy	Polydactyly	HP:0010442	Polydactyly	1		
Hyperpigmentation and hypopigmentation	Hypopigmentation	HP:0001010	Hypopigmentation of the skin	1		
Hyperpigmentation of the macula	Abnormality of the macula	HP:0001103	Abnormal macular morphology	1		
hyperpigmented and hypopigmented areas	Hypopigmentation	HP:0001010	Hypopigmentation of the skin	1		
Hyperpigmented maculae	Hyperpigmented macules	HP:0001034	Hypermelanotic macule	1		
Hyperplasia of the vitreous	Persistent hyperplastic primary vitreous	HP:0007968	Remnants of the hyaloid vascular system	1		
Hyperplastic alveolae	Alveolar ridge hyperplasia	HP:0009085	Alveolar ridge overgrowth	1	HP:0009085	next:OK
Hyperplastic epiphysis of the capitellum of the radius	Abnormality of the radial head	HP:0003995	Abnormality of the radial head	1		
Hyperplastic nipples	Abnormality of the nipple	HP:0004404	Abnormal nipple morphology	1		
Hyperplastic uterus and bladder	Bladder diverticulum	HP:0000015	Bladder diverticulum	1		
hyperplastic yellow-orange tonsils	Enlarged tonsils	HP:0030812	Enlarged tonsils	1		
Hyperreflexia of the upper extremities	Hyperreflexia	HP:0001347	Hyperreflexia	1		
Hypersensitivity to sound	Hyperacusis	HP:0010780	Hyperacusis	1		
Hypersensitivity to touch	Allodynia	HP:0012533	Allodynia	1		
Hypertension in early childhood	Hypertension	HP:0000822	Hypertension	1		
Hyperthermic episodes	Hyperthermia	HP:0001945	Fever	1		
Hypertonia/spasticity of the extremities	Spasticity	HP:0001257	Spasticity	1		
Hypertonia/spasticity of the extremities	Hypertonia	HP:0001276	Hypertonia	1		
hypertonic extremities	Hypertonia	HP:0001276	Hypertonia	1		
Hypertrichosis in atypical areas	Hypertrichosis	HP:0000998	Hypertrichosis	1		
Hypertrichosis of face, back, and extensor surfaces	Hypertrichosis	HP:0000998	Hypertrichosis	1		
hypertrichosis of other body parts	Hypertrichosis	HP:0000998	Hypertrichosis	1		
hypertrichosis of the back	Hypertrichosis	HP:0000998	Hypertrichosis	1		
Hypertrichosis of the face and extremities	Hypertrichosis	HP:0000998	Hypertrichosis	1		
hypertrichosis of the lower limbs	Hypertrichosis	HP:0000998	Hypertrichosis	1		
hypertrophic cardiomyopathy-type changes	Hypertrophic cardiomyopathy	HP:0001639	Hypertrophic cardiomyopathy	1		
Hypertrophic nail dystrophy	Nail dystrophy	HP:0008404	Nail dystrophy	1		
hypertrophy of the forearm	Muscle hypertrophy	HP:0003712	Skeletal muscle hypertrophy	1		
Hypertrophy of the maxillae	Maxillary hyperplasia	HP:0430028	Hyperplasia of the maxilla	1		
Hypnagogic myoclonus	Myoclonus	HP:0001336	Myoclonus	1		
Hypo- and hyperpigmentation	Abnormality of skin pigmentation	HP:0001000	Abnormality of skin pigmentation	1		
Hypo- and/or hyperpigmented macules	Hypopigmentation	HP:0001010	Hypopigmentation of the skin	1		
Hypo- or hypertonia and/or spasticity, episodes of neurologic deterioration	Hypotonia	HP:0001252	Hypotonia	1		
Hypo- or hypertonia and/or spasticity, episodes of neurologic deterioration	Hypertonia	HP:0001276	Hypertonia	1		
hypo-/demyelinating symmetric distal peripheral neuropathy	Peripheral neuropathy	HP:0009830	Peripheral neuropathy	1		
Hypoadrenocorticism	Adrenal hypoplasia	HP:0000835	Adrenal hypoplasia	1		
Hypochloremic metabolic acidosis	Metabolic acidosis	HP:0001942	Metabolic acidosis	1		
Hypochromic iridis	Hypopigmentation of the iris	HP:0007730	Iris hypopigmentation	1	HP:0007730	next:OK
hypodactyly	Oligodactyly	HP:0012165	Oligodactyly	1		
hypodontia in heterozygous females	Hypodontia	HP:0000668	Hypodontia	1		
Hypodontia of permanent teeth	Hypodontia	HP:0000668	Hypodontia	1		
Hypodontia of second bicuspid	Hypodontia	HP:0000668	Hypodontia	1		
Hypodontia to anodontia	Hypodontia	HP:0000668	Hypodontia	1		
Hypodontia to anodontia	Anodontia	HP:0000674	Anodontia	1		
Hypodysplastic vertebrae	Vertebral hypoplasia	HP:0008417	Vertebral hypoplasia	1		
Hypogenesis of the corpus callosum	Hypoplasia of corpus callosum	HP:0002079	Hypoplasia of the corpus callosum	1		
Hypogonadism and/or undervirilization in males	Hypogonadism	HP:0000135	Hypogonadism	1		
Hypohydrosis	Hypohidrosis	HP:0000966	Hypohidrosis	1		
hypointense basal ganglia	Abnormality of the basal ganglia	HP:0002134	Abnormal basal ganglia morphology	1		
hypomineralization of enamel and dentin	Enamel hypoplasia	HP:0006297	Enamel hypoplasia	1		
Hypophosphatemic/calcipenic rickets	Rickets	HP:0002748	Rickets	1		
Hypopigmentation and hypoplasia of areola, nipple, and breast	Hypoplasia of the nipple	HP:0002557	Hypoplastic nipples	1	HP:0002557	next:OK
Hypopigmentation and hypoplasia of areola, nipple, and breast	Hypoplasia of the breast	HP:0003187	Breast hypoplasia	1	HP:0003187	next:OK
Hypopigmentation of skin and hair	Hypopigmentation of hair	HP:0005599	Hypopigmentation of hair	1		
Hypopigmented hair	Hypopigmentation of hair	HP:0005599	Hypopigmentation of hair	1		
Hypopigmented retina and iris	Hypopigmentation of the iris	HP:0007730	Iris hypopigmentation	1	PARENT:HP:0007730	next:PARENT Iris hypopigmentation
Hypopigmented skin lesions	Hypopigmentation of the skin	HP:0001010	Hypopigmentation of the skin	1		
Hypoplasia and delayed ossification of the odontoid process of C-2	Delayed skeletal maturation	HP:0002750	Delayed skeletal maturation	1	PARENT:HP:0002750	next:PARENT Delayed skeletal maturation
Hypoplasia and delayed ossification of the odontoid process of C-2	Abnormal odontoid process morphology	HP:0003310	Abnormal odontoid process morphology	1	HP:0003310	next:OK
Hypoplasia and posterior dislocation of the proximal radius	Hypoplasia of the radius	HP:0002984	Hypoplasia of the radius	1		
Hypoplasia distally with varying degrees of syndactyly	Syndactyly	HP:0001159	Syndactyly	1		
Hypoplasia in males	Hypoplasia of the penis	HP:0008736	Hypoplasia of penis	1	HP:0008736	next:OK
Hypoplasia of anterior portions of upper cervical vertebrae and odontoid process	Hypoplasia of the odontoid process	HP:0003311	Hypoplasia of the odontoid process	1		
Hypoplasia of apocrine glands	Abnormality of the sweat glands	HP:0000971	Abnormal sweat gland morphology	1	PARENT:HP:0000971	next:PARENT Abnormal sweat gland morphology
Hypoplasia of cerebellar vermis and hemispheres	Cerebellar vermis hypoplasia	HP:0001320	Cerebellar vermis hypoplasia	1		
Hypoplasia of cerebellum and inferior vermis	Hypoplasia of cerebellum	HP:0001321	Cerebellar hypoplasia	1		
Hypoplasia of clavicles	Clavicular hypoplasia	HP:0000894	Short clavicles	1		
Hypoplasia of deltoids and biceps	Hypoplasia of the deltoid muscle	HP:0030241	Hypoplasia of deltoid muscle	1	PARENT:HP:0030241	next:PARENT Hypoplasia of deltoid muscle
Hypoplasia of distal ulna	Hypoplasia of the ulna	HP:0003022	Hypoplasia of the ulna	1		
Hypoplasia of ischiopubis and flared ilia	Flared iliac wings	HP:0002869	Flared iliac wing	1		
hypoplasia of malar eminences	Malar hypoplasia	HP:0000272	Malar flattening	1		
Hypoplasia of malar, maxillary, or mandibular region	Midface hypoplasia	HP:0011800	Midface retrusion	1		
Hypoplasia of nostrils	Hypoplastic nares	HP:0000430	Underdeveloped nasal alae	1		
Hypoplasia of orbital ridges	Hypoplasia of the supraorbital ridge	HP:0009891	Underdeveloped supraorbital ridges	1	HP:0009891	next:OK
Hypoplasia of other nails	Hypoplastic nail	HP:0001792	Small nail	1		
Hypoplasia of pancreas	Pancreatic hypoplasia	HP:0002594	Pancreatic hypoplasia	1		
Hypoplasia of periscapular muscles	Muscle hypoplasia	HP:0009004	Hypoplasia of the musculature	1		
Hypoplasia of phalanges	Phalangeal hypoplasia	HP:0009803	Short phalanx of finger	1		
hypoplasia of radius, ulna, first metacarpal, and thumb	Hypoplasia of the radius	HP:0002984	Hypoplasia of the radius	1		
hypoplasia of radius, ulna, first metacarpal, and thumb	Hypoplasia of the ulna	HP:0003022	Hypoplasia of the ulna	1		
Hypoplasia of sacrum, iliac wings, and pubic arch	Abnormal ilium morphology	HP:0002867	Abnormal ilium morphology	1		
Hypoplasia of scapulae	Scapular hypoplasia	HP:0000882	Hypoplastic scapulae	1		
Hypoplasia of skeletal muscle	Muscle hypoplasia	HP:0009004	Hypoplasia of the musculature	1		
hypoplasia of the alae nasi	Polydactyly	HP:0010442	Polydactyly	1		
Hypoplasia of the anterior limbs of the internal capsule	Internal capsule abnormality	HP:0012502	Abnormality of the internal capsule	1	PARENT:HP:0012502	next:PARENT Abnormality of the internal capsule
Hypoplasia of the basilar portions of the ilia	Hypoplastic ilia	HP:0000946	Hypoplastic ilia	1		
Hypoplasia of the breast and nipple	Hypoplasia of the nipple	HP:0002557	Hypoplastic nipples	1	HP:0002557	next:OK
Hypoplasia of the breast and nipple	Hypoplasia of the breast	HP:0003187	Breast hypoplasia	1	HP:0003187	next:OK
Hypoplasia of the breasts/nipples	Nipple hypoplasia	HP:0002557	Hypoplastic nipples	1		
Hypoplasia of the breasts/nipples	Breast hypoplasia	HP:0003187	Breast hypoplasia	1		
Hypoplasia of the carpal and phalangeal bones	Carpal bone hypoplasia	HP:0001498	Carpal bone hypoplasia	1		
Hypoplasia of the carpal and phalangeal bones	Phalangeal hypoplasia	HP:0009803	Short phalanx of finger	1		
hypoplasia of the cerebellum and/or brain stem	Cerebellar hypoplasia	HP:0001321	Cerebellar hypoplasia	1		
hypoplasia of the cerebellum and/or brain stem	Brainstem hypoplasia	HP:0002365	Hypoplasia of the brainstem	1		
Hypoplasia of the clavicle	Clavicular hypoplasia	HP:0000894	Short clavicles	1		
Hypoplasia of the distal phalanx and first metacarpal	Hypoplasia of the first metacarpal	HP:0010034	Short 1st metacarpal	1	HP:0010034	next:OK
Hypoplasia of the facial bones	Midface hypoplasia	HP:0011800	Midface retrusion	1		
Hypoplasia of the fingernails and toenails	Hypoplastic toenails	HP:0001800	Hypoplastic toenails	1		
Hypoplasia of the first metacarpal bone	Hypoplasia of the first metacarpal	HP:0010034	Short 1st metacarpal	1	HP:0010034	next:OK
hypoplasia of the inferior portion of the cerebellar vermis and hemispheres	Hypoplasia of the cerebellar vermis	HP:0001320	Cerebellar vermis hypoplasia	1		
hypoplasia of the ischiopubes	Hypoplastic pubis	HP:0003173	Hypoplastic pubic bone	1		
hypoplasia of the ischiopubes	Hypoplastic ischium	HP:0003175	Hypoplastic ischia	1		
hypoplasia of the kidneys	Renal hypoplasia	HP:0000089	Renal hypoplasia	1		
Hypoplasia of the labia	Labial hypoplasia	HP:0000066	Labial hypoplasia	1		
hypoplasia of the lateral aspects of the acetabular roofs	Acetabular dysplasia	HP:0008807	Acetabular dysplasia	1		
Hypoplasia of the lower ilia	Abnormal ilium morphology	HP:0002867	Abnormal ilium morphology	1		
Hypoplasia of the mandibular rami	Hypoplasia of the mandible	HP:0000347	Micrognathia	1		next:AUTRE Hypoplasia of the mandibular rami ?
hypoplasia of the proximal fibulae	Fibular aplasia	HP:0002990	Fibular aplasia	1		
Hypoplasia of the proximal portion of the fibula	Hypoplasia of the proximal fibula	HP:0006442	Hypoplasia of proximal fibula	1	HP:0006442	next:OK
Hypoplasia of the radii	Hypoplasia of the radius	HP:0002984	Hypoplasia of the radius	1		
Hypoplasia of the scapula	Scapular hypoplasia	HP:0000882	Hypoplastic scapulae	1		
Hypoplasia of the thenar musculature	Hypoplasia of thenar muscles	HP:0001245	Small thenar eminence	1	HP:0001245	next:OK
Hypoplasia of the thorax	Thoracic hypoplasia	HP:0005257	Thoracic hypoplasia	1		
Hypoplasia of the vermis	Cerebellar vermis hypoplasia	HP:0001320	Cerebellar vermis hypoplasia	1		
Hypoplasia of the vermis of the cerebellum	Cerebellar vermis hypoplasia	HP:0001320	Cerebellar vermis hypoplasia	1		
Hypoplasia of varying degrees, to point of adactyly	Adactyly	HP:0009776	Adactyly	1		
Hypoplasia of vertebrae	Vertebral hypoplasia	HP:0008417	Vertebral hypoplasia	1		
Hypoplasia to absence of eccrine glands	Hypohidrosis	HP:0000966	Hypohidrosis	1		
Hypoplasia to absence of eccrine glands	Anhidrosis	HP:0000970	Anhidrosis	1		
Hypoplasia to absence of mammary glands	Aplasia of mammary glands	HP:0100783	Breast aplasia	1	PARENT:HP:0010311	next:PARENT Aplasia/Hypoplasia of the breasts
Hypoplasia to absence of the pectoralis major muscle	Hypoplasia of pectoralis major muscle	HP:0008953	Pectoralis major hypoplasia	1	PARENT:HP:0005258	next:PARENT Pectoral muscle hypoplasia/aplasia
Hypoplasia/aplasia of the pectoralis major muscle	Hypoplasia of pectoralis major muscle	HP:0008953	Pectoralis major hypoplasia	1	HP:0008953	next:OK
Hypoplasia/aplasia of the pectoralis major muscle	Aplasia of pectoralis major muscle	HP:0009751	Aplasia of the pectoralis major muscle	1	HP:0009751	next:OK
Hypoplasia/dysplasia of middle ear anatomic structures	Abnormality of the middle ear	HP:0000370	Abnormality of the middle ear	1		
hypoplastic ala nasi	Hypoplastic alae nasi	HP:0000430	Underdeveloped nasal alae	1		
Hypoplastic alae	Hypoplastic alae nasi	HP:0000430	Underdeveloped nasal alae	1		
Hypoplastic alar and columellar cartilage	Hypoplastic alar cartilage	HP:0000430	Underdeveloped nasal alae	1		
Hypoplastic and deformed metacarpals and metatarsals	Hypoplasia of the metatarsal bone	HP:0010743	Short metatarsal	1	PARENT:HP:0001964	next:PARENT Aplasia/Hypoplasia of metatarsal bones
Hypoplastic and proximally implanted thumbs	Hypoplastic thumb	HP:0009778	Short thumb	1		
hypoplastic and thickened nails with abnormal color	Hypoplastic nails	HP:0001792	Small nail	1		
hypoplastic and thickened nails with abnormal color	Thickened nails	HP:0001805	Onychogryphosis	1		
hypoplastic and/or proximally placed thumbs	Proximally placed thumb	HP:0009623	Proximal placement of thumb	1	HP:0009623	next:OK
hypoplastic and/or proximally placed thumbs	Hypoplasia of the thumb	HP:0009778	Short thumb	1	HP:0009778	next:OK
Hypoplastic and/or thick alae nasi	Hypoplastic alae nasi	HP:0000430	Underdeveloped nasal alae	1		
Hypoplastic and/or widely spaced nipples	Widely spaced nipples	HP:0006610	Wide intermamillary distance	1		
Hypoplastic anterior pituitary lobe	Hypoplasia of the anterior pituitary	HP:0010627	Anterior pituitary hypoplasia	1	HP:0010627	next:OK
Hypoplastic basilar portions of ilia	Hypoplastic ilia	HP:0000946	Hypoplastic ilia	1		
hypoplastic bodies of cervical vertebrae	Hypoplasia of cervical vertebrae	HP:0008434	Hypoplastic cervical vertebrae	1		next:AUTRE Hypoplasia of the cervical vertebral bodies ?
Hypoplastic breasts	Breast hypoplasia	HP:0003187	Breast hypoplasia	1		
Hypoplastic cerebrum	Cerebral hypoplasia	HP:0006872	Cerebral hypoplasia	1		
hypoplastic clitoris and labia majora	Hypoplasia of labia majora	HP:0000059	Hypoplastic labia majora	1		
Hypoplastic cochlea and semicircular canals	Semicircular canal hypoplasia	HP:0011382	Hypoplasia of the semicircular canal	1	PARENT:HP:0011380	next:PARENT Abnormality of the inner ear ? | kimi:PARENT
Hypoplastic cuboid-shaped tibia	Hypoplasia of the tibia	HP:0005736	Short tibia	1		
Hypoplastic enamel	Enamel hypoplasia	HP:0006297	Enamel hypoplasia	1		
Hypoplastic fallopian tubes, uterus, and ovaries	Hypoplasia of the uterus	HP:0000013	Hypoplasia of the uterus	1		
Hypoplastic fibulae	Cranial nerve paralysis	HP:0006824	Cranial nerve paralysis	1		
Hypoplastic first metacarpal and fifth middle phalanx	Hypoplasia of the first metacarpal	HP:0010034	Short 1st metacarpal	1	HP:0010034	next:OK
Hypoplastic flexion creases of first and second digits	Hypoplastic palmar creases	HP:0006184	Decreased palmar creases	1		
Hypoplastic fragile bones	Osteopenia	HP:0000938	Osteopenia	1		
Hypoplastic hooked clavicles	Hypoplastic clavicles	HP:0000894	Short clavicles	1		
Hypoplastic interphalangeal creases	Hypoplastic palmar crease	HP:0006184	Decreased palmar creases	1		next:AUTRE Hypoplastic interphalangeal creases ?
Hypoplastic ischium and pubic bones	Hypoplastic pubic bone	HP:0003173	Hypoplastic pubic bone	1		
Hypoplastic labia majora/minora	Hypoplasia of the labia majora	HP:0000059	Hypoplastic labia majora	1	PARENT:HP:0000066	next:PARENT Labial hypoplasia
Hypoplastic labia minor and majora	Hypoplasia of the labia majora	HP:0000059	Hypoplastic labia majora	1	PARENT:HP:0000066	next:PARENT Labial hypoplasia
Hypoplastic lesser trochanters	Hypoplasia of the lesser trochanter	HP:0008801	Hypoplasia of the lesser trochanter	1		
hypoplastic long bones	Short long bones	HP:0003026	Short long bone	1	HP:0003026	next:OK
Hypoplastic lower ilia with horizontal acetabula	Acetabular dysplasia	HP:0008807	Acetabular dysplasia	1		
Hypoplastic male and female genitalia	Hypoplastic male genitalia	HP:0000050	Hypoplastic male external genitalia	1		
hypoplastic mandible and/or maxilla	Maxillary hypoplasia	HP:0000327	Hypoplasia of the maxilla	1		
hypoplastic mandible and/or maxilla	Micrognathia	HP:0000347	Micrognathia	1		
hypoplastic metacarpal V	Hypoplasia of the fifth metacarpal	HP:0010047	Short 5th metacarpal	1	HP:0010047	next:OK
Hypoplastic nipples and umbilicus	Hypoplastic umbilicus	HP:0034453	Hypoplastic umbilicus	1		
Hypoplastic notched nares	Hypoplastic nares	HP:0000430	Underdeveloped nasal alae	1		
Hypoplastic or absent distal phalanges of the second to fifth fingers and toes	Aplasia of the distal phalanx of the finger	HP:0009881	Aplasia of distal finger phalanx	1	HP:0009882	next:AUTRE Hypoplasia of the distal phalanges of the hand
Hypoplastic or absent fifth finger- and toenails	Hypoplastic nail	HP:0001792	Small nail	1		
hypoplastic or absent radius, ulna, tibia, fibula	Radial ray deficiency	HP:0006433	Radial ray deficiency	1		
hypoplastic or absent thumb and 1st and 5th metacarpals	Thumb hypoplasia	HP:0009778	Short thumb	1		
Hypoplastic phalanges of toes	Hypoplasia of the phalanges of the toes	HP:0010746	Hypoplasia of the phalanges of the toes	1		
Hypoplastic pons	Hypoplasia of pons	HP:0012110	Hypoplasia of the pons	1	HP:0012110	next:OK
Hypoplastic pulmonary arteries	Hypoplasia of pulmonary artery	HP:0004971	Pulmonary artery hypoplasia	1	HP:0004971	next:OK
hypoplastic radius and ulna	Hypoplasia of the radius	HP:0002984	Hypoplasia of the radius	1		
hypoplastic radius and ulna	Hypoplasia of the ulna	HP:0003022	Hypoplasia of the ulna	1		
Hypoplastic semicircular canals	Hypoplasia of the semicircular canals	HP:0011382	Hypoplasia of the semicircular canal	1	HP:0011382	next:OK
Hypoplastic thenar	Thenar hypoplasia	HP:0001245	Small thenar eminence	1		
Hypoplastic thoracic vertebral pedicles	Hypoplastic vertebral pedicles	HP:0030278	Hypoplastic vertebral pedicle	1	HP:0030278	next:OK
hypoplastic thorax	Small thorax	HP:0005257	Thoracic hypoplasia	1		
Hypoplastic to absent philtrum and/or nasal septum	Hypoplastic nasal septum	HP:0005104	Hypoplastic nasal septum	1		
Hypoplastic to aplastic alae nasi	Hypoplastic alae nasi	HP:0000430	Underdeveloped nasal alae	1		
hypoplastic ulna and radius	Hypoplasia of radius	HP:0002984	Hypoplasia of the radius	1	HP:0002984	next:OK
hypoplastic ulna and radius	Hypoplasia of ulna	HP:0003022	Hypoplasia of the ulna	1	HP:0003022	next:OK
Hypoplastic ulnae	Hypoplasia of the ulna	HP:0003022	Hypoplasia of the ulna	1		
hypoplastic vertebrae	Vertebral hypoplasia	HP:0008417	Vertebral hypoplasia	1		
Hypoplastic vertebral bodies of the upper cervical spine	Hypoplasia of the cervical vertebrae	HP:0008434	Hypoplastic cervical vertebrae	1	HP:0008434	next:OK
Hypoplastic, bowed femora	Bowed femur	HP:0002980	Femoral bowing	1		
hypoplastic, bowed femora	Femoral hypoplasia	HP:0003097	Short femur	1		
Hypoplastic, edentulous mandible	Hypoplasia of the mandible	HP:0000347	Micrognathia	1	HP:0000347	next:OK
Hypoplastic, notched nares	Hypoplastic nares	HP:0000430	Underdeveloped nasal alae	1		
Hypoplastic/absent flexion creases	Absent palmar creases	HP:0010489	Absent palmar crease	1	PARENT:HP:0010488	next:AUTRE Absent palmar crease ? | kimi:PARENT
Hyposalivation	Hypersalivation	HP:0003781	Excessive salivation	1		
Hypospadiac urethra	Hypospadias	HP:0000047	Hypospadias	1		
Hypospadias in males	Hypospadias	HP:0000047	Hypospadias	1		
Hypotestosteronemia	Hypogonadism	HP:0000135	Hypogonadism	1		
Hypothalamic hamartoblastoma	Hypothalamic hamartoma	HP:0002444	Hypothalamic hamartoma	1		
Hypothenar and interossei muscle weakness and atrophy with sensory loss over the lateral aspect of the hand	Muscle weakness	HP:0001324	Muscle weakness	1		
Hypothenar and interossei muscle weakness and atrophy with sensory loss over the lateral aspect of the hand	Thenar muscle atrophy	HP:0003393	Thenar muscle atrophy	1		
Hypothermia in cold environments	Hypothermia	HP:0002045	Hypothermia	1		
Hypotonia during infancy	Hypotonia	HP:0001252	Hypotonia	1		
Hypotonia of the extremities with hypertonia of the trunk	Hypotonia	HP:0001252	Hypotonia	1		
Hypotonia of the extremities with hypertonia of the trunk	Hypertonia	HP:0001276	Hypertonia	1		
Hypotonia progressing to spastic paraplegia	Spastic paraplegia	HP:0001258	Spastic paraplegia	1		
Hypotonia, predominantly axial	Axial hypotonia	HP:0008936	Axial hypotonia	1		
Hypotonic face	Hypotonia	HP:0001252	Hypotonia	1		
Hypotrophic skin	Abnormality of the skin	HP:0000951	Abnormality of the skin	1		
Hypoxemic-ischemic basal ganglia lesions	Basal ganglia calcification	HP:0002135	Basal ganglia calcification	1		
Hypsarrhythmia on EEG	Hypsarrhythmia	HP:0002521	Hypsarrhythmia	1		
Ichthyosiform nevus	Nevus	HP:0003764	Nevus	1		
Ichthyosiform skin dysplasia	Ichthyosis	HP:0008064	Ichthyosis	1		
ichthyosiform skin lesion	Ichthyosis	HP:0008064	Ichthyosis	1		
ichthyosis-like lesions	Ichthyosis	HP:0008064	Ichthyosis	1		
Idiopathic hypogonadotropic hypogonadism	Hypogonadotropic hypogonadism	HP:0000044	Hypogonadotropic hypogonadism	1		
II/III syndactyly in the feet	Syndactyly of feet	HP:0001770	Toe syndactyly	1		
ileal/general colonic inflammation	Colitis	HP:0002583	Colitis	1		
ileal/general colonic inflammation	Ileitis	HP:0032564	Ileitis	1		
Iliac flaring	Flared iliac wings	HP:0002869	Flared iliac wing	1		
Immunoglobulin (Ig) G and IgA deficiency	Immunoglobulin A deficiency	HP:0004313	Decreased circulating immunoglobulin concentration	1	HP:0004315	next:AUTRE Decreased circulating IgG concentration
Impacted permanent teeth	Impacted teeth	HP:0001571	Multiple impacted teeth	1		
impaction	Impacted tooth	HP:0011079	Impacted tooth	1		
Impaction of supernumerary permanent teeth	Impacted teeth	HP:0001571	Multiple impacted teeth	1		
Impaired adaptive functioning	Intellectual disability	HP:0001249	Intellectual disability	1		
impaired ambulation	Abnormality of gait	HP:0001288	Gait disturbance	1	HP:0001288	next:OK
impaired balance	Ataxia	HP:0001251	Ataxia	1		
impaired bone mineralization	Decreased bone mineral density	HP:0004349	Reduced bone mineral density	1		
impaired cognition	Intellectual disability	HP:0001249	Intellectual disability	1		
impaired cognitive development	Motor delay	HP:0001270	Motor delay	1		
Impaired cognitive functioning	Intellectual disability	HP:0001249	Intellectual disability	1		
Impaired dental eruption	Delayed eruption of teeth	HP:0000684	Delayed eruption of teeth	1		
impaired development	Developmental delay	HP:0001263	Global developmental delay	1		
Impaired face recognition	Prosopagnosia	HP:0010528	Prosopagnosia	1		
Impaired fine motor development	Impaired fine motor skills	HP:0007010	Poor fine motor coordination	1		
Impaired growth	Growth delay	HP:0001510	Growth delay	1		
impaired intellect	Intellectual disability	HP:0001249	Intellectual disability	1		
Impaired motor development	Motor delay	HP:0001270	Motor delay	1		
Impaired pain and touch sensation	Impaired pain sensation	HP:0007328	Impaired pain sensation	1		
Impaired pain and touch sensation	Impaired tactile sensation	HP:0010830	Impaired tactile sensation	1		
Impaired pain sensitivity	Impaired pain sensation	HP:0007328	Impaired pain sensation	1		
Impaired secondary sexual development	Delayed puberty	HP:0000823	Delayed puberty	1		
impaired sensation of joint position	Impaired proprioception	HP:0010831	Impaired proprioception	1		
impaired sensation of pain/pinprick	Impaired pain sensation	HP:0007328	Impaired pain sensation	1		
impaired social communication	Impaired social interaction	HP:0012760	Reduced social responsiveness	1		
Impaired swallow function	Abnormality of the liver	HP:0001392	Abnormality of the liver	1		
impaired vibration sensation	Impaired vibratory sensation	HP:0002495	Impaired vibratory sensation	1		
impaired visual acuity	Visual impairment	HP:0000505	Visual impairment	1		
Impaired visual acuity	Decreased visual acuity	HP:0007663	Reduced visual acuity	1		
impaired visually enhanced vestibulo-ocular reflexes	Abnormal vestibulo-ocular reflex	HP:0007670	Abnormal vestibulo-ocular reflex	1		
Impairment of intelligence	Intellectual disability	HP:0001249	Intellectual disability	1		
Impairment of kidney function	Renal insufficiency	HP:0000083	Renal insufficiency	1		
impairment of social interaction	Impaired social interaction	HP:0012760	Reduced social responsiveness	1		
impairment of vibration sense	Impaired vibratory sensation	HP:0002495	Impaired vibratory sensation	1		
Imperforate vaginal hymen	Imperforate hymen	HP:0030011	Imperforate hymen	1		
impersistent nystagmus	Nystagmus	HP:0000639	Nystagmus	1		
improper bladder function	Abnormality of the bladder	HP:0000014	Abnormality of the bladder	1		
Impulsive behavior	Impulsivity	HP:0100710	Impulsivity	1		
Impulsive, rash, or careless actions	Impulsivity	HP:0100710	Impulsivity	1		
Impulsiveness	Impulsivity	HP:0100710	Impulsivity	1		
Inability to acquire independent sitting by age nine months	Delayed walking	HP:0031936	Delayed ability to walk	1		
Inability to climb stairs	Muscle weakness	HP:0001324	Muscle weakness	1		
Inability to fall asleep	Insomnia	HP:0100785	Insomnia	1		
Inability to flex the affected joints	Joint stiffness	HP:0001387	Joint stiffness	1		
inability to fully extend the elbows	Limited elbow extension	HP:0001377	Limited elbow extension	1		
Inability to get up from the floor	Muscle weakness	HP:0001324	Muscle weakness	1		
Inability to lactate	Agnathia	HP:0009939	Mandibular aplasia	1		
Inability to lift weights	Muscle weakness	HP:0001324	Muscle weakness	1		
Inability to look laterally	Abnormal eye movement	HP:0000496	Abnormality of eye movement	1		
Inability to maintain nighttime sleep	Insomnia	HP:0100785	Insomnia	1		
Inability to rise up from a chair	Muscle weakness	HP:0001324	Muscle weakness	1		
inability to stand on the toes	Muscle weakness	HP:0001324	Muscle weakness	1		
Inability to void	Urinary retention	HP:0000016	Urinary retention	1		
Inability to walk independently	Delayed walking	HP:0031936	Delayed ability to walk	1		
Inadequate weight gain	Failure to thrive	HP:0001508	Failure to thrive	1		
Incessant cry	High-pitched cry	HP:0025430	High-pitched cry	1		
Incessant ventricular tachycardia	Ventricular tachycardia	HP:0004756	Ventricular tachycardia	1		
Incompetent soft palate	Cleft palate	HP:0000175	Cleft palate	1		
Incomplete anterior and posterior pituitary	Hypoplasia of the anterior pituitary	HP:0010627	Anterior pituitary hypoplasia	1	HP:0010627	next:OK
Incomplete anterior and posterior pituitary	Hypoplasia of the posterior pituitary	HP:0011757	Posterior pituitary hypoplasia	1	HP:0011757	next:OK
incomplete bladder emptying	Urinary retention	HP:0000016	Urinary retention	1		
Incomplete cartilaginous development with tracheobronchiomalacia	Tracheobronchomalacia	HP:0002786	Tracheobronchomalacia	1		
Incomplete development of the lung	Hypoplasia of the lung	HP:0002089	Pulmonary hypoplasia	1	HP:0002089	next:OK
incomplete development of the sacrum	Sacral agenesis	HP:0010305	Absence of the sacrum	1		
Incomplete ear development	Abnormal ear morphology	HP:0031703	Abnormal ear morphology	1		
Incomplete elbow extension	Limited elbow extension	HP:0001377	Limited elbow extension	1		
Incomplete extension at the knees	Limited knee extension	HP:0003066	Limited knee extension	1		
Incomplete extension of elbow	Limited elbow extension	HP:0001377	Limited elbow extension	1		
Incomplete foveal development	Foveal hypoplasia	HP:0007750	Hypoplasia of the fovea	1		
Incomplete fusion of genital tubercles	Hypospadias	HP:0000047	Hypospadias	1		
Incomplete fusion of vertebral arches of lower spine	Spina bifida	HP:0002414	Spina bifida	1		
Incomplete growth of the ala nasi	Hypoplastic alae nasi	HP:0000430	Underdeveloped nasal alae	1		
incomplete ossification of tubular bones	Delayed skeletal maturation	HP:0002750	Delayed skeletal maturation	1		
Incomplete rotation of colon	Intestinal malrotation	HP:0002566	Intestinal malrotation	1		
Incomplete rotation of intestine	Intestinal malrotation	HP:0002566	Intestinal malrotation	1		
Incomplete sexual maturation	Delayed puberty	HP:0000823	Delayed puberty	1		
Incompletely outfolded upper helices	Abnormal helix morphology	HP:0011039	Abnormal helix morphology	1		
incontinence of urine and feces	Urinary incontinence	HP:0000020	Urinary incontinence	1		
incontinence of urine and feces	Fecal incontinence	HP:0002607	Bowel incontinence	1		
increase in fat mass	Increased body weight	HP:0004324	Increased body weight	1		
increase in serum creatinine	Elevated serum creatinine	HP:0003259	Elevated circulating creatinine concentration	1		
Increased aggression	Aggressive behavior	HP:0000718	Aggressive behavior	1		
increased alanine concentration	Hyperalaninemia	HP:0003348	Hyperalaninemia	1		
increased appetite	Polyphagia	HP:0002591	Polyphagia	1		
increased body hair	Hypertrichosis	HP:0000998	Hypertrichosis	1		
increased bone resorption/fracture risk	Osteoporosis	HP:0000939	Osteoporosis	1		
increased brain edema	Cerebral edema	HP:0002181	Cerebral edema	1		
increased calcification in the skin	Cutaneous calcification	HP:0025520	Calcinosis cutis	1		
Increased carrying angle of the elbow	Cubitus valgus	HP:0002967	Cubitus valgus	1		
increased cortical density	Increased bone density	HP:0011001	Increased bone mineral density	1		
Increased density in diaphyseal region	Increased bone density	HP:0011001	Increased bone mineral density	1		
Increased density of outer margins of the flat bones	Increased bone density	HP:0011001	Increased bone mineral density	1		
Increased density of the metaphyseal margins	Increased bone density	HP:0011001	Increased bone mineral density	1		
increased difficulty walking in the dark	Abnormality of gait	HP:0001288	Gait disturbance	1	HP:0001288	next:OK
Increased dysarthria	Dysarthria	HP:0001260	Dysarthria	1		
increased eosinophils	Eosinophilia	HP:0001880	Increased total eosinophil count	1		
Increased erythrocyte mean corpuscular volume	Increased mean corpuscular volume	HP:0005518	Increased mean corpuscular volume	1		
increased extensibility of finger joints	Joint hypermobility	HP:0001382	Joint hypermobility	1		
Increased fatigue	Fatigue	HP:0012378	Fatigue	1		
increased hemoglobin F concentration	Increased hemoglobin F	HP:0011904	Persistence of hemoglobin F	1		
increased ICP	Increased intracranial pressure	HP:0002516	Increased intracranial pressure	1		
increased lactate-to-pyruvate ratio	Lactic acidosis	HP:0003128	Lactic acidosis	1		
Increased lens curvature	Increased corneal curvature	HP:0100692	Increased corneal curvature	1		
Increased limb tone	Hypertonia	HP:0001276	Hypertonia	1		
increased lower-limb distal tendon reflexes	Hyperreflexia	HP:0001347	Hyperreflexia	1		
increased lower-limb spasticity	Spasticity	HP:0001257	Spasticity	1		
Increased neuromuscular tone	Hypertonia	HP:0001276	Hypertonia	1		
increased nuchal thickness	Increased nuchal fold thickness	HP:0000474	Thickened nuchal skin fold	1		
Increased number of respiratory infections	Recurrent respiratory infections	HP:0002205	Recurrent respiratory infections	1		
Increased occipital-frontal circumference	Macrocephaly	HP:0000256	Macrocephaly	1		
increased photosensitivity	Photosensitivity	HP:0000992	Cutaneous photosensitivity	1		
Increased pigmentation of the lids	Eyelid hyperpigmentation	HP:0007406	Hyperpigmentation of eyelids	1	HP:0007406	next:OK
Increased portal vein diameter	Portal hypertension	HP:0001409	Portal hypertension	1		
increased prothrombin time	Prolonged prothrombin time	HP:0008151	Prolonged prothrombin time	1		
Increased QTc interval	Prolonged QT interval	HP:0001657	Prolonged QT interval	1		
Increased rate of infections	Abnormality of the immune system	HP:0002715	Abnormality of the immune system	1		
Increased rate of infections	Recurrent infections	HP:0002719	Recurrent infections	1		
increased respiratory rate	Tachypnea	HP:0002789	Tachypnea	1		
Increased risk for malignancy	Neoplasm	HP:0002664	Neoplasm	1		
increased risk of falls	Abnormality of balance	HP:0002141	Gait imbalance	1		
Increased risk of fractures	Osteoporosis	HP:0000939	Osteoporosis	1		
increased risk of infection	Recurrent infections	HP:0002719	Recurrent infections	1		
increased risk of infections	Recurrent infections	HP:0002719	Recurrent infections	1		
Increased sensitivity to heat	Hyperthermia	HP:0001945	Fever	1		
Increased sensitivity to heat	Heat intolerance	HP:0002046	Heat intolerance	1		
Increased sensitivity to light (photophobia)	Photophobia	HP:0000613	Photophobia	1		
increased serum potassium	Hyperkalemia	HP:0002153	Hyperkalemia	1		
Increased serum total cholesterol	Hypercholesterolemia	HP:0003124	Hypercholesterolemia	1		
Increased signal intensities of the cerebral white matter	Abnormality of the cerebral white matter	HP:0002500	Abnormal cerebral white matter morphology	1		
Increased susceptibility to caries	Dental caries	HP:0000670	Carious teeth	1		
increased T2/FLAIR signal within the ventrolateral thalami and posterior limb of the internal capsule	Abnormality of the thalamus	HP:0010663	Abnormal thalamus morphology	1		
increased T2/FLAIR signal within the ventrolateral thalami and posterior limb of the internal capsule	Abnormality of the internal capsule	HP:0012502	Abnormality of the internal capsule	1		
increased tendon reflexes	Hyperreflexia	HP:0001347	Hyperreflexia	1		
Increased testicular volume	Macroorchidism	HP:0000053	Macroorchidism	1		
Increased tone	Hypertonia	HP:0001276	Hypertonia	1		
Increased urinary excretion of cationic amino acids	Aminoaciduria	HP:0003355	Aminoaciduria	1		
Increased urinary excretion of electrolytes	Polyuria	HP:0000103	Polyuria	1		
Increased urinary excretion of hydroxyproline	Elevated urinary hydroxyproline	HP:0003080	Hydroxyprolinuria	1		
Increased urine ketones	Ketonuria	HP:0002919	Ketonuria	1		
increased variability in fiber size	Increased variability in muscle fiber size	HP:0003557	Increased variability in muscle fiber diameter	1		
Increased vascular tortuosity	Vascular tortuosity	HP:0004948	Vascular tortuosity	1		
Increased vertical calvarium diameter	Macrocephaly	HP:0000256	Macrocephaly	1		
Increased vestibulo-ocular reflex activity	Abnormal vestibulo-ocular reflex	HP:0007670	Abnormal vestibulo-ocular reflex	1		
Increased visual evoked potential latencies	Abnormality of visual evoked potentials	HP:0000649	Abnormality of visual evoked potentials	1		
Increased weight in adolescence	Increased body weight	HP:0004324	Increased body weight	1		
Increased width of mouth	Wide mouth	HP:0000154	Wide mouth	1		
Increased width of the pubic symphysis	Wide pubic symphysis	HP:0003183	Wide pubic symphysis	1		
Increasing metaphyseal abnormalities with cupping transforming into enchondromatous like changes	Metaphyseal dysplasia	HP:0100255	Metaphyseal dysplasia	1		
Incurving of forearms	Cubitus valgus	HP:0002967	Cubitus valgus	1		
Incurving of forearms	Cubitus varus	HP:0025317	Cubitus varus	1		
Indistinct speech	Slurred speech	HP:0001350	Slurred speech	1		
Infant death	Death in infancy	HP:0001522	Death in infancy	1		
infant feeding difficulties / dysphagia	Dysphagia	HP:0002015	Dysphagia	1		
Infant feeding issues	Feeding difficulties	HP:0011968	Feeding difficulties	1		
Infantile blindness	Blindness	HP:0000618	Blindness	1		
Infantile epileptic spasm syndrome	Infantile spasms	HP:0012469	Infantile spasms	1		
Infantile epileptic spasms syndrome	Infantile spasms	HP:0012469	Infantile spasms	1		
infantile feeding difficulties	Feeding difficulties in infancy	HP:0008872	Feeding difficulties in infancy	1		
infantile hemiplegia	Hemiplegia	HP:0002301	Hemiplegia	1		
Infantile seizures	Seizures	HP:0001250	Seizure	1		
Infantile-onset diarrhea	Diarrhea	HP:0002014	Diarrhea	1		
infantile-onset generalized dystonia	Dystonia	HP:0001332	Dystonia	1		
infantile-onset horizontal nystagmus	Nystagmus	HP:0000639	Nystagmus	1		
infantile-onset hypotonia	Hypotonia	HP:0001252	Hypotonia	1		
infantile-onset hypotonia	Infantile hypotonia	HP:0008947	Floppy infant	1		
infections	Recurrent infections	HP:0002719	Recurrent infections	1		
Infections in the perigenital area	Recurrent infections	HP:0002719	Recurrent infections	1		
infections with opportunistic organisms	Opportunistic infections	HP:0031690	Opportunistic infection	1	HP:0031690	next:OK
Infections with unusual organisms	Recurrent infections	HP:0002719	Recurrent infections	1		
Infertility and/or recurrent fetal loss	Infertility	HP:0000789	Infertility	1		
Infertility in male patients	Male infertility	HP:0003251	Male infertility	1		
Inflammatory arthritis	Arthritis	HP:0001369	Arthritis	1		
Infra-acetabular axe-cut notches	Abnormal acetabulum morphology	HP:0003170	Abnormal acetabulum morphology	1		
Infraorbital hypoplasia	Midface hypoplasia	HP:0011800	Midface retrusion	1		
Inguinal, umbilical, or epigastric hernias	Inguinal hernia	HP:0000023	Inguinal hernia	1		
Inguinal, umbilical, or epigastric hernias	Umbilical hernia	HP:0001537	Umbilical hernia	1		
Initial hypertonicity	Hypertonia	HP:0001276	Hypertonia	1		
injury to the bilateral lentiform nuclei	Abnormality of the basal ganglia	HP:0002134	Abnormal basal ganglia morphology	1		
Inner ear and petrous bone anomalies	Abnormality of the inner ear	HP:0000359	Abnormality of the inner ear	1		
Inner ear defect	Abnormality of the inner ear	HP:0000359	Abnormality of the inner ear	1		
insatiable appetite	Hyperphagia	HP:0002591	Polyphagia	1		
insidiously progressive bilateral leg stiffness affecting gait	Spastic paraplegia	HP:0001258	Spastic paraplegia	1		
insidiously progressive bilateral lower-limb gait spasticity	Spastic paraplegia	HP:0001258	Spastic paraplegia	1		
insidiously progressive bilateral lower-limb spasticity	Spastic paraparesis	HP:0002313	Spastic paraparesis	1		
Instability of heart rate	Autonomic dysfunction	HP:0012332	Abnormal autonomic nervous system physiology	1		
Instability of the upper cervical spine	Atlantoaxial instability	HP:0003467	Atlantoaxial instability	1		
Insulin resistance / diabetes mellitus	Diabetes mellitus	HP:0000819	Diabetes mellitus	1		
Insulin resistance / diabetes mellitus	Insulin resistance	HP:0000855	Insulin resistance	1		
insulin resistance / type 2 diabetes mellitus	Insulin resistance	HP:0000855	Insulin resistance	1		
Intellectual and psychomotor retardation	Intellectual disability	HP:0001249	Intellectual disability	1		
Intellectual delay	Intellectual disability	HP:0001249	Intellectual disability	1		
intellectual disability / developmental delay	Intellectual disability	HP:0001249	Intellectual disability	1		
intellectual disability / developmental delay	Developmental delay	HP:0001263	Global developmental delay	1		
Intellectual disability and developmental delay	Intellectual disability	HP:0001249	Intellectual disability	1		
Intellectual disability and developmental delay	Developmental delay	HP:0001263	Global developmental delay	1		
intellectual disability of varying severity	Intellectual disability	HP:0001249	Intellectual disability	1		
Intellectual disability, typically in the mild-to-moderate range	Intellectual disability	HP:0001249	Intellectual disability	1		
Intense local pain	Pain	HP:0012531	Pain	1		
Intense pain	Pain	HP:0012531	Pain	1		
intense redness and inflammation	Erythema	HP:0010783	Erythema	1		
intentional tremor	Intention tremor	HP:0002080	Intention tremor	1		
Interaxial polydactyly	Polydactyly	HP:0010442	Polydactyly	1		
Interdigital webbing	Syndactyly	HP:0001159	Syndactyly	1		
Intermittent abdominal distention	Abdominal distension	HP:0003270	Abdominal distention	1		
intermittent apnea	Apnea	HP:0002104	Apnea	1		
Intermittent contracture of facial and oropharyngeal muscles when crying or being handled	Facial myokymia	HP:0000317	Facial myokymia	1		
intermittent extensor plantar responses	Babinski sign	HP:0003487	Babinski sign	1		
intermittent high fever	Fever	HP:0001945	Fever	1		
intermittent high fever	Intermittent fever	HP:0001954	Recurrent fever	1		
intermittent hypoglycemia	Hypoglycemia	HP:0001943	Hypoglycemia	1		
Intermittent neutropenia	Neutropenia	HP:0001875	Decreased total neutrophil count	1		
intermittent rhabdomyolysis	Rhabdomyolysis	HP:0003201	Rhabdomyolysis	1		
Intermittent swelling of affected joints	Joint swelling	HP:0001386	Joint swelling	1		
internal nerve sheath tumors	Schwannoma	HP:0100008	Schwannoma	1		
interphalangeal joints contractures with functional symphalangism	Joint contracture	HP:0034392	Joint contracture	1		
Interrupted eyebrows	Sparse lateral eyebrows	HP:0005338	Sparse lateral eyebrow	1		next:AUTRE Absent lateral eyebrow ?
Interruption and hypoplasia of the aortic arch	Interrupted aortic arch	HP:0011611	Interrupted aortic arch	1		
Interstitial pulmonary fibrosis	Interstitial lung disease	HP:0006530	Abnormal pulmonary interstitial morphology	1		
intertriginous freckling	Axillary freckling	HP:0000997	Axillary freckling	1		
interventricular septal hypertrophy	Hypertrophic cardiomyopathy	HP:0001639	Hypertrophic cardiomyopathy	1		
intestinal deposits	Abnormality of the intestine	HP:0002242	Abnormal intestine morphology	1		
intestinal intussusception	Intussusception	HP:0002576	Intussusception	1		
Intestinal malrotation and nonfixation	Intestinal malrotation	HP:0002566	Intestinal malrotation	1		
Intestinal mucosal inflammation	Intestinal inflammation	HP:4000055	Intestinal inflammation	1		
Intestinal rupture	Intestinal perforation	HP:0031368	Intestinal perforation	1		
Intimal thickening in the coronary vessels	Coronary artery stenosis	HP:0005145	Coronary artery stenosis	1		
Intracerebellar cysts	Cerebellar cyst	HP:0002350	Cerebellar cyst	1		
intracerebral cysts	Hypodontia	HP:0000668	Hypodontia	1		
intracorneal lens	Lens dislocation	HP:0001083	Ectopia lentis	1		
Intracranial bleeding in the absence of major trauma	Intracranial hemorrhage	HP:0002170	Intracranial hemorrhage	1		
intractable pain	Pain	HP:0012531	Pain	1		
Intradermal nevi	Nevus	HP:0003764	Nevus	1		
Intraocular inflammation	Uveitis	HP:0000554	Uveitis	1		
Intraretinal foveal schisis	Macular schisis	HP:0011511	Macular schisis	1		
intrauterine growth deficiency	Failure to thrive	HP:0001508	Failure to thrive	1		
Intravascular clotting problems	Disseminated intravascular coagulation	HP:0005521	Disseminated intravascular coagulation	1		
Inturning of the feet and toes	Clubfoot	HP:0001762	Talipes equinovarus	1		
Inverted inner canthal fold	Epicanthus inversus	HP:0000537	Epicanthus inversus	1		
inverted V shape to palate	High arched palate	HP:0000218	High palate	1		
Involuntary spontaneous myoclonic jerks	Myoclonus	HP:0001336	Myoclonus	1		
involuntary tongue protrusion on attempted swallowing	Tongue protrusion	HP:0010808	Protruding tongue	1		
Involuntary, action-induced myoclonic jerks	Myoclonus	HP:0001336	Myoclonus	1		
Involvement of all four limbs	Abnormality of the limbs	HP:0040064	Abnormality of limbs	1	HP:0040064	next:OK
Involvement of digits II–IV	Abnormality of the hand	HP:0001155	Abnormality of the hand	1		
Involvement of heart valves	Abnormal heart valve morphology	HP:0001654	Abnormal heart valve morphology	1		
Involvement of the extraocular muscles	Abnormality of extraocular muscles	HP:0008049	Abnormality of the extraocular muscles	1	HP:0008049	next:OK
Inward-bowing tibiae	Genu varum	HP:0002970	Genu varum	1		
Ipsilateral vocal cord paralysis	Vocal cord paralysis	HP:0001605	Vocal cord paralysis	1		
IQ deficits	Intellectual disability	HP:0001249	Intellectual disability	1		
Iris defects	Iris coloboma	HP:0000612	Iris coloboma	1	HP:0000525	next:AUTRE Abnormality of the iris
Iris dysgenesis	Iris hypoplasia	HP:0007676	Hypoplasia of the iris	1		
Iris pigment epithelial cyst	Iris cyst	HP:0011523	Iris cyst	1		
Iris transillumination	Iris transillumination defect	HP:0012805	Iris transillumination defect	1		
iron accumulation in both the globus pallidus and substantia nigra	Basal ganglia calcification	HP:0002135	Basal ganglia calcification	1		
Irregular (lace-like) appearance of the iliac crests	Irregular iliac crest	HP:0003796	Irregular iliac crest	1		
Irregular and slow vertical smooth pursuit	Abnormal smooth pursuit	HP:0000617	Abnormality of ocular smooth pursuit	1	HP:0000617	next:OK
Irregular articular surfaces of the tubular bones	Abnormality of long bone morphology	HP:0011314	Abnormal long bone morphology	1		
Irregular calcifications in epiphyses	Epiphyseal dysplasia	HP:0002656	Epiphyseal dysplasia	1		
Irregular carpals, tarsals, and epiphyses	Carpal fusion	HP:0009702	Carpal synostosis	1		
Irregular carpals, tarsals, and epiphyses	Epiphyseal stippling	HP:0010655	Epiphyseal stippling	1		
Irregular contours of proximal femoral epiphyses	Irregular proximal femoral epiphyses	HP:0005041	Irregular capital femoral epiphysis	1		
Irregular defects of the metaphyses at the ends of the long bones	Metaphyseal dysplasia	HP:0100255	Metaphyseal dysplasia	1		
Irregular deformities of the vertebrae	Vertebral anomalies	HP:0003468	Abnormal vertebral morphology	1		
Irregular deformity and shortening of the metacarpals, metatarsals, and phalanges	Abnormality of the phalanges of the hand	HP:0005918	Abnormal finger phalanx morphology	1		
Irregular dental eruption	Abnormality of tooth eruption	HP:0006292	Abnormality of dental eruption	1		
Irregular diaphyseal modeling	Abnormality of long bone morphology	HP:0011314	Abnormal long bone morphology	1		
irregular disrupted eyebrows	Abnormality of the eyebrows	HP:0000534	Abnormal eyebrow morphology	1	HP:0000534	next:OK
irregular dysplastic acetabuli	Acetabular dysplasia	HP:0008807	Acetabular dysplasia	1		
Irregular endplates of metaphyses	Irregular vertebral endplates	HP:0003301	Irregular vertebral endplates	1		
Irregular epiphyseal form	Abnormal epiphyseal ossification	HP:0010656	Abnormal epiphyseal ossification	1		
irregular epiphyseal ossification	Abnormal epiphyseal ossification	HP:0010656	Abnormal epiphyseal ossification	1		
Irregular erythema progressing to poikiloderma	Poikiloderma	HP:0001029	Poikiloderma	1		
Irregular generalized spike-wave pattern on EEG	Abnormal EEG	HP:0002353	EEG abnormality	1		
Irregular growth plates	Abnormal growth plate morphology	HP:0025368	Abnormal growth plate morphology	1		
Irregular implantation of toes	Abnormal toe morphology	HP:0001780	Abnormal toe morphology	1		
Irregular menstrual periods	Irregular menstruation	HP:0000858	Irregular menstruation	1		
Irregular metaphyseal margins of femoral necks	Abnormality of the femoral neck	HP:0003367	Abnormal femoral neck morphology	1		
Irregular metaphyses and epiphyses	Epiphyseal dysplasia	HP:0002656	Epiphyseal dysplasia	1		
Irregular metaphyses and epiphyses	Metaphyseal dysplasia	HP:0100255	Metaphyseal dysplasia	1		
Irregular ossification at the ischiopubic junction	Abnormal ischium morphology	HP:0003174	Abnormal ischium morphology	1		
Irregular ossification of the tarsal bones	Abnormal tarsal bone ossification	HP:0008369	Abnormal tarsal ossification	1	HP:0008369	next:OK
irregular ossification of the vertebral bodies	Irregular vertebral endplates	HP:0003301	Irregular vertebral endplates	1		
Irregular periosteal thickening of ribs	Periosteal reaction	HP:0031485	Subperiosteal bone formation	1		
Irregular periosteal thickening of the ribs	Abnormality of the ribs	HP:0000772	Abnormal rib morphology	1		
Irregular pigmentation	Abnormality of skin pigmentation	HP:0001000	Abnormality of skin pigmentation	1		
irregular placement of teeth	Malocclusion	HP:0000689	Dental malocclusion	1		
Irregular placement of teeth	Malposition of teeth	HP:0000692	Tooth malposition	1		
Irregular platyspondyly	Abnormal vertebral morphology	HP:0003468	Abnormal vertebral morphology	1		
Irregular ribbon-like ribs	Abnormal rib morphology	HP:0000772	Abnormal rib morphology	1		
Irregular ribs	Rib anomaly	HP:0000772	Abnormal rib morphology	1	HP:0000772	next:OK
Irregular ribs and clavicles	Abnormal rib morphology	HP:0000772	Abnormal rib morphology	1		
Irregular ribs and clavicles	Abnormal clavicle morphology	HP:0000889	Abnormal clavicle morphology	1		
irregular vertebral bodies	Vertebral segmentation defects	HP:0003422	Vertebral segmentation defect	1	HP:0003468	next:AUTRE Abnormal vertebral morphology
irregular vertebral bodies	Abnormal vertebral morphology	HP:0003468	Abnormal vertebral morphology	1	HP:0003468	next:OK
irregular, abnormal-appearing temporomandibular joints	Abnormality of the temporomandibular joint	HP:0010754	Abnormality of the temporomandibular joint	1		
Irregular, often multicentric opacities with calcific spots arising in epiphyses and/ or tarsal bones of the leg	Epiphyseal stippling	HP:0010655	Epiphyseal stippling	1		
Irregular, often multicentric opacities with calcific spots arising in epiphyses and/or tarsal bones of the leg	Epiphyseal dysplasia	HP:0002656	Epiphyseal dysplasia	1		
Irregularities of the upper and lower end plates	Abnormality of the vertebral endplates	HP:0005106	Abnormality of the vertebral endplates	1		
Irregularity and central indentation of endplates	Endplate irregularity	HP:0003301	Irregular vertebral endplates	1		
Irregularity of epiphyses	Epiphyseal dysplasia	HP:0002656	Epiphyseal dysplasia	1		
Irregularity of the epiphyses and articular surfaces	Abnormality of the epiphyses	HP:0005930	Abnormal epiphysis morphology	1		
irregularity of the metaphyses of the tubular bones	Metaphyseal irregularity	HP:0003025	Metaphyseal irregularity	1		
irregularity of the subchondral margins of the acetabula	Abnormality of the acetabulum	HP:0003170	Abnormal acetabulum morphology	1		
irregularity of the upper and lower end plates	Abnormality of the vertebral endplate	HP:0005106	Abnormality of the vertebral endplates	1	HP:0005106	next:OK
Irregularly positioned toes	Abnormal toe morphology	HP:0001780	Abnormal toe morphology	1		
Irregularly sized vertebral bodies	Abnormal vertebral morphology	HP:0003468	Abnormal vertebral morphology	1		
Irritability in infancy	Irritability	HP:0000737	Irritability	1		
Irritative activity on EEG	Abnormality of the electroencephalogram	HP:0002353	EEG abnormality	1	HP:0002353	next:OK
isolated anemia and neutropenia	Neutropenia	HP:0001875	Decreased total neutrophil count	1		
isolated anemia and neutropenia	Anemia	HP:0001903	Anemia	1		
Isolated cerebellar atrophy on neuroimaging	Cerebellar atrophy	HP:0001272	Cerebellar atrophy	1		
Isolated dextrocardia	Dextrocardia	HP:0001651	Dextrocardia	1		
isolated elevated transaminases	Elevated transaminases	HP:0002910	Elevated circulating hepatic transaminase concentration	1		
isolated foveal hypoplasia	Foveal hypoplasia	HP:0007750	Hypoplasia of the fovea	1		
Isolated growth hormone deficiency	Hypothyroidism	HP:0000821	Hypothyroidism	1		
Isolated hydronephrosis	Hydronephrosis	HP:0000126	Hydronephrosis	1		
Isolated hypomyelination	Hypomyelination	HP:0003429	CNS hypomyelination	1		
isolated migraine with aura	Migraine with aura	HP:0002077	Migraine with aura	1		
isolated myoclonic seizures	Myoclonic seizures	HP:0032794	Myoclonic seizure	1	HP:0032794	next:OK
isolated poor growth	Short stature	HP:0004322	Short stature	1		
Isolated pulmonary embolism	Pulmonary embolism	HP:0002204	Pulmonary embolism	1		
isolated renal tubular acidosis	Renal tubular acidosis	HP:0001947	Renal tubular acidosis	1		
isolated speech delay	Speech delay	HP:0000750	Delayed speech and language development	1		
isolated splenomegaly	Splenomegaly	HP:0001744	Splenomegaly	1		
isolated upper limb dystonia	Dystonia	HP:0001332	Dystonia	1		
issues with learning	Intellectual disability	HP:0001249	Intellectual disability	1		
Ivory epiphyses in the hands	Ivory epiphyses	HP:0010583	Ivory epiphyses	1		
jaw dystonia	Dystonia	HP:0001332	Dystonia	1		
jaw tremor	Tremor	HP:0001337	Tremor	1		
Jerking movements	Myoclonus	HP:0001336	Myoclonus	1		
Jerks of the limbs	Myoclonus	HP:0001336	Myoclonus	1		
Jerky arm movements resembling a puppet gait	Ataxia	HP:0001251	Ataxia	1		
jerky movements	Choreoathetosis	HP:0001266	Choreoathetosis	1		
jerky movements	Chorea	HP:0002072	Chorea	1		
jerky movements resembling myoclonus	Myoclonus	HP:0001336	Myoclonus	1		
Jerky pursuit	Saccadic intrusions	HP:0032114	Saccadic intrusion	1	HP:0000617	next:AUTRE Abnormality of ocular smooth pursuit
Joint aches	Joint pain	HP:0002829	Arthralgia	1		
Joint bleeds	Hemarthrosis	HP:0005261	Joint hemorrhage	1		
Joint contractures of variable severity, ranging from mild contractures of the distal phalanges of the hands to severe arthrogryposis multiplex congenita	Arthrogryposis multiplex congenita	HP:0002804	Arthrogryposis multiplex congenita	1		
Joint contractures of variable severity, ranging from mild contractures of the distal phalanges of the hands to severe arthrogryposis multiplex congenita	Joint contracture	HP:0034392	Joint contracture	1		
joint deformity and limitation of motion	Limitation of joint mobility	HP:0001376	Limitation of joint mobility	1		
Joint dislocation/dysplasia	Joint dislocation	HP:0001373	Joint dislocation	1		
Joint hypermotility	Joint hypermobility	HP:0001382	Joint hypermobility	1		
joint laxity affecting all joints	Generalized joint hypermobility	HP:0002761	Generalized joint hypermobility	1		
Joint limitations	Joint stiffness	HP:0001387	Joint stiffness	1		
Joint malalignment	Joint subluxation	HP:0032153	Joint subluxation	1		
joint mobility issues	Joint hypermobility	HP:0001382	Joint hypermobility	1		
joint mobility issues	Joint stiffness	HP:0001387	Joint stiffness	1		
Joint pain and stiffness	Joint stiffness	HP:0001387	Joint stiffness	1		
Joint pain and stiffness	Joint pain	HP:0002829	Arthralgia	1		
joint pain in childhood	Arthralgia	HP:0002829	Arthralgia	1		
Joint pain in the knees and hips	Hip pain	HP:0030838	Hip pain	1		
Joint pain in the knees and hips	Knee pain	HP:0030839	Knee pain	1		
joint pain, enthesopathy, and decreased joint mobility	Arthralgia	HP:0002829	Arthralgia	1		
Joint pain, swelling, and tenderness	Joint swelling	HP:0001386	Joint swelling	1		
Joint pain, swelling, and tenderness	Joint pain	HP:0002829	Arthralgia	1		
Joint restriction	Joint stiffness	HP:0001387	Joint stiffness	1		
Joint stiffness and enlargement	Joint swelling	HP:0001386	Joint swelling	1		
Joint stiffness and enlargement	Joint stiffness	HP:0001387	Joint stiffness	1		
Jowly double-chinned appearance	Full cheeks	HP:0000293	Full cheeks	1		
juvenile-onset spastic paraplegia	Spastic paraplegia	HP:0001258	Spastic paraplegia	1		
Kayser-Fleisher rings	Kayser-Fleischer rings	HP:0200032	Kayser-Fleischer ring	1	HP:0200032	next:OK
keratotic lichenification	Lichenification	HP:0100725	Lichenification	1		
Ketotic normoglycemia	Ketosis	HP:0001946	Ketosis	1		
kidney agenesis	Renal agenesis	HP:0000104	Renal agenesis	1		
kidney dysplasia	Renal dysplasia	HP:0000110	Renal dysplasia	1		
Kidney dysplasia with varying degrees of cyst formation	Renal dysplasia	HP:0000110	Renal dysplasia	1		
kidney insufficiency	Renal insufficiency	HP:0000083	Renal insufficiency	1		
Kidney lesions	Renal cysts	HP:0000107	Renal cyst	1	HP:0000077	next:AUTRE Abnormality of the kidneys
Kidney stone disease	Nephrolithiasis	HP:0000787	Nephrolithiasis	1		
Kleeblattschädel (cloverleaf skull)	Cloverleaf skull	HP:0002676	Cloverleaf skull	1		
Klippel-Feil sequence	Klippel-Feil syndrome	HP:0004602	Cervical C2/C3 vertebral fusion	1		
knee and ankle valgus	Genu valgum	HP:0002857	Genu valgum	1		
knee involvement	Abnormality of the knee	HP:0002815	Abnormality of the knee	1		
Kypho/scoliosis	Scoliosis	HP:0002650	Scoliosis	1		
Kypho/scoliosis	Kyphosis	HP:0002808	Kyphosis	1		
Kyphoscoliosis before age one year	Kyphoscoliosis	HP:0002751	Kyphoscoliosis	1		
Kyphoscoliosis of childhood onset	Kyphoscoliosis	HP:0002751	Kyphoscoliosis	1		
Kyphosis at the thoracolumbar junction	Kyphosis	HP:0002808	Kyphosis	1		
Kyphosis, scoliosis, gibbus deformity	Scoliosis	HP:0002650	Scoliosis	1		
Kyphosis, scoliosis, gibbus deformity	Kyphosis	HP:0002808	Kyphosis	1		
Labial adhesions in females	Labial adhesion	HP:0033588	Labial adhesion	1		
Lack of appetite	Anorexia	HP:0002039	Anorexia	1		
lack of caudal widening of spinal canal	Narrow spinal canal	HP:0003416	Spinal canal stenosis	1		
Lack of coordination in chewing	Dysphagia	HP:0002015	Dysphagia	1		
Lack of development of secondary sexual characteristics	Delayed puberty	HP:0000823	Delayed puberty	1		
Lack of expressive movement	Hypokinesia	HP:0002375	Hypokinesia	1		
lack of eyebrows and eyelashes	Absence of eyebrows	HP:0100840	Aplasia/Hypoplasia of the eyebrow	1	HP:0002223	next:AUTRE Absent eyebrow
Lack of frontal sinus	Aplasia of frontal sinus	HP:0002688	Absent frontal sinuses	1		
Lack of fusion of odontoid with body of C2	Odontoid hypoplasia	HP:0003311	Hypoplasia of the odontoid process	1		
Lack of fusion of posterior neural arches	Spina bifida	HP:0002414	Spina bifida	1		
lack of fusion of posterior neural arches in females	Spina bifida	HP:0002414	Spina bifida	1		
Lack of gyration of cerebral hemispheres	Lissencephaly	HP:0001339	Lissencephaly	1		
Lack of hair pigmentation	Hypopigmentation of hair	HP:0005599	Hypopigmentation of hair	1		
Lack of iliac flaring	Narrow iliac wings	HP:0002868	Narrow iliac wing	1		
lack of independent ambulation	Delayed walking	HP:0031936	Delayed ability to walk	1		
Lack of libido	Decreased libido	HP:0046504	Decreased libido	1		
Lack of menses	Primary amenorrhea	HP:0000786	Primary amenorrhea	1		
Lack of modeling in metaphyseal region	Metaphyseal dysplasia	HP:0100255	Metaphyseal dysplasia	1		
lack of normal flare of ilia	Abnormal ilium morphology	HP:0002867	Abnormal ilium morphology	1		
Lack of normal metaphyseal modeling	Metaphyseal dysplasia	HP:0100255	Metaphyseal dysplasia	1		
Lack of normal modeling in metaphyseal regions	Abnormal metaphysis morphology	HP:0000944	Abnormal metaphysis morphology	1		
Lack of optic nerve	Aplasia/Hypoplasia of the optic nerve	HP:0008058	Aplasia/Hypoplasia of the optic nerve	1		
Lack of ossification of calcaneal centers	Delayed tarsal ossification	HP:0008103	Delayed tarsal ossification	1		
Lack of ossification of proximal tibial and distal femoral epiphysis and talus	Delayed epiphyseal ossification	HP:0002663	Delayed epiphyseal ossification	1		
Lack of purposeful hand movements	Impaired fine motor skills	HP:0007010	Poor fine motor coordination	1		
Lack of reciprocal play / social interest	Impaired social interaction	HP:0012760	Reduced social responsiveness	1		
lack of satiation	Hyperphagia	HP:0002591	Polyphagia	1		
lack of secondary sexual development in females	Primary amenorrhea	HP:0000786	Primary amenorrhea	1		
Lack of spontaneous onset of puberty	Delayed puberty	HP:0000823	Delayed puberty	1		
lack of stability	Gait instability	HP:0002317	Unsteady gait	1		
Lack of visual following	Visual impairment	HP:0000505	Visual impairment	1		
Lacrimal duct anomalies	Abnormal lacrimal duct morphology	HP:0011481	Abnormal lacrimal duct morphology	1		
Lacrimal duct anomalies	Abnormal lacrimal gland morphology	HP:0011482	Abnormal lacrimal gland morphology	1		
Lacrimal duct defects	Lacrimal duct stenosis	HP:0007678	Lacrimal duct stenosis	1		
lactic aciduria	Lactic acidosis	HP:0003128	Lactic acidosis	1		
Lacy reticular pigmentation	Reticulate skin pigmentation	HP:0007427	Reticulated skin pigmentation	1		
Lag in mineralization of epiphyses	Delayed epiphyseal ossification	HP:0002663	Delayed epiphyseal ossification	1		
Lagophthalmus	Lagophthalmos	HP:0030001	Lagophthalmos	1		
Language deficiency	Speech delay	HP:0000750	Delayed speech and language development	1		
Language deficits	Language delay	HP:0000750	Delayed speech and language development	1		
language dysfunction	Language impairment	HP:0002463	Language impairment	1		
language regression	Language delay	HP:0000750	Delayed speech and language development	1		
large and bulbous nose with thickened alae	Bulbous nose	HP:0000414	Bulbous nose	1		
large and bulbous nose with thickened alae	Thick nasal alae	HP:0009928	Thick nasal alae	1		
Large and flattened capital femoral epiphyses	Small femoral head	HP:0008802	Hypoplasia of the femoral head	1		next:AUTRE Enlarged capital femoral epiphysis ?
Large and numerous lipid vacuoles	Hepatic steatosis	HP:0001397	Hepatic steatosis	1		
large and triangular mouth with exposed incisors and upper gums	Large mouth	HP:0000154	Wide mouth	1		
large and triangular mouth with exposed incisors and upper gums	Triangular mouth	HP:0000207	Triangular mouth	1		
Large and wide odontoid	Odontoid hypoplasia	HP:0003311	Hypoplasia of the odontoid process	1		
Large areas of absent skin (aplasia cutis congenita)	Aplasia cutis congenita	HP:0001057	Aplasia cutis congenita	1		
Large AVMs	Arteriovenous malformation	HP:0100026	Arteriovenous malformation	1		
Large bifrontal diameter	Wide forehead	HP:0000337	Broad forehead	1		
Large bladder diverticula	Bladder diverticulum	HP:0000015	Bladder diverticulum	1		
Large bowel defects	Abnormality of the large intestine	HP:0002250	Abnormal large intestine morphology	1		
Large brain with gross cellular disorganization	Macrocephaly	HP:0000256	Macrocephaly	1		
Large bulbous nose with thickened alae nasi and septum	Bulbous nose	HP:0000414	Bulbous nose	1		
Large capacity bladder	Megacystis	HP:0000021	Megacystis	1		
Large cerebral ventricles	Ventriculomegaly	HP:0002119	Ventriculomegaly	1		
large cystic kidneys	Large kidneys	HP:0000105	Enlarged kidney	1		
large ear lobes	Large earlobe	HP:0009748	Large earlobe	1		
large ear pinnae	Large ear	HP:0000400	Macrotia	1	HP:0000400	next:OK
Large epiphyseal ossification centers	Enlarged epiphyses	HP:0010580	Enlarged epiphyses	1		
large floppy ears	Large ears	HP:0000400	Macrotia	1		
Large fontanels in infancy	Large fontanelle	HP:0000239	Large fontanelles	1		
large hands and feet	Large hands	HP:0001176	Large hands	1		
large hands and feet	Large feet	HP:0001833	Long foot	1		
Large head size	Macrocephaly	HP:0000256	Macrocephaly	1		
Large joint arthritis	Arthritis	HP:0001369	Arthritis	1		
Large knee epiphyses	Abnormal knee morphology	HP:0034669	Abnormal knee morphology	1		
Large laterally protruding ears	Protruding ear	HP:0000411	Protruding ear	1		
Large open mouth with thick, everted lower lip	Large mouth	HP:0000154	Wide mouth	1		
Large open mouth with thick, everted lower lip	Everted lower lip	HP:0000232	Everted lower lip vermilion	1		
Large ovarian cysts	Ovarian cyst	HP:0000138	Ovarian cyst	1		
Large patent ductus arteriosus	Patent ductus arteriosus	HP:0001643	Patent ductus arteriosus	1		
large prominent ears	Large ears	HP:0000400	Macrotia	1		
large prominent ears	Prominent ears	HP:0000411	Protruding ear	1		
large protruding ears	Prominent ears	HP:0000411	Protruding ear	1		
Large protuberant ears	Large ears	HP:0000400	Macrotia	1		
Large pseudoepiphysis of the second metacarpal	Abnormal metacarpal morphology	HP:0005916	Abnormal metacarpal morphology	1		
Large superficial veins	Prominent veins	HP:0001015	Prominent superficial veins	1		
Large teeth	Macrodontia	HP:0001572	Macrodontia	1		
Large umbilical hernia	Umbilical hernia	HP:0001537	Umbilical hernia	1		
Large ventricles	Ventriculomegaly	HP:0002119	Ventriculomegaly	1		
Large “carp-like” mouth	Large mouth	HP:0000154	Wide mouth	1		
large, anteverted, simply configured ears	Large ears	HP:0000400	Macrotia	1		
large, anteverted, simply configured ears	Anteverted ears	HP:0040080	Anteverted ears	1		
Large, floppy ears	Large ears	HP:0000400	Macrotia	1		
Large, late-closing anterior fontanel	Large anterior fontanelle	HP:0000260	Wide anterior fontanel	1		
Large, low-set, posteriorly rotated ears	Posteriorly rotated ears	HP:0000358	Posteriorly rotated ears	1		
Large, low-set, posteriorly rotated ears	Low-set ears	HP:0000369	Low-set ears	1		
Large, round capital femoral epiphyses	Abnormal femoral head morphology	HP:0003368	Abnormal femoral head morphology	1		
Large, sparse and medially flared eyebrows	Abnormality of the eyebrows	HP:0000534	Abnormal eyebrow morphology	1	HP:0000534	next:OK
Large-amplitude slow waves mixed with spikes facilitated by eye closure	Abnormal electroencephalogram	HP:0002353	EEG abnormality	1		
Large-appearing cornea	Megalocornea	HP:0000485	Megalocornea	1		
larger, gray-brown scales on lower limbs	Hyperkeratosis	HP:0000962	Hyperkeratosis	1		
larger, white-gray scales	Hyperkeratosis	HP:0000962	Hyperkeratosis	1		
Laryngeal and breathing disorders including apnea	Sleep apnea	HP:0010535	Sleep apnea	1		
laryngeal and tracheal abnormalities	Abnormality of the larynx	HP:0001600	Abnormality of the larynx	1		
laryngeal and tracheal abnormalities	Abnormality of the trachea	HP:0002778	Abnormal tracheal morphology	1		
Laryngeal dysfunction	Laryngeal paralysis	HP:0001605	Vocal cord paralysis	1		
laryngeal hypotonia	Hypotonia	HP:0001252	Hypotonia	1		
Laryngeal inflammation	Laryngitis	HP:0033000	Subglottic laryngitis	1		
Laryngeal involvement	Abnormality of the larynx	HP:0001600	Abnormality of the larynx	1		
laryngeal involvement	Laryngeal paralysis	HP:0001605	Vocal cord paralysis	1		
laryngeal involvement	Spasmodic dysphonia	HP:0012049	Laryngeal dystonia	1		
Laryngeal/hypopharyngeal hypoplasia	Laryngeal hypoplasia	HP:0008749	Laryngeal hypoplasia	1		
Laryngo-, tracheo-, and bronchomalacia	Tracheomalacia	HP:0002779	Tracheomalacia	1		
lassitude	Fatigue	HP:0012378	Fatigue	1		
Late closing fontanels	Delayed closure of fontanels	HP:0000270	Delayed cranial suture closure	1		
Late closure of large fontanels	Delayed closure of fontanelles	HP:0000270	Delayed cranial suture closure	1		
Late closure of the anterior fontanel	Delayed closure of the anterior fontanelle	HP:0001476	Delayed closure of the anterior fontanelle	1		
Late closure of the fontanels	Delayed closure of fontanels	HP:0000270	Delayed cranial suture closure	1		
late dental eruption	Delayed eruption of teeth	HP:0000684	Delayed eruption of teeth	1		
Late eruption of widely spaced teeth	Delayed eruption of teeth	HP:0000684	Delayed eruption of teeth	1		
Late eruption of widely spaced teeth	Widely spaced teeth	HP:0000687	Widely spaced teeth	1		
late menarche	Delayed menarche	HP:0012569	Delayed menarche	1		
late mineralization of sutures	Delayed closure of cranial sutures	HP:0000270	Delayed cranial suture closure	1	HP:0000270	next:OK
late ossification of capital femoral epiphysis	Delayed epiphyseal ossification	HP:0002663	Delayed epiphyseal ossification	1		
Late ossification of femoral heads	Delayed femoral head ossification	HP:0008829	Delayed femoral head ossification	1		
Late ossification of the capital femoral epiphyses	Delayed ossification of the femoral head	HP:0008829	Delayed femoral head ossification	1	HP:0008829	next:OK
Late walking	Delayed walking	HP:0031936	Delayed ability to walk	1		
Late-maturing ovoid vertebral bodies	Ovoid vertebral bodies	HP:0003300	Ovoid vertebral bodies	1		
Late-onset worsening of ataxia	Ataxia	HP:0001251	Ataxia	1		
Lateral bowing of the radii	Radial bowing	HP:0002986	Radial bowing	1		
Lateral clavicular hook	Hook-shaped clavicle	HP:0000895	Lateral clavicle hook	1		
Lateral deviation of fifth toe	Clinodactyly of toe	HP:0001863	Toe clinodactyly	1	HP:0001864	next:AUTRE Clinodactyly of the 5th toe
Lateral dislocation of the patella	Patellar dislocation	HP:0002999	Patellar dislocation	1		
Lateral displacement of capital femoral epiphyses	Slipped capital femoral epiphysis	HP:0006461	Proximal femoral epiphysiolysis	1		
Lateral displacement of medial canthi	Telecanthus	HP:0000506	Telecanthus	1		
Lateral displacement of medial canthus (telecanthus)	Telecanthus	HP:0000506	Telecanthus	1		
lateral extension of the acetabular roof	Abnormality of the acetabulum	HP:0003170	Abnormal acetabulum morphology	1		
Lateral lacrimal dystopia	Telecanthus	HP:0000506	Telecanthus	1		
lateral notching of proximal femoral ossification centers	Abnormality of the proximal femoral epiphysis	HP:0010574	Abnormality of the epiphysis of the femoral head	1		
Lateral protrusion	Protrusion of tongue	HP:0010808	Protruding tongue	1	HP:0000411	next:AUTRE Protruding ear
lateral slant of the ankle joints	Abnormality of the ankle	HP:0003028	Abnormality of the ankle	1		
Lateral ventricle enlargement	Ventriculomegaly	HP:0002119	Ventriculomegaly	1		
Lateral-beating nystagmus	Nystagmus	HP:0000639	Nystagmus	1		
laterally broad eyebrows	Broad eyebrows	HP:0011229	Broad eyebrow	1		
laterally dislocated patella	Patellar dislocation	HP:0002999	Patellar dislocation	1		
Laterally placed capital femoral epiphyses	Lateral displacement of the femoral head	HP:0006453	Lateral displacement of the femoral head	1		
Laxity of ligaments	Joint hypermobility	HP:0001382	Joint hypermobility	1		
Leaky retinal vessels	Retinal telangiectasia	HP:0007763	Retinal telangiectasia	1		
Learning and speech disorders	Speech delay	HP:0000750	Delayed speech and language development	1		
Learning and speech disorders	Intellectual disability	HP:0001249	Intellectual disability	1		
Learning defects	Intellectual disability	HP:0001249	Intellectual disability	1		
learning deficits	Intellectual disability	HP:0001249	Intellectual disability	1		
Learning disability and/or attention-deficit/hyperactivity disorder; development may be normal	Attention deficit hyperactivity disorder	HP:0007018	Attention deficit hyperactivity disorder	1		
Learning disability, hyperactivity, or speech problems	Speech delay	HP:0000750	Delayed speech and language development	1		
Learning disability, hyperactivity, or speech problems	Attention deficit hyperactivity disorder	HP:0007018	Attention deficit hyperactivity disorder	1		
left ventricular outflow track anomalies	Abnormality of the left ventricular outflow tract	HP:0011103	Abnormal left ventricular outflow tract morphology	1		
left ventricular thickening	Left ventricular hypertrophy	HP:0001712	Left ventricular hypertrophy	1		
Left-sided facial palsy	Facial nerve palsy	HP:0010628	Facial palsy	1		
leg and trunk myoclonus leading to falls	Myoclonus	HP:0001336	Myoclonus	1		
leg cramps	Muscle cramps	HP:0003394	Muscle spasm	1		
leg myotonia	Myotonia	HP:0002486	Myotonia	1		
Leg spasms	Muscle spasms	HP:0003394	Muscle spasm	1		
Leg tremor at onset	Tremor	HP:0001337	Tremor	1		
Length and head circumference >90th centile	Tall stature	HP:0000098	Tall stature	1		
Length and head circumference >90th centile	Macrocephaly	HP:0000256	Macrocephaly	1		
Length greater than the 90th centile	Tall stature	HP:0000098	Tall stature	1		
Length/height 0 to 2 SD below the mean	Short stature	HP:0004322	Short stature	1		
Lengthening of the fibula relative to the tibia	Long fibula	HP:0003085	Long fibula	1		
lens adhered to the posterior cornea	Lens dislocation	HP:0001083	Ectopia lentis	1		
lens anomalies	Abnormality of the lens	HP:0000517	Abnormal lens morphology	1		
lens in the anterior chamber	Lens dislocation	HP:0001083	Ectopia lentis	1		
Lens opacities in females	Lens opacity	HP:0000518	Cataract	1		
lenticular myopia	Myopia	HP:0000545	Myopia	1		
leopard spot pigmentary retinopathy	Pigmentary retinopathy	HP:0000580	Pigmentary retinopathy	1		
Less cognitive impairment for age	Cognitive impairment	HP:0100543	Cognitive impairment	1		
Less delay in other hand epiphyses	Delayed epiphyseal ossification	HP:0002663	Delayed epiphyseal ossification	1		
Less marked shortness and widening of the fibulae, radii, and ulnae	Short radius	HP:0002984	Hypoplasia of the radius	1		
Less marked shortness and widening of the fibulae, radii, and ulnae	Short fibula	HP:0003038	Fibular hypoplasia	1		
Less severe gibbus	Kyphosis	HP:0002808	Kyphosis	1		
leukocytopenia	Leukopenia	HP:0001882	Decreased total leukocyte count	1		
Levodopa-responsive dystonia	Dystonia	HP:0001332	Dystonia	1		
Levodopa-responsive parkinsonism	Parkinsonism	HP:0001300	Parkinsonism	1		
Liability to infections	Recurrent infections	HP:0002719	Recurrent infections	1		
Lid coloboma	Eyelid coloboma	HP:0000625	Eyelid coloboma	1		
Lid entropion	Entropion	HP:0000621	Entropion	1		
Lid lag myotonia	Myotonia	HP:0002486	Myotonia	1		
Lifelong ataxia	Ataxia	HP:0001251	Ataxia	1		
Ligamentous laxity	Generalized joint hypermobility	HP:0002761	Generalized joint hypermobility	1		
Light hair	Hypopigmentation of hair	HP:0005599	Hypopigmentation of hair	1		
lighter skin and hair color	Hypopigmentation of hair	HP:0005599	Hypopigmentation of hair	1		
lightly pigmented scalp hair	Hypopigmentation of hair	HP:0005599	Hypopigmentation of hair	1		
Limb malformations	Limb anomaly	HP:0040064	Abnormality of limbs	1		
Limitation in hips, wrists, fingers, toes, and spine	Platyspondyly	HP:0000926	Platyspondyly	1		
Limitation in joint motility	Joint stiffness	HP:0001387	Joint stiffness	1		
Limitation of elbow extension and rotation	Limited elbow extension	HP:0001377	Limited elbow extension	1		
limitation of eye movements	Ophthalmoplegia	HP:0000602	Ophthalmoplegia	1		
Limitation of flexion at proximal phalangeal joints	Short tubular bones of hands	HP:0001248	Short tubular bones of the hand	1		next:AUTRE Limited flexion at the proximal interphalangeal joints ?
Limited abduction and adduction	Limited abduction of hip	HP:0003184	Decreased hip abduction	1	HP:0000496	next:AUTRE Abnormality of eye movement
Limited elbow and knee extension	Limited elbow extension	HP:0001377	Limited elbow extension	1		
Limited elbow and knee extension	Limited knee extension	HP:0003066	Limited knee extension	1		
Limited elbow extension and forearm supination	Limited elbow extension	HP:0001377	Limited elbow extension	1		
Limited extension of elbow, hip, and knee joints	Limited elbow extension	HP:0001377	Limited elbow extension	1		
Limited extension of elbow, hip, and knee joints	Limited hip extension	HP:0003093	Limited hip extension	1		
limited extension, pronation, and supination of the elbows	Limited elbow extension	HP:0001377	Limited elbow extension	1		
Limited flexion of ankle joints with tiptoeing	Toe walking	HP:0030051	Tip-toe gait	1		
Limited flexion of ankle joints with tiptoeing	Limited ankle dorsiflexion	HP:0033526	Limited ankle dorsiflexion	1		
Limited leg spreading	Limited joint mobility	HP:0001376	Limitation of joint mobility	1		
Limited mobility of elbows and knees	Limited elbow mobility	HP:0002996	Limited elbow movement	1		
Limited mobility of the back and neck	Limited range of motion of neck	HP:0000466	Limited neck range of motion	1		next:AUTRE Limited range of motion of the cervical spine ?
Limited Movement of Head	Limited neck movement	HP:0004637	Decreased cervical spine mobility	1		
limited postnatal growth	Short stature	HP:0004322	Short stature	1		
Limited purposeful hand use	Impaired fine motor skills	HP:0007010	Poor fine motor coordination	1		
Limited range of motion of the joints	Joint stiffness	HP:0001387	Joint stiffness	1		
Limited speech	Speech delay	HP:0000750	Delayed speech and language development	1		
limited voluntary eye movements	Abnormality of eye movements	HP:0000496	Abnormality of eye movement	1	HP:0000496	next:OK
Limited-to-no speech	Absent speech	HP:0001344	Absent speech	1		
Limping gait	Abnormal gait	HP:0001288	Gait disturbance	1		
Linear growth acceleration	Accelerated linear growth	HP:0000098	Tall stature	1		
linear growth deficiency	Short stature	HP:0004322	Short stature	1		
Linear growth patterns of CNS hemangioblastomas	Hemangioblastoma	HP:0010797	Hemangioblastoma	1		
linear hypopigmentation	Hypopigmentation	HP:0001010	Hypopigmentation of the skin	1		
Linear or whorled atrophic and pigmentary skin lesions	Hypopigmentation	HP:0001010	Hypopigmentation of the skin	1		
linear verrucous epidermal nevi	Epidermal nevus	HP:0010816	Epidermal nevus	1		
Lingual frenulum extending to tip of tongue	Ankyloglossia	HP:0010296	Ankyloglossia	1		
Lingual hamartomata	Lingual hamartoma	HP:0011802	Hamartoma of tongue	1		
Lipodermoid of conjunctiva	Epibulbar dermoid	HP:0001140	Limbal dermoid	1		
Lipomastia	Gynecomastia	HP:0000771	Gynecomastia	1		
Lipomata at lateral border of feet	Lipoma	HP:0012032	Lipoma	1		
Lipomatous nodules	Lipoma	HP:0012032	Lipoma	1		
Livedo racemosa/reticularis	Livedo reticularis	HP:0033505	Livedo reticularis	1		
liver deposits	Abnormality of the liver	HP:0001392	Abnormality of the liver	1		
liver insufficiency	Hepatic failure	HP:0001399	Hepatic failure	1		
liver involvement	Abnormality of the liver	HP:0001392	Abnormality of the liver	1		
Liver lobe hypertrophy	Hepatomegaly	HP:0002240	Hepatomegaly	1		
lobated/bifid tongue with nodules	Tongue nodules	HP:0000199	Tongue nodules	1		
lobated/bifid tongue with nodules	Bifid tongue	HP:0010297	Bifid tongue	1		
Lobation of the tongue and gingiva	Lobulated tongue	HP:0000180	Lobulated tongue	1		
Lobation of the tongue and gingiva	Gingival hyperplasia	HP:0000212	Gingival overgrowth	1		
Lobular breast cancer	Breast cancer	HP:0003002	Breast carcinoma	1		
localized absence of skin	Aplasia/Hypoplasia of the skin	HP:0008065	Aplasia/Hypoplasia of the skin	1		
Localized areas of alopecia	Alopecia	HP:0001596	Alopecia	1		
Locally associated deformities, such as genu varum, genu valgum or pes equinus	Genu valgum	HP:0002857	Genu valgum	1		
Locally associated deformities, such as genu varum, genu valgum or pes equinus	Genu varum	HP:0002970	Genu varum	1		
Long and broad hands and feet	Broad hands	HP:0001169	Broad palm	1		
long and narrow head shape	Brachycephaly	HP:0000248	Brachycephaly	1		
Long and/or hypotonic face	Long face	HP:0000276	Long face	1		
Long and/or hypotonic face	Hypotonia	HP:0001252	Hypotonia	1		
Long cranium	Macrocephaly	HP:0000256	Macrocephaly	1		
Long digits	Long toes	HP:0010511	Long toe	1		
Long digits	Long fingers	HP:0100807	Long fingers	1		
Long distal fibulae	Long fibula	HP:0003085	Long fibula	1		
Long fibulae	Long fibula	HP:0003085	Long fibula	1		
Long fingers and/or toes	Long toes	HP:0010511	Long toe	1		
Long fingers and/or toes	Long fingers	HP:0100807	Long fingers	1		
long flat philtrum	Long philtrum	HP:0000343	Long philtrum	1		
Long lasting seizures with decreased awareness	Complex partial seizures	HP:0002384	Focal impaired awareness seizure	1		
Long limbs, fingers, and toes	Long fingers	HP:0100807	Long fingers	1		
Long middle phalanges of the fingers with extra flexion creases	Long middle phalanx of finger	HP:0012298	Long middle phalanx of finger	1		
long QT intervals	Prolonged QT interval	HP:0001657	Prolonged QT interval	1		
long QTc	Prolonged QT interval	HP:0001657	Prolonged QT interval	1		
long QTc interval	Prolonged QTc interval	HP:0005184	Prolonged QTc interval	1		
Long thumbs and great toes	Long hallux	HP:0001847	Long hallux	1		
Long thumbs and great toes	Long thumb	HP:0032524	Long thumb	1		
Long triangular face	Triangular face	HP:0000325	Triangular face	1		
Long, angulated ischial bones	Abnormal ischium morphology	HP:0003174	Abnormal ischium morphology	1		
long, flat, and poorly structured philtrum	Long philtrum	HP:0000343	Long philtrum	1		
long, nontapering fingers	Long finger	HP:0100807	Long fingers	1	HP:0100807	next:OK
Long, thin fingers and toes	Arachnodactyly	HP:0001166	Arachnodactyly	1		
long, well-defined philtrum	Long philtrum	HP:0000343	Long philtrum	1		
Long-bone hyperostosis	Hyperostosis	HP:0100774	Hyperostosis	1		
Longitudinal metaphyseal lines of increased density	Metaphyseal striations	HP:0031367	Metaphyseal striations	1		
Loose nuchal skin	Loose skin	HP:0000973	Cutis laxa	1		
Loose redundant skin folds	Loose skin	HP:0000973	Cutis laxa	1		
Loose Skin over Hands and Feet	Loose skin	HP:0000973	Cutis laxa	1		
Loose, slack, or droopy, redundant skin	Redundant skin	HP:0001582	Redundant skin	1		
Loose, wrinkled, atrophic, prematurely aged skin	Atrophic skin	HP:0004334	Dermal atrophy	1		
Lop ear malformation	Lop ear	HP:0000394	Lop ear	1		
Loss of ability to communicate	Aphasia	HP:0002381	Aphasia	1		
loss of acquired motor skills	Developmental regression	HP:0002376	Developmental regression	1		
Loss of alpha rhythm	Abnormal EEG	HP:0002353	EEG abnormality	1		
Loss of bone trabeculae	Osteopenia	HP:0000938	Osteopenia	1		
Loss of bowel and bladder control	Urinary incontinence	HP:0000020	Urinary incontinence	1		
Loss of bowel and bladder control	Fecal incontinence	HP:0002607	Bowel incontinence	1		
Loss of choriocapillaris	Choriocapillaris atrophy	HP:0030491	Choriocapillaris atrophy	1		
Loss of color vision	Color vision defect	HP:0000551	Color vision defect	1		
Loss of color vision affecting mostly the red-green system	Color vision defect	HP:0000551	Color vision defect	1		
loss of coordination	Ataxia	HP:0001251	Ataxia	1		
loss of enamel	Dental enamel hypoplasia	HP:0006297	Enamel hypoplasia	1		
loss of feeling	Hypoesthesia	HP:0033748	Hypoesthesia	1		
Loss of function of extremities	Muscle weakness	HP:0001324	Muscle weakness	1		
loss of independent ambulation	Abnormality of gait	HP:0001288	Gait disturbance	1	HP:0002505	next:AUTRE Loss of ambulation
loss of interest	Anhedonia	HP:0012154	Anhedonia	1		
loss of interest in environment	Apathy	HP:0000741	Apathy	1		
Loss of interest in their environment	Apathy	HP:0000741	Apathy	1		
loss of language	Loss of speech	HP:0002371	Loss of speech	1		
loss of muscle bulk	Muscle atrophy	HP:0003202	Skeletal muscle atrophy	1		
Loss of muscle mass	Muscle atrophy	HP:0003202	Skeletal muscle atrophy	1		
loss of previously acquired milestones	Developmental regression	HP:0002376	Developmental regression	1		
Loss of retinal pigment epithelium	Retinal pigment epithelial atrophy	HP:0007722	Retinal pigment epithelial atrophy	1		
Loss of sleep features	Abnormal sleep architecture	HP:5200298	Abnormal sleep architecture	1		
loss of tendon reflexes in distal limbs	Hyporeflexia	HP:0001265	Hyporeflexia	1		
Loss of vibratory sense	Impaired vibratory sensation	HP:0002495	Impaired vibratory sensation	1		
Loss of visual activity	Blindness	HP:0000618	Blindness	1		
Lost vibration sense	Impaired vibratory sensation	HP:0002495	Impaired vibratory sensation	1		
low birth weight and length	Low birth weight	HP:0001518	Small for gestational age	1		
Low bone mass	Osteopenia	HP:0000938	Osteopenia	1		
Low bone mass	Decreased bone mineral density	HP:0004349	Reduced bone mineral density	1		
Low cholesterol	Hypocholesterolemia	HP:0003146	Hypocholesterolemia	1		
Low cholesterol levels	Hypocholesterolemia	HP:0003146	Hypocholesterolemia	1		
low concentrations of serum IgG, IgM, and IgA	Hypogammaglobulinemia	HP:0004313	Decreased circulating immunoglobulin concentration	1		
Low core temperature	Hypothermia	HP:0002045	Hypothermia	1		
low dentate signal	Abnormality of the dentate nucleus	HP:0100321	Abnormal dentate nucleus morphology	1		
Low hair line	Low posterior hairline	HP:0002162	Low posterior hairline	1		
low head circumference	Microcephaly	HP:0000252	Microcephaly	1		
low iliac wings	Shallow acetabulae	HP:0003182	Shallow acetabular fossae	1	HP:0002866	next:AUTRE Hypoplastic iliac wings
Low iliac wings	Acetabular spur	HP:0010454	Acetabular spurs	1	HP:0002866	next:AUTRE Hypoplastic iliac wings
low immunoglobulins	Hypogammaglobulinemia	HP:0004313	Decreased circulating immunoglobulin concentration	1		
Low IQ	Intellectual disability	HP:0001249	Intellectual disability	1		
Low levels of follicle-stimulating hormone	Hypogonadotropic hypogonadism	HP:0000044	Hypogonadotropic hypogonadism	1		
Low levels of luteinizing hormone	Hypogonadotropic hypogonadism	HP:0000044	Hypogonadotropic hypogonadism	1		
Low muscle mass	Decreased muscle mass	HP:0003199	Decreased muscle mass	1		
Low phosphorus levels	Hypophosphatemia	HP:0002148	Hypophosphatemia	1		
Low placement of ears	Low set ears	HP:0000369	Low-set ears	1		
Low quantitative serum immunoglobulin (Ig) concentrations	Hypogammaglobulinemia	HP:0004313	Decreased circulating immunoglobulin concentration	1		
Low serum alkaline phosphatase activity	Low alkaline phosphatase	HP:0003282	Decreased circulating alkaline phosphatase activity	1		
low serum concentration of cholesterol	Hypocholesterolemia	HP:0003146	Hypocholesterolemia	1		
low serum concentration of factors IX and XI	Decreased prothrombin time	HP:0032198	Decreased prothrombin time	1		
Low serum uric acid	Hypouricemia	HP:0003537	Hypouricemia	1		
low supine blood pressure	Hypotension	HP:0002615	Hypotension	1		
low supine heart rate	Bradycardia	HP:0001662	Bradycardia	1		
Low testicular volume	Small testes	HP:0008734	Decreased testicular size	1		
low to borderline normal birth weight	Low birth weight	HP:0001518	Small for gestational age	1		
Low tone	Hypotonia	HP:0001252	Hypotonia	1		
low voltage with slow waves on EEG	Abnormal EEG	HP:0002353	EEG abnormality	1		
low weight for age	Low body weight	HP:0004325	Decreased body weight	1		
Low-arch dermal pattern	Abnormal dermatoglyphics	HP:0007477	Abnormal dermatoglyphics	1		
low-arch dermal ridge patterning	Abnormal dermatoglyphics	HP:0007477	Abnormal dermatoglyphics	1		
Low-frequency conductive hearing loss	Conductive hearing loss	HP:0000405	Conductive hearing impairment	1		
Low-grade astrocytomas	Astrocytoma	HP:0009592	Astrocytoma	1		
Low-grade glioma	Glioma	HP:0009733	Glioma	1		
Low-pitched female voice	Low-pitched voice	HP:0010300	Abnormally low-pitched voice	1		
Low-pitched, weak, growling cry in infancy	Weak cry	HP:0001612	Weak cry	1		
Low-set abnormally formed ears	Low-set ears	HP:0000369	Low-set ears	1		
Low-set and anomalous ears	Low-set ears	HP:0000369	Low-set ears	1		
Low-set and anomalous ears	Abnormal ear morphology	HP:0031703	Abnormal ear morphology	1		
low-set and simple ears	Low set ears	HP:0000369	Low-set ears	1		
Low-set dysplastic ears	Low-set ears	HP:0000369	Low-set ears	1		
Low-set dysplastic ears with thickened helices and lobules	Low-set ears	HP:0000369	Low-set ears	1		
low-set hairline	Low posterior hairline	HP:0002162	Low posterior hairline	1		
low-set malformed ears	Low set ears	HP:0000369	Low-set ears	1		
low-set malformed ears	Abnormal ear morphology	HP:0031703	Abnormal ear morphology	1		
Low-set poorly formed ears	Low-set ears	HP:0000369	Low-set ears	1		
Low-set simple ears	Low-set ears	HP:0000369	Low-set ears	1		
Low-set, posteriorly rotated ears with fleshy helices	Posteriorly rotated ears	HP:0000358	Posteriorly rotated ears	1		
Low-set, posteriorly rotated ears with fleshy helices	Low-set ears	HP:0000369	Low-set ears	1		
Low-set, posteriorly rotated, and misshapen ears	Posteriorly rotated ears	HP:0000358	Posteriorly rotated ears	1		
Low-set, posteriorly rotated, and misshapen ears	Low-set ears	HP:0000369	Low-set ears	1		
Low-set, posteriorly rotated, over-folded or malformed ears	Posteriorly rotated ears	HP:0000358	Posteriorly rotated ears	1		
Low-set, posteriorly rotated, over-folded or malformed ears	Low-set ears	HP:0000369	Low-set ears	1		
Low-set, simple ears with lack of lobule	Low-set ears	HP:0000369	Low-set ears	1		
Low-set/dysplastic ears with hypoplastic lobes	Low-set ears	HP:0000369	Low-set ears	1		
low-set/posteriorly rotated ears	Low set ears	HP:0000369	Low-set ears	1		
low-set/simple ears	Low set ears	HP:0000369	Low-set ears	1		
low/low-normal birth weight	Low birth weight	HP:0001518	Small for gestational age	1		
Lower airway compromise	Airway obstruction	HP:0006536	Airway obstruction	1		
lower eyelid abnormalities	Abnormality of the eyelid	HP:0000492	Abnormal eyelid morphology	1		
Lower eyelid defect	Lower eyelid coloboma	HP:0000652	Lower eyelid coloboma	1		
Lower ileum hypoplasia	Hypoplasia of the small intestine	HP:0004790	Hypoplasia of the small intestine	1		
Lower lid retraction	Lower eyelid retraction	HP:0030802	Lower eyelid retraction	1		
Lower limb involvement	Abnormality of the lower limb	HP:0002814	Abnormality of the lower limb	1		
lower limb rhizomelia	Rhizomelia	HP:0008905	Rhizomelia	1		
Lower limbs replaced by a single midline limb	Syndactyly	HP:0001159	Syndactyly	1		
lower lymphocyte counts	Lymphopenia	HP:0001888	Decreased total lymphocyte count	1		
lower-extremity hyperreflexia	Hyperreflexia	HP:0001347	Hyperreflexia	1		
lower-extremity paresthesias	Paresthesia	HP:0003401	Paresthesia	1		
Lower-limb dystonia	Dystonia	HP:0001332	Dystonia	1		
Lower-limb hypoesthesia	Hypoesthesia	HP:0033748	Hypoesthesia	1		
lower-limb pain	Lower limb pain	HP:0012514	Lower limb pain	1		
lower-limb spasticity	Spasticity	HP:0001257	Spasticity	1		
Lower-limb swelling	Lower limb edema	HP:0010741	Pedal edema	1	HP:0010741	next:OK
lower-limb weakness	Weakness of lower limb	HP:0007340	Lower limb muscle weakness	1	HP:0007340	next:OK
Lower-respiratory infections	Lower respiratory tract infection	HP:0002783	Recurrent lower respiratory tract infections	1	HP:0002783	next:OK
Lowset, poorly formed pinnae	Low-set ears	HP:0000369	Low-set ears	1		
Lowset, poorly formed pinnae	Abnormal pinna morphology	HP:0000377	Abnormal pinna morphology	1		
Lumbar myelomeningocele	Myelomeningocele	HP:0002475	Myelomeningocele	1		
lumbar spine malalignment	Lumbar scoliosis	HP:0004626	Lumbar scoliosis	1		
lumbar stenosis	Spinal stenosis	HP:0003416	Spinal canal stenosis	1		
Lumbar syrinx	Syringomyelia	HP:0003396	Syringomyelia	1		
Lumbodorsal kyphosis	Kyphosis	HP:0002808	Kyphosis	1		
lumbodorsal scoliosis	Scoliosis	HP:0002650	Scoliosis	1		
lumbosacral meningomyelocele	Meningomyelocele	HP:0002475	Myelomeningocele	1		
Lung lobation defects	Abnormal lung lobation	HP:0002101	Abnormal lung lobation	1		
Lupus nephritis and/or nephrotic syndrome	Nephrotic syndrome	HP:0000100	Nephrotic syndrome	1		
Lupus nephritis and/or nephrotic syndrome	Lupus nephritis	HP:0033726	Lupus nephritis	1		
Lupus-like rash	Malar rash	HP:0025300	Malar rash	1		
LV outflow tract obstruction	Left ventricular outflow tract obstruction	HP:0032092	Left ventricular outflow tract obstruction	1		
Lymph node enlargement	Lymphadenopathy	HP:0002716	Lymphadenopathy	1		
Lymphatic vessel dysplasia	Abnormality of the lymphatic system	HP:0100763	Abnormality of the lymphatic system	1		
Lymphedema below the ring constriction	Lymphedema	HP:0001004	Lymphedema	1		
Lymphoid and Reticular Hyperplasia	Lymphoid hyperplasia	HP:0034839	Lymphoid hyperplasia	1		
Lymphomesenteric cyst	Mesenteric cyst	HP:0030451	Mesenteric cyst	1		
Lymphomesenteric cysts	Mesenteric cyst	HP:0030451	Mesenteric cyst	1		
Lyphectasia	Lymphangiectasia	HP:0031842	Lymphangiectasis	1		
Macro cisterna magna	Enlarged cisterna magna	HP:0002280	Enlarged cisterna magna	1		
Macrocytic, hypoplastic anemia	Hypoplastic anemia	HP:0001908	Hypoplastic anemia	1		
Macrocytic, hypoplastic anemia	Macrocytic anemia	HP:0001972	Macrocytic anemia	1		
Macrophage activation syndrome	Abnormality of the liver	HP:0001392	Abnormality of the liver	1		
macrophthalmia	Buphthalmos	HP:0000557	Buphthalmos	1		
Macular anomalies	Abnormality of the macula	HP:0001103	Abnormal macular morphology	1		
Macular changes	Macular degeneration	HP:0000608	Macular degeneration	1		
Macular cherry-red spot	Cherry red spot of the macula	HP:0010729	Cherry red spot of the macula	1		
macular halo	Cherry red spot of the macula	HP:0010729	Cherry red spot of the macula	1		
Macular pigmentation	Macular hyperpigmentation	HP:0011509	Macular hyperpigmentation	1		
Macules around the eyes	Periorbital hyperpigmentation	HP:0001106	Periorbital hyperpigmentation	1		
Macules around the mouth	Perioral hyperpigmentation	HP:0010802	Perioral hyperpigmentation	1		
Macules at other sites	Macules	HP:0001034	Hypermelanotic macule	1		
Macules on buccal mucosa	Macules	HP:0001034	Hypermelanotic macule	1		
Macules on digits	Macules	HP:0001034	Hypermelanotic macule	1		
Maculopapular nevi around the scalp, face, neck, upper trunk, and upper limbs	Nevus	HP:0003764	Nevus	1		
Madelunglike anomaly of forearm	Madelung deformity	HP:0003067	Madelung deformity	1		
Malalignment of teeth	Malocclusion	HP:0000689	Dental malocclusion	1		
maldevelopment of inferior olivary and cerebellar dentate nuclei	Abnormality of the dentate nucleus	HP:0100321	Abnormal dentate nucleus morphology	1		
Malformation and synostosis of tarsal bones	Abnormality of the tarsal bones	HP:0001850	Abnormality of the tarsal bones	1		
Malformation and/or gray matter heterotopia of the mesial temporal structures	Gray matter heterotopia	HP:0002282	Gray matter heterotopia	1		
Malformation of larynx	Laryngeal anomaly	HP:0001600	Abnormality of the larynx	1	HP:0001600	next:OK
malformation of ossicles	Abnormality of the middle ear	HP:0000370	Abnormality of the middle ear	1		
Malformation of small bowel	Abnormality of the small intestine	HP:0002244	Abnormal small intestine morphology	1		
Malformation of the hand and foot	Abnormality of the hand	HP:0001155	Abnormality of the hand	1		
Malformation of the hand and foot	Abnormality of the foot	HP:0001760	Abnormal foot morphology	1		
Malformation of the hands and feet	Abnormality of the hand	HP:0001155	Abnormality of the hand	1		
Malformation of the hands and feet	Abnormality of the foot	HP:0001760	Abnormal foot morphology	1		
Malformation of the pons, cerebellum, and midbrain	Abnormality of the cerebellum	HP:0001317	Abnormal cerebellum morphology	1		
Malformation of the pons, cerebellum, and midbrain	Abnormality of the pons	HP:0007361	Abnormal pons morphology	1		
malformations of hands, feet, and knees	Abnormality of the hand	HP:0001155	Abnormality of the hand	1		
malformations of hands, feet, and knees	Abnormality of the foot	HP:0001760	Abnormal foot morphology	1		
malformations of the brain	Abnormality of the brain	HP:0012443	Abnormal brain morphology	1		
Malformations of the corpus callosum	Agenesis of the corpus callosum	HP:0001274	Agenesis of corpus callosum	1		
Malformed epiglottis and larynx	Abnormality of the larynx	HP:0001600	Abnormality of the larynx	1		
Malformed larynx	Abnormality of the larynx	HP:0001600	Abnormality of the larynx	1		
malformed nails	Nail dystrophy	HP:0008404	Nail dystrophy	1		
Malformed olecranon and radial heads	Radial head dislocation	HP:0003083	Dislocated radial head	1		
malformed roots	Abnormality of tooth root	HP:0006486	Abnormal dental root morphology	1		
Malformed sternum	Abnormality of the sternum	HP:0000766	Abnormal sternum morphology	1		
Malformed tracheal cartilages	Abnormality of the trachea	HP:0002778	Abnormal tracheal morphology	1		
malformed, low-set, and posteriorly rotated ears	Posteriorly rotated ears	HP:0000358	Posteriorly rotated ears	1		
malformed, low-set, and posteriorly rotated ears	Low-set ears	HP:0000369	Low-set ears	1		
Malfunction of soft palate	Velopharyngeal insufficiency	HP:0000220	Velopharyngeal insufficiency	1		
Malignant arrhythmias	Ventricular tachycardia	HP:0004756	Ventricular tachycardia	1		
Malignant solid tumors	Neoplasm	HP:0002664	Neoplasm	1		
Malignant tumors	Neoplasm	HP:0002664	Neoplasm	1		
Malrotation of bowel	Intestinal malrotation	HP:0002566	Intestinal malrotation	1		
Mammary fibroadenosis	Fibroadenoma of the breast	HP:0010619	Fibroadenoma of the breast	1		
Mammary gland hypoplasia	Hypoplasia of the breast	HP:0003187	Breast hypoplasia	1	HP:0003187	next:OK
Mammary hypoplasia	Breast hypoplasia	HP:0003187	Breast hypoplasia	1		
Mandibular hypodontia	Hypodontia	HP:0000668	Hypodontia	1		
mandibular prominence	Prominent mandible	HP:0000303	Mandibular prognathia	1		
Marfanoid build	Marfanoid habitus	HP:0001519	Disproportionate tall stature	1		
Marfanoid facial features	Marfanoid habitus	HP:0001519	Disproportionate tall stature	1		
Marked delay in attainment of motor milestones	Delayed motor development	HP:0001270	Motor delay	1		
Marked delay in carpal ossification	Delayed carpal ossification	HP:0001216	Delayed ossification of carpal bones	1		
marked dilatation of the cerebral ventricles	Ventriculomegaly	HP:0002119	Ventriculomegaly	1		
marked elevation of serum CK concentration	Elevated creatine kinase	HP:0003236	Elevated circulating creatine kinase concentration	1		
Marked freckle-like pigmentation	Freckling	HP:0001480	Freckling	1		
Marked increase in bone mineral density	Increased bone mineral density	HP:0011001	Increased bone mineral density	1		
marked increase in heart rate	Tachycardia	HP:0001649	Tachycardia	1		
Marked metaphyseal irregularities of long bones and phalanges	Metaphyseal dysplasia	HP:0100255	Metaphyseal dysplasia	1		
Marked shortening and deformity of the lower legs	Short leg	HP:0006385	Short lower limbs	1		next:AUTRE Short lower limbs ?
Markedly abnormal electroencephalograph	Abnormal electroencephalogram	HP:0002353	EEG abnormality	1		
Markedly delayed and irregular ossification of the carpal bones	Delayed carpal bone ossification	HP:0001216	Delayed ossification of carpal bones	1	HP:0001216	next:OK
Marrow failure	Bone marrow failure	HP:0005528	Bone marrow hypocellularity	1		
massive elevation of serum CK concentration	Elevated creatine kinase	HP:0003236	Elevated circulating creatine kinase concentration	1		
massively thickened skin	Hyperkeratosis	HP:0000962	Hyperkeratosis	1		
Mast cell activation disorders and immune deficiency	Immunodeficiency	HP:0002721	Immunodeficiency	1		
Mean birth weight 2.3 kg	Low birth weight	HP:0001518	Small for gestational age	1		
Mean of five permanent teeth	Oligodontia	HP:0000677	Oligodontia	1		
Medial and lateral spurs	Abnormal vertebral morphology	HP:0003468	Abnormal vertebral morphology	1		
Medial deviation of index finger	Clinodactyly of finger	HP:0040019	Finger clinodactyly	1	HP:0040019	next:OK
Medial deviation of third and fifth toes	Medial deviation of toes	HP:0100499	Tibial deviation of toes	1		
Medial displacement of outer canthi	Small testes	HP:0008734	Decreased testicular size	1		
Medial eyebrow flare	Medial flaring of eyebrows	HP:0010747	Medial flaring of the eyebrow	1	HP:0010747	next:OK
Medial flare of bushy eyebrows	Bushy eyebrow	HP:0000574	Thick eyebrow	1	HP:0010747	next:AUTRE Medial flaring of the eyebrow
Medial flaring and synophrys	Synophrys	HP:0000664	Synophrys	1		
Medial spur of tibial metaphysis	Abnormal tibial metaphysis morphology	HP:0006491	Abnormal tibial metaphysis morphology	1		
medial spurs	Metaphyseal spur	HP:0005054	Metaphyseal spurs	1	NON	next:NON
Medially deviated distal phalanges of thumb	Ulnar deviation of finger	HP:0009465	Ulnar deviation of finger	1		
medially deviated great toes	Hallux varus	HP:0008080	Hallux varus	1		
median abdominal raphe	Abdominal wall defect	HP:0010866	Abdominal wall defect	1		
median cleft lip	Cleft lip	HP:0410030	Cleft lip	1		
Median pseudocleft	Median cleft of upper lip	HP:0000161	Median cleft upper lip	1	HP:0000161	next:OK
medullary cysts	Renal cyst	HP:0000107	Renal cyst	1		
Mega-, hydro-, or cystic ureter	Hydroureter	HP:0000072	Hydroureter	1		
Megacisterna	Mega cisterna magna	HP:0002280	Enlarged cisterna magna	1		
Megaloblastic erythropoiesis	Megaloblastic anemia	HP:0001889	Megaloblastic anemia	1		
Megalocephaly	Macrocephaly	HP:0000256	Macrocephaly	1		
Membranoproliferative pattern	Membranoproliferative glomerulonephritis	HP:0000793	Membranoproliferative glomerulonephritis	1		
Memory deficits	Memory impairment	HP:0002354	Memory impairment	1		
Memory disturbances	Memory impairment	HP:0002354	Memory impairment	1		
memory failure	Memory impairment	HP:0002354	Memory impairment	1		
Meningioma, particularly non-meningothelial	Meningioma	HP:0002858	Meningioma	1		
mental and/or motor retardation	Intellectual disability	HP:0001249	Intellectual disability	1		
mental and/or motor retardation	Motor delay	HP:0001270	Motor delay	1		
mesoaxial (poly)-syndactyly	Syndactyly	HP:0001159	Syndactyly	1		
mesomelic brachymelia	Mesomelia	HP:0003027	Mesomelia	1		
mesomelic limb shortening predominantly of the upper limbs	Mesomelic limb shortening	HP:0003027	Mesomelia	1		
Mesomelic micromelia	Mesomelic limb shortening	HP:0003027	Mesomelia	1		
mesomelic shortening and bowing of the forearm	Mesomelic limb shortening	HP:0003027	Mesomelia	1		
mesomelic shortening of the lower leg	Mesomelic limb shortening	HP:0003027	Mesomelia	1		
Metabolic crisis	Metabolic acidosis	HP:0001942	Metabolic acidosis	1		
Metabolic dysfunction-associated liver disease	Hepatic steatosis	HP:0001397	Hepatic steatosis	1		
metabolic stroke	Stroke	HP:0001297	Stroke	1		
Metacarpal and metatarsal synostoses	Metatarsal synostosis	HP:0001440	Metatarsal synostosis	1		
Metacarpal and metatarsal synostoses	Metacarpal synostosis	HP:0009701	Metacarpal synostosis	1		
Metadiaphyseal broadening of the long bones	Metaphyseal widening	HP:0003016	Metaphyseal widening	1		
Metaphyseal abnormalities	Metaphyseal dysplasia	HP:0100255	Metaphyseal dysplasia	1		
Metaphyseal and cortical osteosclerosis	Osteosclerosis	HP:0011001	Increased bone mineral density	1		
Metaphyseal broadening adjacent to the affected epiphysis	Metaphyseal flaring	HP:0003015	Flared metaphysis	1		
Metaphyseal broadening adjacent to the affected epiphysis	Metaphyseal widening	HP:0003016	Metaphyseal widening	1		
Metaphyseal cupping and fraying	Metaphyseal cupping	HP:0003021	Metaphyseal cupping	1		
Metaphyseal cupping and fraying	Metaphyseal fraying	HP:0003025	Metaphyseal irregularity	1		
Metaphyseal cupping of the proximal metacarpals and phalanges	Metaphyseal splaying	HP:0003015	Flared metaphysis	1		
Metaphyseal cupping of the proximal metacarpals and phalanges	Metaphyseal cupping	HP:0003021	Metaphyseal cupping	1		
metaphyseal flaring of long tubular bones	Metaphyseal flaring	HP:0003015	Flared metaphysis	1		
Metaphyseal fraying, cupping, and flaring	Metaphyseal flaring	HP:0003015	Flared metaphysis	1		
Metaphyseal fraying, cupping, and flaring	Metaphyseal cupping	HP:0003021	Metaphyseal cupping	1		
Metaphyseal irregularities of distal femora	Metaphyseal chondrodysplasia	HP:0005871	Metaphyseal chondrodysplasia	1		
Metaphyseal irregularities of long bones	Metaphyseal chondrodysplasia	HP:0005871	Metaphyseal chondrodysplasia	1		
Metaphyseal irregularities of the long bones	Metaphyseal irregularity	HP:0003025	Metaphyseal irregularity	1		
Metaphyseal irregularity of distal ulna	Metaphyseal chondrodysplasia	HP:0005871	Metaphyseal chondrodysplasia	1		
Metaphyseal ossification defects reaching the diaphyses	Metaphyseal dysplasia	HP:0100255	Metaphyseal dysplasia	1		
Metaphyseal sclerotic striations	Metaphyseal sclerosis	HP:0004979	Metaphyseal sclerosis	1		
Metaphyseal splaying and cupping	Metaphyseal splaying	HP:0003015	Flared metaphysis	1		
Metaphyseal splaying and cupping	Metaphyseal cupping	HP:0003021	Metaphyseal cupping	1		
Metaphyseal spur of the tubular bones	Metaphyseal spurs	HP:0005054	Metaphyseal spurs	1		
Metaphyseal undermodeling of tubular bones with irregular sclerosis of Erlenmeyer flask-like bone ends	Erlenmeyer flask deformity of the femur	HP:0004975	Erlenmeyer flask deformity of the femurs	1		next:AUTRE Erlenmeyer flask deformity ?
Metaphyseal widening and irregularity of the long bones	Metaphyseal irregularity	HP:0003025	Metaphyseal irregularity	1		
Metaphyseal widening of hands	Metaphyseal widening	HP:0003016	Metaphyseal widening	1		
Metaphyseal widening of long bones	Metaphyseal widening	HP:0003016	Metaphyseal widening	1		
Metaphyseal widening of the tubular bones	Metaphyseal widening	HP:0003016	Metaphyseal widening	1		
Metaphyseal, longitudinal striations of the long bones and pelvis	Metaphyseal striations	HP:0031367	Metaphyseal striations	1		
Metastatic extra-adrenal paraganglioma	Paraganglioma	HP:0002668	Paraganglioma	1		
Metatarsal stress fractures	Metatarsal fracture	HP:0041162	Metatarsal fracture	1		
Micro- and macrovesicular hepatic steatosis	Hepatic steatosis	HP:0001397	Hepatic steatosis	1		
Micro/retrognathia	Retrognathia	HP:0000278	Retrognathia	1		
Micro/retrognathia	Micrognathia	HP:0000347	Micrognathia	1		
Microbrachycephaly	Brachycephaly	HP:0000248	Brachycephaly	1		
Microbrachycephaly	Microcephaly	HP:0000252	Microcephaly	1		
microcalcifications in vertebral bodies and epiphyses	Epiphyseal stippling	HP:0010655	Epiphyseal stippling	1		
Microdontia of permanent teeth	Microdontia	HP:0000691	Microdontia	1		
micrognathia in neonates	Micrognathia	HP:0000347	Micrognathia	1		
Micromelic body proportion	Short limbs	HP:0009826	Limb undergrowth	1		
Micronystagmus	Nystagmus	HP:0000639	Nystagmus	1		
Microorchidism	Small testes	HP:0008734	Decreased testicular size	1		
micropenis / webbed penis	Micropenis	HP:0000054	Micropenis	1		
micropenis / webbed penis	Webbed penis	HP:0030264	Webbed penis	1		
Micropenis and/or cryptorchidism in males	Cryptorchidism	HP:0000028	Cryptorchidism	1		
Micropenis and/or cryptorchidism in males	Micropenis	HP:0000054	Micropenis	1		
micropupils	Miosis	HP:0000616	Miosis	1		
Microscopic gastrointestinal bleeding	Gastrointestinal hemorrhage	HP:0002239	Gastrointestinal hemorrhage	1		
Microstoma	Small oral aperture	HP:0000160	Narrow mouth	1		
Microtia-anotia	Microtia	HP:0008551	Microtia	1		
Microtia-anotia	Anotia	HP:0009892	Anotia	1		
Microurethra	Urethral stricture	HP:0012227	Urethral stricture	1		
Microvascular kidney disease	Abnormal kidney morphology	HP:0012210	Abnormal renal morphology	1		
Microvascular liver disease	Abnormal liver morphology	HP:0410042	Abnormal liver morphology	1		
Mid-face hypoplasia	Midface hypoplasia	HP:0011800	Midface retrusion	1		
Mid-face retrusion	Midface retrusion	HP:0011800	Midface retrusion	1		
Midbrain lesions	Abnormality of the midbrain	HP:0002418	Abnormal midbrain morphology	1		
Middle ear fluid	Otitis media with effusion	HP:0031353	Otitis media with effusion	1		
Middle ear involvement	Abnormality of the middle ear	HP:0000370	Abnormality of the middle ear	1		
middle-sized artery tortuosity	Arterial tortuosity	HP:0005116	Arterial tortuosity	1		
Midface retrusion and small jaw	Micrognathia	HP:0000347	Micrognathia	1		
Midface retrusion and small jaw	Midface retrusion	HP:0011800	Midface retrusion	1		
midfacial hemangioma	Hemangioma	HP:0001028	Hemangioma	1		
Midfacial hypoplasia	Midface hypoplasia	HP:0011800	Midface retrusion	1		
Midfacial hypoplasia with a short nose, depressed nasal bridge, anteverted nares, and long philtrum	Short nose	HP:0003196	Short nose	1		
Midfacial hypoplasia with a short nose, depressed nasal bridge, anteverted nares, and long philtrum	Midface hypoplasia	HP:0011800	Midface retrusion	1		
midfacial underdevelopment	Midface hypoplasia	HP:0011800	Midface retrusion	1		
Midforehead hemangioma	Hemangioma	HP:0001028	Hemangioma	1		
midline brain defects	Respiratory insufficiency	HP:0002093	Respiratory insufficiency	1		
Midline capillary hemangioma	Hemangioma	HP:0001028	Hemangioma	1		
midline diastema	Diastema	HP:0000699	Diastema	1		
Midline groove toward nasal tip	Nasal midline groove	HP:0004112	Midline nasal groove	1	HP:0004112	next:OK
Migration defect	Abnormal neuronal migration	HP:0002269	Abnormality of neuronal migration	1		
Mild anemia/hemolysis	Anemia	HP:0001903	Anemia	1		
Mild biconvexity of vertebral bodies	Biconvex vertebral bodies	HP:0004625	Biconvex vertebral bodies	1		
Mild bowing of femora and tibiae	Bowing of tibia	HP:0002982	Tibial bowing	1	PARENT:HP:0002979	next:AUTRE Bowing of the femur ? | kimi:PARENT
Mild bowing of the femora and tibiae	Bowing of the long bones	HP:0006487	Bowing of the long bones	1		
mild bowing of the tibiae	Bowing of the tibia	HP:0002982	Tibial bowing	1		
Mild brain atrophy/loss of cerebral volume	Cerebral atrophy	HP:0002059	Cerebral atrophy	1		
Mild coarseness	Coarse facial features	HP:0000280	Coarse facial features	1		
Mild coarsening of facial features	Coarse facial features	HP:0000280	Coarse facial features	1		
Mild cognitive deterioration	Cognitive impairment	HP:0100543	Cognitive impairment	1		
mild craniofacial dysmorphism	Dysmorphic facial feature	HP:0001999	Abnormal facial shape	1	HP:0001999	next:OK
mild cutaneous syndactyly in the hands and feet	Syndactyly	HP:0001159	Syndactyly	1		
Mild developmental delay in females	Developmental delay	HP:0001263	Global developmental delay	1		
Mild downslant to palpebral fissures	Downslanting palpebral fissures	HP:0000494	Downslanted palpebral fissures	1		
Mild dysmetria in the upper extremities	Dysmetria	HP:0001310	Dysmetria	1		
mild enamel dysplasia	Enamel hypoplasia	HP:0006297	Enamel hypoplasia	1		
Mild flattening and delayed ossification of other long bone epiphyses	Delayed epiphyseal ossification	HP:0002663	Delayed epiphyseal ossification	1		
Mild flattening of the proximal and distal femoral epiphyseal ossification centers	Abnormality of the femoral epiphysis	HP:0006499	Abnormal femoral epiphysis morphology	1	HP:0030289	next:AUTRE Flattened femoral epiphysis
mild flexion contractures of the elbows and knees	Flexion contracture of elbow	HP:0002987	Elbow flexion contracture	1	HP:0002987	next:OK
mild flexion contractures of the elbows and knees	Flexion contracture of knee	HP:0006380	Knee flexion contracture	1	HP:0006380	next:OK
Mild fusion of the sagittal suture	Craniosynostosis	HP:0001363	Craniosynostosis	1		
Mild global delay	Global developmental delay	HP:0001263	Global developmental delay	1		
Mild hypoplasia of the jaw	Mandibular hypoplasia	HP:0000347	Micrognathia	1		
Mild incoordination of the lower limbs	Ataxia	HP:0001251	Ataxia	1		
Mild incoordination of the upper limbs	Ataxia	HP:0001251	Ataxia	1		
mild increase in tone	Increased muscle tone	HP:0001276	Hypertonia	1		
Mild inferior vermian hypoplasia	Hypoplasia of the cerebellar vermis	HP:0001320	Cerebellar vermis hypoplasia	1		
Mild intellectual disability in females	Mild intellectual disability	HP:0001256	Mild intellectual disability	1		
Mild interphalangeal joint involvement	Arthropathy	HP:0003040	Arthropathy	1		
mild involvement of the facial musculature	Facial weakness	HP:0030319	Weakness of facial musculature	1		
Mild irregularity of acetabular roof	Acetabular dysplasia	HP:0008807	Acetabular dysplasia	1		
Mild knee valgus	Genu valgum	HP:0002857	Genu valgum	1		
Mild ligamentous and joint hyperlaxity	Joint hypermobility	HP:0001382	Joint hypermobility	1		
Mild limitation in elbow extension and supination	Limited elbow extension	HP:0001377	Limited elbow extension	1		
Mild lower facial weakness	Facial weakness	HP:0030319	Weakness of facial musculature	1		
Mild mesangial cell hypercellularity	Mesangial hypercellularity	HP:0012574	Mesangial hypercellularity	1		
mild metaphyseal broadening of the long tubular bones	Metaphyseal widening	HP:0003016	Metaphyseal widening	1		
Mild metaphyseal splaying of femurs and tibiae	Metaphyseal dysplasia	HP:0100255	Metaphyseal dysplasia	1		
Mild metaphyseal widening of the tubular bones	Metaphyseal widening	HP:0003016	Metaphyseal widening	1		
Mild midfacial hypoplasia	Midface hypoplasia	HP:0011800	Midface retrusion	1		
Mild modification of the vertebral bodies	Abnormal vertebral morphology	HP:0003468	Abnormal vertebral morphology	1		
Mild motor and speech delays	Delayed speech development	HP:0000750	Delayed speech and language development	1		
Mild motor and speech delays	Motor delay	HP:0001270	Motor delay	1		
Mild muscle fiber anomalies	Abnormal muscle fiber morphology	HP:0004303	Abnormal muscle fiber morphology	1		
Mild myelinization delay	Delayed myelination	HP:0012448	Delayed myelination	1		
mild neurogenic atrophy	Neurogenic muscle atrophy	HP:0003202	Skeletal muscle atrophy	1		
Mild neurologic dysfunction	Abnormality of the nervous system	HP:0000707	Abnormality of the nervous system	1		
Mild neurologic impairment	Intellectual disability	HP:0001249	Intellectual disability	1		
mild nonprogressive cognitive impairment	Intellectual disability	HP:0001249	Intellectual disability	1		
mild nonprogressive intellectual deficit	Intellectual disability	HP:0001249	Intellectual disability	1		
Mild nonspecific dysmorphic facial features	Dysmorphic facial feature	HP:0001999	Abnormal facial shape	1	HP:0001999	next:OK
mild OSA	Obstructive sleep apnea	HP:0002870	Obstructive sleep apnea	1		
Mild osteosclerosis is present in parts of the flat bones	Osteosclerosis	HP:0011001	Increased bone mineral density	1		
Mild osteosclerosis is present in the posterior neural arch of the spine	Osteosclerosis	HP:0011001	Increased bone mineral density	1		
Mild Parkinsonism features	Parkinsonism	HP:0001300	Parkinsonism	1		
mild permanent weakness	Muscle weakness	HP:0001324	Muscle weakness	1		
mild radial clinodactyly of the fourth and fifth fingers	Clinodactyly of fifth finger	HP:0004209	Clinodactyly of the 5th finger	1	HP:0004209	next:OK
Mild radial clinodactyly of the fourth and fifth fingers	Clinodactyly	HP:0030084	Clinodactyly	1	PARENT:HP:0011297	next:PARENT
Mild shortening of metacarpals and metatarsals	Short metacarpals	HP:0010049	Short metacarpal	1		
Mild shortening of metacarpals and metatarsals	Short metatarsals	HP:0010743	Short metatarsal	1		
Mild shortening of the greater sciatic notch	Narrow greater sciatic notch	HP:0003375	Narrow greater sciatic notch	1		
Mild shortening of tubular bones	Short tubular bones of the hand	HP:0001248	Short tubular bones of the hand	1		
Mild sinuous bowing deformities of the tibiae	Bowing of tibia	HP:0002982	Tibial bowing	1	HP:0002982	next:OK
Mild spasticity manifest by tight heel cords and hyperactive deep tendon reflexes and poor coordination	Spasticity	HP:0001257	Spasticity	1		
Mild syndactyly of hands and feet	Syndactyly	HP:0001159	Syndactyly	1		
mild syndactyly of toes two and three	Syndactyly of toes	HP:0001770	Toe syndactyly	1		
Mild T2-weighted hyperintensity involving the supratentorial white matter	White matter abnormality	HP:0002500	Abnormal cerebral white matter morphology	1	HP:0003429	next:AUTRE Hypomyelination
Mild thickening and sclerosis of the skull vault	Sclerosis of skull	HP:0004330	Increased skull ossification	1		
Mild to moderate extremity weakness	Muscle weakness	HP:0001324	Muscle weakness	1		
mild to moderate hearing loss	Sensorineural hearing loss	HP:0000407	Sensorineural hearing impairment	1		
Mild to moderate intellectual deficiency	Intellectual disability	HP:0001249	Intellectual disability	1		
Mild to moderate platyspondyly with convex, irregular vertebral endplates	Platyspondyly	HP:0000926	Platyspondyly	1		
Mild to moderate shortening of the forearms	Short forearm	HP:0005773	Short forearm	1		
Mild to moderate widening of the long and short tubular bones	Widened long bones	HP:0005622	Broad long bones	1		
Mild ulnar clinodactyly of the second and third fingers	Clinodactyly	HP:0030084	Clinodactyly	1	PARENT:HP:0011297	next:PARENT
mild ulnar clinodactyly of the second and third fingers	Clinodactyly of second finger	HP:0040022	Clinodactyly of the 2nd finger	1	HP:0040022	next:OK
mild ulnar deviation of the wrist joint	Ulnar deviation of wrist	HP:0003049	Ulnar deviation of the wrist	1	HP:0003049	next:OK
Mild undermyelination	Hypomyelination	HP:0003429	CNS hypomyelination	1		
mild undertubulation of the long tubular bones	Abnormality of long bone morphology	HP:0011314	Abnormal long bone morphology	1		
Mild undertubulation of the metacarpals	Metacarpal hypoplasia	HP:0010049	Short metacarpal	1		
Mild vermis atrophy	Cerebellar vermis hypoplasia	HP:0001320	Cerebellar vermis hypoplasia	1		
Mild vertical striations of femoral necks	Abnormal femoral neck morphology	HP:0003367	Abnormal femoral neck morphology	1		
mild weakness of the abductor pollicis brevis, abductor digiti minimi, and palmar and dorsal interossei	Hand muscle weakness	HP:0030237	Hand muscle weakness	1		
Mild, non-progressive dysphagia	Dysphagia	HP:0002015	Dysphagia	1		
Mild, stable fasting hyperglycemia	Impaired fasting glucose	HP:0025691	Impaired fasting glucose	1		
Mild-moderate developmental delays	Global developmental delay	HP:0001263	Global developmental delay	1		
Mild-to-moderate brachydactyly	Brachydactyly	HP:0001156	Brachydactyly	1		
mild-to-moderate creatine kinase elevation	Elevated creatine kinase	HP:0003236	Elevated circulating creatine kinase concentration	1		
mild-to-moderate developmental delay	Developmental delay	HP:0001263	Global developmental delay	1		
Mild-to-moderate high-frequency hearing loss	Sensorineural hearing loss	HP:0000407	Sensorineural hearing impairment	1		
Mild-to-moderate hypotonia	Hypotonia	HP:0001252	Hypotonia	1		
Mild-to-moderate lower-extremity hyperreflexia	Hyperreflexia	HP:0001347	Hyperreflexia	1		
mild-to-moderate neutropenia	Neutropenia	HP:0001875	Decreased total neutrophil count	1		
Mild-to-moderate pes cavus foot deformity	Pes cavus	HP:0001761	Pes cavus	1		
mild-to-moderate short stature	Short stature	HP:0004322	Short stature	1		
Mild-to-moderate ventriculomegaly	Ventriculomegaly	HP:0002119	Ventriculomegaly	1		
mild-to-profound cognitive impairment	Intellectual disability	HP:0001249	Intellectual disability	1		
Mild-to-severe dislocation of the lens	Ectopia lentis	HP:0001083	Ectopia lentis	1		
Mild-to-severe intellectual disability	Mild intellectual disability	HP:0001256	Mild intellectual disability	1		
Mild-to-severe intellectual disability	Moderate intellectual disability	HP:0002342	Moderate intellectual disability	1		
Mild-to-severe macrocytic anemia	Macrocytic anemia	HP:0001972	Macrocytic anemia	1		
mild-to-severe psychomotor developmental delay	Global developmental delay	HP:0001263	Global developmental delay	1		
mild-to-severe scoliosis	Scoliosis	HP:0002650	Scoliosis	1		
Milder contractures at interphalangeal joints	Flexion contracture of finger	HP:0012785	Flexion contracture of finger	1		
milder growth restriction	Growth delay	HP:0001510	Growth delay	1		
milder intellectual disability	Mild intellectual disability	HP:0001256	Mild intellectual disability	1		
milder scaling in large skin folds	Hyperkeratosis	HP:0000962	Hyperkeratosis	1		
Mildly decreased serum albumin	Hypoalbuminemia	HP:0003073	Hypoalbuminemia	1		
Mildly delayed neurologic development	Developmental delay	HP:0001263	Global developmental delay	1		
mildly enlarged and irregular metaphyses	Metaphyseal dysplasia	HP:0100255	Metaphyseal dysplasia	1		
Mildly impaired intellectual capacity	Intellectual disability	HP:0001249	Intellectual disability	1		
mildly impaired motor development	Motor delay	HP:0001270	Motor delay	1		
mildly irregular metaphyseal margins	Metaphyseal irregularity	HP:0003025	Metaphyseal irregularity	1		
Mildly prolonged bleeding	Prolonged bleeding time	HP:0003010	Prolonged bleeding time	1		
Mildly protruding and accentuated lower portion of the face	Prognathia	HP:0000303	Mandibular prognathia	1		
Mildly shortened femurs	Short femur	HP:0003097	Short femur	1		
Mildly shortened tubular bones	Short tubular bones of the hand	HP:0001248	Short tubular bones of the hand	1		
Mildly shortened tubular bones with metaphyseal irregularity, mild flaring and sclerosis	Metaphyseal dysplasia	HP:0100255	Metaphyseal dysplasia	1		
mildly to moderately delayed bone age	Delayed bone age	HP:0002750	Delayed skeletal maturation	1		
milia of ears and upper face	Milia	HP:0001056	Milia	1		
milky white nails	Leukonychia	HP:0001820	Leukonychia	1		
minimal erythema	Erythema	HP:0010783	Erythema	1		
Minimal hand function	Abnormal hand morphology	HP:0005922	Abnormal hand morphology	1		
Minimal hepatomegaly	Hepatomegaly	HP:0002240	Hepatomegaly	1		
Minimal hyperostosis of the cranial vault	Hyperostosis of the skull	HP:0004330	Increased skull ossification	1	HP:0004330	next:AUTRE Hyperostosis of the skull
Minimal postnatal catch-up growth	Postnatal growth deficiency	HP:0008897	Postnatal growth retardation	1		
Minimal speech development	Speech delay	HP:0000750	Delayed speech and language development	1		
Minimal sweating in heat	Hypohidrosis	HP:0000966	Hypohidrosis	1		
Minor digit anomalies including short and/or tapering fingers, broad proximal interphalangeal joints, clinodactyly of the fifth finger, and/or 2-3 toe syndactyly	Short finger	HP:0009381	Short finger	1		
Minor vertebral defects	Vertebral anomalies	HP:0003468	Abnormal vertebral morphology	1		
miotic pupils	Miosis	HP:0000616	Miosis	1		
misaligned teeth	Malocclusion	HP:0000689	Dental malocclusion	1		
Miscellaneous rashes	Rash	HP:0000988	Skin rash	1		
Misshapen feet and overriding toes	Abnormal foot morphology	HP:0001760	Abnormal foot morphology	1		
Misshapen feet and overriding toes	Overlapping toes	HP:0001845	Overlapping toe	1		
missing deciduous tooth	Hypodontia	HP:0000668	Hypodontia	1		
missing digits	Oligodactyly	HP:0012165	Oligodactyly	1		
Missing interphalangeal creases	Absent interphalangeal creases	HP:0006109	Absent phalangeal crease	1		
missing maxillary lateral incisors	Hypodontia	HP:0000668	Hypodontia	1		
missing maxillary second premolars	Hypodontia	HP:0000668	Hypodontia	1		
missing permanent mandibular second premolars	Hypodontia	HP:0000668	Hypodontia	1		
Missing radial carpals	Absent carpal bone	HP:0004231	Carpal bone aplasia	1		
Missing radial fingers	Absent finger	HP:0009380	Finger aplasia	1	HP:0009380	next:OK
Missing variable numbers of permanent teeth	Hypodontia	HP:0000668	Hypodontia	1		
Mitral valve anomalies	Abnormality of the mitral valve	HP:0001633	Abnormal mitral valve morphology	1		
Mitral valve defects with ruptured chordae	Mitral valve insufficiency	HP:0001653	Mitral regurgitation	1		
mitten-like casing of hands and feet	Syndactyly	HP:0001159	Syndactyly	1		
mixed conductive-sensorineural hearing loss	Mixed hearing loss	HP:0000410	Mixed hearing impairment	1		
mixed-type hearing loss	Mixed hearing loss	HP:0000410	Mixed hearing impairment	1		
Modeled scapulae	Abnormal scapula morphology	HP:0000782	Abnormal scapula morphology	1		
Moderate growth disturbance	Short stature	HP:0004322	Short stature	1		
Moderate hyperammonemia, elevated creatine kinase, and transient mild hypoglycemia (less common)	Hyperammonemia	HP:0001987	Hyperammonemia	1		
Moderate hyperammonemia, elevated creatine kinase, and transient mild hypoglycemia (less common)	Elevated creatine kinase	HP:0003236	Elevated circulating creatine kinase concentration	1		
Moderate ID in females	Intellectual disability	HP:0001249	Intellectual disability	1		
Moderate progressive joint limitation in flexion	Joint stiffness	HP:0001387	Joint stiffness	1		
moderate shortness of stature	Short stature	HP:0004322	Short stature	1		
Moderate shortness of the tubular bones	Short tubular bones	HP:0003026	Short long bone	1		
moderate-to-high myopia	Myopia	HP:0000545	Myopia	1		
Moderate-to-profound developmental delay	Global developmental delay	HP:0001263	Global developmental delay	1		
Moderate-to-profound developmental delay / intellectual disability	Intellectual disability	HP:0001249	Intellectual disability	1		
Moderate-to-profound developmental delay / intellectual disability	Developmental delay	HP:0001263	Global developmental delay	1		
Moderate-to-profound developmental impairment	Intellectual disability	HP:0001249	Intellectual disability	1		
Moderate-to-profound hearing loss	Sensorineural hearing loss	HP:0000407	Sensorineural hearing impairment	1		
moderate-to-profound intellectual disability	Moderate intellectual disability	HP:0002342	Moderate intellectual disability	1		
moderate-to-profound intellectual disability	Severe intellectual disability	HP:0010864	Severe intellectual disability	1		
moderate-to-severe cognitive impairment	Intellectual disability	HP:0001249	Intellectual disability	1		
Moderate-to-severe hypotonia	Hypotonia	HP:0001252	Hypotonia	1		
Moderate-to-severe hypotonia in infancy	Hypotonia	HP:0001252	Hypotonia	1		
Moderate-to-severe intellectual disability	Severe intellectual disability	HP:0010864	Severe intellectual disability	1		
moderately enlarged cystic kidneys	Polycystic kidneys	HP:0000113	Polycystic kidney dysplasia	1		
moderately severe aortic regurgitation	Aortic regurgitation	HP:0001659	Aortic regurgitation	1		
Moderately severe feeding problems	Feeding difficulties	HP:0011968	Feeding difficulties	1		
Moderately severe pelvic dysplasia	Acetabular dysplasia	HP:0008807	Acetabular dysplasia	1		
Molluscous pseudotumors	Molluscum contagiosum	HP:0032163	Molluscum contagiosum	1		
Mondini dysplasias and ossicular anomalies	Abnormality of the middle ear	HP:0000370	Abnormality of the middle ear	1		
Mononeuropathy, particularly causing a facial nerve palsy, foot or wrist drop, or third nerve palsy	Mononeuropathy	HP:0009831	Mononeuropathy	1		
morning headaches	Headache	HP:0002315	Headache	1		
morphologic sperm abnormalities	Abnormal sperm morphology	HP:0012864	Abnormal sperm morphology	1		
morphological hair abnormalities	Abnormal hair morphology	HP:0001595	Abnormal hair morphology	1		
motor and gait abnormalities	Abnormality of gait	HP:0001288	Gait disturbance	1	HP:0100022	next:AUTRE Abnormality of movement
Motor and/or gait abnormalities	Abnormality of gait	HP:0001288	Gait disturbance	1	HP:0100022	next:AUTRE Abnormality of movement
Motor delays during infancy	Motor delay	HP:0001270	Motor delay	1		
Motor disability	Motor delay	HP:0001270	Motor delay	1		
Motor dysfunction (ataxia)	Ataxia	HP:0001251	Ataxia	1		
motor fluctuations	Rectal prolapse	HP:0002035	Rectal prolapse	1		
Motor hyperactivity	Hyperkinesia	HP:0002487	Hyperkinetic movements	1		
motor impairments	Motor delay	HP:0001270	Motor delay	1		
Motor speech disorder	Apraxia of speech	HP:0011098	Speech apraxia	1		
motor weakness	Muscle weakness	HP:0001324	Muscle weakness	1		
Motor weakness and fatigability	Muscle weakness	HP:0001324	Muscle weakness	1		
Motor weakness and fatigability	Fatigue	HP:0012378	Fatigue	1		
Motor-predominant, non-length-dependent peripheral neuropathy or motor neuronopathy	Peripheral neuropathy	HP:0009830	Peripheral neuropathy	1		
Motor/sensory neuropathies	Peripheral sensory neuropathy	HP:0000763	Sensory neuropathy	1		
Motor/sensory neuropathies	Peripheral motor neuropathy	HP:0007178	Motor polyneuropathy	1		
Mottled osteosclerosis	Osteosclerosis	HP:0011001	Increased bone mineral density	1		
mound of connective tissue	Subcutaneous nodule	HP:0001482	Subcutaneous nodule	1		
Mouth fixed in the “O” position	Microstomia	HP:0000160	Narrow mouth	1		
Movement disorder symptoms	Abnormality of movement	HP:0100022	Abnormality of movement	1		
mri findings resembling a leigh-like pattern	Abnormality of the basal ganglia	HP:0002134	Abnormal basal ganglia morphology	1		
Mucinous cystadenoma of ovary	Ovarian cystadenoma	HP:6000672	Ovarian cystadenoma	1		
Multicystic pancreas	Multicystic kidney	HP:0000003	Multicystic kidney dysplasia	1	HP:0001737	next:AUTRE Pancreatic cyst ? | kimi:AUTRE Pancreatic cysts
Multicystic renal degeneration	Multicystic kidney dysplasia	HP:0000003	Multicystic kidney dysplasia	1		
multifocal abnormalities on EEG	Abnormal EEG	HP:0002353	EEG abnormality	1		
multifocal epilepsy	Focal seizures	HP:0007359	Focal-onset seizure	1		
Multifocal independent spikes on EEG	Abnormal EEG	HP:0002353	EEG abnormality	1		
Multifocal myoclonic seizures	Myoclonic seizures	HP:0032794	Myoclonic seizure	1	HP:0032794	next:OK
multifocal premature ventricular contractions	Ventricular extrasystoles	HP:0006682	Premature ventricular contraction	1		
Multifocal primary paraganglioma	Paraganglioma	HP:0002668	Paraganglioma	1		
Multifocal seizure activity	Seizures	HP:0001250	Seizure	1		
multifocal/bilateral congenital hypertrophy of the retinal pigment epithelium	Congenital hypertrophy of the retinal pigment epithelium	HP:0007649	Congenital hypertrophy of retinal pigment epithelium	1	HP:0007649	next:OK
Multiple blue nevi	Blue nevus	HP:0100814	Blue nevus	1		
Multiple bone cysts	Bone cyst	HP:0012062	Bone cyst	1		
Multiple bony protuberances	Osteochondroma	HP:0030431	Osteochondroma	1		
Multiple daily seizures	Seizure	HP:0001250	Seizure	1		
multiple dislocations of the elbows, hips, and knees	Hip dislocation	HP:0002827	Hip dislocation	1		
multiple dislocations of the elbows, hips, and knees	Elbow dislocation	HP:0003042	Elbow dislocation	1		
Multiple early fractures	Fracture	HP:0020110	Bone fracture	1		
multiple epiphyseal abnormalities	Epiphyseal dysplasia	HP:0002656	Epiphyseal dysplasia	1		
Multiple frenula	Multiple oral frenula	HP:0000191	Accessory oral frenulum	1		
Multiple fusions of carpal/tarsal and phalangeal bones	Tarsal fusion	HP:0008368	Tarsal synostosis	1		
Multiple fusions of carpal/tarsal and phalangeal bones	Carpal fusion	HP:0009702	Carpal synostosis	1		
Multiple giant cell tumor of long bones	Giant cell tumor of bone	HP:0011847	Giant cell tumor of bone	1		
Multiple gingival frenula	Multiple oral frenula	HP:0000191	Accessory oral frenulum	1		
Multiple hemangioma	Hemangioma	HP:0001028	Hemangioma	1		
Multiple hemangiomata	Hemangioma	HP:0001028	Hemangioma	1		
multiple interphalangeal dislocations	Joint dislocation	HP:0001373	Joint dislocation	1		
Multiple joint contractures present at birth	Abnormal electroencephalogram	HP:0002353	EEG abnormality	1		
multiple missing teeth	Hypodontia	HP:0000668	Hypodontia	1		
Multiple neurocutaneous neuromas	Neuroma	HP:0030430	Neuroma	1		
multiple non-intradermal schwannomas	Schwannoma	HP:0100008	Schwannoma	1		
Multiple randomly distributed pits in dental enamel	Enamel hypoplasia	HP:0006297	Enamel hypoplasia	1		
Multiple renal angiomyolipomas	Renal angiomyolipoma	HP:0006772	Renal angiomyolipoma	1		
Multiple retinal nodular hamartomas	Retinal hamartoma	HP:0009594	Retinal hamartoma	1		
Multiple skin tags	Skin tag	HP:0010609	Skin tags	1		
multiple spinal ganglioneuromas	Neurofibroma	HP:0001067	Neurofibroma	1		
Multiple unerupted permanent tooth buds	Multiple impacted teeth	HP:0001571	Multiple impacted teeth	1		
multiple wormian bones	Wormian bones	HP:0002645	Wormian bones	1		
muscle biopsy findings consistent with a neurogenic process	Neurogenic muscle atrophy	HP:0003202	Skeletal muscle atrophy	1		
Muscle hyperplasia	Muscle hypertrophy	HP:0003712	Skeletal muscle hypertrophy	1		
Muscle overgrowth	Muscle hypertrophy	HP:0003712	Skeletal muscle hypertrophy	1		
Muscle tone abnormalities	Abnormal muscle tone	HP:0003808	Abnormal muscle tone	1		
Muscle twitching/stiffening	Myoclonus	HP:0001336	Myoclonus	1		
Muscle wasting on CT	Muscle atrophy	HP:0003202	Skeletal muscle atrophy	1		
Muscle weakness and wasting	Muscle weakness	HP:0001324	Muscle weakness	1		
Muscle weakness and wasting	Muscle atrophy	HP:0003202	Skeletal muscle atrophy	1		
muscle weakness and wasting in the small muscles of the hand	Muscle weakness	HP:0001324	Muscle weakness	1		
Muscle weakness initially in the neck and finger flexors	Neck flexor weakness	HP:0003722	Neck flexor weakness	1		
Muscle weakness initially in the neck and finger flexors	Finger flexor weakness	HP:0031177	Finger flexor weakness	1		
muscular hypertonia	Hypertonia	HP:0001276	Hypertonia	1		
Muscular hypertrophy of the calves	Muscular hypertrophy	HP:0003712	Skeletal muscle hypertrophy	1		
Muscular hypotrophy	Muscle hypotrophy	HP:0003202	Skeletal muscle atrophy	1		
musculoskeletal anomalies	Abnormality of the musculoskeletal system	HP:0033127	Abnormality of the musculoskeletal system	1		
musculoskeletal features	Abnormality of the musculoskeletal system	HP:0033127	Abnormality of the musculoskeletal system	1		
mushroom-shaped proximal and distal femoral epiphyses	Abnormality of the femoral epiphysis	HP:0006499	Abnormal femoral epiphysis morphology	1	HP:0006499	next:OK
musician's cramp	Focal dystonia	HP:0004373	Focal dystonia	1		
Mycobacterial infections	Recurrent mycobacterial infections	HP:0011274	Recurrent mycobacterial infections	1		
myeloid malignancies	Myeloid leukemia	HP:0012324	Myeloid leukemia	1		
Myeloproliferative neoplasms	Myeloproliferative disorder	HP:0005547	Myeloproliferative disorder	1		
myocardium deposits	Abnormality of the myocardium	HP:0001637	Abnormal myocardium morphology	1		
myoclonic jerks affecting neck, trunk, and upper limbs	Myoclonus	HP:0001336	Myoclonus	1		
Myoclonic limb jerks	Myoclonus	HP:0001336	Myoclonus	1		
Myoclonic twitches	Myoclonus	HP:0001336	Myoclonus	1		
myoclonus predominating over dystonia	Dystonia	HP:0001332	Dystonia	1		
myoclonus predominating over dystonia	Myoclonus	HP:0001336	Myoclonus	1		
myopathic alterations	Myopathy	HP:0003198	Myopathy	1		
myopathic facial features	Myopathic facies	HP:0002058	Myopathic facies	1		
Myopathic process	Myopathy	HP:0003198	Myopathy	1		
Myopathic process in proximal muscles	Proximal muscle weakness	HP:0003701	Proximal muscle weakness	1		
Myopia leading to retinal detachment	Retinal detachment	HP:0000541	Retinal detachment	1		
Myopia leading to retinal detachment	Myopia	HP:0000545	Myopia	1		
myotonic bursts	Myotonia	HP:0002486	Myotonia	1		
myotonic features	Myotonia	HP:0002486	Myotonia	1		
Myxomatous mitral valve	Mitral valve prolapse	HP:0001634	Mitral valve prolapse	1		
Nail anomalies	Abnormal nail morphology	HP:0001597	Abnormal nail morphology	1		
nail anomalies	Nail dystrophy	HP:0008404	Nail dystrophy	1		
Nail changes bilateral and symmetrical	Abnormal nail morphology	HP:0001597	Abnormal nail morphology	1		
Nail clefting	Nail dystrophy	HP:0008404	Nail dystrophy	1		
nail dystrophy as only finding	Nail dystrophy	HP:0008404	Nail dystrophy	1		
Narrow and cylindrical trunk	Narrow thorax	HP:0000774	Narrow chest	1		
Narrow and cylindrical trunk with short, horizontal ribs	Short ribs	HP:0000773	Short ribs	1		
Narrow and cylindrical trunk with short, horizontal ribs	Narrow thorax	HP:0000774	Narrow chest	1		
Narrow Chest Apices	Narrow chest	HP:0000774	Narrow chest	1		
Narrow chest diameter	Narrow thorax	HP:0000774	Narrow chest	1		
Narrow disk spaces	Narrow intervertebral disc spaces	HP:0002945	Intervertebral space narrowing	1		
Narrow frontal area	Narrow forehead	HP:0000341	Narrow forehead	1		
Narrow greater sciatic notches	Narrow greater sciatic notch	HP:0003375	Narrow greater sciatic notch	1		
narrow ilia	Abnormality of the ilium	HP:0002867	Abnormal ilium morphology	1		
Narrow ischial and pubic bones	Abnormality of the pubic bone	HP:0003172	Abnormal pubic bone morphology	1		
Narrow ischial and pubic bones	Abnormality of the ischium	HP:0003174	Abnormal ischium morphology	1		
narrow occipital foramina	Foramen magnum stenosis	HP:0002677	Small foramen magnum	1		
Narrow palatal arch	Narrow palate	HP:0000189	Narrow palate	1		
Narrow pointed teeth	Peg-shaped teeth	HP:0000698	Conical tooth	1		
Narrow sacrosciatic notches	Narrow greater sciatic notch	HP:0003375	Narrow greater sciatic notch	1		
Narrow thoracic cage	Narrow thorax	HP:0000774	Narrow chest	1		
Narrow thorax and shoulders	Narrow thorax	HP:0000774	Narrow chest	1		
Narrow upper thoracic inlet	Narrow thorax	HP:0000774	Narrow chest	1		
Narrow, tall head and forehead	Narrow forehead	HP:0000341	Narrow forehead	1		
narrowed iliac bodies	Narrow iliac wings	HP:0002868	Narrow iliac wing	1		
Narrowed palpebral fissures	Joint contracture	HP:0034392	Joint contracture	1		
Narrowed sciatic notches	Narrow greater sciatic notch	HP:0003375	Narrow greater sciatic notch	1		
Narrowing of disk spaces	Epiphyseal dysplasia	HP:0002656	Epiphyseal dysplasia	1		
Narrowing of the greater sciatic notches	Narrow greater sciatic notch	HP:0003375	Narrow greater sciatic notch	1		
narrowing of the palpebral fissure	Narrow palpebral fissure	HP:0045025	Narrow palpebral fissure	1		
Narrowing of trachea and mainstem bronchi	Tracheal stenosis	HP:0002777	Tracheal stenosis	1		
Narrowing of trachea and mainstem bronchi	Bronchial stenosis	HP:6001383	Bronchial stenosis	1		
nasal obstruction / choanal atresia	Choanal atresia	HP:0000453	Choanal atresia	1		
nasal stuffiness	Nasal congestion	HP:0001742	Nasal congestion	1		
Naso-lacrimal duct obstruction	Nasolacrimal duct obstruction	HP:0000579	Nasolacrimal duct obstruction	1		
Nasolacrimal drainage problems	Nasolacrimal duct obstruction	HP:0000579	Nasolacrimal duct obstruction	1		
nasomaxillary hypoplasia	Midface hypoplasia	HP:0011800	Midface retrusion	1		
near absence of IL-17-producing Th17 cells	Abnormal T cell count	HP:0011839	Abnormal total T cell count	1		
Neck edema and loose skin	Loose skin	HP:0000973	Cutis laxa	1		
neck muscle involvement	Muscle weakness	HP:0001324	Muscle weakness	1		
neck tendon xanthomas	Xanthoma	HP:0001114	Xanthelasma	1		
neck tremor	Tremor	HP:0001337	Tremor	1		
Necrosis (skin)	Skin necrosis	HP:0033126	Cutaneous necrosis	1		
need for a walking aid	Abnormality of gait	HP:0001288	Gait disturbance	1	NON	next:NON
neonatal apneas	Apnea	HP:0002104	Apnea	1		
Neonatal cephalohematoma	Cephalohematoma	HP:0012541	Cephalohematoma	1		
Neonatal feeding difficulties	Feeding difficulties	HP:0011968	Feeding difficulties	1		
neonatal fractures of the bowed femur	Femoral fracture	HP:0031846	Femur fracture	1		
Neonatal intrahepatic cholestasis	Intrahepatic cholestasis	HP:0001406	Intrahepatic cholestasis	1		
Neonatal short limb type of dwarfism	Short-limbed dwarfism	HP:0008873	Disproportionate short-limb short stature	1		
Neonatal weakness	Neonatal hypotonia	HP:0001319	Neonatal hypotonia	1		
neonatal-onset seizures	Neonatal seizures	HP:0032807	Neonatal seizure	1	HP:0032807	next:OK
Nephrolithiasis/cystolithiasis	Nephrolithiasis	HP:0000787	Nephrolithiasis	1		
Nerve deafness	Sensorineural hearing impairment	HP:0000407	Sensorineural hearing impairment	1		
Neural tube closure defects	Spina bifida	HP:0002414	Spina bifida	1		
Neurobehavioral manifestations including stereotypies, obsessive-compulsive behavior, autistic findings or autism spectrum disorder, attention-deficit/hyperactivity disorder, aggression, and/or sleep disorder	Obsessive-compulsive behavior	HP:0000722	Compulsive behaviors	1		
neurobehavioral/psychiatric manifestations	Behavioral abnormality	HP:0000708	Atypical behavior	1		
neurobehavioral/psychological issues	Abnormality of the nervous system	HP:0000707	Abnormality of the nervous system	1		
Neurobehavioral/psychotic manifestations	Psychosis	HP:0000709	Psychosis	1		
Neurocognitive decline	Cognitive impairment	HP:0100543	Cognitive impairment	1		
neurocognitive impairment	Intellectual disability	HP:0001249	Intellectual disability	1		
neurodevelopment delays	Developmental delay	HP:0001263	Global developmental delay	1		
Neurodevelopmental disabilities	Intellectual disability	HP:0001249	Intellectual disability	1		
neuroepithelial neoplasia	Neoplasia	HP:0002664	Neoplasm	1		
Neuroepithelial tumors	Neuroepithelial cyst	HP:0034485	Neuroepithelial cyst	1		
Neurofibroma in kidney, stomach, heart, tongue, and bladder	Neurofibroma	HP:0001067	Neurofibroma	1		
neurofibromas of every spinal nerve root	Neurofibroma	HP:0001067	Neurofibroma	1		
Neurofibromas of skin	Neurofibroma	HP:0001067	Neurofibroma	1		
neurogenic alterations	Neurogenic muscle atrophy	HP:0003202	Skeletal muscle atrophy	1		
Neurogenic arthropathy	Charcot joint	HP:0002821	Neuropathic arthropathy	1		
Neurogenic bladder disturbances	Neurogenic bladder	HP:0000011	Neurogenic bladder	1		
neurogenic changes	Neurogenic muscle atrophy	HP:0003202	Skeletal muscle atrophy	1		
Neurogenic scoliosis	Scoliosis	HP:0002650	Scoliosis	1		
Neurogenic/atonic bladder	Scoliosis	HP:0002650	Scoliosis	1		
Neurogenic/atonic bladder	Contracture	HP:0034392	Joint contracture	1		
Neurologic decline	Neurodegeneration	HP:0002180	Neurodegeneration	1		
neurologic deficits	Neurologic abnormality	HP:0000707	Abnormality of the nervous system	1	HP:0000707	next:OK
neurologic delay	Developmental delay	HP:0001263	Global developmental delay	1		
Neurologic dysfunction	Neurological abnormality	HP:0000707	Abnormality of the nervous system	1		
neurologic impairment	Intellectual disability	HP:0001249	Intellectual disability	1		
Neurologic manifestations including developmental delays	Developmental delay	HP:0001263	Global developmental delay	1		
neurologic problems	Abnormality of the nervous system	HP:0000707	Abnormality of the nervous system	1		
Neurologic symptoms	Neurological abnormality	HP:0000707	Abnormality of the nervous system	1		
Neurological impairment	Intellectual disability	HP:0001249	Intellectual disability	1		
neuromuscular compromise from cervical myelopathy	Myelopathy	HP:0002196	Myelopathy	1		
neuromuscular lower limb problems	Lower limb muscle weakness	HP:0007340	Lower limb muscle weakness	1		
Neuromuscular scoliosis	Recurrent respiratory infections	HP:0002205	Recurrent respiratory infections	1		
neuromuscular weakness	Muscle weakness	HP:0001324	Muscle weakness	1		
neuronal cell death in optic nerves	Optic nerve atrophy	HP:0000648	Optic atrophy	1		
Neuronal migration anomalies	Abnormal neuronal migration	HP:0002269	Abnormality of neuronal migration	1		
Neuronal/cerebellar heterotopias	Neuronal heterotopia	HP:0002282	Gray matter heterotopia	1		
Neuropathic joints	Charcot joint	HP:0002821	Neuropathic arthropathy	1		
Neuropathy (EMG)	Abnormality of the peripheral nervous system	HP:0410008	Abnormality of the peripheral nervous system	1		
Neuropsychologic impairment	Intellectual disability	HP:0001249	Intellectual disability	1		
Neuropsychological deficits	Intellectual disability	HP:0001249	Intellectual disability	1		
neuroregression	Developmental regression	HP:0002376	Developmental regression	1		
Neurosensory hearing loss	Sensorineural hearing impairment	HP:0000407	Sensorineural hearing impairment	1		
Neurovascular accidents	Cerebrovascular accident	HP:0001297	Stroke	1		
nevi	Nevus	HP:0003764	Nevus	1		
Nevus flammeus of midface	Nevus flammeus	HP:0001052	Nevus flammeus	1		
nighttime sweats	Night sweats	HP:0030166	Night sweats	1		
No advanced ossification	Delayed skeletal maturation	HP:0002750	Delayed skeletal maturation	1		
no attainment of developmental milestones	Developmental delay	HP:0001263	Global developmental delay	1		
No calcaneus mineralized at birth	Delayed tarsal ossification	HP:0008103	Delayed tarsal ossification	1		
No independent ambulation	Delayed walking	HP:0031936	Delayed ability to walk	1		
No knee centers mineralized at birth	Delayed femoral head ossification	HP:0008829	Delayed femoral head ossification	1		
No spontaneous pubertal development	Delayed puberty	HP:0000823	Delayed puberty	1		
No talus mineralized at birth	Delayed tarsal ossification	HP:0008103	Delayed tarsal ossification	1		
nocturnal awakenings	Pain	HP:0012531	Pain	1		
nocturnal delirium	Delirium	HP:0031258	Delirium	1		
nocturnal hypercarbia	Hypercapnia	HP:0012416	Hypercapnia	1		
Nodular skin lesions	Skin nodule	HP:0200036	Skin nodule	1		
Nodular skin lesions over scapular area and on arms	Skin nodule	HP:0200036	Skin nodule	1		
Non-absorptive hydrocephalus	Hydrocephalus	HP:0000238	Hydrocephalus	1		
non-alcoholic fatty liver disease	Hepatic steatosis	HP:0001397	Hepatic steatosis	1		
non-autoimmune hypothyroidism	Hypothyroidism	HP:0000821	Hypothyroidism	1		
Non-cardiac angiosarcoma	Sarcoma	HP:0100242	Sarcoma	1		
Non-epileptic myoclonus	Myoclonus	HP:0001336	Myoclonus	1		
Non-epileptic paroxysmal episodes	Myoclonus	HP:0001336	Myoclonus	1		
non-healing skin ulcers	Skin ulcer	HP:0200042	Skin ulcer	1		
Non-inflammatory arthralgia	Arthralgia	HP:0002829	Arthralgia	1		
Non-mechanical bowel obstruction	Bowel obstruction	HP:0005214	Intestinal obstruction	1		
non-optic gliomas	Glioma	HP:0009733	Glioma	1		
Non-ossified capital femoral epiphyses	Femoral head dysplasia	HP:0010575	Dysplasia of the femoral head	1	HP:0008829	next:AUTRE Delayed ossification of the femoral head
non-ossified proximal radial epiphysis	Delayed epiphyseal ossification	HP:0002663	Delayed epiphyseal ossification	1		
Non-pitting edema of hands and feet	Non-pitting edema	HP:6000507	Non-pitting edema	1		
non-progressive cognitive impairment	Intellectual disability	HP:0001249	Intellectual disability	1		
Non-progressive global developmental delay	Global developmental delay	HP:0001263	Global developmental delay	1		
Non-speaking	Mutism	HP:0002300	Mutism	1		
Nonambulatory	Non-ambulatory	HP:0002540	Inability to walk	1		
Noncongenital alopecia	Alopecia	HP:0001596	Alopecia	1		
Noninflammatory leukodystrophy	Leukodystrophy	HP:0002415	Leukodystrophy	1		
Nonovoid tibia	Abnormal tibia morphology	HP:0002992	Abnormal tibia morphology	1		
Nonpitting edema of legs	Non-pitting edema	HP:6000507	Non-pitting edema	1		
Nonprogressive ventriculomegaly	Ventriculomegaly	HP:0002119	Ventriculomegaly	1		
nonspecific brain MRI abnormalities	Abnormality of brain morphology	HP:0012443	Abnormal brain morphology	1		
Nonspecific cerebellar abnormalities	Cerebellar hypoplasia	HP:0001321	Cerebellar hypoplasia	1		
nonspecific craniofacial dysmorphic features	Dysmorphic facial feature	HP:0001999	Abnormal facial shape	1	HP:0001999	next:OK
Nonspecific dysmorphic facial features, including a pointed chin, frontal bossing, and low-set ears	Pointed chin	HP:0000307	Pointed chin	1		
Nonspecific dysmorphic facial features, including a pointed chin, frontal bossing, and low-set ears	Frontal bossing	HP:0002007	Frontal bossing	1		
Nonspecific exercise myalgia	Exercise-induced myalgia	HP:0003738	Exercise-induced myalgia	1		
nonspecific loss of nerve cells	Neuronal loss	HP:0002529	Neuronal loss in central nervous system	1		
Nonspecific myopathy	Myopathy	HP:0003198	Myopathy	1		
Nonspecific neurologic abnormalities	Abnormality of the nervous system	HP:0000707	Abnormality of the nervous system	1		
nonspecific neuroradiologic findings on brain MRI	Abnormality of the brain	HP:0012443	Abnormal brain morphology	1		
nonspecific ST and T wave	Abnormal ST segment	HP:0012249	Abnormal ST segment	1		
Nonspecific vacuoles and opacities on direct ophthalmoscopy	Abnormality of the retina	HP:0000479	Abnormal retinal morphology	1		
Nonverbal status	Nonverbal	HP:0001344	Absent speech	1		
Normal body length with disproportionately long trunk and short extremities	Short stature	HP:0004322	Short stature	1		
Normal body length with disproportionately long trunk and short extremities	Short limbs	HP:0009826	Limb undergrowth	1		
Normal intelligence to mild-moderate intellectual disability	Intellectual disability	HP:0001249	Intellectual disability	1		
Normal to tall stature	Tall stature	HP:0000098	Tall stature	1		
normal-to-elevated serum creatinine kinase level	Elevated creatine kinase	HP:0003236	Elevated circulating creatine kinase concentration	1		
normal/reduced muscle tone	Hypotonia	HP:0001252	Hypotonia	1		
Normogonadotropic hypogonadism	Hypogonadotropic hypogonadism	HP:0000044	Hypogonadotropic hypogonadism	1		
notable language delay	Speech delay	HP:0000750	Delayed speech and language development	1		
Notch-like ossification defects around periphery of vertebral bodies	Delayed vertebral ossification	HP:0031096	Delayed vertebral ossification	1		
Notch-​like ossification defects	Abnormal vertebral morphology	HP:0003468	Abnormal vertebral morphology	1		
Nuchal cystic-hygroma	Cystic hygroma	HP:0000476	Cystic hygroma	1		
nuchal discomfort	Neck pain	HP:0030833	Neck pain	1		
Nuchal edema	Short tubular bones	HP:0003026	Short long bone	1		
Numbness in medial forearm	Paresthesia	HP:0003401	Paresthesia	1		
numbness of the extremities	Paresthesia	HP:0003401	Paresthesia	1		
Obesity in older children	Obesity	HP:0001513	Obesity	1		
Obliteration of pulp chambers and canals	Pulp obliteration	HP:0006350	Pulp obliteration	1		
Obliteration of the mandible	Agenesis of mandible	HP:0009939	Mandibular aplasia	1	HP:0000277	next:AUTRE Abnormal mandible morphology
Obsessive behaviors	Obsessive-compulsive behavior	HP:0000722	Compulsive behaviors	1		
Obsessive traits	Obsessive-compulsive disorder	HP:0000722	Compulsive behaviors	1		
obsessive-compulsive characteristics	Obsessive-compulsive disorder	HP:0000722	Compulsive behaviors	1		
Obsessive-compulsive findings	Obsessive-compulsive disorder	HP:0000722	Compulsive behaviors	1		
Obstructed vision	Visual impairment	HP:0000505	Visual impairment	1		
Obstruction of the nasal sinuses	Nasal obstruction	HP:0001742	Nasal congestion	1		
Obstructive apnea	Obstructive sleep apnea	HP:0002870	Obstructive sleep apnea	1		
Obstructive atherosclerosis	Atherosclerosis	HP:0002621	Atherosclerosis	1		
Obstructive hydrocephalus	Hydrocephalus	HP:0000238	Hydrocephalus	1		
obstructive hypertrophic cardiomyopathy	Hypertrophic cardiomyopathy	HP:0001639	Hypertrophic cardiomyopathy	1		
Obstructive sleep-disordered breathing	Excessive salivation	HP:0003781	Excessive salivation	1		
Occasional cysts	Renal cysts	HP:0000107	Renal cyst	1	HP:0000107	next:OK
Occasionally clinical hypothyroidism	Hypothyroidism	HP:0000821	Hypothyroidism	1		
Occipital headaches	Headache	HP:0002315	Headache	1		
ocular abnormality	Abnormality of the eye	HP:0000478	Abnormality of the eye	1		
ocular and palpebral colobomas	Eyelid coloboma	HP:0000625	Eyelid coloboma	1		
ocular and vision anomalies	Abnormality of the eye	HP:0000478	Abnormality of the eye	1		
ocular and vision anomalies	Abnormality of vision	HP:0000504	Abnormality of vision	1		
Ocular involvement	Abnormality of the eye	HP:0000478	Abnormality of the eye	1		
ocular issues	Abnormality of the eye	HP:0000478	Abnormality of the eye	1		
Ocular motility problems	Abnormality of eye movements	HP:0000496	Abnormality of eye movement	1	HP:0000496	next:OK
Ocular ptosis	Ptosis	HP:0000508	Ptosis	1		
Ocular surface neoplasms	Neoplasm of the eye	HP:0100012	Neoplasm of the eye	1		
oculogyric dystonic spasms	Dystonia	HP:0001332	Dystonia	1		
oculomotor coordination impairment	Abnormality of eye movements	HP:0000496	Abnormality of eye movement	1	HP:0000496	next:OK
oculomotor disturbances	Abnormality of eye movement	HP:0000496	Abnormality of eye movement	1		
oculomotor impairments	Abnormality of eye movement	HP:0000496	Abnormality of eye movement	1		
Odontoid process of C2 hypoplasia	Hypoplasia of the odontoid process	HP:0003311	Hypoplasia of the odontoid process	1		
Ogival palatal vault	High arched palate	HP:0000218	High palate	1		
Oily and acniform lesions	Seborrhea	HP:0001051	Seborrheic dermatitis	1		
Oily and acniform lesions	Acne	HP:0001061	Acne	1		
Oily skin	Seborrhea	HP:0001051	Seborrheic dermatitis	1		
oligo-/azoospermia	Azoospermia	HP:0000027	Azoospermia	1		
oligo-/azoospermia	Oligospermia	HP:0000798	Oligozoospermia	1		
oligohydramnios sequence	Oligohydramnios	HP:0001562	Oligohydramnios	1		
Oligohypodontia	Oligodontia	HP:0000677	Oligodontia	1		
oligosyndactyly and brachydactyly	Brachydactyly	HP:0001156	Brachydactyly	1		
oligosyndactyly and brachydactyly	Oligodactyly	HP:0012165	Oligodactyly	1		
Only 11 ribs	Rib anomaly	HP:0000772	Abnormal rib morphology	1	HP:0000878	next:AUTRE Reduced number of ribs ? | kimi:AUTRE 11 pairs of ribs
onset of ataxia	Ataxia	HP:0001251	Ataxia	1		
onset of nystagmus during infancy	Nystagmus	HP:0000639	Nystagmus	1		
Onset of seizures	Seizures	HP:0001250	Seizure	1		
Onset of seizures beginning around age 12 months	Seizures	HP:0001250	Seizure	1		
onset of vision loss	Vision loss	HP:0000572	Visual loss	1		
Open mouth configuration	Open mouth	HP:0000194	Open mouth	1		
Open-angle glaucoma	Open angle glaucoma	HP:0012108	Open angle glaucoma	1		
Open-mouth expression	Open mouth	HP:0000194	Open mouth	1		
Open-mouthed expressionless appearance	Open mouth	HP:0000194	Open mouth	1		
Open-staircase appearance of vertebral bodies	Vertebral cleft	HP:0008428	Vertebral clefting	1		next:AUTRE Abnormal vertebral body morphology ?
Ophthalmic abnormalities	Abnormality of the eye	HP:0000478	Abnormality of the eye	1		
ophthalmologic anomalies	Abnormality of the eye	HP:0000478	Abnormality of the eye	1		
Ophthalmologic findings	Abnormality of the eye	HP:0000478	Abnormality of the eye	1		
Ophthalmologic findings: refractive errors (hypermetropia, myopia, astigmatism), strabismus	Strabismus	HP:0000486	Strabismus	1		
Ophthalmologic findings: refractive errors (hypermetropia, myopia, astigmatism), strabismus	Abnormality of refraction	HP:0000539	Abnormality of refraction	1		
ophthalmologic involvement	Abnormality of the eye	HP:0000478	Abnormality of the eye	1		
Ophthalmologic manifestations (optic atrophy, nystagmus, glaucoma, strabismus, corneal clouding, cerebral visual impairment)	Nystagmus	HP:0000639	Nystagmus	1		
Ophthalmologic manifestations (optic atrophy, nystagmus, glaucoma, strabismus, corneal clouding, cerebral visual impairment)	Optic atrophy	HP:0000648	Optic atrophy	1		
Ophthalmologic manifestations (optic atrophy, nystagmus, strabismus)	Nystagmus	HP:0000639	Nystagmus	1		
Ophthalmologic manifestations (optic atrophy, nystagmus, strabismus)	Optic atrophy	HP:0000648	Optic atrophy	1		
Oppositional behavior	Oppositional defiant disorder	HP:0010865	Oppositional defiant disorder	1		
oppositional behaviors	Oppositional defiant disorder	HP:0010865	Oppositional defiant disorder	1		
Oppositional disorders	Oppositional defiant disorder	HP:0010865	Oppositional defiant disorder	1		
Optic atrophy and retinal pigmentation	Optic atrophy	HP:0000648	Optic atrophy	1		
Optic disc atrophy	Optic atrophy	HP:0000648	Optic atrophy	1		
Optic disc hypoplasia/dysplasia	Optic disc hypoplasia	HP:0007766	Optic disc hypoplasia	1		
optic disk colobomata	Optic disc coloboma	HP:0000588	Optic disc coloboma	1		
Optic disk hypoplasia	Optic disc hypoplasia	HP:0007766	Optic disc hypoplasia	1		
Optic nerve and retinal dysplasia	Optic nerve hypoplasia	HP:0000609	Optic nerve hypoplasia	1		
Optic nerve and retinal dysplasia	Retinal dysplasia	HP:0007973	Retinal dysplasia	1		
Optic nerve compression and atrophy	Optic atrophy	HP:0000648	Optic atrophy	1		
Optic nerve compression/atrophy	Optic atrophy	HP:0000648	Optic atrophy	1		
optic nerve malformations	Optic nerve hypoplasia	HP:0000609	Optic nerve hypoplasia	1		
Optic nerve swelling	Papilledema	HP:0001085	Papilledema	1		
Optic neuronopathy/atrophy	Optic atrophy	HP:0000648	Optic atrophy	1		
Oral abnormalities	Abnormality of the mouth	HP:0000153	Abnormality of the mouth	1		
oral and nasal bleeding	Epistaxis	HP:0000421	Epistaxis	1		
Oral behaviors such as chewing or mouthing objects or body parts and grinding teeth	Bruxism	HP:0003763	Bruxism	1		
Oral behaviors such as chewing or mouthing objects or body parts and grinding teeth	Pica	HP:0011856	Pica	1		
Oral frenula	Multiple oral frenula	HP:0000191	Accessory oral frenulum	1		
Oral frenulae	Lobulated tongue	HP:0000180	Lobulated tongue	1		
Oral ulcerations	Oral ulcer	HP:0000155	Oral ulcer	1		
Oral-motor dyspraxia	Apraxia	HP:0002186	Apraxia	1		
Oral/dental abnormalities	Abnormality of the oral cavity	HP:0000163	Abnormal oral cavity morphology	1		
Oral/dental abnormalities	Abnormality of the dentition	HP:0000164	Abnormality of the dentition	1		
oromandibular/jaw dystonia	Oromandibular dystonia	HP:0012048	Oromandibular dystonia	1		
oromandibular/laryngeal dystonia	Oromandibular dystonia	HP:0012048	Oromandibular dystonia	1		
oromandibular/laryngeal dystonia	Laryngeal dystonia	HP:0012049	Laryngeal dystonia	1		
Oropharyngeal and esophageal dysfunction	Dysphagia	HP:0002015	Dysphagia	1		
Oropharyngeal dysfunction	Oropharyngeal dysphagia	HP:0200136	Oral-pharyngeal dysphagia	1		
ortho-hyperkeratosis	Hyperkeratosis	HP:0000962	Hyperkeratosis	1		
osmotic polyuria	Intrauterine growth retardation	HP:0001511	Intrauterine growth retardation	1		
Osseous fusion of fingers	Syndactyly	HP:0001159	Syndactyly	1		
Osseous spurs extending from the midshafts	Exostoses	HP:0100777	Exostoses	1		
Ossicle anomalies	Abnormality of the middle ear ossicles	HP:0004452	Abnormality of the middle ear ossicles	1		
Ossification defect in ulnar metaphysis	Abnormality of the ulnar metaphysis	HP:0004039	Abnormal ulnar metaphysis morphology	1	HP:0004039	next:OK
Osteolysis of distal phalanges	Acro-osteolysis of distal phalanges	HP:0009839	Osteolytic defects of the distal phalanges of the hand	1		
osteomyelitis of the mandible	Osteomyelitis	HP:0002754	Osteomyelitis	1		
Osteopenia of the metadiaphyses	Osteopenia	HP:0000938	Osteopenia	1		
osteophytic periosteal excrescences	Periosteal reaction	HP:0031485	Subperiosteal bone formation	1		
osteosclerosis noted on radiographs	Osteosclerosis	HP:0011001	Increased bone mineral density	1		
Osteosclerosis of the orbital rims and skull base	Sclerosis of the skull base	HP:0002694	Sclerosis of skull base	1		
osteosclerosis of the orbital rims and skull base	Osteosclerosis	HP:0011001	Increased bone mineral density	1		
osteosclerosis of the skull	Osteosclerosis	HP:0011001	Increased bone mineral density	1		
Osteosclerotic lesions	Osteosclerosis	HP:0011001	Increased bone mineral density	1		
Other brain anomalies	Abnormality of brain morphology	HP:0012443	Abnormal brain morphology	1		
Other craniofacial features	Abnormality of the face	HP:0000271	Abnormality of the face	1		
other dental issues	Abnormality of dental enamel	HP:0000682	Abnormal dental enamel morphology	1		
Other eye movement abnormalities	Abnormality of eye movements	HP:0000496	Abnormality of eye movement	1	HP:0000496	next:OK
Other fingers broad	Broad finger	HP:0001500	Broad finger	1		
other hand and foot anomalies	Abnormality of the hand	HP:0001155	Abnormality of the hand	1		
other hand and foot anomalies	Abnormality of the foot	HP:0001760	Abnormal foot morphology	1		
Other joint contractures	Joint contracture	HP:0034392	Joint contracture	1		
Other kidney anomalies	Abnormality of the kidney	HP:0000077	Abnormality of the kidney	1		
Other structural anomalies of the eye	Abnormality of the eye	HP:0000478	Abnormality of the eye	1		
other types of congenital heart defects	Congenital heart defects	HP:0001627	Abnormal heart morphology	1		
Otitis	Otitis media	HP:0000388	Otitis media	1		
Outbursts of aggression	Aggressive behavior	HP:0000718	Aggressive behavior	1		
outbursts of anger	Anger	HP:0031473	Anger	1		
Outward lateral flare of iliac wings	Flared iliac wings	HP:0002869	Flared iliac wing	1		
Ovarian dermoid	Ovarian dermoid cyst	HP:0025274	Ovarian dermoid cyst	1		
Ovarian dysgerminoma	Dysgerminoma	HP:0100621	Dysgerminoma	1		
Ovarian failure	Premature ovarian failure	HP:0008209	Premature ovarian insufficiency	1		
ovarian malignancies	Ovarian cancer	HP:0100615	Ovarian neoplasm	1		
Overactivity	Hyperactivity	HP:0000752	Hyperactivity	1		
Overall short stature	Short stature	HP:0004322	Short stature	1		
Overconstriction of iliac bodies	Narrow iliac wings	HP:0002868	Narrow iliac wing	1		
overcrowding	Dental crowding	HP:0000678	Dental crowding	1		
Overfolded helices of small ears	Abnormality of the helix	HP:0011039	Abnormal helix morphology	1		
Overfolding of angulated upper helix	Abnormality of the helix	HP:0011039	Abnormal helix morphology	1		
overfolding of the helix	Abnormality of the helix	HP:0011039	Abnormal helix morphology	1		
Overgrowth of bony maxilla	Maxillary hypoplasia	HP:0000327	Hypoplasia of the maxilla	1		
Overgrowth of spleen, liver, thymus, and gastrointestinal tract	Splenomegaly	HP:0001744	Splenomegaly	1		
Overgrowth of spleen, liver, thymus, and gastrointestinal tract	Hepatomegaly	HP:0002240	Hepatomegaly	1		
Overgrowth of tonsils/adenoids	Tonsillar hypertrophy	HP:0030812	Enlarged tonsils	1		
Overgrowth of tonsils/adenoids	Adenoid hypertrophy	HP:0040261	Increased size of nasopharyngeal adenoids	1		
Overlapping fingers and toes	Overlapping toes	HP:0001845	Overlapping toe	1		
Overlapping fingers and toes	Overlapping fingers	HP:0010557	Overlapping fingers	1		
Overlapping of digits	Overlapping toes	HP:0001845	Overlapping toe	1		
Overlapping of digits	Overlapping fingers	HP:0010557	Overlapping fingers	1		
overlying alopecia	Alopecia	HP:0001596	Alopecia	1		
Overt diabetes	Diabetes mellitus	HP:0000819	Diabetes mellitus	1		
overt muscle weakness	Muscle weakness	HP:0001324	Muscle weakness	1		
Overt seizure disorders	Seizures	HP:0001250	Seizure	1		
Overtubulated long bones of the arms	Overtubulated long bones	HP:0006391	Overtubulated long bones	1		
overwhelming metabolic acidosis	Metabolic acidosis	HP:0001942	Metabolic acidosis	1		
Ovoid configuration of the vertebral bodies	Ovoid vertebral bodies	HP:0003300	Ovoid vertebral bodies	1		
Ovoid dysplasia of vertebrae	Abnormal vertebral morphology	HP:0003468	Abnormal vertebral morphology	1		
oxygen desaturation	Hypoxemia	HP:0012418	Hypoxemia	1		
Pachygyria and ventricular enlargement	Pachygyria	HP:0001302	Pachygyria	1		
Pachygyria and ventricular enlargement	Ventriculomegaly	HP:0002119	Ventriculomegaly	1		
pachygyria that is predominantly frontal	Pachygyria	HP:0001302	Pachygyria	1		
pain accompanying swellings	Pain	HP:0012531	Pain	1		
Pain and tenderness	Pain	HP:0012531	Pain	1		
Pain in long bones	Bone pain	HP:0002653	Bone pain	1		
Pain in the hips and/or knees	Hip pain	HP:0030838	Hip pain	1		
Pain in the hips and/or knees	Knee pain	HP:0030839	Knee pain	1		
Painful and deformed joints of the hands and feet	Arthralgia	HP:0002829	Arthralgia	1		
Painful bone deformities	Bone pain	HP:0002653	Bone pain	1		
Painful extremities	Bone pain	HP:0002653	Bone pain	1		
Painful large joints	Arthralgia	HP:0002829	Arthralgia	1		
Painful palmoplantar keratoderma	Palmoplantar keratoderma	HP:0000982	Palmoplantar keratoderma	1		
painless hematuria	Hematuria	HP:0000790	Hematuria	1		
painless injuries	Insensitivity to pain	HP:0007021	Pain insensitivity	1	HP:0007021	next:OK Pain insensitivity
palatal tremor without ear click	Palatal tremor	HP:0010530	Palatal tremor	1		
pale hair	Hypopigmentation of hair	HP:0005599	Hypopigmentation of hair	1		
pale optic nerves	Pale optic disc	HP:0000543	Optic disc pallor	1		
Pallid, hypoplastic optic disk	Hypoplastic optic disc	HP:0007766	Optic disc hypoplasia	1	HP:0007766	next:OK Optic disc hypoplasia
Palmar keratoderma	Palmar hyperkeratosis	HP:0010765	Palmar hyperkeratosis	1		
Palmar nevi	Nevus	HP:0003764	Nevus	1		
Palmoplantar hyperhydrosis	Hyperhidrosis	HP:0000975	Hyperhidrosis	1		
palpable abdominal mass	Abdominal mass	HP:0031500	Abdominal mass	1		
palpable subcutaneous nodules	Subcutaneous nodules	HP:0001482	Subcutaneous nodule	1		
pan cerebellar atrophy	Cerebellar atrophy	HP:0001272	Cerebellar atrophy	1		
Pan ocular inflammation	Panuveitis	HP:0012121	Panuveitis	1		
pan synostosis	Craniosynostosis	HP:0001363	Craniosynostosis	1		
Pancreatic cysts and neuroendocrine tumors	Pancreatic cyst	HP:0001737	Pancreatic cysts	1	PARENT:HP:0001737	next:PARENT Pancreatic cysts
Pancreatic defects	Abnormality of the pancreas	HP:0001732	Abnormality of the pancreas	1		
Pancreatic duplication cyst	Pancreatic cyst	HP:0001737	Pancreatic cysts	1		next:AUTRE Pancreatic duplication cyst ?
pancreatic exocrine dysfunction	Pancreatic exocrine insufficiency	HP:0001738	Exocrine pancreatic insufficiency	1	HP:0001738	next:OK Exocrine pancreatic insufficiency
Pansynostosis of cranial sutures	Craniosynostosis	HP:0001363	Craniosynostosis	1		
Papillary renal carcinoma	Renal cell carcinoma	HP:0005584	Renal cell carcinoma	1		
Papillary thyroid cancer	Papillary thyroid carcinoma	HP:0002895	Papillary thyroid carcinoma	1		
Papillomacular detachment	Optic disc pit	HP:0034567	Optic pit	1		
Papillomata of face and/or perianal region	Papilloma	HP:0012740	Papilloma	1		
Parafoveal RPE loss as a bull's-eye maculopathy	Bull's eye maculopathy	HP:0011504	Bull's eye maculopathy	1		
parainfectious rhabdomyolysis	Rhabdomyolysis	HP:0003201	Rhabdomyolysis	1		
Paralysis of the upper lid	Ptosis	HP:0000508	Ptosis	1		
Paralysis of upward gaze	Vertical gaze palsy	HP:0000511	Vertical supranuclear gaze palsy	1		
paraspinal weakness	Muscle weakness	HP:0001324	Muscle weakness	1		
Parasympathetic paraganglioma	Paraganglioma	HP:0002668	Paraganglioma	1		
Parathyroid abnormalities	Abnormality of the parathyroid gland	HP:0000828	Abnormality of the parathyroid gland	1		
Parenchymal atrophy and/or ventriculomegaly	Cerebral atrophy	HP:0002059	Cerebral atrophy	1		
Parenchymal atrophy and/or ventriculomegaly	Ventriculomegaly	HP:0002119	Ventriculomegaly	1		
Parenchymal lung disease	Interstitial lung disease	HP:0006530	Abnormal pulmonary interstitial morphology	1		
parenchymal volume loss	Cerebral atrophy	HP:0002059	Cerebral atrophy	1		
Paresis	Muscle weakness	HP:0001324	Muscle weakness	1		
Parietal cortex and basal ganglia involvement	Basal ganglia abnormality	HP:0002134	Abnormal basal ganglia morphology	1	PARENT:HP:0002134	next:PARENT Abnormal basal ganglia morphology
parieto-temporal alopecia	Alopecia	HP:0001596	Alopecia	1		
Parkinsonian signs	Parkinsonism	HP:0001300	Parkinsonism	1		
Paroxysmal eye-head movements	Paroxysmal dystonia	HP:0002268	Paroxysmal dystonia	1		
paroxysmal hemiplegic episodes	Paroxysmal dystonia	HP:0002268	Paroxysmal dystonia	1		
Paroxysmal ictal and non-ictal autonomic dysregulation	Autonomic dysregulation	HP:0012332	Abnormal autonomic nervous system physiology	1		
Paroxysmal kinesigenic dyskinesia	Severe intellectual disability	HP:0010864	Severe intellectual disability	1		
Paroxysmal motor events	Paroxysmal dyskinesia	HP:0007166	Paroxysmal dyskinesia	1		
Paroxysmal non-motor events	Paroxysmal dyskinesia	HP:0007166	Paroxysmal dyskinesia	1		
Paroxysmal stiffening of the limbs and/or trunk with gaze deviation	Dystonia	HP:0001332	Dystonia	1		
paroxysmal tonic downgaze	Paroxysmal tonic upgaze	HP:0033980	Paroxysmal tonic upgaze	1		
Partial absence of sternum	Sternal cleft	HP:0010309	Bifid sternum	1		
partial absence of the carpals	Abnormality of the carpal bones	HP:0001191	Abnormal carpal morphology	1		
Partial ectropion of lower lid	Ectropion	HP:0000656	Ectropion	1		
partial gigantism of the hands, feet, or both	Macrodactyly	HP:0004099	Macrodactyly	1		
Partial micropolygyria	Polymicrogyria	HP:0002126	Polymicrogyria	1		
Partial midfacial cleft	Facial cleft	HP:0002006	Tessier cleft	1		
partial reduplication of hallux	Partial duplication of the hallux	HP:0010101	Partial duplication of the phalanges of the hallux	1	HP:0010101	next:OK Partial duplication of the phalanges of the hallux
Partial secondary tooth eruption	Delayed eruption of permanent teeth	HP:0000696	Delayed eruption of permanent teeth	1		
Partial syndactyly of second and third fingers	Syndactyly of fingers	HP:0006101	Finger syndactyly	1	PARENT:HP:0006101	next:PARENT Finger syndactyly
Partial syndactyly of second, third, and fourth toes	Syndactyly of toes	HP:0001770	Toe syndactyly	1		
Partial to total absence of lower eyelashes	Hypotrichosis of eyelashes	HP:0000653	Sparse eyelashes	1		
partial upper lip defect	Cleft upper lip	HP:0000204	Cleft upper lip	1		
Partial ventral duplication of fifth fingernail	Nail dysplasia	HP:0002164	Nail dysplasia	1		
Partial/segmental heterochromia	Heterochromia iridis	HP:0001100	Heterochromia iridis	1		
Partially duplicated halluces	Polydactyly	HP:0010442	Polydactyly	1		
Partially empty sella and a small pituitary gland	Small pituitary gland	HP:0012506	Small pituitary gland	1		
Partially Flexed Joints	Joint contracture	HP:0034392	Joint contracture	1		
Passage of red urine	Hematuria	HP:0000790	Hematuria	1		
Patchy areas of chorioretinal degeneration	Chorioretinal degeneration	HP:0000533	Chorioretinal atrophy	1		
Patchy cutaneous hyperpigmentation, hypopigmentation, or pigmentary dysplasia	Abnormal skin pigmentation	HP:0001000	Abnormality of skin pigmentation	1		
Patchy, partial deficiency of sweat glands	Hypohidrosis	HP:0000966	Hypohidrosis	1		
Patella luxations	Patellar dislocation	HP:0002999	Patellar dislocation	1		
patella often dislocated laterally	Patellar dislocation	HP:0002999	Patellar dislocation	1		
Patella-like bone projection	Abnormality of the patella	HP:0003045	Abnormal patella morphology	1		
Patellar anomalies	Abnormal patella morphology	HP:0003045	Abnormal patella morphology	1		
Patellar hypoplasia/agenesis	Patellar hypoplasia	HP:0003065	Patellar hypoplasia	1		
patellar tendon xanthomas	Xanthoma	HP:0001114	Xanthelasma	1		
Pathologic gastroesophageal reflux	Gastroesophageal reflux	HP:0002020	Gastroesophageal reflux	1		
Pathologic Q-waves on electrocardiogram	Abnormal electrocardiogram	HP:0003115	Abnormal EKG	1		
Paucity of lymphoid tissue	Lymphopenia	HP:0001888	Decreased total lymphocyte count	1		
Paucity of myelination	Hypomyelination	HP:0003429	CNS hypomyelination	1		
paucity of white matter	Hypoplasia of the corpus callosum	HP:0002079	Hypoplasia of the corpus callosum	1		
Pearly skin papules and subcutaneous nodules	Subcutaneous nodules	HP:0001482	Subcutaneous nodule	1		
Pearly skin papules and subcutaneous nodules	Skin papules	HP:0200034	Papule	1		
Pearly white atrophic skin lesions	Atrophic scar	HP:0001075	Atrophic scars	1	HP:0004334	next:AUTRE Atrophic skin lesion ? | kimi:AUTRE Dermal atrophy
Pectoralis major muscle involvement	Pectoralis major muscle aplasia	HP:0009751	Aplasia of the pectoralis major muscle	1	PARENT:HP:0009751	next:PARENT Aplasia of the pectoralis major muscle
Pectus	Pectus deformity	HP:0000766	Abnormal sternum morphology	1		
pectus anomaly	Pectus excavatum	HP:0000767	Pectus excavatum	1		
pectus anomaly	Pectus carinatum	HP:0000768	Pectus carinatum	1		
pectus/sternal abnormalities	Pectus excavatum	HP:0000767	Pectus excavatum	1		
pectus/sternal abnormalities	Pectus carinatum	HP:0000768	Pectus carinatum	1		
Peculiar reticular pattern of the calvarium	Hyperostosis of the skull	HP:0004330	Increased skull ossification	1		next:AUTRE Abnormal skull ossification ?
Pedal and dorsal edema	Edema	HP:0000969	Edema	1		
Pedal and dorsal edema	Pedal edema	HP:0010741	Pedal edema	1		
pediatric cystic nephroma	Cystic nephroma	HP:0034836	Cystic nephroma	1		
Peeling erythematous, eroded skin at birth	Erythema	HP:0010783	Erythema	1		
Peeling erythematous, eroded skin at birth	Peeling skin	HP:0040189	Scaling skin	1		
Peg teeth	Peg-shaped teeth	HP:0000698	Conical tooth	1		
Pelvic floor, rectal, and/or uterine prolapse	Rectal prolapse	HP:0002035	Rectal prolapse	1		
Pelvic floor, rectal, and/or uterine prolapse	Pelvic organ prolapse	HP:0031607	Pelvic organ prolapse	1		
Pelvic prolapse	Pelvic organ prolapse	HP:0031607	Pelvic organ prolapse	1		
penciled and arched eyebrows	Thin eyebrow	HP:0045074	Thin eyebrow	1		
Perianal macules	Macules	HP:0001034	Hypermelanotic macule	1		
Periarticular masses of calcified cartilage	Periarticular calcification	HP:0025477	Periarticular calcification	1		
Pericardial involvement	Pericardial effusion	HP:0001698	Pericardial effusion	1		
Pericardial tamponade	Cardiac tamponade	HP:0033415	Cardiac tamponade	1		
period of regression	Regression of motor skills	HP:0033044	Motor regression	1		
perioral cyanosis	Cyanosis	HP:0000961	Cyanosis	1		
Perioral dyskinesia	Orofacial dyskinesia	HP:0002310	Orofacial dyskinesia	1		
perioral/facial chorea	Chorea	HP:0002072	Chorea	1		
perioral/facial myoclonus	Myoclonus	HP:0001336	Myoclonus	1		
Periorbital fullness of subcutaneous tissues	Periorbital fullness	HP:0000629	Periorbital fullness	1		
Periosteal involvement results in uneven cortical thickening and increased bone diameter	Hyperostosis	HP:0100774	Hyperostosis	1		
Periosteal irregularities	Periosteal reaction	HP:0031485	Subperiosteal bone formation	1		
Periosteal irregularities of the tubular bones	Periosteal reaction	HP:0031485	Subperiosteal bone formation	1		
Peripapillary atrophy of the RPE	Peripapillary atrophy	HP:0500087	Peripapillary atrophy	1		
peripheral amyotrophy	Peripheral neuropathy	HP:0009830	Peripheral neuropathy	1		
Peripheral corneal neovascularization	Corneal neovascularization	HP:0011496	Corneal neovascularization	1		
Peripheral hypoplasia of iris	Hypoplasia of the iris	HP:0007676	Hypoplasia of the iris	1		
Peripheral lenticular opacities	Cataract	HP:0000518	Cataract	1		
Peripheral ligamentous laxity	Joint hypermobility	HP:0001382	Joint hypermobility	1		
Peripheral myopathy	Myopathy	HP:0003198	Myopathy	1		
peripheral nerve demyelination	Demyelinating peripheral neuropathy	HP:0007108	Demyelinating peripheral neuropathy	1		
Peripheral nerve hemangiomas	Hemangioma	HP:0001028	Hemangioma	1		
Peripheral neurologic symptoms	Peripheral neuropathy	HP:0009830	Peripheral neuropathy	1		
Peripheral neurological symptoms	Abnormal peripheral nervous system physiology	HP:0032120	Abnormal peripheral nervous system physiology	1		
peripheral spasticity	Spasticity	HP:0001257	Spasticity	1		
Peripheral spasticity	Spastic paraplegia	HP:0001258	Spastic paraplegia	1		
Perisylvian and insular polymicrogyria	Polymicrogyria	HP:0002126	Polymicrogyria	1		
Periventricular foci and subcortical white matter abnormalities	Periventricular leukomalacia	HP:0006970	Periventricular leukomalacia	1		
periventricular lesions	Periventricular leukomalacia	HP:0006970	Periventricular leukomalacia	1		
Periventricular white matter changes	Periventricular leukomalacia	HP:0006970	Periventricular leukomalacia	1		
Periventricular white matter loss	Periventricular leukomalacia	HP:0006970	Periventricular leukomalacia	1		
Periventricular, confluent leukoencephalopathy	Leukoencephalopathy	HP:0002352	Leukoencephalopathy	1		
permanent brain damage	Abnormality of the brain	HP:0012443	Abnormal brain morphology	1		
Permanent corneal scarring	Corneal scarring	HP:0000559	Corneal scarring	1		
Permanent muscle weakness	Muscle weakness	HP:0001324	Muscle weakness	1		
peroneal muscular atrophy	Muscular atrophy	HP:0003202	Skeletal muscle atrophy	1		
Perseverative/compulsive behaviors	Compulsive behavior	HP:0000722	Compulsive behaviors	1	PARENT:HP:0000722	next:PARENT Compulsive behaviors
Persistence of anterior fontanel and open cranial sutures	Open cranial sutures	HP:0010537	Wide cranial sutures	1		
Persistence of fetal fingertip pads	Persistent fetal fingertip pads	HP:0001212	Prominent fingertip pads	1		
persistence of pupillary membrane	Persistent pupillary membrane	HP:0009917	Persistent pupillary membrane	1		
Persistence of the left superior vena cava	Persistent left superior vena cava	HP:0005301	Persistent left superior vena cava	1		
Persistent ataxia	Ataxia	HP:0001251	Ataxia	1		
Persistent cavum septum pellucidum and cavum vergae	Persistent cavum septum pellucidum	HP:0002389	Cavum septum pellucidum	1		
persistent diarrhea	Chronic diarrhea	HP:0002028	Chronic diarrhea	1		
persistent downbeating nystagmus	Downbeat nystagmus	HP:0010545	Downbeat nystagmus	1		
persistent drooling	Sialorrhea	HP:0002307	Drooling	1		
Persistent dystonia	Dystonia	HP:0001332	Dystonia	1		
Persistent elevation of serum acid phosphatases	Elevated acid phosphatase	HP:0003148	Elevated serum acid phosphatase	1	HP:0003148	next:OK Elevated serum acid phosphatase
Persistent elevation of serum alkaline phosphatases	Elevated alkaline phosphatase	HP:0003155	Elevated circulating alkaline phosphatase concentration	1		
Persistent facial palsy	Facial palsy	HP:0010628	Facial palsy	1		
Persistent hypertension	Hypertension	HP:0000822	Hypertension	1		
Persistent hypotonia into adulthood	Hypotonia	HP:0001252	Hypotonia	1		
persistent infections	Recurrent infections	HP:0002719	Recurrent infections	1		
Persistent open fontanels	Delayed closure of the anterior fontanelle	HP:0001476	Delayed closure of the anterior fontanelle	1		
Persistent pain lasting more than a week	Pain	HP:0012531	Pain	1		
Persistent proteinuria	Proteinuria	HP:0000093	Proteinuria	1		
persistent severe ectropion	Ectropion	HP:0000656	Ectropion	1		
Persistent spasticity	Spasticity	HP:0001257	Spasticity	1		
Persistent superior vena cava	Persistent left superior vena cava	HP:0005301	Persistent left superior vena cava	1		
Persistent weakness	Muscle weakness	HP:0001324	Muscle weakness	1		
Persistently open anterior fontanelle	Delayed closure of the anterior fontanelle	HP:0001476	Delayed closure of the anterior fontanelle	1		
Persisting hypotonia and weakness	Hypotonia	HP:0001252	Hypotonia	1		
pes cavus deformities	Pes cavus	HP:0001761	Pes cavus	1		
Pes planovalgus	Pes planus	HP:0001763	Pes planus	1		
Pes planus/varus	Pes planus	HP:0001763	Pes planus	1		
Pes planus/varus	Pes varus	HP:0025802	Talipes varus	1		
Phalangeal abnormalities	Abnormality of the hand	HP:0001155	Abnormality of the hand	1		
Phalangeal acroosteolysis	Acroosteolysis	HP:0009771	Osteolytic defects of the phalanges of the hand	1		
pharyngeal dystonia	Dystonia	HP:0001332	Dystonia	1		
Pharyngeal hypoplasia	Hypoplasia of the pharynx	HP:0009555	Hypoplasia of the pharynx	1		
phlebectasia	Varicose veins	HP:0002619	Varicose veins	1		
Phlebectasia	Venous malformation	HP:0012721	Venous malformation	1		
Phosphate wasting	Hypophosphatemia	HP:0002148	Hypophosphatemia	1		
Pigment changes	Abnormality of skin pigmentation	HP:0001000	Abnormality of skin pigmentation	1		
Pigment clumping	Retinal pigment epithelial mottling	HP:0007814	Retinal pigment epithelial mottling	1		
Pigment in the sclera	Pigmentation of the sclera	HP:0007832	Pigmentation of the sclera	1		
pigmentary abnormalities	Abnormal skin pigmentation	HP:0001000	Abnormality of skin pigmentation	1		
pigmentary abnormalities of skin	Abnormality of skin pigmentation	HP:0001000	Abnormality of skin pigmentation	1		
Pigmentary changes of the macula	Abnormality of the macula	HP:0001103	Abnormal macular morphology	1		
Pigmentary defects of the skin	Abnormality of skin pigmentation	HP:0001000	Abnormality of skin pigmentation	1		
Pigmentary deposits	Abnormality of skin pigmentation	HP:0001000	Abnormality of skin pigmentation	1		
Pigmentary retinal scarring in the periphery	Pigmentary retinopathy	HP:0000580	Pigmentary retinopathy	1		
Pigmentary skin changes of the hands and feet	Abnormal skin pigmentation	HP:0001000	Abnormality of skin pigmentation	1		
Pigmentary stippling	Retinal pigment epithelial mottling	HP:0007814	Retinal pigment epithelial mottling	1		
pigmented lesions	Skin hyperpigmentation	HP:0000953	Hyperpigmentation of the skin	1		
pigmented moles	Melanocytic nevus	HP:0000995	Melanocytic nevus	1		
pigmented skin lesions	Skin hyperpigmentation	HP:0000953	Hyperpigmentation of the skin	1		
Pink-to-dark red discoloration of the urine	Red urine	HP:0040318	Red urine	1		
Pinpoint pupils	Miosis	HP:0000616	Miosis	1		
pins and needles	Paresthesia	HP:0003401	Paresthesia	1		
pit at the tip of the coccyx	Sacral dimple	HP:0000960	Sacral dimple	1		
Pituitary insufficiency	Hypopituitarism	HP:0040075	Hypopituitarism	1		
Plantar keratoderma including callus with underlying blisters	Keratoderma	HP:0000982	Palmoplantar keratoderma	1		
Plasma amino acids: elevated alanine	Hyperalaninemia	HP:0003348	Hyperalaninemia	1		
Platelet anomalies	Chronic diarrhea	HP:0002028	Chronic diarrhea	1		
Platelet counts <50/nl	Thrombocytopenia	HP:0001873	Thrombocytopenia	1		
platelet macrocytosis	Macrothrombocytopenia	HP:0040185	Macrothrombocytopenia	1		
Platyspondyly and anterior wedging of the vertebral bodies	Platyspondyly	HP:0000926	Platyspondyly	1		
Plump, sometimes striated femoral necks	Abnormal femoral neck morphology	HP:0003367	Abnormal femoral neck morphology	1		
Pneumothorax/hemopneumothorax	Pneumothorax	HP:0002107	Pneumothorax	1		
Pneumothorax/pneumohemothorax	Hemothorax	HP:0012151	Hemothorax	1		
pointed/duplicated fifth fingernail	Nail hypoplasia	HP:0001792	Small nail	1		
pointed/duplicated fifth fingernail	Nail dysplasia	HP:0002164	Nail dysplasia	1		
Pollex varus	Ulnar deviation of finger	HP:0009465	Ulnar deviation of finger	1		
Polycystic ovarian syndrome	Polycystic ovaries	HP:0000147	Polycystic ovaries	1		
Polycystic ovary disease	Polycystic ovaries	HP:0000147	Polycystic ovaries	1		
Polydactyly of toes	Polydactyly, postaxial	HP:0100259	Postaxial polydactyly	1		
polydactyly that includes metacarpals and phalanges	Polydactyly	HP:0010442	Polydactyly	1		
Polyhydramnion	Polyhydramnios	HP:0001561	Polyhydramnios	1		
Polylobed spleen	Polysplenia	HP:0001748	Polysplenia	1		
polymorphic VT	Polymorphic ventricular tachycardia	HP:0031677	Polymorphic ventricular tachycardia	1		
Polyostotic and asymmetric epimetaphyseal changes	Metaphyseal irregularity	HP:0003025	Metaphyseal irregularity	1		
polyps of the duodenum	Duodenal polyposis	HP:0004783	Duodenal polyposis	1		
polyps of the stomach	Gastric polyposis	HP:0033769	Fundic gland polyposis	1		
Polysyndactyly	Syndactyly	HP:0001159	Syndactyly	1		
poor Apgar scores	Low Apgar score	HP:0030917	Low APGAR score	1		
Poor balance	Ataxia	HP:0001251	Ataxia	1		
poor balance	Abnormality of balance	HP:0002141	Gait imbalance	1		
poor balance and coordination	Ataxia	HP:0001251	Ataxia	1		
poor balance and unsteady gait	Ataxia	HP:0001251	Ataxia	1		
poor balance and unsteady gait	Abnormal gait	HP:0001288	Gait disturbance	1		
Poor balance when walking	Gait ataxia	HP:0002066	Gait ataxia	1		
Poor bone mineralization	Osteopenia	HP:0000938	Osteopenia	1		
poor cognitive development	Intellectual disability	HP:0001249	Intellectual disability	1		
Poor concentration/hyperactivity	Hyperactivity	HP:0000752	Hyperactivity	1		
Poor control of heart rate	Abnormal heart rate variability	HP:0031860	Abnormal heart rate variability	1		
Poor coordination and unsteady gait	Gait ataxia	HP:0002066	Gait ataxia	1		
Poor dental health	Abnormality of dental enamel	HP:0000682	Abnormal dental enamel morphology	1		
poor feeding and growth	Failure to thrive	HP:0001508	Failure to thrive	1		
poor feeding and growth	Poor feeding	HP:0011968	Feeding difficulties	1		
Poor feeding in infancy	Poor feeding	HP:0011968	Feeding difficulties	1		
poor feeding, swallowing difficulties, delayed speech, delayed walking	Dysphagia	HP:0002015	Dysphagia	1		
poor feeding, swallowing difficulties, delayed speech, delayed walking	Poor feeding	HP:0011968	Feeding difficulties	1		
Poor fine motor coordination and balance	Ataxia	HP:0001251	Ataxia	1		
poor gastrointestinal motility	Abnormal gastrointestinal motility	HP:0030895	Abnormal gastrointestinal motility	1		
Poor impulse control	Impulsivity	HP:0100710	Impulsivity	1		
poor intellectual function	Intellectual disability	HP:0001249	Intellectual disability	1		
poor judgment	Impulse control disorders	HP:0000734	Disinhibition	1		
poor linear growth and weight gain	Growth delay	HP:0001510	Growth delay	1		
Poor modeling of the middle phalanges	Abnormality of phalanges of hand	HP:0005918	Abnormal finger phalanx morphology	1	PARENT:HP:0005918	next:PARENT Abnormal finger phalanx morphology
poor muscular development	Muscle hypoplasia	HP:0009004	Hypoplasia of the musculature	1		
Poor musculature	Hypotonia	HP:0001252	Hypotonia	1		
Poor myelination of central white matter tracts	Abnormality of white matter	HP:0002500	Abnormal cerebral white matter morphology	1	PARENT:HP:0002500	next:PARENT Abnormal cerebral white matter morphology
poor ossification of the axial skeleton	Delayed bone age	HP:0002750	Delayed skeletal maturation	1		
Poor ossification of the vertebral bodies	Vertebral hypoplasia	HP:0008417	Vertebral hypoplasia	1		
Poor periodontal attachment	Abnormality of the periodontium	HP:0410026	Abnormal periodontium morphology	1		
Poor peripheral vision	Visual field defect	HP:0001123	Visual field defect	1		
Poor postnatal linear growth and weight gain	Failure to thrive	HP:0001508	Failure to thrive	1		
poor postnatal weight gain	Failure to thrive	HP:0001508	Failure to thrive	1		
Poor pupillary light responses	Abnormal pupillary light reflex	HP:0007695	Abnormal pupillary light reflex	1		
Poor respiratory effort	Respiratory insufficiency	HP:0002093	Respiratory insufficiency	1		
poor response to sounds	Abnormal auditory evoked potentials	HP:0006958	Abnormal auditory evoked potentials	1		
poor social development	Impaired social interaction	HP:0012760	Reduced social responsiveness	1		
poor speech development	Speech delay	HP:0000750	Delayed speech and language development	1		
poor spontaneous movements	Hypotonia	HP:0001252	Hypotonia	1		
Poor suck reflex and severely impaired swallowing	Dysphagia	HP:0002015	Dysphagia	1		
Poor suck reflex and severely impaired swallowing	Poor feeding	HP:0011968	Feeding difficulties	1		
poor suck/swallow	Poor feeding	HP:0011968	Feeding difficulties	1		
Poor visual function	Abnormality of visual evoked potentials	HP:0000649	Abnormality of visual evoked potentials	1		
poor visual tracking	Abnormality of eye movements	HP:0000496	Abnormality of eye movement	1	PARENT:HP:0000496	next:PARENT Abnormality of eye movement
Poor weight gain and growth deficiency (pre- and/or postnatal)	Failure to thrive	HP:0001508	Failure to thrive	1		
Poor weight gain and growth deficiency (pre- and/or postnatal)	Short stature	HP:0004322	Short stature	1		
Poorly coordinated swallowing	Dysphagia	HP:0002015	Dysphagia	1		
poorly covered femoral head	Abnormality of the femoral head	HP:0003368	Abnormal femoral head morphology	1		
Poorly developed philtrum	Abnormal philtrum	HP:0000288	Abnormality of the philtrum	1		
Poorly folded, small, and posteriorly angulated ears	Posteriorly rotated ears	HP:0000358	Posteriorly rotated ears	1		
Poorly folded, small, and posteriorly angulated ears	Abnormal ear morphology	HP:0031703	Abnormal ear morphology	1		
poorly formed ears	Abnormal ear morphology	HP:0031703	Abnormal ear morphology	1		
Poorly formed teeth	Dental anomaly	HP:0000164	Abnormality of the dentition	1	PARENT:HP:0000164	next:PARENT Abnormality of the dentition
Poorly healing fractures	Delayed fracture healing	HP:0032537	Delayed fracture healing	1		
Poorly mineralized bones	Osteopenia	HP:0000938	Osteopenia	1		
Poorly ossified epiphyses	Delayed epiphyseal ossification	HP:0002663	Delayed epiphyseal ossification	1		
Poorly ossified fibula	Fibular hypoplasia	HP:0003038	Fibular hypoplasia	1		
Poorly ossified vertebral bodies	Vertebral hypoplasia	HP:0008417	Vertebral hypoplasia	1		
Portal and periportal fibrosis	Hepatic fibrosis	HP:0001395	Hepatic fibrosis	1		
Positional deformities of the feet	Positional foot deformity	HP:0005656	Positional foot deformity	1		
positional foot abnormalities	Abnormal foot morphology	HP:0001760	Abnormal foot morphology	1		
Positive lupus anticoagulant	Lupus anticoagulant	HP:0025343	Lupus anticoagulant	1		
positive Romberg	Positive Romberg sign	HP:0002403	Positive Romberg sign	1		
post-inflammatory poikiloderma	Poikiloderma	HP:0001029	Poikiloderma	1		
postaxial polydactyly of the hands and feet	Postaxial polydactyly of hands	HP:0001162	Postaxial hand polydactyly	1		
postaxial polydactyly of the hands and feet	Postaxial polydactyly	HP:0100259	Postaxial polydactyly	1		
Postaxial polydactyly without syndactyly	Postaxial polydactyly	HP:0100259	Postaxial polydactyly	1		
Postaxial polysyndactyly of the feet	Postaxial polydactyly of foot	HP:0001830	Postaxial foot polydactyly	1		
postaxial shortening of the metacarpals	Short metacarpal	HP:0010049	Short metacarpal	1		
postaxial shortening of the metatarsals	Short metatarsal	HP:0010743	Short metatarsal	1		
Posterior alignment of knees and feet	Genu recurvatum	HP:0002816	Genu recurvatum	1		
Posterior bowing of the femora	Bowed femur	HP:0002980	Femoral bowing	1		
Posterior calcanei are posteriorly projected	Prominent calcaneus	HP:0012428	Prominent calcaneus	1		
posterior column sensory loss	Abnormality of proprioception	HP:0010831	Impaired proprioception	1		
Posterior cranial fossa cyst	Dandy-Walker malformation	HP:0001305	Dandy-Walker malformation	1		
posterior dislocation of proximal radius	Dislocation of radial head	HP:0003083	Dislocated radial head	1		
Posterior fossa arachnoid cyst	Arachnoid cyst	HP:0100702	Arachnoid cyst	1		
Posterior fossa arachnoid cysts	Arachnoid cyst	HP:0100702	Arachnoid cyst	1		
Posterior fossa brain anomalies	Posterior fossa anomaly	HP:0000932	Abnormal posterior cranial fossa morphology	1		
Posterior fossa compression syndromes	Chiari malformation	HP:0002308	Chiari malformation	1		
Posterior fossa compression syndromes due to basilar impression	Basilar impression	HP:0005758	Basilar impression	1		
Posterior fossa crowding	Posterior fossa anomaly	HP:0000932	Abnormal posterior cranial fossa morphology	1		
Posterior fossa dermoid cysts	Dermoid cyst	HP:0025247	Dermoid cyst	1		
Posterior fusion at vertebrocostal junction	Posterior fusion of ribs	HP:0000913	Posterior rib fusion	1	HP:0000913	next:OK Posterior rib fusion
Posterior helical pits	Postauricular pit	HP:0004464	Postauricular pit	1		
Posterior lens luxation	Ectopia lentis	HP:0001083	Ectopia lentis	1		
Posterior occipitoatlantal hypermobility	Atlantoaxial instability	HP:0003467	Atlantoaxial instability	1		
Posterior pituitary ectopia	Ectopic posterior pituitary	HP:0011755	Ectopic posterior pituitary	1		
Posterior rotation of auricles	Posteriorly rotated ears	HP:0000358	Posteriorly rotated ears	1		
Posterior scalloping of the lumbar vertebral bodies	Posterior scalloping of the vertebral bodies	HP:0005121	Posterior scalloping of vertebral bodies	1	HP:0005121	next:OK Posterior scalloping of vertebral bodies
posterior segment abnormalities	Abnormality of the posterior eye segment	HP:0004329	Abnormal posterior eye segment morphology	1	HP:0004329	next:OK Abnormal posterior eye segment morphology
posterior subcapsular red-and-green iridescent opacities	Abnormality of the lens	HP:0000517	Abnormal lens morphology	1		
Posteriorly angulated auricles	Posteriorly rotated ears	HP:0000358	Posteriorly rotated ears	1		
Posteriorly dominant irregular spike-wave discharges	Abnormal EEG	HP:0002353	EEG abnormality	1		
Posteriorly placed hypoplastic halluces	Hypoplastic hallux	HP:0010109	Short hallux	1		
Posteriorly rotated, poorly formed ears with hypoplastic, adherent ear lobes	Posteriorly rotated ears	HP:0000358	Posteriorly rotated ears	1		
Posteriorly rotated, poorly formed ears with hypoplastic, adherent ear lobes	Hypoplastic earlobes	HP:0000385	Small earlobe	1		
Postnatal deceleration of length and head circumference	Postnatal growth retardation	HP:0008897	Postnatal growth retardation	1		
postnatal disproportionate short stature	Short stature	HP:0004322	Short stature	1		
Postnatal onset microcephaly	Microcephaly	HP:0000252	Microcephaly	1		
Postnatal onset of growth retardation	Postnatal growth retardation	HP:0008897	Postnatal growth retardation	1		
Postnatal onset of macrocephaly	Macrocephaly	HP:0000256	Macrocephaly	1		
Postnatal onset of mild growth deficiency	Postnatal growth deficiency	HP:0008897	Postnatal growth retardation	1		
postnatal polycythemia	Polycythemia	HP:0001901	Polycythemia	1		
postnatal poor weight gain	Postnatal growth failure	HP:0008897	Postnatal growth retardation	1		
Postnatal short limb growth deficiency	Short stature	HP:0004322	Short stature	1		
Postnatal-onset microcephaly	Microcephaly	HP:0000252	Microcephaly	1		
Postoperative hernia	Incisional hernia	HP:0004872	Incisional hernia	1		
postprandial emesis	Vomiting	HP:0002013	Vomiting	1		
Postpubertal menorrhagia	Menorrhagia	HP:0000132	Menorrhagia	1		
postural and kinetic tremor of the upper limbs	Tremor	HP:0001337	Tremor	1		
postural and kinetic tremor of the upper limbs	Abnormality of the upper limb	HP:0002817	Abnormality of the upper limb	1		
Postural fainting	Syncope	HP:0001279	Syncope	1		
Potentially malignant melanoma of iris	Iris melanoma	HP:0011524	Iris melanoma	1		
Potter syndrome-like phenotype	Potter facies	HP:0002009	Potter facies	1		
pre- and postnatal growth deficiency	Intrauterine growth retardation	HP:0001511	Intrauterine growth retardation	1		
pre- and postnatal growth deficiency	Postnatal growth failure	HP:0008897	Postnatal growth retardation	1		
Preauricular dimple	Preauricular pit	HP:0004467	Preauricular pit	1		
preauricular ear pits and/or tags	Preauricular tag	HP:0000384	Preauricular skin tag	1		
preauricular ear pits and/or tags	Preauricular sinus	HP:0004467	Preauricular pit	1		
Preaxial and/or postaxial polydactyly of the hands and/or feet	Polydactyly	HP:0010442	Polydactyly	1		
Preaxial polydactyly of great toe	Preaxial polydactyly	HP:0100258	Preaxial polydactyly	1		
preaxial polysyndactyly	Preaxial polydactyly	HP:0100258	Preaxial polydactyly	1		
Preaxial polysyndactyly of the feet	Preaxial polydactyly of foot	HP:0001841	Preaxial foot polydactyly	1		
Preaxial polysyndactyly of the hand	Preaxial polydactyly	HP:0100258	Preaxial polydactyly	1		
preaxial triphalangeal polysyndactyly of the digits and toes	Triphalangeal thumb	HP:0001199	Triphalangeal thumb	1		
preaxial triphalangeal polysyndactyly of the digits and toes	Polydactyly	HP:0010442	Polydactyly	1		
Precocious arthrosis	Premature osteoarthritis	HP:0003088	Premature osteoarthritis	1		
Precocious puberty in boys	Precocious puberty	HP:0000826	Precocious puberty	1		
predisposition to cancer	Neoplasm	HP:0002664	Neoplasm	1		
Predisposition to infections manifest as recurrent respiratory infections	Recurrent respiratory infections	HP:0002205	Recurrent respiratory infections	1		
Predisposition to infections manifest as recurrent respiratory infections	Recurrent infections	HP:0002719	Recurrent infections	1		
predominant orofacial choreic and dystonic movements and tics	Dystonia	HP:0001332	Dystonia	1		
predominant orofacial choreic and dystonic movements and tics	Chorea	HP:0002072	Chorea	1		
Pregnancy complications with rupture of gravid uterus	Uterine rupture	HP:0100718	Uterine rupture	1		
premature atherosclerotic coronary artery disease	Premature coronary artery disease	HP:0005181	Premature coronary artery atherosclerosis	1		
Premature chromatid separation (PCS) and premature centromere division (PCD)	Premature chromatid separation	HP:0200024	Premature chromatid separation	1		
Premature closure of sphenoid frontal sutures	Premature closure of cranial sutures	HP:0001363	Craniosynostosis	1		
Premature fusion of all sutures	Craniosynostosis	HP:0001363	Craniosynostosis	1		
Premature fusion of the growth plate of knees, ankles, and shoulders	Premature epiphyseal closure	HP:0005616	Accelerated skeletal maturation	1		
Premature gray hair	Premature graying of hair	HP:0002216	Premature graying of hair	1		
premature graying and/or thinning of scalp hair	Premature graying of hair	HP:0002216	Premature graying of hair	1		
Premature loss of deciduous and permanent teeth	Premature loss of deciduous teeth	HP:0006323	Premature loss of primary teeth	1		
Premature loss of deciduous and permanent teeth	Premature loss of permanent teeth	HP:0006357	Premature loss of permanent teeth	1		
premature loss of primary dentition	Premature loss of primary teeth	HP:0006323	Premature loss of primary teeth	1		
Premature ossification of the proximal humeral epiphysis	Premature epiphyseal ossification	HP:0005616	Accelerated skeletal maturation	1		
Premature osteoarthritis of the joints	Premature osteoarthritis	HP:0003088	Premature osteoarthritis	1		
premature osteoarthrosis	Premature osteoarthritis	HP:0003088	Premature osteoarthritis	1		
Premature osteoporosis	Osteoporosis	HP:0000939	Osteoporosis	1		
Premature puberty	Precocious puberty	HP:0000826	Precocious puberty	1		
Premature rupture of amniotic membranes	Premature rupture of membranes	HP:0001788	Premature rupture of membranes	1		
Premature shedding of deciduous and permanent teeth	Premature loss of deciduous teeth	HP:0006323	Premature loss of primary teeth	1		
Premature shedding of deciduous and permanent teeth	Premature loss of permanent teeth	HP:0006357	Premature loss of permanent teeth	1		
Premature shedding of teeth	Premature loss of teeth	HP:0006480	Premature loss of teeth	1		
Premature thelarche and pubarche	Precocious puberty	HP:0000826	Precocious puberty	1		
prenatal accelerated bone maturation	Advanced bone age	HP:0005616	Accelerated skeletal maturation	1		
prenatal and postnatal growth restriction	Postnatal growth retardation	HP:0008897	Postnatal growth retardation	1		
Prenatal and postnatal short stature	Short stature	HP:0004322	Short stature	1		
Prenatal and/or postnatal short stature	Short stature	HP:0004322	Short stature	1		
Prenatal growth restriction	Intrauterine growth retardation	HP:0001511	Intrauterine growth retardation	1		
prenatal liver and spleen calcifications	Intrauterine growth retardation	HP:0001511	Intrauterine growth retardation	1		
prenatal liver and spleen calcifications	Hepatic calcification	HP:0006559	Hepatic calcification	1		
Prenatal long bone bowing	Long bone bowing	HP:0006487	Bowing of the long bones	1	HP:0006487	next:OK
prenatal macrocephaly	Macrocephaly	HP:0000256	Macrocephaly	1		
Prenatal megacystis	Megacystis	HP:0000021	Megacystis	1		
Prenatal onset of excessive size	Macrosomia	HP:0001520	Large for gestational age	1		
Prenatal onset of extreme short-limb short stature	Short stature	HP:0004322	Short stature	1		
Prenatal onset of marked growth deficiency	Intrauterine growth retardation	HP:0001511	Intrauterine growth retardation	1		
Prenatal onset overgrowth with respect to weight	Overgrowth	HP:0001548	Overgrowth	1		
Prenatal pleural effusion	Pleural effusion	HP:0002202	Pleural effusion	1		
prenatal ventriculomegaly	Ventriculomegaly	HP:0002119	Ventriculomegaly	1		
prenatal-onset growth deficiency	Prenatal growth retardation	HP:0001511	Intrauterine growth retardation	1		
Prenatal-onset microcephaly	Microcephaly	HP:0000252	Microcephaly	1		
Prepubertal growth delay	Short stature	HP:0004322	Short stature	1		
Prepubertal testicular volume	Small testes	HP:0008734	Decreased testicular size	1		
Preterm rupture of membranes	Premature rupture of membranes	HP:0001788	Premature rupture of membranes	1		
Primary internal neoplasms	Neoplasm	HP:0002664	Neoplasm	1		
Primary liver cancer	Hepatocellular carcinoma	HP:0001402	Hepatocellular carcinoma	1		
Primary open-angle glaucoma	Primary open angle glaucoma	HP:0012108	Open angle glaucoma	1		
Primary ovarian dysfunction	Primary ovarian insufficiency	HP:0008209	Premature ovarian insufficiency	1		
Primary pulmonary hypertension	Pulmonary arterial hypertension	HP:0002092	Pulmonary arterial hypertension	1		
Problems with night vision	Night blindness	HP:0000662	Nyctalopia	1		
Problems with swallowing and speaking	Dysarthria	HP:0001260	Dysarthria	1		
Problems with swallowing and speaking	Dysphagia	HP:0002015	Dysphagia	1		
Profound cervicoaxial hypotonia	Hypotonia	HP:0001252	Hypotonia	1		
Profound intellectual deficiency	Severe intellectual disability	HP:0010864	Severe intellectual disability	1		
profound myopathic changes in the anterior tibial muscle	Muscle atrophy	HP:0003202	Skeletal muscle atrophy	1		
Profuse sweating on the face, arms, and anterior and posterior chest	Hyperhidrosis	HP:0000975	Hyperhidrosis	1		
Prognathic appearance	Prognathia	HP:0000303	Mandibular prognathia	1		
Progression to limbs and/or generalized dystonia	Dystonia	HP:0001332	Dystonia	1		
Progressive asymmetric rigidity	Rigidity	HP:0002063	Rigidity	1		
Progressive atrophy of the basal ganglia	Basal ganglia abnormality	HP:0002134	Abnormal basal ganglia morphology	1	PARENT:HP:0002134	next:PARENT Abnormal basal ganglia morphology
Progressive axonal polyneuropathy	Peripheral motor neuropathy	HP:0007178	Motor polyneuropathy	1		
progressive bilateral lower-extremity spasticity	Spastic paraplegia	HP:0001258	Spastic paraplegia	1		
Progressive Bone Loss in Clavicle	Clavicular hypoplasia	HP:0000894	Short clavicles	1		
Progressive Bone Loss in Distal Phalanges	Phalangeal hypoplasia	HP:0009803	Short phalanx of finger	1		
Progressive cardiorespiratory involvement	Respiratory insufficiency	HP:0002093	Respiratory insufficiency	1		
Progressive central neurologic deficits	Neurologic deterioration	HP:0002344	Progressive neurologic deterioration	1		
progressive cerebellar dysfunction	Cerebellar ataxia	HP:0001251	Ataxia	1		
Progressive cerebellar gait ataxia	Cerebellar ataxia	HP:0001251	Ataxia	1		
Progressive chorea syndrome	Chorea	HP:0002072	Chorea	1		
Progressive coarsening of facial features	Coarse facial features	HP:0000280	Coarse facial features	1		
Progressive coarsening of facies	Coarse facial features	HP:0000280	Coarse facial features	1		
progressive cognitive and behavioral changes	Behavioral abnormality	HP:0000708	Atypical behavior	1		
progressive cognitive and behavioral changes	Intellectual disability	HP:0001249	Intellectual disability	1		
progressive decrease in renal function	Decreased glomerular filtration rate	HP:0012213	Decreased glomerular filtration rate	1		
progressive decrease in visual acuity	Decreased visual acuity	HP:0007663	Reduced visual acuity	1		
Progressive deformities affecting wrists and feet	Deformity of the foot	HP:0001760	Abnormal foot morphology	1	HP:0025798	next:AUTRE Abnormal wrist morphology
progressive diaphyseal hyperostosis	Hyperostosis	HP:0100774	Hyperostosis	1		
Progressive distalward shortness of the tubular bones	Short tubular bones of hands	HP:0001248	Short tubular bones of the hand	1	HP:0001248	next:OK
Progressive dysarthria and persistent drooling	Dysarthria	HP:0001260	Dysarthria	1		
Progressive dysarthria and persistent drooling	Sialorrhea	HP:0002307	Drooling	1		
Progressive dysarthria, drooling, and eventually absent speech	Dysarthria	HP:0001260	Dysarthria	1		
progressive dystrophic changes in the tibialis anterior muscle	Muscle atrophy	HP:0003202	Skeletal muscle atrophy	1		
Progressive enlargement of the head	Macrocephaly	HP:0000256	Macrocephaly	1		
Progressive erosion of the metacarpal/metatarsal diaphyses	Hypoplasia of the metacarpals	HP:0010049	Short metacarpal	1		next:AUTRE Osteolysis involving metacarpal bones ?
progressive extrapyramidal disorder	Extrapyramidal signs	HP:0002071	Abnormality of extrapyramidal motor function	1		
progressive flattening of capital femoral epiphyses	Abnormality of the femoral head epiphysis	HP:0010574	Abnormality of the epiphysis of the femoral head	1	HP:0010574	next:OK
Progressive foot and ankle deformities	Abnormality of the foot	HP:0001760	Abnormal foot morphology	1		
Progressive foot and ankle deformities	Abnormality of the ankle	HP:0003028	Abnormality of the ankle	1		
Progressive fusion across apophyseal joints of the cervical spine	Cervical spine fusion	HP:0002949	Fused cervical vertebrae	1		
progressive gait impairment	Gait disturbance	HP:0001288	Gait disturbance	1		
Progressive global brain atrophy on neuroimaging	Cerebral atrophy	HP:0002059	Cerebral atrophy	1		
progressive global cerebral and cerebellar atrophy	Cerebellar atrophy	HP:0001272	Cerebellar atrophy	1		
progressive global cerebral and cerebellar atrophy	Cerebral atrophy	HP:0002059	Cerebral atrophy	1		
Progressive glomerular and proximal tubular disease	Glomerulonephritis	HP:0000099	Glomerulonephritis	1		
progressive growth impairment	Short stature	HP:0004322	Short stature	1		
Progressive hip disease	Hip joint pain	HP:0003365	Arthralgia of the hip	1		
Progressive hyperostosis of skull base, mandible, maxilla, and orbital roofs	Hyperostosis of the skull base	HP:0002694	Sclerosis of skull base	1		next:AUTRE Hyperostosis frontalis interna ?
Progressive hyperostosis of the calvarium	Mandibular hyperostosis	HP:0004472	Mandibular hyperostosis	1		
Progressive hyperostosis of the calvarium, base of the skull, mandible, clavicles, and ribs	Sclerosis of the skull base	HP:0002694	Sclerosis of skull base	1		
Progressive hyperostosis of the calvarium, base of the skull, mandible, clavicles, and ribs	Hyperostosis	HP:0100774	Hyperostosis	1		
Progressive impairment of central and peripheral nervous system function	Neurological abnormality	HP:0000707	Abnormality of the nervous system	1		
progressive impairment of renal function	Abnormality of renal physiology	HP:0012211	Abnormal renal physiology	1		
Progressive impairment of vision	Visual impairment	HP:0000505	Visual impairment	1		
Progressive increase of OFC	Macrocephaly	HP:0000256	Macrocephaly	1		
Progressive increased lower limb reflexes/spasticity	Spasticity	HP:0001257	Spasticity	1		
Progressive increased lower limb reflexes/spasticity	Hyperreflexia	HP:0001347	Hyperreflexia	1		
Progressive interstitial changes	Interstitial lung disease	HP:0006530	Abnormal pulmonary interstitial morphology	1		
Progressive irregularity of end plates	Irregular vertebral endplates	HP:0003301	Irregular vertebral endplates	1		
Progressive joint contractures in other joints	Joint contracture	HP:0034392	Joint contracture	1		
Progressive joint limitation and contractures	Joint contracture	HP:0034392	Joint contracture	1		
Progressive kidney failure	End stage renal disease	HP:0003774	Stage 5 chronic kidney disease	1		
progressive loss of pursuits	Abnormal eye movements	HP:0000496	Abnormality of eye movement	1		
Progressive lower-extremity weakness	Lower limb weakness	HP:0007340	Lower limb muscle weakness	1		
progressive minor distal weakness	Proximal muscle weakness	HP:0003701	Proximal muscle weakness	1		
Progressive muscular dystrophy in females	Muscular dystrophy	HP:0003560	Muscular dystrophy	1		
Progressive myoclonus-ataxia	Cerebellar ataxia	HP:0001251	Ataxia	1		
Progressive myoclonus-ataxia	Myoclonus	HP:0001336	Myoclonus	1		
progressive narrowing of femoral necks	Narrow femoral neck	HP:0008819	Narrow femoral neck	1		
Progressive neurogenic muscle weakness and wasting	Muscle weakness	HP:0001324	Muscle weakness	1		
Progressive neurogenic weakness of antigravity muscles in the lower extremities and frequent falls	Muscle weakness	HP:0001324	Muscle weakness	1		
Progressive neurologic features	Neurological abnormality	HP:0000707	Abnormality of the nervous system	1		
progressive neuromuscular involvement	Muscle weakness	HP:0001324	Muscle weakness	1		
Progressive ossification of the interosseous membranes	Heterotopic ossification	HP:0011986	Ectopic ossification	1		
Progressive osteoarthropathy	Osteoarthritis	HP:0002758	Osteoarthritis	1		
Progressive osteolysis of the carpal and tarsal bones	Osteolysis of the carpal bones	HP:0001495	Carpal osteolysis	1	HP:0001495	next:OK
Progressive osteolysis of the carpal and tarsal bones	Osteolysis of the tarsal bones	HP:0006234	Osteolysis involving tarsal bones	1	HP:0006234	next:OK
progressive osteosclerosis of the skull	Osteosclerosis	HP:0011001	Increased bone mineral density	1		
Progressive phalangeal acroosteolysis	Acroosteolysis	HP:0009771	Osteolytic defects of the phalanges of the hand	1		
progressive proximal muscle weakness primarily affecting the lower limbs	Proximal muscle weakness	HP:0003701	Proximal muscle weakness	1		
progressive psychomotor decline	Developmental regression	HP:0002376	Developmental regression	1		
Progressive rachitic skeletal changes	Rickets	HP:0002748	Rickets	1		
progressive reduction in vital capacity	Decreased forced vital capacity	HP:0032341	Reduced forced vital capacity	1		
Progressive renal disease	Abnormality of the kidney	HP:0000077	Abnormality of the kidney	1		
Progressive restriction of the large joints	Joint stiffness	HP:0001387	Joint stiffness	1		
Progressive restriction of the proximal interphalangeal joints	Joint stiffness	HP:0001387	Joint stiffness	1		
Progressive Skin Hardening	Skin induration	HP:0030053	Stiff skin	1		
Progressive skull and vertebral sclerosis	Sclerosis of the skull	HP:0004330	Increased skull ossification	1	HP:0004330	next:OK
Progressive skull and vertebral sclerosis	Osteosclerosis	HP:0011001	Increased bone mineral density	1	HP:0011001	next:OK
Progressive spasticity and weakness of the lower limbs	Spastic paraparesis	HP:0002313	Spastic paraparesis	1		
progressive spasticity of the upper and lower limbs	Spasticity	HP:0001257	Spasticity	1		
Progressive spasticity predominantly of the lower limbs	Spastic paraplegia	HP:0001258	Spastic paraplegia	1		
Progressive spasticity resulting in loss of independent ambulation	Spasticity	HP:0001257	Spasticity	1		
Progressive steroid-resistant nephropathy	Steroid-resistant nephrotic syndrome	HP:0012588	Steroid-resistant nephrotic syndrome	1		
progressive stiffness and weakness in the legs	Spastic paraplegia	HP:0001258	Spastic paraplegia	1		
Progressive stiffness of the neck and back	Stiff neck	HP:0025258	Stiff neck	1		
progressive symmetric muscle weakness	Muscle weakness	HP:0001324	Muscle weakness	1		
Progressive synostoses of distal phalanges	Syndactyly	HP:0001159	Syndactyly	1		
Progressive synostoses of distal phalanges	Synostosis of distal phalanges	HP:0001204	Distal finger symphalangism	1		
Progressive thickening and distortion of the facies	Coarse facial features	HP:0000280	Coarse facial features	1		
Progressive thinning and atrophy of skin	Skin atrophy	HP:0004334	Dermal atrophy	1		
Progressive ventilatory insufficiency	Respiratory insufficiency	HP:0002093	Respiratory insufficiency	1		
progressive vertical gaze restriction	Vertical gaze palsy	HP:0000511	Vertical supranuclear gaze palsy	1		
progressive visual failure	Vision loss	HP:0000572	Visual loss	1		
Progressive volume loss	Brain atrophy	HP:0012444	Brain atrophy	1		
Progressive weakness and atrophy of muscles in the feet and/or hands	Muscle weakness	HP:0001324	Muscle weakness	1		
Progressive weakness and atrophy of muscles in the feet and/or hands	Muscle atrophy	HP:0003202	Skeletal muscle atrophy	1		
Progressive widening of metaphyses	Metaphyseal widening	HP:0003016	Metaphyseal widening	1		
Progressive worsening of the disproportion with obvious mesomelia	Mesomelia	HP:0003027	Mesomelia	1		
Progressive, painful arthropathy of the fingers and toes	Arthropathy	HP:0003040	Arthropathy	1		
progressive, painful, nonpruritic, and hyperkeratotic plaques on soles and palms	Hyperkeratosis	HP:0000962	Hyperkeratosis	1		
progressive, painful, nonpruritic, and hyperkeratotic plaques on soles and palms	Palmar hyperkeratosis	HP:0010765	Palmar hyperkeratosis	1		
Progressive, postpubertal hearing loss	Progressive hearing loss	HP:0001730	Progressive hearing impairment	1		
progressively reduced sensation to pain, temperature, and touch	Impaired pain sensation	HP:0007328	Impaired pain sensation	1		
Progressively stiff, thickened skin	Skin induration	HP:0030053	Stiff skin	1		
prolongation of the QTc interval	Prolonged QT interval	HP:0001657	Prolonged QT interval	1		
Prolonged and recurrent episodes of fever	Recurrent fever	HP:0001954	Recurrent fever	1		
prolonged apnea	Apnea	HP:0002104	Apnea	1		
prolonged bleeding after procedures	Prolonged bleeding time	HP:0003010	Prolonged bleeding time	1		
Prolonged bleeding after tooth extractions	Prolonged bleeding after dental extraction	HP:0006298	Prolonged bleeding after dental extraction	1		
Prolonged bleeding or excessive pain and swelling from minor injuries	Easy bruising	HP:0000978	Bruising susceptibility	1		
prolonged cholestatic jaundice	Cholestasis	HP:0001396	Cholestasis	1		
Prolonged coagulation time	Prolonged prothrombin time	HP:0008151	Prolonged prothrombin time	1		
Prolonged fever	Fever	HP:0001945	Fever	1		
Prolonged INR	Prolonged prothrombin time	HP:0008151	Prolonged prothrombin time	1		
Prolonged nosebleeds	Epistaxis	HP:0000421	Epistaxis	1		
Prolonged nosebleeds, especially recurrent and bilateral	Epistaxis	HP:0000421	Epistaxis	1		
Prolonged oozing after injuries, tooth extractions, or surgery	Prolonged bleeding after dental extraction	HP:0006298	Prolonged bleeding after dental extraction	1		
Prolonged oozing or renewed bleeding after tooth extractions, mouth injury, or circumcision	Prolonged bleeding after dental extraction	HP:0006298	Prolonged bleeding after dental extraction	1		
Prolonged physiologic jaundice	Prolonged neonatal jaundice	HP:0006579	Prolonged neonatal jaundice	1		
prolonged PT and PTT	Prolonged prothrombin time	HP:0008151	Prolonged prothrombin time	1		
prolonged QT	Prolonged QT interval	HP:0001657	Prolonged QT interval	1		
Prolonged QTc on EKG	Prolonged QT interval	HP:0001657	Prolonged QT interval	1		
Prolonged QTc on EKG	Prolonged QTc interval	HP:0005184	Prolonged QTc interval	1		
prolonged QUc interval	Prolonged QTc interval	HP:0005184	Prolonged QTc interval	1		
Prolonged stiffening	Muscle stiffness	HP:0003552	Muscle stiffness	1		
prolonged, recurrent, and/or severe nosebleeds	Recurrent epistaxis	HP:0004406	Spontaneous, recurrent epistaxis	1		
Prominence of interphalangeal joints and distal phalanges	Prominent interphalangeal joints	HP:0006237	Prominent interphalangeal joints	1		
Prominence of the antihelix	Prominent antihelix	HP:0000395	Prominent antihelix	1		
prominence of the cisterna magna	Enlarged cisterna magna	HP:0002280	Enlarged cisterna magna	1		
Prominence of the deltoid insertion on the proximal humerus	Prominent deltoid tuberosity	HP:0003890	Prominent deltoid tuberosities	1	HP:0003890	next:OK
Prominent anterior crus of the antihelix	Abnormal ear morphology	HP:0031703	Abnormal ear morphology	1		
Prominent calcanei	Prominent calcaneus	HP:0012428	Prominent calcaneus	1		
Prominent columella and nasal tip	Prominent nasal tip	HP:0005274	Prominent nasal tip	1		
prominent cutaneous veins	Prominent veins	HP:0001015	Prominent superficial veins	1		
Prominent ear crus	Prominent crus of helix	HP:0009899	Prominent crus of helix	1		
Prominent eyes secondary to hypoplastic supraorbital ridges	Proptosis	HP:0000520	Proptosis	1		
Prominent forehead and eyes, hypertelorism, receding hairline, prominent mandible, broad nose, large ears	Hypertelorism	HP:0000316	Hypertelorism	1		
Prominent forehead and eyes, hypertelorism, receding hairline, prominent mandible, broad nose, large ears	Prominent forehead	HP:0011220	Prominent forehead	1		
Prominent frontal region	Prominent forehead	HP:0011220	Prominent forehead	1		
Prominent interphalangeal joints developing in adolescence	Prominent interphalangeal joints	HP:0006237	Prominent interphalangeal joints	1		
Prominent lateral margins of the supraorbital ridges	Prominent supraorbital ridges	HP:0000336	Prominent supraorbital ridges	1		
Prominent lateral palatine ridges	Prominent palatine ridges	HP:0010291	Prominent palatine ridges	1		
Prominent lip covering receding lower lip	Prominent lips	HP:0012471	Thick vermilion border	1		
Prominent low-set columella	Prominent columella	HP:0009765	Low hanging columella	1		
Prominent metaphyseal spurs adjacent to growth plates	Metaphyseal chondrodysplasia	HP:0005871	Metaphyseal chondrodysplasia	1		
Prominent parietal and frontal bones	Prominent forehead	HP:0011220	Prominent forehead	1		
prominent root of the nose	Prominent nasal root	HP:0000426	Prominent nasal bridge	1		
Prominent subcutaneous veins	Prominent veins	HP:0001015	Prominent superficial veins	1		
Prominent superficial venous pattern	Prominent superficial veins	HP:0001015	Prominent superficial veins	1		
Prominent symphysis	Prominent chin	HP:0000303	Mandibular prognathia	1		
Prominent thick tongue	Macroglossia	HP:0000158	Macroglossia	1		
Prominent trochanteric region of femora	Abnormal femur morphology	HP:0002823	Abnormal femur morphology	1		
Prominent vasculature	Prominent veins	HP:0001015	Prominent superficial veins	1		
prominent ventricles	Ventriculomegaly	HP:0002119	Ventriculomegaly	1		
Prominent vertical philtral ridges	Prominent philtrum	HP:0002002	Deep philtrum	1		
Prominent, protuberant ears lacking cartilage	Prominent ears	HP:0000411	Protruding ear	1		
Prominent, slanting, low-positioned ears	Posteriorly rotated ears	HP:0000358	Posteriorly rotated ears	1		
Prominent, slanting, low-positioned ears	Low-set ears	HP:0000369	Low-set ears	1		
Prominently visible superficial vasculature	Prominent veins	HP:0001015	Prominent superficial veins	1		
pronounced dentate calcification	Cerebellar calcification	HP:0007352	Cerebellar calcifications	1	HP:0007352	next:OK
pronounced peripheral neuropathy	Peripheral neuropathy	HP:0009830	Peripheral neuropathy	1		
Proportionate moderate-to-severe short stature with growth deceleration	Short stature	HP:0004322	Short stature	1		
Proportionate short long bones	Short long bones	HP:0003026	Short long bone	1	HP:0003026	next:OK
Proprioceptive defects	Impaired proprioception	HP:0010831	Impaired proprioception	1		
proptosis due to shallow orbits	Proptosis	HP:0000520	Proptosis	1		
protein-rich and/or lipid-rich food preference	Pica	HP:0011856	Pica	1		
protracted neonatal jaundice	Neonatal jaundice	HP:0006579	Prolonged neonatal jaundice	1		
Protruding abdomen	Abdominal protuberance	HP:0001538	Protuberant abdomen	1		
Protruding auricle	Protruding ear	HP:0000411	Protruding ear	1		
Protruding auricles	Protruding ears	HP:0000411	Protruding ear	1	HP:0000411	next:OK
Protruding lower lip	Everted lower lip	HP:0000232	Everted lower lip vermilion	1		
Protuberance of the abdomen	Abdominal distension	HP:0003270	Abdominal distention	1		
Protuberant eyes with large corneae	Proptosis	HP:0000520	Proptosis	1		
Protuberant sternum	Pectus carinatum	HP:0000768	Pectus carinatum	1		
proximal and axial weakness	Axial muscle weakness	HP:0003327	Axial muscle weakness	1		
proximal and axial weakness	Proximal muscle weakness	HP:0003701	Proximal muscle weakness	1		
proximal and axial weakness of the hip flexors	Hip flexor weakness	HP:0012515	Hip flexor weakness	1		
proximal and axial weakness of the neck flexors	Neck flexor weakness	HP:0003722	Neck flexor weakness	1		
proximal and distal musculature atrophy	Muscle atrophy	HP:0003202	Skeletal muscle atrophy	1		
proximal gastric polyposis	Gastric polyposis	HP:0033769	Fundic gland polyposis	1		
proximal greater than distal muscle weakness	Proximal muscle weakness	HP:0003701	Proximal muscle weakness	1		
proximal greater than distal weakness	Proximal muscle weakness	HP:0003701	Proximal muscle weakness	1		
proximal leg and trunk muscle involvement	Proximal muscle weakness	HP:0003701	Proximal muscle weakness	1		
Proximal leg weakness	Proximal muscle weakness of lower limb	HP:0008994	Proximal lower limb muscle weakness	1	HP:0008994	next:OK
Proximal limb girdle weakness predominantly in lower limbs	Proximal muscle weakness of lower limbs	HP:0008994	Proximal lower limb muscle weakness	1	HP:0008994	next:OK
proximal limb-girdle weakness	Proximal muscle weakness	HP:0003701	Proximal muscle weakness	1		
proximal muscle involvement	Proximal muscle weakness	HP:0003701	Proximal muscle weakness	1		
proximal muscular weakness	Proximal muscle weakness	HP:0003701	Proximal muscle weakness	1		
proximal myopathy	Proximal muscle weakness	HP:0003701	Proximal muscle weakness	1		
proximal phalanx of finger V rests on metacarpal	Abnormality of the phalanges of the hand	HP:0005918	Abnormal finger phalanx morphology	1		
Proximal placement	Proximal placement of the thumb	HP:0009623	Proximal placement of thumb	1	HP:0009623	next:OK
Proximal radio-ulnar seperation	Radial head dislocation	HP:0003083	Dislocated radial head	1		
proximal shortening of the femur	Short femur	HP:0003097	Short femur	1		
proximal shortening of the humerus	Short humerus	HP:0005792	Short humerus	1		
Proximal thumb	Proximal placement of the thumb	HP:0009623	Proximal placement of thumb	1	HP:0009623	next:OK
Proximal ulnar projection of the second metacarpal	Abnormal metacarpal morphology	HP:0005916	Abnormal metacarpal morphology	1		
Proximal upper extremity weakness	Proximal muscle weakness of upper limbs	HP:0008997	Proximal upper limb muscle weakness	1	HP:0008997	next:OK
proximal upper- and lower-limb girdle muscles weakness	Proximal muscle weakness	HP:0003701	Proximal muscle weakness	1		
proximal weakness in the lower limbs	Proximal muscle weakness of lower limbs	HP:0008994	Proximal lower limb muscle weakness	1	HP:0008994	next:OK
proximally implanted thumbs	Proximally placed thumb	HP:0009623	Proximal placement of thumb	1	HP:0009623	next:OK
Proximally set and abducted hypermobile thumbs	Abnormality of the thumb	HP:0001172	Abnormal thumb morphology	1		
Proximally set and abducted hypermobile thumbs	Joint hypermobility	HP:0001382	Joint hypermobility	1		
Proximally short and distally broad fibulae	Short fibula	HP:0003038	Fibular hypoplasia	1		
Pseudoarthrosis clavicula	Pseudoarthrosis of clavicle	HP:0006585	Congenital pseudoarthrosis of the clavicle	1		
Pseudoepiphyses of metacarpal bones	Pseudoepiphyses of the metacarpals	HP:0009193	Metacarpal pseudoepiphysis	1		
pseudoepiphyses of the second metacarpal bone	Pseudoepiphyses of the second metacarpal	HP:0006179	Pseudoepiphyses of second metacarpal	1	HP:0006179	next:OK
pseudomuscular build	Muscular hypertrophy	HP:0003712	Skeletal muscle hypertrophy	1		
Psoriasis-like lesions	Psoriasis	HP:0003765	Psoriasiform dermatitis	1		
Psychiatric manifestations including comorbid anxiety and depression	Anxiety	HP:0000739	Anxiety	1		
Psychiatric symptoms	Psychiatric disorders	HP:0000708	Atypical behavior	1		
psychiatric, cognitive, and behavioral changes	Intellectual disability	HP:0001249	Intellectual disability	1		
psychomotor development delay	Developmental delay	HP:0001263	Global developmental delay	1		
Psychomotor retardation	Global developmental delay	HP:0001263	Global developmental delay	1		
Pterygia of neck, axillae, antecubital, popliteal, and intercrural areas	Pterygium	HP:0001059	Pterygium	1		
ptosis of variable severity	Ptosis	HP:0000508	Ptosis	1		
puckered lips	Thin vermilion border	HP:0000233	Thin vermilion border	1		
Pudgy cheeks	Full cheeks	HP:0000293	Full cheeks	1		
Puffy cheeks	Puffy face	HP:0500011	Moon facies	1		
pulmonary abnormalities	Abnormality of the lung	HP:0002088	Abnormal lung morphology	1	HP:0002088	next:OK
Pulmonary arteriovenous communications	Pulmonary arteriovenous malformation	HP:0006548	Pulmonary arteriovenous malformation	1		
pulmonary atresia without ventricular septal defect	Pulmonary atresia	HP:0004935	Pulmonary artery atresia	1		
pulmonary emboli	Pulmonary embolism	HP:0002204	Pulmonary embolism	1		
pulmonary involvement	Abnormality of the lung	HP:0002088	Abnormal lung morphology	1	HP:0002088	next:OK
Pulmonary nodules, pleuritis, and/or interstitial lung disease	Pleuritis	HP:0002102	Pleuritis	1		
Pulmonary nodules, pleuritis, and/or interstitial lung disease	Pulmonary nodule	HP:0033608	Pulmonary nodule	1		
pulmonary regurgitation	Pulmonary valve regurgitation	HP:0010444	Pulmonic regurgitation	1		
Pulmonary stenosis atresia	Pulmonary valve stenosis	HP:0001642	Pulmonic stenosis	1		
Pulmonary stenosis atresia	Pulmonary atresia	HP:0004935	Pulmonary artery atresia	1		
pulmonary valve stenosis/atresia	Pulmonary valve stenosis	HP:0001642	Pulmonic stenosis	1		
pulmonary valve stenosis/atresia	Pulmonary atresia	HP:0004935	Pulmonary artery atresia	1		
Pulmonary venous dilatation	Pulmonary vein dilatation	HP:0034389	Pulmonary vein varix	1		
Pulmonic valvular stenosis	Pulmonary valve stenosis	HP:0001642	Pulmonic stenosis	1		
pulsations in the ear	Pulsatile tinnitus	HP:0008629	Pulsatile tinnitus	1		
Puncta in laryngeal cartilage	Laryngeal calcification	HP:0008754	Laryngeal calcification	1		
Punctate calcifications in the carpal and tarsal regions	Epiphyseal stippling	HP:0010655	Epiphyseal stippling	1		
Punctate calcifications in the epiphyses	Epiphyseal stippling	HP:0010655	Epiphyseal stippling	1		
Punctate calcifications in the triradiate cartilage	Epiphyseal stippling	HP:0010655	Epiphyseal stippling	1		
Punctate calcifications of cartilaginous structures	Ectopic calcification	HP:0010766	Ectopic calcification	1		
Punctate dyskeratotic pits on both	Palmar pits	HP:0010610	Palmar pits	1		
Punctate dyskeratotic pits on both	Plantar pits	HP:0010612	Plantar pits	1		
Punctate dyskeratotic pits on palms	Palmar pits	HP:0010610	Palmar pits	1		
Punctate dyskeratotic pits on soles	Plantar pits	HP:0010612	Plantar pits	1		
"pupillary abnormalities termed ""tonic pupils"""	Tonic pupil	HP:0012074	Tonic pupil	1		
Pupillary membrane	Persistent pupillary membrane	HP:0009917	Persistent pupillary membrane	1		
Pure sensory ataxia	Sensory ataxia	HP:0010871	Sensory ataxia	1		
pure tremor	Tremor	HP:0001337	Tremor	1		
Pure upper motor neuron dysfunction	Upper motor neuron dysfunction	HP:0002493	Upper motor neuron dysfunction	1		
Pyeloureteral duplication	Duplication of the renal pelvis	HP:0005580	Duplication of renal pelvis	1	HP:0000081	next:AUTRE Duplication of ureter ? | kimi:AUTRE Duplicated collecting system
Pyloric ring	Pyloric stenosis	HP:0002021	Pyloric stenosis	1		
Pyloric stenosis and duodenal bands	Pyloric stenosis	HP:0002021	Pyloric stenosis	1		
pyramidal and extrapyramidal dysfunction	Extrapyramidal signs	HP:0002071	Abnormality of extrapyramidal motor function	1		
pyramidal and extrapyramidal dysfunction	Pyramidal signs	HP:0007256	Abnormal pyramidal sign	1		
Pyramidal features	Pyramidal signs	HP:0007256	Abnormal pyramidal sign	1		
pyramidal findings	Pyramidal signs	HP:0007256	Abnormal pyramidal sign	1		
pyramidal involvement limited to lower extremities	Pyramidal sign	HP:0007256	Abnormal pyramidal sign	1	HP:0007256	next:OK
Pyramidal involvement resulting in weakness of the legs, extensor plantar responses	Extensor plantar response	HP:0003487	Babinski sign	1		
Pyramidal signs: hyperreflexia, extensor plantar responses	Hyperreflexia	HP:0001347	Hyperreflexia	1		
Pyramidal signs: hyperreflexia, extensor plantar responses	Babinski sign	HP:0003487	Babinski sign	1		
QTc interval greater than 500 msec	Prolonged QT interval	HP:0001657	Prolonged QT interval	1		
QTc prolongation	Prolonged QT interval	HP:0001657	Prolonged QT interval	1		
QTc prolongation	Prolonged QTc interval	HP:0005184	Prolonged QTc interval	1		
QTcB prolongation	Prolonged QTc interval	HP:0005184	Prolonged QTc interval	1		
quadriceps affected	Muscle weakness	HP:0001324	Muscle weakness	1		
Rachitic costochondral rib changes	Rachitic rosary	HP:0000897	Rachitic rosary	1		
Rachitic deformities of the skeleton	Rickets	HP:0002748	Rickets	1		
Rachitic deformities of the skeleton	Metaphyseal dysplasia	HP:0100255	Metaphyseal dysplasia	1		
Rachitiform metaphyseal changes	Metaphyseal irregularity	HP:0003025	Metaphyseal irregularity	1		
Rachitiform metaphyseal changes	Metaphyseal chondrodysplasia	HP:0005871	Metaphyseal chondrodysplasia	1		
Radial and ulnar aplasia	Radial aplasia	HP:0003974	Absent radius	1		
Radial and/or rib anomalies	Rib anomaly	HP:0000772	Abnormal rib morphology	1	HP:0002818	next:AUTRE Abnormality of the radius
Radial bowing of the radius	Bowed radius	HP:0002986	Radial bowing	1		
radial deviation of the fourth and fifth fingers	Radial deviation of finger	HP:0009466	Radial deviation of finger	1		
radial deviation of the terminal phalanges	Radial deviation of finger	HP:0009466	Radial deviation of finger	1		
Radial dysplasia, including thumb or radial hypoplasia, preaxial polydactyly, syndactyly	Thumb hypoplasia	HP:0009778	Short thumb	1		
Radial ray malformation	Abnormality of the kidney	HP:0000077	Abnormality of the kidney	1		
Radial shortening	Short radius	HP:0002984	Hypoplasia of the radius	1		
radial-ulnar synostosis	Radioulnar synostosis	HP:0002974	Radioulnar synostosis	1		
Radially deviated finger II	Radial deviation of finger	HP:0009466	Radial deviation of finger	1		
Radii and ulnae hypoplastic	Hypoplasia of radius	HP:0002984	Hypoplasia of the radius	1	HP:0002984	next:OK
Radii and ulnae hypoplastic	Hypoplasia of ulna	HP:0003022	Hypoplasia of the ulna	1	HP:0003022	next:OK
Radiographic anomalies of ribs, clavicles, and vertebrae	Rib anomaly	HP:0000772	Abnormal rib morphology	1	HP:0000889	next:AUTRE Abnormality of the clavicle
radiographically dense bones	Increased bone density	HP:0011001	Increased bone mineral density	1		
Radiolucent skull defects	Skull defect	HP:0001362	Calvarial skull defect	1		
raised intracranial pressure	Increased intracranial pressure	HP:0002516	Increased intracranial pressure	1		
rapid cognitive decline	Cognitive decline	HP:0001268	Mental deterioration	1		
rapid decline in motor and language skills	Speech delay	HP:0000750	Delayed speech and language development	1		
rapid fatigue	Fatigue	HP:0012378	Fatigue	1		
rapid fatiguing of effort	Fatigue	HP:0012378	Fatigue	1		
Rapid loss of vision	Vision loss	HP:0000572	Visual loss	1		
rapid regression in language and motor skills	Regression of motor skills	HP:0033044	Motor regression	1		
rapid shallow breathing	Tachypnea	HP:0002789	Tachypnea	1		
rapid weight gain	Obesity	HP:0001513	Obesity	1		
Rapidly progressing kyphoscoliosis	Kyphoscoliosis	HP:0002751	Kyphoscoliosis	1		
Rapidly progressive proximal muscle weakness	Proximal muscle weakness	HP:0003701	Proximal muscle weakness	1		
rarely achieve head control	Delayed motor milestone	HP:0001270	Motor delay	1	HP:0001270	next:OK
rashes	Rash	HP:0000988	Skin rash	1		
Raynaud phenomena	Raynaud phenomenon	HP:0030880	Raynaud phenomenon	1		
RBC acanthocytosis	Acanthocytosis	HP:0001927	Acanthocytosis	1		
Reabsorption of Anterior Ribs	Rib hypoplasia	HP:0000773	Short ribs	1		
reactive airway disease	Asthma	HP:0002099	Asthma	1		
reactive astrocytic gliosis	Astrocytosis	HP:0002446	Astrocytosis	1		
Recessed mandible	Micrognathia	HP:0000347	Micrognathia	1		
Rectal mucus	Mucus in stool	HP:6000686	Mucus in stool	1		
recurrent abdominal pain	Abdominal pain	HP:0002027	Abdominal pain	1		
recurrent apnea	Apnea	HP:0002104	Apnea	1		
Recurrent aspiration	Aspiration	HP:0002835	Aspiration	1		
recurrent bone pain	Bone pain	HP:0002653	Bone pain	1		
recurrent cellulitis	Recurrent infections	HP:0002719	Recurrent infections	1		
Recurrent chondritis	Chondritis	HP:0100662	Chondritis	1		
Recurrent digital fibromata	Fibroma	HP:0010614	Fibroma	1		
Recurrent dislocations	Joint dislocation	HP:0001373	Joint dislocation	1		
Recurrent episodes of unexplained fever	Recurrent fever	HP:0001954	Recurrent fever	1		
Recurrent febrile convulsions	Febrile convulsion	HP:0002373	Febrile seizure (within the age range of 3 months to 6 years)	1		
Recurrent febrile episodes	Recurrent fever	HP:0001954	Recurrent fever	1		
Recurrent follicular cysts	Epidermal cyst	HP:0200040	Epidermoid cyst	1		
Recurrent fungal, viral, or bacterial infections	Recurrent infections	HP:0002719	Recurrent infections	1		
Recurrent headaches	Headache	HP:0002315	Headache	1		
recurrent hyperammonemia	Hyperammonemia	HP:0001987	Hyperammonemia	1		
recurrent infections /otitis media	Otitis media	HP:0000388	Otitis media	1		
recurrent infections /otitis media	Recurrent infections	HP:0002719	Recurrent infections	1		
Recurrent joint dislocations/sprains	Joint dislocation	HP:0001373	Joint dislocation	1		
Recurrent kidney stones	Renal failure	HP:0000083	Renal insufficiency	1		
recurrent lung infections	Recurrent respiratory infections	HP:0002205	Recurrent respiratory infections	1		
Recurrent metatarsal fractures	Metatarsal fracture	HP:0041162	Metatarsal fracture	1		
Recurrent nephrolithiasis	Nephrolithiasis	HP:0000787	Nephrolithiasis	1		
Recurrent nosebleeds	Epistaxis	HP:0000421	Epistaxis	1		
recurrent oculogyric crises	Oculogyric crisis	HP:0010553	Oculogyric crisis	1		
Recurrent otitis	Otitis media	HP:0000388	Otitis media	1		
Recurrent ovarian cysts	Ovarian cyst	HP:0000138	Ovarian cyst	1		
Recurrent painful ulcers/abscesses, gastrointestinal	Gastrointestinal inflammation	HP:0004386	Gastrointestinal inflammation	1		
Recurrent rectal prolapse	Rectal prolapse	HP:0002035	Rectal prolapse	1		
Recurrent respiratory and middle ear infections	Recurrent otitis media	HP:0000403	Recurrent otitis media	1		
Recurrent respiratory and middle ear infections	Recurrent respiratory infections	HP:0002205	Recurrent respiratory infections	1		
Recurrent rhabdomyolysis	Rhabdomyolysis	HP:0003201	Rhabdomyolysis	1		
recurrent skin and respiratory tract infections	Recurrent infections	HP:0002719	Recurrent infections	1		
Recurrent sleeping disorder	Sleep disturbance	HP:0002360	Sleep disturbance	1		
Recurrent soft tissue infections	Recurrent infections	HP:0002719	Recurrent infections	1		
Recurrent splenomegaly	Splenomegaly	HP:0001744	Splenomegaly	1		
recurrent staphylococcal skin boils	Recurrent skin infections	HP:0001581	Recurrent skin infections	1		
Recurrent status epilepticus	Status epilepticus	HP:0002133	Status epilepticus	1		
Recurrent temperature spikes	Hyperthermia	HP:0001945	Fever	1		
Recurrent upper- and lower-respiratory tract bacterial infections	Recurrent respiratory infections	HP:0002205	Recurrent respiratory infections	1		
Recurrent vomiting and gastroesophageal reflux disease	Gastroesophageal reflux disease	HP:0002020	Gastroesophageal reflux	1		
Recurrent/chronic joint dislocations	Joint dislocation	HP:0001373	Joint dislocation	1		
Red blood cell acanthocytosis	Acanthocytosis	HP:0001927	Acanthocytosis	1		
red cell macrocytosis	Macrocytic anemia	HP:0001972	Macrocytic anemia	1		
Reduced adult height	Short stature	HP:0004322	Short stature	1		
Reduced apocrine sweat glands	Hypohidrosis	HP:0000966	Hypohidrosis	1		
Reduced arm span and leg length	Short stature	HP:0004322	Short stature	1		
Reduced arm span and leg length	Short limb	HP:0009826	Limb undergrowth	1		
Reduced axillary hair	Hypotrichosis	HP:0008070	Sparse hair	1		
reduced basal body temperature	Hypothermia	HP:0002045	Hypothermia	1		
Reduced body hair	Hypotrichosis	HP:0008070	Sparse hair	1		
reduced bone density	Decreased bone mineral density	HP:0004349	Reduced bone mineral density	1		
Reduced bone mass	Osteopenia	HP:0000938	Osteopenia	1		
Reduced bone mass	Decreased bone mineral density	HP:0004349	Reduced bone mineral density	1		
Reduced bone mineralization	Decreased bone mineral density	HP:0004349	Reduced bone mineral density	1		
Reduced bone stability	Osteopenia	HP:0000938	Osteopenia	1		
reduced carpal space	Abnormality of the carpal bones	HP:0001191	Abnormal carpal morphology	1		
Reduced central vision	Decreased visual acuity	HP:0007663	Reduced visual acuity	1		
reduced clitoral size and hypoplasia of the labia majora in females	Hypoplasia of labia majora	HP:0000059	Hypoplastic labia majora	1		
Reduced cortical width of tubular bones	Thin long bones	HP:0003100	Slender long bone	1		
reduced corticomedullary differentiation	Loss of corticomedullary differentiation	HP:0005564	Absence of renal corticomedullary differentiation	1		
Reduced Corticomedullary Ratio	Abnormal cortical bone morphology	HP:0003103	Abnormal cortical bone morphology	1		
reduced deep tendon reflexes	Hyporeflexia	HP:0001265	Hyporeflexia	1		
Reduced digit length	Short digit	HP:0011927	Short digit	1		
reduced exercise capacity	Exercise intolerance	HP:0003546	Exercise intolerance	1		
reduced fertility	Infertility	HP:0000789	Infertility	1		
reduced growth	Short stature	HP:0004322	Short stature	1		
Reduced height of thorax	Small thorax	HP:0005257	Thoracic hypoplasia	1		
reduced intellect	Intellectual disability	HP:0001249	Intellectual disability	1		
reduced iris pigment	Hypopigmentation of the iris	HP:0007730	Iris hypopigmentation	1	HP:0007730	next:OK
Reduced iris pigment with iris translucency	Iris hypopigmentation	HP:0007730	Iris hypopigmentation	1		
Reduced iris pigment with iris translucency	Iris transillumination defect	HP:0012805	Iris transillumination defect	1		
Reduced joint mobility	Joint stiffness	HP:0001387	Joint stiffness	1		
Reduced levels of free T3	Decreased circulating free triiodothyronine	HP:0032210	Decreased circulating free T3	1		
Reduced lung vital capacity	Reduced forced vital capacity	HP:0032341	Reduced forced vital capacity	1		
Reduced muscle and bone volumes	Osteopenia	HP:0000938	Osteopenia	1		
reduced muscle mass	Decreased muscle mass	HP:0003199	Decreased muscle mass	1		
reduced muscle mass	Decreased body weight	HP:0004325	Decreased body weight	1		
reduced muscular mass	Hypoplasia of the musculature	HP:0009004	Hypoplasia of the musculature	1		
reduced number of eyelashes	Blepharophimosis	HP:0000581	Blepharophimosis	1		
reduced number of permanent teeth	Hypodontia	HP:0000668	Hypodontia	1		
reduced palpebral fissure	Narrow palpebral fissures	HP:0045025	Narrow palpebral fissure	1		
Reduced pigmentation of skin and hair	Hypopigmentation of hair	HP:0005599	Hypopigmentation of hair	1		
Reduced proprioception	Impaired proprioception	HP:0010831	Impaired proprioception	1		
Reduced pubic hair	Hypotrichosis	HP:0008070	Sparse hair	1		
Reduced reflexes	Hyporeflexia	HP:0001265	Hyporeflexia	1		
reduced renal function	Renal insufficiency	HP:0000083	Renal insufficiency	1		
reduced retinal pigmentation	Abnormality of retinal pigmentation	HP:0007703	Abnormal retinal pigmentation	1		
Reduced sense of vibration	Impaired vibratory sensation	HP:0002495	Impaired vibratory sensation	1		
Reduced social interaction	Impaired social interaction	HP:0012760	Reduced social responsiveness	1		
reduced striatal D2-receptor density	Abnormality of the striatum	HP:0010994	Abnormal corpus striatum morphology	1		
reduced striatal glucose uptake	Abnormality of the striatum	HP:0010994	Abnormal corpus striatum morphology	1		
reduced third trimester fetal growth	Intrauterine growth retardation	HP:0001511	Intrauterine growth retardation	1		
Reduced urine-concentrating ability	Impaired renal concentrating ability	HP:0004727	Impaired renal concentrating ability	1		
reduced white matter	Reduced cerebral white matter volume	HP:0034295	Reduced cerebral white matter volume	1		
Reduced-to-absent reflexes	Hyporeflexia	HP:0001265	Hyporeflexia	1		
reducible dorsal subluxation of the distal end of the ulna	Ulnar deviation of wrist	HP:0003049	Ulnar deviation of the wrist	1	HP:0003067	next:AUTRE Madelung deformity
Reduction defect of thumb	Thumb hypoplasia	HP:0009778	Short thumb	1		
Reduction in number of toes	Oligodactyly	HP:0012165	Oligodactyly	1		
Reduction in overall size of the affected limb	Short limb	HP:0009826	Limb undergrowth	1		
Reduction in speech discrimination scores despite mild hearing loss	Abnormal speech discrimination	HP:0001963	Abnormal speech discrimination	1		
Reduction in the number of platelets (thrombocytopenia)	Thrombocytopenia	HP:0001873	Thrombocytopenia	1		
Reduction of muscle mass	Muscle hypoplasia	HP:0009004	Hypoplasia of the musculature	1		
reduction of pinprick, temperature, touch, and vibration perception	Impaired pain sensation	HP:0007328	Impaired pain sensation	1		
reduction of pinprick, temperature, touch, and vibration perception	Impaired temperature sensation	HP:0010829	Impaired temperature sensation	1		
reduction of striatal perfusion	Abnormality of the striatum	HP:0010994	Abnormal corpus striatum morphology	1		
Reduction of the thickness of the peripapillary retinal nerve fiber layer	Papilledema	HP:0001085	Papilledema	1		
Redundancy of skin	Redundant skin	HP:0001582	Redundant skin	1		
redundant skin fold posteriorly	Redundant skin	HP:0001582	Redundant skin	1		
Redundant skin of fingers	Redundant skin on fingers	HP:0007516	Redundant skin on fingers	1		
Redundant skin over fingers	Redundant skin	HP:0001582	Redundant skin	1		
Reflux	Vesicoureteral reflux	HP:0000076	Vesicoureteral reflux	1		
Refraction errors	Abnormality of refraction	HP:0000539	Abnormality of refraction	1		
Refractive error / astigmatism	Astigmatism	HP:0000483	Astigmatism	1		
Refractive error / astigmatism	Abnormality of refraction	HP:0000539	Abnormality of refraction	1		
Refractive errors	Congenital blindness	HP:0007875	Congenital blindness	1		
Regenerative nodules indicative of cirrhosis	Cirrhosis	HP:0001394	Cirrhosis	1		
regression / loss of skills	Developmental regression	HP:0002376	Developmental regression	1		
Regression and dystonia	Dystonia	HP:0001332	Dystonia	1		
Regression in development	Developmental regression	HP:0002376	Developmental regression	1		
regression in motor development and/or language	Developmental regression	HP:0002376	Developmental regression	1		
Regression with impaired social and/or language skills	Impaired social interaction	HP:0012760	Reduced social responsiveness	1		
Relative elongation of the proximal fibulae	Long fibula	HP:0003085	Long fibula	1		
Relative micrognathia/retrognathia	Retrognathia	HP:0000278	Retrognathia	1		
Relative micrognathia/retrognathia	Micrognathia	HP:0000347	Micrognathia	1		
Relative shortening of the middle and distal phalanges	Short middle phalanx of finger	HP:0005819	Short middle phalanx of finger	1		
Relative shortening of the middle and distal phalanges	Short distal phalanx of finger	HP:0009882	Short distal phalanx of finger	1		
relative shortness of forearm	Short forearm	HP:0005773	Short forearm	1		
Relative shortness of the extremities	Short stature	HP:0004322	Short stature	1		
Relative shortness of the extremities	Short limbs	HP:0009826	Limb undergrowth	1		
relative sparing of the quadriceps	Muscle weakness	HP:0001324	Muscle weakness	1		
relatively large birth weight	Large for gestational age	HP:0001520	Large for gestational age	1		
relatively large fleshy hands	Large hands	HP:0001176	Large hands	1		
Relatively large great toe	Broad hallux	HP:0010055	Broad hallux	1		
Relatively Large Thymus	Enlarged thymus	HP:0010516	Thymus hyperplasia	1		
Relatively large, egg-shaped capital femoral epiphyses	Abnormal femoral head morphology	HP:0003368	Abnormal femoral head morphology	1		
relatively large, fleshy hands	Large hands	HP:0001176	Large hands	1		
relatively large, fleshy hands	Large feet	HP:0001833	Long foot	1		
relatively long and slender middle phalanges of digits II–III	Long middle phalanx of finger	HP:0012298	Long middle phalanx of finger	1		
relatively long first toe	Long hallux	HP:0001847	Long hallux	1		
Relatively short bowed limbs	Bowed legs	HP:0002979	Bowing of the legs	1		
Relatively short bowed limbs	Short limbs	HP:0009826	Limb undergrowth	1		
Relatively short ulnae and fibulae	Short ulna	HP:0003022	Hypoplasia of the ulna	1		
Relatively short ulnae and fibulae	Short fibula	HP:0003038	Fibular hypoplasia	1		
Relatively small thoracic cage	Small thorax	HP:0005257	Thoracic hypoplasia	1		
Relatively wide ends of long tubular bones	Wide metaphyses	HP:0003016	Metaphyseal widening	1		
Remnant of the anterior hyaloid artery	Persistent hyperplastic primary vitreous	HP:0007968	Remnants of the hyaloid vascular system	1		
Renal abnormalities	Congenital heart defect	HP:0001627	Abnormal heart morphology	1		
Renal abnormality	Renal anomaly	HP:0000077	Abnormality of the kidney	1		
Renal and urinary malformations	Abnormality of the kidney	HP:0000077	Abnormality of the kidney	1		
Renal and urinary malformations	Abnormality of the urinary system	HP:0000079	Abnormality of the urinary system	1		
Renal and urologic anomalies	Abnormality of the genitourinary system	HP:0000119	Abnormality of the genitourinary system	1		
Renal anomalies in boys	Abnormality of the male genitalia	HP:0010461	Abnormality of the male genitalia	1		
Renal anomalies including cystic dysplasia and hydronephrosis	Hydronephrosis	HP:0000126	Hydronephrosis	1		
Renal anomalies, including nephrocalcinosis	Abnormality of the kidney	HP:0000077	Abnormality of the kidney	1		
Renal anomalies, including nephrocalcinosis	Nephrocalcinosis	HP:0000121	Nephrocalcinosis	1		
Renal anomalies, urinary tract anomalies, or both	Abnormality of the kidney	HP:0000077	Abnormality of the kidney	1		
Renal anomalies, urinary tract anomalies, or both	Abnormality of the urinary system	HP:0000079	Abnormality of the urinary system	1		
Renal artery disease	Abnormality of the renal artery	HP:0008776	Abnormal renal artery morphology	1		
renal cancer	Renal cell carcinoma	HP:0005584	Renal cell carcinoma	1		
Renal cell carcinoma by age 60 years	Renal cell carcinoma	HP:0005584	Renal cell carcinoma	1		
Renal cell carcinoma diagnosed at age ≤40 years	Renal cell carcinoma	HP:0005584	Renal cell carcinoma	1		
renal compromise	Renal failure	HP:0000083	Renal insufficiency	1		
Renal cysts and clear cell renal cell carcinoma	Renal cyst	HP:0000107	Renal cyst	1		
Renal cysts and clear cell renal cell carcinoma	Renal cell carcinoma	HP:0005584	Renal cell carcinoma	1		
Renal disease	Abnormality of the kidney	HP:0000077	Abnormality of the kidney	1		
Renal dysfunction	Renal failure	HP:0000083	Renal insufficiency	1		
Renal ectopy	Growth retardation	HP:0001510	Growth delay	1		
Renal epithelial cysts	Renal cyst	HP:0000107	Renal cyst	1		
Renal failure secondary to focal mesangial scleroses	Renal failure	HP:0000083	Renal insufficiency	1		
Renal hamartomata	Renal hamartoma	HP:0008696	Renal hamartoma	1		
Renal hypodysplasia	Renal hypoplasia	HP:0000089	Renal hypoplasia	1		
renal oxalate stones	Renal calculi	HP:0000787	Nephrolithiasis	1		
Renal pelvis ectasia	Hydroureter	HP:0000072	Hydroureter	1		
Renal system abnormalities	Urinary tract anomaly	HP:0000079	Abnormality of the urinary system	1	HP:0000079	next:OK
renal tract abnormalities	Abnormality of the urinary tract	HP:0000079	Abnormality of the urinary system	1	HP:0000079	next:OK
renal tubulopathy	Renal tubular acidosis	HP:0001947	Renal tubular acidosis	1		
Renin-dependent hypertension	Hypertension	HP:0000822	Hypertension	1		
repeated infections of the upper respiratory tract	Recurrent upper respiratory tract infections	HP:0002788	Recurrent upper respiratory tract infections	1		
replacement with adipose tissue at later stages	Muscle atrophy	HP:0003202	Skeletal muscle atrophy	1		
Resistance to growth hormone–releasing hormone	Pseudohypoparathyroidism	HP:0000852	Pseudohypoparathyroidism	1		
Resistance to parathormone	Pseudohypoparathyroidism	HP:0000852	Pseudohypoparathyroidism	1		
Resistance to thyroid-stimulating hormone	Pseudohypoparathyroidism	HP:0000852	Pseudohypoparathyroidism	1		
Respiratory anomalies	Abnormality of the respiratory system	HP:0002086	Abnormality of the respiratory system	1		
Respiratory compromise	Respiratory failure	HP:0002878	Respiratory failure	1		
Respiratory distress in infancy	Respiratory distress	HP:0002098	Respiratory distress	1		
Respiratory distress of varying severity	Respiratory distress	HP:0002098	Respiratory distress	1		
Respiratory disturbance	Respiratory abnormality	HP:0002086	Abnormality of the respiratory system	1		
Respiratory dysfunction	Respiratory insufficiency	HP:0002093	Respiratory insufficiency	1		
respiratory infections/difficulty	Respiratory distress	HP:0002098	Respiratory distress	1		
respiratory infections/difficulty	Recurrent respiratory infections	HP:0002205	Recurrent respiratory infections	1		
respiratory insufficiency progressing to respiratory failure	Respiratory insufficiency	HP:0002093	Respiratory insufficiency	1		
respiratory insufficiency progressing to respiratory failure	Respiratory failure	HP:0002878	Respiratory failure	1		
respiratory insufficiency without clinically apparent cardiac involvement	Respiratory insufficiency	HP:0002093	Respiratory insufficiency	1		
Respiratory involvement	Respiratory failure	HP:0002878	Respiratory failure	1		
respiratory issues	Abnormality of the respiratory system	HP:0002086	Abnormality of the respiratory system	1		
respiratory muscle involvement	Respiratory insufficiency	HP:0002093	Respiratory insufficiency	1		
Respiratory pauses during sleep	Sleep apnea	HP:0010535	Sleep apnea	1		
respiratory tract abnormalities	Abnormality of the respiratory system	HP:0002086	Abnormality of the respiratory system	1		
Respiratory weakness and sleep apnea	Respiratory insufficiency	HP:0002093	Respiratory insufficiency	1		
Respiratory weakness and sleep apnea	Sleep apnea	HP:0010535	Sleep apnea	1		
Restless legs symptoms	Restless legs	HP:0012452	Restless legs	1		
Restricted lateral tongue movement	Restricted tongue movement	HP:0025748	Restricted tongue movement	1		
Restricted mobility	Joint stiffness	HP:0001387	Joint stiffness	1		
restricted passive joint mobility	Joint stiffness	HP:0001387	Joint stiffness	1		
restriction of growth	Growth delay	HP:0001510	Growth delay	1		
restriction of joint movements	Joint stiffness	HP:0001387	Joint stiffness	1		
Restriction of movement	Joint stiffness	HP:0001387	Joint stiffness	1		
Restriction of the airway and breathing	Respiratory insufficiency	HP:0002093	Respiratory insufficiency	1		
restrictive impairment	Restrictive ventilatory defect	HP:0002091	Restrictive ventilatory defect	1		
Restrictive lung physiology	Restrictive lung disease	HP:0002091	Restrictive ventilatory defect	1		
Restrictive ossification	Restrictive lung disease	HP:0002091	Restrictive ventilatory defect	1		
Restrictive respiratory pattern	Restrictive ventilatory defect	HP:0002091	Restrictive ventilatory defect	1		
Retained and even brisk proximal reflexes	Hyperreflexia	HP:0001347	Hyperreflexia	1		
retained awareness during seizures	Focal aware seizure	HP:0002349	Focal aware seizure	1		
Retarded and small epiphyseal ossification	Delayed bone age	HP:0002750	Delayed skeletal maturation	1		
Retarded carpal bone age	Delayed carpal bone ossification	HP:0001216	Delayed ossification of carpal bones	1	HP:0001216	next:OK
Retarded carpal bone age and advanced phalangeal bone age	Delayed bone age	HP:0002750	Delayed skeletal maturation	1		
Retarded carpal bone age and advanced phalangeal bone age	Advanced bone age	HP:0005616	Accelerated skeletal maturation	1		
Retarded dental eruption	Delayed eruption of teeth	HP:0000684	Delayed eruption of teeth	1		
retarded epiphyseal ossification	Delayed skeletal maturation	HP:0002750	Delayed skeletal maturation	1		
retarded ossification of pubes, sacroiliac joints, and lower sacrum	Delayed skeletal maturation	HP:0002750	Delayed skeletal maturation	1		
retarded ossification of pubis and ischium	Delayed bone age	HP:0002750	Delayed skeletal maturation	1		
retarded ossification of short tubular bones	Delayed skeletal maturation	HP:0002750	Delayed skeletal maturation	1		
Retarded ossification of the carpal bones	Delayed carpal ossification	HP:0001216	Delayed ossification of carpal bones	1		
Retarded ossification of the pubic and ischial bones	Delayed epiphyseal ossification	HP:0002663	Delayed epiphyseal ossification	1		
Retarded postnatal linear growth	Postnatal growth retardation	HP:0008897	Postnatal growth retardation	1		
Retarded pubic ossification	Delayed pubic bone ossification	HP:0008788	Delayed pubic bone ossification	1		
Reticular pattern of the calvarium	Abnormality of the calvarium	HP:0002683	Abnormal calvaria morphology	1	HP:0002683	next:OK
reticulated hypo- and hyperpigmentation, telangiectasias, and punctate atrophy	Telangiectasia	HP:0001009	Telangiectasia	1		
reticulated hypo- and hyperpigmentation, telangiectasias, and punctate atrophy	Reticulated skin pigmentation	HP:0007427	Reticulated skin pigmentation	1		
retinal angioid streaks	Angioid streaks	HP:0001102	Angioid streaks	1		
Retinal changes	Retinal dystrophy	HP:0000556	Retinal dystrophy	1		
Retinal defect	Retinal dystrophy	HP:0000556	Retinal dystrophy	1		
Retinal diseases	Abnormality of the retina	HP:0000479	Abnormal retinal morphology	1		
Retinal findings	Abnormality of the retina	HP:0000479	Abnormal retinal morphology	1		
Retinal malformations	Abnormality of the retina	HP:0000479	Abnormal retinal morphology	1		
retinal photoreceptor dystrophy	Retinal dystrophy	HP:0000556	Retinal dystrophy	1		
Retinal pigment epithelium mottling	Retinal pigment epithelial mottling	HP:0007814	Retinal pigment epithelial mottling	1		
retinal pigmentary dystrophy	Retinal dystrophy	HP:0000556	Retinal dystrophy	1		
Retinal pigmentation and degeneration	Retinal degeneration	HP:0000546	Retinal degeneration	1		
Retinal vasculature tortuosity	Tortuous retinal vessels	HP:0012841	Retinal vascular tortuosity	1		
Retinal vein thrombosis	Retinal vein occlusion	HP:0012636	Retinal venous occlusion	1		
Retractile testes	Retractile testis	HP:0012646	Retractile testis	1		
Retro-positioned midface	Midface hypoplasia	HP:0011800	Midface retrusion	1		
Retroesophageal right subclavian artery	Aberrant right subclavian artery	HP:0031632	Aberrant right subclavian artery	1		
retrograde flow in the portal vein	Portal hypertension	HP:0001409	Portal hypertension	1		
retrograde flow in the splenic vein	Portal hypertension	HP:0001409	Portal hypertension	1		
Retrolental grayish-yellow fibrovascular masses	Persistent fetal vasculature	HP:0007968	Remnants of the hyaloid vascular system	1		
Retrolental masses	Persistent hyperplastic primary vitreous	HP:0007968	Remnants of the hyaloid vascular system	1		
Retrolental masses and intra ocular calcification	Persistent hyperplastic primary vitreous	HP:0007968	Remnants of the hyaloid vascular system	1		
Retruded mandible with chin deficiency	Micrognathia	HP:0000347	Micrognathia	1		
Reverse (posterior apex) bowing of the tibiae and fibulae	Genu varum	HP:0002970	Genu varum	1		
Reye-like syndrome presentation	Abnormality of the liver	HP:0001392	Abnormality of the liver	1		
rheumatoid arthritis–like signs and symptoms	Rheumatoid arthritis	HP:0001370	Rheumatoid arthritis	1		
Rhizo-mesomelic shortening	Rhizomelic limb shortening	HP:0008905	Rhizomelia	1		
Rhizo-​mesomelic shortening of the limbs	Mesomelic shortening of the limbs	HP:0003027	Mesomelia	1	HP:0003027	next:OK
Rhizo-​mesomelic shortening of the limbs	Rhizomelic shortening of the limbs	HP:0008905	Rhizomelia	1	HP:0008905	next:OK
Rhizomelic involvement	Rhizomelia	HP:0008905	Rhizomelia	1		
Rhizomelic shortening of the extremities	Rhizomelia	HP:0008905	Rhizomelia	1		
Rhizomelic shortening of the long bones	Rhizomelia	HP:0008905	Rhizomelia	1		
rhizomelic shortening of the upper limbs	Rhizomelia	HP:0008905	Rhizomelia	1		
rhomboid shaped tibia	Hypoplasia of the tibia	HP:0005736	Short tibia	1		
Rib defects	Rib anomalies	HP:0000772	Abnormal rib morphology	1		
Rib defects	Abnormality of the rib cage	HP:0001547	Abnormal rib cage morphology	1		
Rib deformities	Abnormality of the ribs	HP:0000772	Abnormal rib morphology	1		
Ribbon-like ribs	Thin ribs	HP:0000883	Thin ribs	1		
Rickets-like metaphyseal changes	Metaphyseal dysplasia	HP:0100255	Metaphyseal dysplasia	1		
Ridging, dystrophy, or occasional absence of nails	Anonychia	HP:0001798	Anonychia	1		
Ridging, dystrophy, or occasional absence of nails	Nail dystrophy	HP:0008404	Nail dystrophy	1		
Right-sided cardiac apex	Dextrocardia	HP:0001651	Dextrocardia	1		
Right-sided stomach	Situs inversus	HP:0003363	Abdominal situs inversus	1		
Rigidity in affected limbs	Rigidity	HP:0002063	Rigidity	1		
Rigidity of extremities	Rigidity	HP:0002063	Rigidity	1		
rimmed vacuoles at the early stages	Rimmed vacuoles	HP:0003805	Rimmed vacuoles	1		
Robin malformation sequence	Pierre Robin sequence	HP:0000201	Pierre-Robin sequence	1		
rocker-​bottom feet	Rocker-bottom feet	HP:0001838	Rocker bottom foot	1		
Rod and cone retinal dysfunction	Retinal dystrophy	HP:0000556	Retinal dystrophy	1		
Rod-cone retinal dystrophy	Retinal dystrophy	HP:0000556	Retinal dystrophy	1		
rotary eye movements	Abnormal eye movements	HP:0000496	Abnormality of eye movement	1		
rotatory gaze-evoked nystagmus	Nystagmus	HP:0000639	Nystagmus	1		
Round face in childhood	Round face	HP:0000311	Round face	1		
Round, carpal-like metacarpals	Abnormality of the carpal bones	HP:0001191	Abnormal carpal morphology	1		
Round, gaping mouth and thick everted lips	Thick lips	HP:0012471	Thick vermilion border	1		
Round, gaping mouth and thick everted lips	Everted lips	HP:0012472	Eclabion	1		
rounded ends of tubular bones	Flared metaphyses	HP:0003015	Flared metaphysis	1		next:AUTRE Rounded metaphysis ?
rounded facies	Round face	HP:0000311	Round face	1		
rounded hyperostosis of the skull	Abnormality of the skull	HP:0000929	Abnormal skull morphology	1		
rounded iliac wings	Abnormality of the ilium	HP:0002867	Abnormal ilium morphology	1		
Rubbery skin	Soft skin	HP:0000977	Soft skin	1		
rubor	Erythema	HP:0010783	Erythema	1		
Rudimentary gallbladder	Hypoplastic gallbladder	HP:0005233	Hypoplasia of the gallbladder	1		
Rudimentary ribs	Rib hypoplasia	HP:0000773	Short ribs	1		
Rupture of gravid uterus	Uterine rupture	HP:0100718	Uterine rupture	1		
Saccade intrusions	Saccadic intrusions	HP:0032114	Saccadic intrusion	1	HP:0032114	next:OK
Sacral defects	Sacral agenesis	HP:0010305	Absence of the sacrum	1		
Sacral pit	Sacral dimple	HP:0000960	Sacral dimple	1		
Sacral/coccygeal dimple	Sacral dimple	HP:0000960	Sacral dimple	1		
Sad, fixed facies	Narrow palpebral fissures	HP:0045025	Narrow palpebral fissure	1		
Sad, flat, emotionless face	Flat facies	HP:0012368	Flat face	1		
Sagittal Suture Diastasis	Diastasis of cranial sutures	HP:0010537	Wide cranial sutures	1		
Sagittal suture involvement	Sagittal craniosynostosis	HP:0004442	Sagittal craniosynostosis	1		
Salivary lower lip pits	Lower lip pits	HP:0000196	Lower lip pit	1	HP:0000196	next:OK
salivation	Sialorrhea	HP:0002307	Drooling	1		
Saltatory growth patterns of CNS hemangioblastomas	Hemangioblastoma	HP:0010797	Hemangioblastoma	1		
Sandal gap deformity	Sandal gap	HP:0001852	Sandal gap	1		
Sandal-toe gap	Sandal gap	HP:0001852	Sandal gap	1		
SBH with anterior-to-posterior gradient	Subcortical band heterotopia	HP:0032409	Subcortical band heterotopia	1		
Scaling ichthyosis	Ichthyosis	HP:0008064	Ichthyosis	1		
Scaly erythematous rash	Erythema	HP:0010783	Erythema	1		
Scanty eyebrows	Hypotrichosis	HP:0008070	Sparse hair	1		
Scanty hair	Hypotrichosis	HP:0008070	Sparse hair	1		
Scaphocephalic macrocephaly	Macrocephaly	HP:0000256	Macrocephaly	1		
Scapholunate fusion	Carpal fusion	HP:0009702	Carpal synostosis	1		
Scar atrophy	Atrophic scar	HP:0001075	Atrophic scars	1	HP:0001075	next:OK
Scarring alopecia	Cicatricial alopecia	HP:0004552	Scarring alopecia of scalp	1		
Scarring and deformities of digits and facial features	Scarring	HP:0100699	Scarring	1		
Schwannoma at any location including intradermal	Schwannoma	HP:0100008	Schwannoma	1		
Schwannomas of other cranial and peripheral nerves	Schwannoma	HP:0100008	Schwannoma	1		
SCID	Severe combined immunodeficiency	HP:0004430	Severe combined immunodeficiency	1		
Sclerodermatous skin	Scleroderma	HP:0100324	Scleroderma	1		
Sclerokeratitis	Keratitis	HP:0000491	Keratitis	1		
Sclerosis mainly of cranial base	Sclerosis of the skull	HP:0004330	Increased skull ossification	1	HP:0004330	next:OK
Sclerosis of proximal femora	Osteosclerosis of the femur	HP:6000708	Femoral osteosclerosis	1		
Sclerosis of the clavicles	Osteosclerosis	HP:0011001	Increased bone mineral density	1		
Sclerosis of the cranium and skull base	Sclerosis of the skull	HP:0004330	Increased skull ossification	1	HP:0004330	next:OK
Sclerosis of the digits	Sclerodactyly	HP:0011838	Sclerodactyly	1		
Sclerosis of the epiphyses	Osteosclerosis	HP:0011001	Increased bone mineral density	1		
Sclerosis of the metaphyseal margins	Osteosclerosis	HP:0011001	Increased bone mineral density	1		
Sclerosis of the mid-diaphyses of the tubular bones	Osteosclerosis	HP:0011001	Increased bone mineral density	1		
Sclerosis of the pelvic bones	Osteosclerosis	HP:0011001	Increased bone mineral density	1		
Sclerosis of the ribs	Osteosclerosis	HP:0011001	Increased bone mineral density	1		
Sclerosis of the scapulae	Osteosclerosis	HP:0011001	Increased bone mineral density	1		
sclerosis of the scapulae and pelvis	Hyperostosis	HP:0100774	Hyperostosis	1		
Sclerotic bones	Osteosclerosis	HP:0011001	Increased bone mineral density	1		
Sclerotic Changes in Long Bones	Osteosclerosis	HP:0011001	Increased bone mineral density	1		
Sclerotic rarefaction of the spongiosa	Osteosclerosis	HP:0011001	Increased bone mineral density	1		
Sclerotic ribs and clavicles	Osteosclerosis	HP:0011001	Increased bone mineral density	1		
Scoliosis, kyphosis, or both	Scoliosis	HP:0002650	Scoliosis	1		
Scoliosis, kyphosis, or both	Kyphosis	HP:0002808	Kyphosis	1		
Scoliotic curves of more than 90 degrees	Scoliosis	HP:0002650	Scoliosis	1		
Scrotal dysplasia	Scrotal hypoplasia	HP:0000046	Small scrotum	1		
Seborrheic blepharitis	Blepharitis	HP:0000498	Blepharitis	1		
Secondary deformities of long bones	Abnormality of long bone morphology	HP:0011314	Abnormal long bone morphology	1		
secondary foot deformities	Foot deformity	HP:0001760	Abnormal foot morphology	1		
secondary generalized seizures	Generalized tonic-clonic seizures	HP:0002069	Bilateral tonic-clonic seizure	1	HP:0002069	next:OK
Secondary glomerular scarring	Glomerulosclerosis	HP:0000096	Glomerular sclerosis	1		
Secondary myelopathy	Myelopathy	HP:0002196	Myelopathy	1		
Secondary osteopenia	Osteopenia	HP:0000938	Osteopenia	1		
Secondary scoliosis	Scoliosis	HP:0002650	Scoliosis	1		
secondary sexual characteristics	Precocious puberty	HP:0000826	Precocious puberty	1		
Secondary splenomegaly	Splenomegaly	HP:0001744	Splenomegaly	1		
Sector RP	Retinitis pigmentosa	HP:0000510	Rod-cone dystrophy	1		
Seizure disorders	Seizures	HP:0001250	Seizure	1		
Seizure onset before age three years	Seizures	HP:0001250	Seizure	1		
Seizures by age ten years	Seizures	HP:0001250	Seizure	1		
Seizures in childhood	Seizure	HP:0001250	Seizure	1		
seizures in early infancy	Infantile spasms	HP:0012469	Infantile spasms	1		
seizures occurring in clusters	Seizure cluster	HP:0033349	Seizure cluster	1		
Seizures varying from major motor to akinetic	Seizures	HP:0001250	Seizure	1		
Selective distal phalangeal shortening	Short distal phalanx of finger	HP:0009882	Short distal phalanx of finger	1		
selective fatty degeneration of other anterior compartment muscles of the lower legs	Muscle atrophy	HP:0003202	Skeletal muscle atrophy	1		
selective fatty degeneration of the anterior tibial muscles	Muscle atrophy	HP:0003202	Skeletal muscle atrophy	1		
selective hypomyelination of the corticospinal tracts	Hypomyelination	HP:0003429	CNS hypomyelination	1		
Self biting	Self-mutilation	HP:0000742	Self-mutilation	1		
Self-biting/hitting	Self-injurious behavior	HP:0100716	Self-injurious behavior	1		
self-hitting	Self-injurious behavior	HP:0100716	Self-injurious behavior	1		
self-injury	Self-injurious behavior	HP:0100716	Self-injurious behavior	1		
Self-injury and aggression	Aggressive behavior	HP:0000718	Aggressive behavior	1		
Self-injury and aggression	Self-injurious behavior	HP:0100716	Self-injurious behavior	1		
Self-injury and/or aggressive behaviors	Aggressive behavior	HP:0000718	Aggressive behavior	1		
Self-injury and/or aggressive behaviors	Self-injurious behavior	HP:0100716	Self-injurious behavior	1		
self-mutilating behavior	Self-mutilation	HP:0000742	Self-mutilation	1		
Self-mutilating injuries of the fingers	Self-mutilation	HP:0000742	Self-mutilation	1		
Self-terminating polymorphic ventricular tachycardia	Polymorphic ventricular tachycardia	HP:0031677	Polymorphic ventricular tachycardia	1		
Sensorimotor axonopathy	Sensorimotor neuropathy	HP:0007141	Sensorimotor neuropathy	1		
Sensorineural, conductive, or mixed loss	Conductive hearing impairment	HP:0000405	Conductive hearing impairment	1		
Sensorineural, conductive, or mixed loss	Sensorineural hearing impairment	HP:0000407	Sensorineural hearing impairment	1		
sensory and motor axonal polyneuropathy	Peripheral neuropathy	HP:0009830	Peripheral neuropathy	1		
sensory deficit predominantly distal	Distal sensory loss	HP:0002936	Distal sensory impairment	1		
sensory loss affecting all modalities	Impaired pain sensation	HP:0007328	Impaired pain sensation	1		
sensory loss predominantly in the distal lower extremities	Distal sensory loss	HP:0002936	Distal sensory impairment	1		
Sensory/motor neuropathy	Sensorimotor neuropathy	HP:0007141	Sensorimotor neuropathy	1		
Separation of patellar ossification	Delayed epiphyseal ossification	HP:0002663	Delayed epiphyseal ossification	1		
sepsis-like clinical picture	Sepsis	HP:0100806	Sepsis	1		
Septum defects	Septal defect	HP:0001671	Abnormal cardiac septum morphology	1	HP:0001671	next:OK
Septum pellucidum defects	Agenesis of the septum pellucidum	HP:0001331	Absent septum pellucidum	1		
Serous otitis media	Otitis media with effusion	HP:0031353	Otitis media with effusion	1		
Seven digits in feet	Polydactyly of foot	HP:0001829	Foot polydactyly	1	HP:0001829	next:OK
Severe allergic reaction	Hypersensitivity	HP:0041092	Emotional hypersensitivity	1		
Severe and persistent anemia	Anemia	HP:0001903	Anemia	1		
Severe aortic obstruction	Aortic stenosis	HP:0001650	Aortic valve stenosis	1		
Severe bacterial infections	Recurrent bacterial infections	HP:0002718	Recurrent bacterial infections	1		
Severe brain anomalies	Abnormality of the brain	HP:0012443	Abnormal brain morphology	1		
Severe brain defects	Abnormality of the brain	HP:0012443	Abnormal brain morphology	1		
Severe delay in mineralization of vertebrae	Delayed vertebral ossification	HP:0031096	Delayed vertebral ossification	1		
Severe developmental encephalopathy	Developmental delay	HP:0001263	Global developmental delay	1		
Severe dysmetria in the lower extremities	Dysmetria	HP:0001310	Dysmetria	1		
severe expressive speech delay	Expressive language delay	HP:0002474	Expressive language delay	1		
Severe facial clefting	Cleft lip	HP:0410030	Cleft lip	1		
Severe failure to thrive postnatally	Failure to thrive	HP:0001508	Failure to thrive	1		
severe feeding issues	Feeding difficulties	HP:0011968	Feeding difficulties	1		
Severe fetal hydrops	Hydrops fetalis	HP:0001789	Hydrops fetalis	1		
Severe flexion contractures at metacarpophalangeal joints	Metacarpophalangeal joint contracture	HP:0006070	Metacarpophalangeal joint contracture	1		
Severe flexion contractures at metacarpophalangeal joints	Flexion contracture of finger	HP:0012785	Flexion contracture of finger	1		
Severe intrauterine growth deficiency	Severe intrauterine growth retardation	HP:0008846	Severe intrauterine growth retardation	1		
severe joint restriction	Joint stiffness	HP:0001387	Joint stiffness	1		
Severe kyphoscoliosis in childhood	Kyphoscoliosis	HP:0002751	Kyphoscoliosis	1		
Severe limitation of growth	Short stature	HP:0004322	Short stature	1		
Severe liver disease	Liver failure	HP:0001399	Hepatic failure	1		
severe macrocytic hypochromic anemia	Hypochromic anemia	HP:0001931	Hypochromic anemia	1		
severe macrocytic hypochromic anemia	Macrocytic anemia	HP:0001972	Macrocytic anemia	1		
Severe mental defect	Severe intellectual disability	HP:0010864	Severe intellectual disability	1		
Severe muscle hypotonia at birth	Hypotonia	HP:0001252	Hypotonia	1		
Severe neurodevelopmental impairment	Intellectual disability	HP:0001249	Intellectual disability	1		
Severe nodulocystic acne	Acne	HP:0001061	Acne	1		
severe or profound developmental delay/intellectual disability	Intellectual disability	HP:0001249	Intellectual disability	1		
severe paraspinal wasting	Muscle atrophy	HP:0003202	Skeletal muscle atrophy	1		
Severe periodontitis of early onset	Periodontitis	HP:0000704	Periodontitis	1		
Severe postnatal linear growth deficiency	Severe postnatal growth retardation	HP:0008850	Severe postnatal growth retardation	1		
severe postnatal short stature	Short stature	HP:0004322	Short stature	1		
severe prenatal and mild to severe postnatal growth deficiency	Prenatal growth retardation	HP:0001511	Intrauterine growth retardation	1		
severe prenatal and mild to severe postnatal growth deficiency	Postnatal growth retardation	HP:0008897	Postnatal growth retardation	1		
Severe prenatal growth restriction	Severe intrauterine growth retardation	HP:0008846	Severe intrauterine growth retardation	1		
Severe primary nervous system involvement	Abnormality of the nervous system	HP:0000707	Abnormality of the nervous system	1		
Severe shortening of the legs	Short femur	HP:0003097	Short femur	1		
Severe shortness and diaphyseal expansion of the short tubular bones	Short tubular bones	HP:0003026	Short long bone	1		
Severe shortness of the short tubular bones	Short tubular bones of hands	HP:0001248	Short tubular bones of the hand	1	HP:0001248	next:OK
Severe spinal stenoses	Spinal stenosis	HP:0003416	Spinal canal stenosis	1		
Severe stagnation of developmental milestones	Developmental delay	HP:0001263	Global developmental delay	1		
Severe symmetric bowing of the limbs with bony spurs	Bowing of the long bones	HP:0006487	Bowing of the long bones	1		
severe variable reduction deficits of the digits	Oligodactyly	HP:0012165	Oligodactyly	1		
Severe vision loss due to retinal dystrophy	Retinal dystrophy	HP:0000556	Retinal dystrophy	1		
Severe white matter atrophy	Cerebral atrophy	HP:0002059	Cerebral atrophy	1		
severe, generalized, pharmaco-resistant dystonia	Dystonia	HP:0001332	Dystonia	1		
severe, persistent hypotonia	Hypotonia	HP:0001252	Hypotonia	1		
Severe, progressive sclerosis and hyperostosis of the bones of the skull and face	Hyperostosis of skull	HP:0004330	Increased skull ossification	1		
severe-to-profound developmental delay	Developmental delay	HP:0001263	Global developmental delay	1		
severe-to-profound developmental delay / intellectual disability	Intellectual disability	HP:0001249	Intellectual disability	1		
severe-to-profound global developmental delays	Global developmental delay	HP:0001263	Global developmental delay	1		
severe-to-profound intellectual disability	Intellectual disability	HP:0001249	Intellectual disability	1		
severe-to-profound intellectual disability	Severe intellectual disability	HP:0010864	Severe intellectual disability	1		
severe-to-profound sensorineural hearing loss	Sensorineural hearing impairment	HP:0000407	Sensorineural hearing impairment	1		
severely delayed language and motor development	Motor delay	HP:0001270	Motor delay	1		
severely delayed myelination	Delayed myelination	HP:0012448	Delayed myelination	1		
severely disrupted sleep	Sleep disturbance	HP:0002360	Sleep disturbance	1		
Severely hypoplastic or absent thumbs and great toes	Aplasia of the thumb	HP:0009777	Absent thumb	1		
Severely hypoplastic syndactylous toes	Syndactyly of toes	HP:0001770	Toe syndactyly	1		
severely hypoplastic tibia	Hypoplasia of the tibia	HP:0005736	Short tibia	1		
Severely impaired pain, cold, and touch sensations	Impaired pain sensation	HP:0007328	Impaired pain sensation	1		
Severely impaired speech discrimination	Abnormal speech discrimination	HP:0001963	Abnormal speech discrimination	1		
severely limited speech and language skills	Speech delay	HP:0000750	Delayed speech and language development	1		
severely malformed upper limbs	Abnormality of the upper limb	HP:0002817	Abnormality of the upper limb	1		
severely phocomelia	Phocomelia	HP:0009829	Phocomelia	1		
Severely restricted mobility of the arms	Limited joint mobility	HP:0001376	Limitation of joint mobility	1		
Severely short lower legs	Short tibia	HP:0005736	Short tibia	1		
severely symptomatic orthostatic hypotension	Orthostatic hypotension	HP:0001278	Orthostatic hypotension	1		
severely thickened palms and soles	Palmoplantar hyperkeratosis	HP:0000972	Palmoplantar hyperkeratosis	1		
sexual impotence	Erectile dysfunction	HP:0100639	Erectile dysfunction	1		
shallow acetabular angles	Shallow acetabulum	HP:0003182	Shallow acetabular fossae	1		
shallow supraorbital bridges	Shallow orbits	HP:0000586	Shallow orbits	1		
"sharp shooting ""lightning"" pains"	Neuropathic pain	HP:6000040	Neuropathic pain	1		
Sharp, narrow nasal bridge	Narrow nasal bridge	HP:0000446	Narrow nasal bridge	1		
shepherd’s crook deformity	Fibrous dysplasia of bone	HP:0010734	Fibrous dysplasia of the bones	1	HP:0002980	next:AUTRE Bowed femur
shooting pains	Neuropathic pain	HP:6000040	Neuropathic pain	1		
Short 3rd, 4th, and 5th metacarpals and/or metatarsals	Short metacarpal	HP:0010049	Short metacarpal	1		
Short 3rd, 4th, and 5th metacarpals and/or metatarsals	Short metatarsal	HP:0010743	Short metatarsal	1		
Short 4th and 5th rays of the feet	Short toe	HP:0001831	Short toe	1		
Short adult stature	Short stature	HP:0004322	Short stature	1		
Short and angulated bones	Short long bones	HP:0003026	Short long bone	1	HP:0003026	next:OK
Short and angulated bones	Angulated long bones	HP:0034530	Bent long bone	1	HP:0034530	next:OK
short and bowed radius and ulna	Short radius	HP:0002984	Hypoplasia of the radius	1		
short and bowed radius and ulna	Short ulna	HP:0003022	Hypoplasia of the ulna	1		
Short and broad distal phalanges of the thumb	Broad distal phalanx of thumb	HP:0009642	Broad distal phalanx of the thumb	1	HP:0009642	next:OK
Short and broad distal phalanges of the thumb	Short distal phalanx of thumb	HP:0009650	Short distal phalanx of the thumb	1	HP:0009650	next:OK
short and broad distal phalanges of the thumb in females	Broad distal phalanx of thumb	HP:0009642	Broad distal phalanx of the thumb	1	HP:0009642	next:OK
Short and broad iliac wings with lacy crests	Abnormality of the ilium	HP:0002867	Abnormal ilium morphology	1		
Short and broad iliac wings with lacy crests	Abnormality of the sacroiliac joint	HP:0100781	Abnormal sacroiliac joint morphology	1		
Short and broad metacarpals and phalanges	Short phalanges	HP:0009803	Short phalanx of finger	1		
Short and broad metacarpals and phalanges	Short metacarpals	HP:0010049	Short metacarpal	1		
Short and broad metacarpals and phalanges with square appearance	Short metacarpal	HP:0010049	Short metacarpal	1		
short and broad middle phalanges	Broad hand	HP:0001169	Broad palm	1		
short and broad middle phalanges	Broad middle phalanx of finger	HP:0009844	Broad middle phalanx of finger	1		
short and broad phalanges and metacarpals	Broad phalanx	HP:0006009	Broad phalanx	1		
short and broad thorax	Narrow thorax	HP:0000774	Narrow chest	1		
Short and broad tubular bones with splayed and cupped metaphyses	Abnormal long bone morphology	HP:0011314	Abnormal long bone morphology	1		
Short and curved limbs	Abnormal limb bone morphology	HP:0002813	Abnormal limb bone morphology	1		
short and deformed radius and ulna	Radial bowing	HP:0002986	Radial bowing	1		
short and deformed radius and ulna	Ulnar bowing	HP:0003031	Ulnar bowing	1		
Short and distorted tubular bones of the hands and feet	Short tubular bones of hand	HP:0001248	Short tubular bones of the hand	1	PARENT:HP:0003026	next:PARENT
Short and relative square tubular bones	Short tubular bones of the hands	HP:0001248	Short tubular bones of the hand	1	HP:0001248	next:OK
Short and relative square tubular bones	Short tubular bones	HP:0003026	Short long bone	1	HP:0003026	next:OK
Short and relatively broad long tubular bones	Short limb	HP:0009826	Limb undergrowth	1		
Short and somewhat flat vertebrae	Vertebral hypoplasia	HP:0008417	Vertebral hypoplasia	1		
short and tapering distal phalanges	Short distal phalanx of finger	HP:0009882	Short distal phalanx of finger	1		
Short and thick radius and ulna	Short radius	HP:0002984	Hypoplasia of the radius	1		
Short and thick radius and ulna	Short ulna	HP:0003022	Hypoplasia of the ulna	1		
Short and thickened metacarpals and phalanges	Short phalanges	HP:0009803	Short phalanx of finger	1		
Short and thickened metacarpals and phalanges	Short metacarpals	HP:0010049	Short metacarpal	1		
Short and thickened tubular bones	Short tubular bones	HP:0003026	Short long bone	1		
Short and thin ribs and tubular bones	Thin long bones	HP:0003100	Slender long bone	1		
short anteroposterior and wide lateral dimensions of the cranium	Brachycephaly	HP:0000248	Brachycephaly	1		
Short arms and legs	Short lower limb	HP:0006385	Short lower limbs	1	HP:0006385	next:OK
Short arms and legs	Short limbs	HP:0009826	Limb undergrowth	1	HP:0009826	next:OK
Short bowed limbs	Short limbs	HP:0009826	Limb undergrowth	1		
Short broad and irregular metacarpal bones	Broad metacarpals	HP:0001230	Broad metacarpals	1		
Short broad and irregular metacarpal bones	Short metacarpals	HP:0010049	Short metacarpal	1		
Short broad first metatarsals	Broad first metatarsal	HP:0010068	Broad first metatarsal	1		
Short broad first through fourth distal phalanges	Broad distal phalanges	HP:0009836	Broad distal phalanx of finger	1		
Short broad first through fourth distal phalanges	Short distal phalanges	HP:0009882	Short distal phalanx of finger	1		
Short broad hands	Broad hands	HP:0001169	Broad palm	1		
Short broad nails	Short nails	HP:0001799	Short nail	1		
Short broad neck	Short neck	HP:0000470	Short neck	1		
Short broad neck with low hairline	Short neck	HP:0000470	Short neck	1		
Short broad neck with low hairline	Low posterior hairline	HP:0002162	Low posterior hairline	1		
short broad nose	Short nose	HP:0003196	Short nose	1		
Short broad thumbs and great toes	Broad hallux	HP:0010055	Broad hallux	1		
Short broad thumbs and great toes	Broad thumb	HP:0011304	Broad thumb	1		
Short bulbous nose	Short nose	HP:0003196	Short nose	1		
Short cranial base with early sphenooccipital closure	Premature cranial suture closure	HP:0001363	Craniosynostosis	1		next:AUTRE Premature closure of the cranial sutures ?
short deep sacroiliac notch	Narrow sacroiliac notch	HP:0003375	Narrow greater sciatic notch	1		
short deformed extremities	Short limbs	HP:0009826	Limb undergrowth	1		
Short depressed nose with flat nasal bridge and anteverted nares	Anteverted nares	HP:0000463	Anteverted nares	1		
Short depressed nose with flat nasal bridge and anteverted nares	Depressed nasal bridge	HP:0005280	Depressed nasal bridge	1		
Short distal digits	Short distal phalanges	HP:0009882	Short distal phalanx of finger	1		
Short distal end of ulnae with dense fibrous tissue distally	Short ulna	HP:0003022	Hypoplasia of the ulna	1		
Short distal phalanges in the hands and feet	Brachydactyly	HP:0001156	Brachydactyly	1		
Short distal phalanges of fingers and toes	Short distal phalanx of toe	HP:0001857	Short distal phalanx of toe	1		
Short distal phalanges of fingers and toes	Short distal phalanx of finger	HP:0009882	Short distal phalanx of finger	1		
Short distal phalanges of the fingers and toes	Short distal phalanx of toe	HP:0001857	Short distal phalanx of toe	1		
Short distal phalanges of the fingers and toes	Short distal phalanx of finger	HP:0009882	Short distal phalanx of finger	1		
short distal phalanges of the thumb	Short distal phalanx of thumb	HP:0009650	Short distal phalanx of the thumb	1	HP:0009650	next:OK
Short distal phalanx of thumb and of the index finger	Short distal phalanx of finger	HP:0009882	Short distal phalanx of finger	1		
Short distal ulnae	Short ulna	HP:0003022	Hypoplasia of the ulna	1		
Short distally pointed femora	Short femur	HP:0003097	Short femur	1		
short downslanted palpebral fissures	Short palpebral fissure	HP:0012745	Short palpebral fissure	1		
Short feet and broad hallux	Short foot	HP:0001773	Short foot	1		
Short feet and broad hallux	Broad hallux	HP:0010055	Broad hallux	1		
Short first toes	Short big toe	HP:0010109	Short hallux	1		
Short fourth and fifth metacarpal bones	Short fifth metacarpal	HP:0010047	Short 5th metacarpal	1		
Short fourth and fifth metacarpal bones	Short metacarpals	HP:0010049	Short metacarpal	1		
Short fourth and fifth metacarpal or metatarsal bones	Short metacarpal	HP:0010049	Short metacarpal	1		
Short fourth and fifth metacarpal or metatarsal bones	Short metatarsal	HP:0010743	Short metatarsal	1		
Short fourth and fifth metacarpals	Short metacarpal	HP:0010049	Short metacarpal	1		
Short fourth and fifth metatarsals	Short fifth metatarsal	HP:0004704	Short fifth metatarsal	1		
Short fourth and fifth metatarsals	Short metatarsal	HP:0010743	Short metatarsal	1		
Short fourth and fifth toes	Short toe	HP:0001831	Short toe	1		
Short fourth and fifth toes	Short fifth toe	HP:0011917	Short 5th toe	1		
short hands and feet	Short stature	HP:0004322	Short stature	1		
Short hands and feet with beaded fingers	Short foot	HP:0001773	Short foot	1		
Short humeri and femora	Short femur	HP:0003097	Short femur	1		
Short humeri and femora	Short humerus	HP:0005792	Short humerus	1		
Short humeri and femurs	Short femur	HP:0003097	Short femur	1		
Short humeri and femurs	Short humerus	HP:0005792	Short humerus	1		
Short incurved fifth finger	Clinodactyly of the 5th finger	HP:0004209	Clinodactyly of the 5th finger	1		
Short limbs visualized in second trimester	Short stature	HP:0004322	Short stature	1		
Short limbs, primarily rhizomelic	Rhizomelic limb shortening	HP:0008905	Rhizomelia	1		
Short lingular frenulum	Short lingual frenulum	HP:0000200	Short lingual frenulum	1		
Short long tubular bones	Abnormal long bone morphology	HP:0011314	Abnormal long bone morphology	1	PARENT:HP:0011844	next:PARENT
short lower extremities	Short limbs	HP:0009826	Limb undergrowth	1		
Short lower extremity	Short lower limb	HP:0006385	Short lower limbs	1	HP:0006385	next:OK
Short lower leg	Short leg	HP:0006385	Short lower limbs	1		next:AUTRE Short lower leg ?
Short mandible	Mandibular hypoplasia	HP:0000347	Micrognathia	1		
short mandible with preservation of jaw width	Micrognathia	HP:0000347	Micrognathia	1		
short metacarpal and phalangeal bones	Short phalanges	HP:0009803	Short phalanx of finger	1		
short metacarpal and phalangeal bones	Short metacarpals	HP:0010049	Short metacarpal	1		
Short metacarpal bones	Short metacarpals	HP:0010049	Short metacarpal	1		
short metacarpals and proximal phalanges	Short metacarpal	HP:0010049	Short metacarpal	1		
Short metacarpals III and IV	Short metacarpals	HP:0010049	Short metacarpal	1		
Short metacarpals of thumbs	Short first metacarpal	HP:0010034	Short 1st metacarpal	1		
short metatarsals of the great toe	Short metatarsal	HP:0010743	Short metatarsal	1		
Short middle phalanges bilaterally involving most digits	Short middle phalanx of finger	HP:0005819	Short middle phalanx of finger	1		
short middle phalanges of second and fifth fingers	Short middle phalanx of finger	HP:0005819	Short middle phalanx of finger	1		
Short middle phalanx of index finger	Brachymesophalangy	HP:0005819	Short middle phalanx of finger	1		
Short midface	Midface retrusion	HP:0011800	Midface retrusion	1		
Short muscular neck	Short neck	HP:0000470	Short neck	1		
Short nasal tip	Short nose	HP:0003196	Short nose	1		
Short notched phalanges	Short phalanges	HP:0009803	Short phalanx of finger	1		
short oblique ribs	Short rib	HP:0000773	Short ribs	1	HP:0000773	next:OK
Short phallus-like structure	Micropenis	HP:0000054	Micropenis	1		
short radius and ulna	Short radius	HP:0002984	Hypoplasia of the radius	1		
short radius and ulna	Short ulna	HP:0003022	Hypoplasia of the ulna	1		
Short ribs and anterior angulation of the sternum	Abnormality of the sternum	HP:0000766	Abnormal sternum morphology	1		
Short ribs and anterior angulation of the sternum	Short ribs	HP:0000773	Short ribs	1		
Short rigid neck	Short neck	HP:0000470	Short neck	1		
Short rounded metacarpals and metatarsals	Short metacarpals	HP:0010049	Short metacarpal	1		
Short rounded metacarpals and metatarsals	Short metatarsals	HP:0010743	Short metatarsal	1		
short spatulate great toe	Broad great toe	HP:0010055	Broad hallux	1		
Short spatulate thumb	Spatulate thumb	HP:0001222	Spatulate thumbs	1	HP:0001222	next:OK
short spatulate thumb	Broad thumb	HP:0011304	Broad thumb	1	HP:0009778	next:AUTRE Short thumb
Short spine including neck	Short neck	HP:0000470	Short neck	1		
Short statue	Short stature	HP:0004322	Short stature	1		
short stature for age and sex	Short stature	HP:0004322	Short stature	1		
short stature in adulthood	Short stature	HP:0004322	Short stature	1		
Short stature in adults	Short stature	HP:0004322	Short stature	1		
Short thick upwardly curved clavicles	Short clavicle	HP:0000894	Short clavicles	1	HP:0000894	next:OK
Short thickened long bones	Short long bones	HP:0003026	Short long bone	1	HP:0003026	next:OK
Short third, fourth and fifth metacarpals	Short third metacarpal	HP:0010041	Short 3rd metacarpal	1	HP:0010041	next:OK
Short third, fourth and fifth metacarpals	Short fourth metacarpal	HP:0010044	Short 4th metacarpal	1	HP:0010044	next:OK
Short third, fourth, and fifth metatarsals	Short metatarsals	HP:0010743	Short metatarsal	1		
short tibia and fibula	Short fibula	HP:0003038	Fibular hypoplasia	1		
short tibia and fibula	Short tibia	HP:0005736	Short tibia	1		
Short tibiae and fibulae	Short fibula	HP:0003038	Fibular hypoplasia	1		
Short tibiae and fibulae	Short tibia	HP:0005736	Short tibia	1		
Short toes IV and V	Short toe	HP:0001831	Short toe	1		
short triangular nose	Triangular face	HP:0000325	Triangular face	1		
short tubular bones of the extremities	Short tubular bones of the hands	HP:0001248	Short tubular bones of the hand	1	PARENT:HP:0003026	next:AUTRE Short tubular bones of the extremities ? | kimi:PARENT
Short tubular bones of the hand and foot	Short tubular bones of hands	HP:0001248	Short tubular bones of the hand	1		next:AUTRE Short tubular bones of the hand and foot ?
Short tubular bones usually well ossified	Short tubular bones of the hands	HP:0001248	Short tubular bones of the hand	1		next:AUTRE Short tubular bones of the extremities ?
Short upper lip and philtrum	Short philtrum	HP:0000322	Short philtrum	1		
Short upper lip connected by multiple frenula	Multiple oral frenula	HP:0000191	Accessory oral frenulum	1		
short upper lip connected by multiple frenulae	Short upper lip	HP:0000188	Short upper lip	1		
Short upturned nose	Short nose	HP:0003196	Short nose	1		
Short upturned nose with bulbous tip	Short nose	HP:0003196	Short nose	1		
short upturned nose with depressed nasal bridge and flared nostrils	Short nose	HP:0003196	Short nose	1		
short upturned nose with depressed nasal bridge and flared nostrils	Depressed nasal bridge	HP:0005280	Depressed nasal bridge	1		
Short webbed fingers and toes	Syndactyly	HP:0001159	Syndactyly	1		
Short webbed fingers and toes	Syndactyly of toes	HP:0001770	Toe syndactyly	1		
short wide distal phalanx of the thumb	Broad distal phalanx of thumb	HP:0009642	Broad distal phalanx of the thumb	1	HP:0009650	next:AUTRE Short distal phalanx of the thumb
Short, bowed femora and humeri with cortical thickening of inner midshaft	Bowed femur	HP:0002980	Femoral bowing	1		
Short, bowed femora and humeri with cortical thickening of inner midshaft	Short femur	HP:0003097	Short femur	1		
short, bowed radius and ulna	Bowed radius	HP:0002986	Radial bowing	1		
short, bowed radius and ulna	Bowed ulna	HP:0003031	Ulnar bowing	1		
Short, bowed tibiae	Narrow thorax	HP:0000774	Narrow chest	1		
short, broad hands and feet	Broad hands	HP:0001169	Broad palm	1		
Short, broad hands and feet	Short foot	HP:0001773	Short foot	1		
Short, broad nose with thick alae nasi and septum	Broad nose	HP:0000445	Wide nose	1		
Short, broad nose with thick alae nasi and septum	Thick nasal alae	HP:0009928	Thick nasal alae	1		
Short, broad tubular bones of the hand and foot	Short tubular bones of the hand	HP:0001248	Short tubular bones of the hand	1		
short, broad, spatulate distal phalanges	Broad distal phalanx	HP:0009836	Broad distal phalanx of finger	1		
Short, contracted fingers with short bulbous distal phalanges of fingers and toes, with acroosteolysis, and broad interphalangeal joints	Short toes	HP:0001831	Short toe	1		
Short, curved long bones	Short long bones	HP:0003026	Short long bone	1	HP:0003026	next:OK
Short, deformed long tubular bones	Abnormal long bone morphology	HP:0011314	Abnormal long bone morphology	1		
Short, deformed, flaccid extremities	Abnormality of limb bone morphology	HP:0002813	Abnormal limb bone morphology	1		
Short, dumbbell-shaped long bones with broad, irregular metaphyses	Metaphyseal chondrodysplasia	HP:0005871	Metaphyseal chondrodysplasia	1		
Short, incurved fifth finger	Clinodactyly of fifth finger	HP:0004209	Clinodactyly of the 5th finger	1	HP:0004209	next:OK
short, laterally deviated great toes	Hallux valgus	HP:0001822	Hallux valgus	1		
Short, malformed first metatarsals	Short first metatarsal	HP:0010105	Short first metatarsal	1		
Short, malformed halluces	Short hallux	HP:0010109	Short hallux	1		
Short, medially deviated great toes	Hallux valgus	HP:0001822	Hallux valgus	1		
short, poorly developed ribs	Short ribs	HP:0000773	Short ribs	1		
Short, proximally placed thumb	Short thumb	HP:0009778	Short thumb	1		
Short, pudgy fingers	Short fingers	HP:0009381	Short finger	1	HP:0009381	next:OK
Short, pudgy hands and feet	Short feet	HP:0001773	Short foot	1		
Short, rounded metacarpals and metatarsals	Short metacarpals	HP:0010049	Short metacarpal	1		
Short, rounded metacarpals and metatarsals	Short metatarsals	HP:0010743	Short metatarsal	1		
Short, stocky hands	Broad hands	HP:0001169	Broad palm	1		
Short, tapering fingers and toes	Brachydactyly	HP:0001156	Brachydactyly	1		
Short, thick lingual frenulum	Short lingual frenulum	HP:0000200	Short lingual frenulum	1		
Short, thick, ribbon-like, poorly mineralized long bones	Long bone bowing	HP:0006487	Bowing of the long bones	1		next:AUTRE Ribbon-like ribs ?
short, thickened clavicles	Abnormality of the clavicles	HP:0000889	Abnormal clavicle morphology	1		next:AUTRE Thickened clavicle ?
Short, thin ribs with anterior and posterior cupping	Rib cupping	HP:0000887	Cupped ribs	1		
Short, upturned nose with depressed bridge	Upturned nose	HP:0000463	Anteverted nares	1		
Short, upturned nose with depressed bridge	Short nose	HP:0003196	Short nose	1		
Short, wide, and occasionally bifid distal phalanx of the thumb	Bifid distal phalanx of thumb	HP:0009611	Bifid distal phalanx of the thumb	1		
short-appearing neck	Short neck	HP:0000470	Short neck	1		
Short-limb short stature	Short stature	HP:0004322	Short stature	1		
Short-limb type dwarfism	Short-limb dwarfism	HP:0008873	Disproportionate short-limb short stature	1		
Short-limb type of dwarfism	Short stature	HP:0004322	Short stature	1		
Short-limb type of dwarfism	Short-limb dwarfism	HP:0008873	Disproportionate short-limb short stature	1		
Short-limb type of short stature	Short stature	HP:0004322	Short stature	1		
shortened distal phalanges and metacarpals	Short distal phalanges	HP:0009882	Short distal phalanx of finger	1		
shortened distal phalanges and metacarpals	Short metacarpals	HP:0010049	Short metacarpal	1		
Shortened distal phalanx of the thumb	Short distal phalanx of thumb	HP:0009650	Short distal phalanx of the thumb	1	HP:0009650	next:OK
Shortened fifth digits	Short 5th finger	HP:0009237	Short 5th finger	1		
shortened humerus	Short humerus	HP:0005792	Short humerus	1		
Shortened humerus, radius, and ulna	Short radius	HP:0002984	Hypoplasia of the radius	1		
Shortened humerus, radius, and ulna	Short humerus	HP:0005792	Short humerus	1		
Shortened long bones	Short stature	HP:0004322	Short stature	1	HP:0003026	next:AUTRE Short long bone
shortened metacarpals and phalanges	Short metacarpals	HP:0010049	Short metacarpal	1		
shortened radius and ulna	Short radius	HP:0002984	Hypoplasia of the radius	1		
shortened radius and ulna	Short ulna	HP:0003022	Hypoplasia of the ulna	1		
Shortened roots	Short tooth roots	HP:0006336	Short dental root	1		
shortened stature	Short stature	HP:0004322	Short stature	1		
Shortened, bowed long bones	Short long bone	HP:0003026	Short long bone	1		
shortening and abnormal alignment of the tubular bones	Short stature	HP:0004322	Short stature	1		
Shortening and anterior irregularities of vertebral bodies	Abnormal vertebral morphology	HP:0003468	Abnormal vertebral morphology	1		
shortening and clefting of the lumbar vertebrae	Vertebral segmentation defect	HP:0003422	Vertebral segmentation defect	1		
Shortening and metaphyseal widening of the tubular bones	Short tubular bones of the hand	HP:0001248	Short tubular bones of the hand	1		
Shortening and metaphyseal widening of the tubular bones	Metaphyseal dysplasia	HP:0100255	Metaphyseal dysplasia	1		
shortening and radial deviation of the index finger	Radial deviation of finger	HP:0009466	Radial deviation of finger	1		
Shortening and triangular or rhomboid shape of the tibiae with epiphyseal brackets	Short tibia	HP:0005736	Short tibia	1		
Shortening and/or aplasia of the ulna and/or humerus	Humerus aplasia	HP:0003862	Absent humerus	1		next:AUTRE Hypoplasia of the humerus ?
shortening of affected bones	Short stature	HP:0004322	Short stature	1		
shortening of affected bones	Short limb	HP:0009826	Limb undergrowth	1		
Shortening of digit V	Short fifth finger	HP:0009237	Short 5th finger	1		
Shortening of digits	Short digits	HP:0011927	Short digit	1	HP:0011927	next:OK
Shortening of distal phalanges	Short distal phalanx of finger	HP:0009882	Short distal phalanx of finger	1		
shortening of humerus	Short humerus	HP:0005792	Short humerus	1		
Shortening of individual elements	Short limb	HP:0009826	Limb undergrowth	1		
Shortening of long tubular bones	Short long bones	HP:0003026	Short long bone	1	HP:0003026	next:OK
shortening of metacarpals and/or metatarsals	Short metacarpals	HP:0010049	Short metacarpal	1		
shortening of metacarpals and/or metatarsals	Short metatarsals	HP:0010743	Short metatarsal	1		
Shortening of one or more phalanges and/or metacarpals	Shortening of metacarpals	HP:0010049	Short metacarpal	1		
Shortening of other phalanges and/or metacarpals and metatarsals	Brachydactyly	HP:0001156	Brachydactyly	1		
shortening of phalanges	Short phalanges	HP:0009803	Short phalanx of finger	1		
shortening of phalanges and metatarsals	Short metatarsal	HP:0010743	Short metatarsal	1		
shortening of proximal bones	Short limb	HP:0009826	Limb undergrowth	1		
Shortening of radius and ulna	Shortening of the radius	HP:0002984	Hypoplasia of the radius	1		next:AUTRE Hypoplasia of the ulna ?
Shortening of ribs and long bones	Short ribs	HP:0000773	Short ribs	1		
Shortening of some metacarpals	Short metacarpals	HP:0010049	Short metacarpal	1		
Shortening of the 1st metacarpal	Short first metacarpal	HP:0010034	Short 1st metacarpal	1		
Shortening of the distal phalanges of fingers and toes	Short distal phalanx of toe	HP:0001857	Short distal phalanx of toe	1		
Shortening of the distal phalanges of fingers and toes	Short distal phalanx of finger	HP:0009882	Short distal phalanx of finger	1		
Shortening of the fibula	Short fibula	HP:0003038	Fibular hypoplasia	1		
Shortening of the first metacarpal	Short first metacarpal	HP:0010034	Short 1st metacarpal	1		
shortening of the forearm	Short forearm	HP:0005773	Short forearm	1		
Shortening of the greater sciatic notches	Narrow greater sciatic notch	HP:0003375	Narrow greater sciatic notch	1		
Shortening of the long tubular bones	Short long bone	HP:0003026	Short long bone	1		
Shortening of the metacarpal and/or proximal phalanx of the thumb	Short thumb	HP:0009778	Short thumb	1		
shortening of the metacarpals and phalanges	Short phalanges	HP:0009803	Short phalanx of finger	1		
shortening of the metacarpals and phalanges	Short metacarpals	HP:0010049	Short metacarpal	1		
shortening of the middle phalanges	Short middle phalanx of finger	HP:0005819	Short middle phalanx of finger	1		
Shortening of the phalanges, metacarpals, and/or metatarsals	Shortening of metacarpals	HP:0010049	Short metacarpal	1		
shortening of the thigh	Short femur	HP:0003097	Short femur	1		
shortening of the tubular bones	Short tubular bones of the hand	HP:0001248	Short tubular bones of the hand	1		
Shortening of the tubular bones	Short tubular bones	HP:0003026	Short long bone	1		
shortening of the ulna and radius with fusion	Radial ray deficiency	HP:0006433	Radial ray deficiency	1		
shortening of the upper and lower limbs	Short limb	HP:0009826	Limb undergrowth	1		
shortening of ulna	Short ulna	HP:0003022	Hypoplasia of the ulna	1		
shortening of ulnar metacarpals	Short metacarpal	HP:0010049	Short metacarpal	1		
shortening often asymmetric	Short limb	HP:0009826	Limb undergrowth	1		
shorter-than-average height	Short stature	HP:0004322	Short stature	1		
shortness and bowing of tubular bones	Short stature	HP:0004322	Short stature	1		
shortness and distal hypoplasia of the femur	Short femur	HP:0003097	Short femur	1		
shortness and distal hypoplasia of the humerus	Short humerus	HP:0005792	Short humerus	1		
Shortness and limb deformities	Short stature	HP:0004322	Short stature	1		
Shortness of long bones	Short long bones	HP:0003026	Short long bone	1	HP:0003026	next:OK
Shortness of long tubular bones	Short tubular bones of hand	HP:0001248	Short tubular bones of the hand	1	HP:0003026	next:AUTRE Short long bone
Shortness of long tubular bones	Short long bones	HP:0003026	Short long bone	1	HP:0003026	next:OK
Shortness of the long tubular bones with epiphyseal flattening and deformity	Epiphyseal dysplasia	HP:0002656	Epiphyseal dysplasia	1		
Shortness of the long tubular bones with epiphyseal flattening and deformity	Short long bone	HP:0003026	Short long bone	1		
Shortness of tubular bones	Short tubular bones	HP:0003026	Short long bone	1		
Shortness of tubular bones with wide and irregular metaphyses	Metaphyseal dysplasia	HP:0100255	Metaphyseal dysplasia	1		
Shortness, gross undermodeling, submetaphyseal overconstriction, and epiphyseal dysplasia of the long tubular bones	Epiphyseal dysplasia	HP:0002656	Epiphyseal dysplasia	1		
Shortness, gross undermodeling, submetaphyseal overconstriction, and epiphyseal dysplasia of the long tubular bones	Short tubular bones	HP:0003026	Short long bone	1		
Shortness, marked metaphyseal flare, and epiphyseal dysplasia of the tubular bones	Short tubular bones	HP:0003026	Short long bone	1		
Shortness, marked metaphyseal flare, and epiphyseal dysplasia of the tubular bones	Abnormality of the epiphyses	HP:0005930	Abnormal epiphysis morphology	1		
Shoulder girdle musculature involvement	Abnormality of shoulder girdle musculature	HP:0001435	Abnormality of the shoulder girdle musculature	1	HP:0001435	next:OK
shoulder involvement	Abnormality of the shoulder	HP:0003043	Abnormal shoulder morphology	1		
signal abnormalities in the white matter	Abnormality of white matter	HP:0002500	Abnormal cerebral white matter morphology	1		next:AUTRE Abnormality of the cerebral white matter ?
Significant and diffuse muscle weakness	Muscle weakness	HP:0001324	Muscle weakness	1		
Significant axial hypotonia	Axial hypotonia	HP:0008936	Axial hypotonia	1		
significant centrally based hypotonia	Hypotonia	HP:0001252	Hypotonia	1		
Significant delay in bone age early in childhood	Delayed bone age	HP:0002750	Delayed skeletal maturation	1		
significant difficulty climbing stairs	Abnormality of gait	HP:0001288	Gait disturbance	1		next:AUTRE Proximal muscle weakness ?
Significant dysphagia	Dysphagia	HP:0002015	Dysphagia	1		
significant gastrointestinal bleeds	Gastrointestinal hemorrhage	HP:0002239	Gastrointestinal hemorrhage	1		
significant growth delay	Short stature	HP:0004322	Short stature	1		
significant growth restriction	Short stature	HP:0004322	Short stature	1		
Significant neonatal constipation	Constipation	HP:0002019	Constipation	1		
Significant neurologic deficits	Intellectual disability	HP:0001249	Intellectual disability	1		
significant scoliosis	Scoliosis	HP:0002650	Scoliosis	1		
significant speech delay	Speech delay	HP:0000750	Delayed speech and language development	1		
Significant weight loss	Weight loss	HP:0001824	Weight loss	1		
Signs of chronic renal dysfunction	Chronic kidney disease	HP:0012622	Chronic kidney disease	1		
Simple philtrum, which is prominent and elongated	Long philtrum	HP:0000343	Long philtrum	1		
Simple philtrum, which is prominent and elongated	Prominent philtrum	HP:0002002	Deep philtrum	1		
Simplified cortical gyral pattern	Simplified gyral pattern	HP:0009879	Simplified gyral pattern	1		
simplified gyration of the cerebral hemispheres	Simplified gyral pattern	HP:0009879	Simplified gyral pattern	1		
simplified sulcation pattern	Simplified gyral pattern	HP:0009879	Simplified gyral pattern	1		
Single benign thyroid nodule	Thyroid nodule	HP:0025388	Thyroid nodule	1		
Single crease	Single palmar crease	HP:0000954	Single transverse palmar crease	1		
single crease on fifth finger	Single palmar crease	HP:0000954	Single transverse palmar crease	1		
single cuboid-shaped bone replacing the radius and ulna	Abnormality of the radius	HP:0002818	Abnormal morphology of the radius	1		
Single flexion creases on third and fourth fingers	Single palmar crease	HP:0000954	Single transverse palmar crease	1		
Single hemangioblastoma diagnosed at age ≤50 years	Hemangioblastoma	HP:0010797	Hemangioblastoma	1		
Single upper palmar crease	Single palmar crease	HP:0000954	Single transverse palmar crease	1		
Sinopulmonary infections	Recurrent respiratory infections	HP:0002205	Recurrent respiratory infections	1		
sinus hypoplasia	Maxillary hypoplasia	HP:0000327	Hypoplasia of the maxilla	1		
Sirenomelia sequence	Sirenomelia	HP:0010497	Sirenomelia	1		
six metacarpals	Polydactyly	HP:0010442	Polydactyly	1		
skeletal abnormalities affecting ribs and vertebra	Rib anomaly	HP:0000772	Abnormal rib morphology	1	HP:0000772	next:OK
skeletal abnormalities affecting ribs and vertebra	Vertebral anomaly	HP:0003468	Abnormal vertebral morphology	1	HP:0003468	next:OK
Skeletal abnormalities: pes cavus, pes planus, mild talipes equinovarus, kyphoscoliosis, pectus carinatum	Pes cavus	HP:0001761	Pes cavus	1		
Skeletal abnormalities: pes cavus, pes planus, mild talipes equinovarus, kyphoscoliosis, pectus carinatum	Pes planus	HP:0001763	Pes planus	1		
Skeletal anomalies of the spine and pelvis	Abnormality of the vertebral column	HP:0000925	Abnormality of the vertebral column	1		
Skeletal changes including kyphosis, gibbus deformity, hip dislocation, genu valgum	Kyphosis	HP:0002808	Kyphosis	1		
Skeletal changes including kyphosis, gibbus deformity, hip dislocation, genu valgum	Hip dislocation	HP:0002827	Hip dislocation	1		
Skeletal deformities	Abnormality of the skeletal system	HP:0000924	Abnormality of the skeletal system	1		
Skeletal dysostosis	Skeletal dysplasia	HP:0002652	Skeletal dysplasia	1		
Skeletal involvement	Abnormality of the skeletal system	HP:0000924	Abnormality of the skeletal system	1		
skeletal malformations	Abnormality of the skeletal system	HP:0000924	Abnormality of the skeletal system	1		
skeletal malocclusion	Malocclusion	HP:0000689	Dental malocclusion	1		
skeletal manifestations	Abnormality of the skeletal system	HP:0000924	Abnormality of the skeletal system	1		
skeletal manifestations including short stature	Short stature	HP:0004322	Short stature	1		
Skin abscesses	Skin abscess	HP:0031292	Cutaneous abscess	1		
Skin and soft tissue laxity	Skin laxity	HP:0000973	Cutis laxa	1		
Skin atrophy on the hands and feet	Skin atrophy	HP:0004334	Dermal atrophy	1		
Skin depigmentation	Hypopigmentation	HP:0001010	Hypopigmentation of the skin	1		
Skin dimples over acromion	Skin dimple	HP:0010781	Skin dimple	1		
Skin dimples over knuckles	Skin dimple	HP:0010781	Skin dimple	1		
Skin erosions mostly in scalp	Skin erosion	HP:0200041	Skin erosion	1		
Skin eruption	Skin rash	HP:0000988	Skin rash	1		
Skin findings (telangiectases, angiokeratoma)	Telangiectasia	HP:0001009	Telangiectasia	1		
Skin findings (telangiectases, angiokeratoma)	Angiokeratoma	HP:0001014	Angiokeratoma	1		
skin flushing	Flushing	HP:0031284	Flushing	1		
skin fold freckling	Freckling	HP:0001480	Freckling	1		
Skin fragility after minor trauma	Skin fragility	HP:0001030	Fragile skin	1		
Skin hemangiomas	Hemangioma	HP:0001028	Hemangioma	1		
Skin hyperextensibility and fragility	Skin hyperextensibility	HP:0000974	Hyperextensible skin	1		
Skin hyperextensibility and fragility	Skin fragility	HP:0001030	Fragile skin	1		
skin hyperkeratosis	Hyperkeratosis	HP:0000962	Hyperkeratosis	1		
skin involvement	Abnormality of the skin	HP:0000951	Abnormality of the skin	1		
Skin nevi	Nevus	HP:0003764	Nevus	1		
Skin outpouchings	Cutis laxa	HP:0000973	Cutis laxa	1		
Skin pigmentation changes	Abnormal skin pigmentation	HP:0001000	Abnormality of skin pigmentation	1		
Skin rashes	Rash	HP:0000988	Skin rash	1		
skin sebaceous adenomas	Sebaceous adenoma	HP:0009720	Adenoma sebaceum	1		
Sleep difficulties	Sleep disturbance	HP:0002360	Sleep disturbance	1		
sleep disorder	Sleep disturbance	HP:0002360	Sleep disturbance	1		
Sleep disorders including apnea	Sleep apnea	HP:0010535	Sleep apnea	1		
sleep disruptions	Sleep disturbances	HP:0002360	Sleep disturbance	1		
Sleep-disordered breathing and sleep apnea	Sleep apnea	HP:0010535	Sleep apnea	1		
Sleep-related apnea	Central sleep apnea	HP:0010536	Central sleep apnea	1		
Sleeping problems	Sleep disturbance	HP:0002360	Sleep disturbance	1		
Sleeping with eyes partially open	Lagophthalmos	HP:0030001	Lagophthalmos	1		
sleeplessness and irritability	Irritability	HP:0000737	Irritability	1		
Slender and hypotonic with hyperextensible hands and fingers	Hypotonia	HP:0001252	Hypotonia	1		
Slender and twisted long bones	Slender long bones	HP:0003100	Slender long bone	1		next:AUTRE Slender long bone ?
Slender body habitus	Slender build	HP:0001533	Slender build	1		
slender bones with exaggerated metaphyseal flaring	Metaphyseal flaring	HP:0003015	Flared metaphysis	1		
Slender corpus callosum	Thin corpus callosum	HP:0033725	Thin corpus callosum	1		
Slender fingers that taper	Tapered fingers	HP:0001182	Tapered finger	1	HP:0001182	next:OK
Slender long tubular bones	Slender long bones	HP:0003100	Slender long bone	1	HP:0003100	next:OK
Slender shafts of long bones	Slender long bones	HP:0003100	Slender long bone	1	HP:0003100	next:OK
Slender tapered fingers	Slender fingers	HP:0001238	Slender finger	1		
slight enlargement of the lateral ventricles	Ventriculomegaly	HP:0002119	Ventriculomegaly	1		
Slightly increased lumbar lordosis and protuberant abdomen	Protuberant abdomen	HP:0001538	Protuberant abdomen	1		
Slightly increased lumbar lordosis and protuberant abdomen	Lordosis	HP:0003307	Hyperlordosis	1		
Slitlike openings of the exterior auditory meatus	Stenosis of external auditory canal	HP:0000402	Stenosis of the external auditory canal	1	HP:0000402	next:OK Stenosis of the external auditory canal
Slitlike openings of the exterior auditory meatus	Atresia of external auditory canal	HP:0000413	Atresia of the external auditory canal	1	HP:0000402	next:AUTRE Stenosis of the external auditory canal
Sloping acetabula	Shallow acetabula	HP:0003182	Shallow acetabular fossae	1		
Slow and/or hypometric ocular saccades	Hypometric saccades	HP:0000571	Hypometric saccades	1		
slow deterioration in both gait and speech	Dysarthria	HP:0001260	Dysarthria	1		
slow deterioration in both gait and speech	Gait disturbance	HP:0001288	Gait disturbance	1		
Slow development of expressive speech	Delayed speech development	HP:0000750	Delayed speech and language development	1		
Slow growth	Short stature	HP:0004322	Short stature	1		
slow growth	Decreased body weight	HP:0004325	Decreased body weight	1		
Slow growth	Postnatal growth retardation	HP:0008897	Postnatal growth retardation	1		
Slow linear growth	Short stature	HP:0004322	Short stature	1		
slow motor & cognitive gains	Global developmental delay	HP:0001263	Global developmental delay	1		
Slow motor development	Delayed motor development	HP:0001270	Motor delay	1		
Slow postnatal growth	Postnatal growth failure	HP:0008897	Postnatal growth retardation	1		
Slow progression to respiratory insufficiency	Respiratory insufficiency	HP:0002093	Respiratory insufficiency	1		
slow rate of carpal ossification	Delayed carpal ossification	HP:0001216	Delayed ossification of carpal bones	1		
slow, spastic tongue movements	Abnormality of tongue movements	HP:0000182	Movement abnormality of the tongue	1	HP:0000182	next:OK Movement abnormality of the tongue
slowed linear growth	Short stature	HP:0004322	Short stature	1		
slowing of development	Global developmental delay	HP:0001263	Global developmental delay	1		
slowing of developmental progress	Developmental delay	HP:0001263	Global developmental delay	1		
Slowing of EEG background activity	Abnormal EEG	HP:0002353	EEG abnormality	1		
slowly progressive and predominantly lower-limb weakness	Distal lower limb muscle weakness	HP:0009053	Distal lower limb muscle weakness	1		
slowly progressive ataxia	Ataxia	HP:0001251	Ataxia	1		
slowly progressive ataxia	Progressive ataxia	HP:0002073	Progressive cerebellar ataxia	1		
slowly progressive behavioral changes	Behavioral abnormality	HP:0000708	Atypical behavior	1		
Slowly progressive chronic tubulointerstitial kidney disease	Chronic tubulointerstitial nephritis	HP:0004743	Chronic tubulointerstitial nephritis	1		
slowly progressive dementia	Dementia	HP:0000726	Dementia	1		
slowly progressive gait ataxia	Gait ataxia	HP:0002066	Gait ataxia	1		
slowly progressive gait ataxia	Progressive ataxia	HP:0002073	Progressive cerebellar ataxia	1		
slowly progressive lower leg muscle weakness and atrophy	Muscle atrophy	HP:0003202	Skeletal muscle atrophy	1		
slowly progressive lower leg muscle weakness and atrophy	Distal lower limb muscle weakness	HP:0009053	Distal lower limb muscle weakness	1		
slowly progressive lower-leg muscle weakness and atrophy	Muscle weakness	HP:0001324	Muscle weakness	1		
slowly progressive lower-leg muscle weakness and atrophy	Muscle atrophy	HP:0003202	Skeletal muscle atrophy	1		
slowly progressive skeletal muscle weakness	Muscle weakness	HP:0001324	Muscle weakness	1		
Slowly rising serum creatinine	Elevated serum creatinine	HP:0003259	Elevated circulating creatinine concentration	1		
sluggish deep tendon reflexes	Hyporeflexia	HP:0001265	Hyporeflexia	1		
Slurring of speech	Dysarthria	HP:0001260	Dysarthria	1		
Small and broad iliac bones	Abnormal ilium morphology	HP:0002867	Abnormal ilium morphology	1		
small and deformed epiphyses	Abnormality of the epiphyses	HP:0005930	Abnormal epiphysis morphology	1		
small and proximally placed thumb	Proximally placed thumb	HP:0009623	Proximal placement of thumb	1	HP:0009623	next:OK Proximal placement of thumb
Small and soft testes	Small testes	HP:0008734	Decreased testicular size	1		
small and widely spaced teeth	Small teeth	HP:0000691	Microdontia	1		
Small anteverted nostrils	Anteverted nares	HP:0000463	Anteverted nares	1		
Small aorto-pulmonary collateral	Patent ductus arteriosus	HP:0001643	Patent ductus arteriosus	1		
small birth weight	Low birth weight	HP:0001518	Small for gestational age	1		
small bowel intestinal atresia	Intestinal atresia	HP:0011100	Intestinal atresia	1		
Small capital femoral epiphyses, sometimes associated with Perthes-​like changes; slightly flattened distal femoral epiphyses	Small capital femoral epiphyses	HP:0003090	Hypoplasia of the capital femoral epiphysis	1		
Small capital femoral epiphyses, sometimes associated with Perthes-​like changes; slightly flattened distal femoral epiphyses	Flattened distal femoral epiphyses	HP:0006398	Flat distal femoral epiphysis	1		
Small central scotoma	Central scotoma	HP:0000603	Central scotoma	1		
Small cervical ribs	Cervical rib	HP:0000891	Cervical ribs	1	HP:0000891	next:OK Cervical ribs
Small compound muscle action potential amplitudes	Decreased compound muscle action potential amplitude	HP:0033383	Decreased compound muscle action potential amplitude	1		
Small cysts of glomeruli	Renal cyst	HP:0000107	Renal cyst	1		
Small deformed capital femoral epiphyses	Abnormality of the femoral head	HP:0003368	Abnormal femoral head morphology	1		
small ear lobes	Small earlobes	HP:0000385	Small earlobe	1		
small epiphyses of metacarpals and metatarsals	Small epiphyses of metacarpals	HP:0009194	Small epiphyses of the metacarpals	1	PARENT:HP:0010585	next:PARENT Small epiphyses
Small fifth fingernails	Small fingernails	HP:0001804	Hypoplastic fingernail	1	PARENT:HP:0001792	next:PARENT Small nail
Small fourth metacarpal	Short fourth metacarpal	HP:0010044	Short 4th metacarpal	1	HP:0010044	next:OK Short 4th metacarpal
Small gestational age	Small for gestational age	HP:0001518	Small for gestational age	1		
small hand muscle weakness	Muscle weakness	HP:0001324	Muscle weakness	1		
Small hand muscles weakness	Hand muscle weakness	HP:0030237	Hand muscle weakness	1		
small hands and/or feet	Small feet	HP:0001773	Short foot	1		
small hands for age	Small hands	HP:0200055	Small hand	1	HP:0200055	next:OK Small hand
Small head of radius	Small radial head	HP:0003997	Hypoplastic radial head	1		
Small head size	Microcephaly	HP:0000252	Microcephaly	1		
Small hippocampi	Small hippocampus	HP:0025517	Hypoplastic hippocampus	1		
small hyperechoic kidney	Abnormal kidney morphology	HP:0012210	Abnormal renal morphology	1		
Small inferior cerebellar vermis	Hypoplasia of the cerebellar vermis	HP:0001320	Cerebellar vermis hypoplasia	1		
Small inferior posterior cerebellar lobes and hypoplasia of the posterior vermis	Hypoplasia of the cerebellar vermis	HP:0001320	Cerebellar vermis hypoplasia	1		
Small intestinal mucosal xanthoma	Xanthoma	HP:0001114	Xanthelasma	1		
small joint contractures	Joint contracture	HP:0034392	Joint contracture	1		
Small low-set ears	Low-set ears	HP:0000369	Low-set ears	1		
Small low-set ears	Small ears	HP:0008551	Microtia	1		
Small mandibular ramus	Micrognathia	HP:0000347	Micrognathia	1		
Small midline calcifications in third ventricle	Intracranial calcification	HP:0430048	Intracranial calcification	1		
Small nail tufts	Small nail	HP:0001792	Small nail	1		
Small nares	Narrow nares	HP:0009933	Narrow naris	1		
Small narrow nails	Abnormal nail morphology	HP:0001597	Abnormal nail morphology	1		
Small nipples and absent areolae	Small nipple	HP:0002557	Hypoplastic nipples	1	PARENT:HP:0002557	next:PARENT Hypoplastic nipples
Small nodular skin tags on the eyelids or between outer canthus and tragus	Skin tag	HP:0010609	Skin tags	1		
small nodular skin tags on the eyelids or in the area between outer canthus and tragus	Skin tag	HP:0010609	Skin tags	1		
small opacities throughout stroma	Corneal opacity	HP:0007957	Corneal opacity	1		
Small optic nerve	Hypoplasia of the optic nerve	HP:0000609	Optic nerve hypoplasia	1	HP:0000609	next:OK Optic nerve hypoplasia
Small optic nerves	Optic nerve hypoplasia	HP:0000609	Optic nerve hypoplasia	1		
small or missing digits and toes V	Hypoplasia of toe	HP:0001831	Short toe	1	PARENT:HP:0001831	next:PARENT Short toe
small or missing digits II and IV	Hypoplasia of toe	HP:0001831	Short toe	1	PARENT:HP:0001831	next:PARENT Short toe
Small oral opening	Small mouth	HP:0000160	Narrow mouth	1		
Small ossicles at carpometacarpal joints	Small carpal bones	HP:0001498	Carpal bone hypoplasia	1		
Small ossicles at metacarpophalangeal joints	Small carpal bones	HP:0001498	Carpal bone hypoplasia	1		
small ovaries	Hypoplastic ovaries	HP:0008724	Hypoplasia of the ovary	1	HP:0008724	next:OK Hypoplasia of the ovary
Small pelvic bones with irregular, “moth-​eaten” contours	Small pelvis	HP:0008839	Hypoplastic pelvis	1		
Small penis and testes	Micropenis	HP:0000054	Micropenis	1		
Small penis and testes	Hypoplastic testes	HP:0008734	Decreased testicular size	1		
Small penis, testes, or labia majora	Hypoplasia of the penis	HP:0008736	Hypoplasia of penis	1	PARENT:HP:0008736	next:PARENT Hypoplasia of penis
small pinna with a prominent superior and/or inferior crus	Abnormal pinna morphology	HP:0000377	Abnormal pinna morphology	1		
small pupils	Miosis	HP:0000616	Miosis	1		
Small remnants of posterior ribs	Hypoplasia of the ribs	HP:0000773	Short ribs	1	PARENT:HP:0000773	next:PARENT Short ribs
Small scapulae and pelvic bones	Small scapulae	HP:0000882	Hypoplastic scapulae	1		
Small scapulae and pelvic bones	Small pelvis	HP:0008839	Hypoplastic pelvis	1		
Small size for gestational age	Small for gestational age	HP:0001518	Small for gestational age	1		
small testes in males	Small testes	HP:0008734	Decreased testicular size	1		
Small testicles	Clubfoot	HP:0001762	Talipes equinovarus	1		
Small thick hyperconvex nails	Hyperconvex nails	HP:0001795	Hyperconvex nail	1	HP:0001795	next:OK Hyperconvex nail
Small thick hyperconvex nails	Thick nails	HP:0001805	Onychogryphosis	1	HP:0001805	next:AUTRE Thick nails
Small thorax in transverse and anteroposterior diameter	Small thorax	HP:0005257	Thoracic hypoplasia	1		
small to low-normal anthropometric measurements for gestational age	Small for gestational age	HP:0001518	Small for gestational age	1		
small to normal-sized kidneys	Small kidney	HP:0000089	Renal hypoplasia	1	PARENT:HP:0000089	next:PARENT Small kidney
Small umbilical hernia	Umbilical hernia	HP:0001537	Umbilical hernia	1		
Small umbilical hernias	Umbilical hernia	HP:0001537	Umbilical hernia	1		
Small weight and length	Low birth weight	HP:0001518	Small for gestational age	1		
Small, beak-shaped nose	Beaked nose	HP:0000444	Convex nasal ridge	1		
Small, deep intracerebral hemorrhage	Intracerebral hemorrhage	HP:0001342	Cerebral hemorrhage	1		
Small, deformed femoral heads	Small femoral head	HP:0008802	Hypoplasia of the femoral head	1	PARENT:HP:0008802	next:PARENT Hypoplasia of the femoral head
Small, displaced, or absent nipple	Nipple hypoplasia	HP:0002557	Hypoplastic nipples	1		
Small, dorsally wedged vertebral bodies of the thoracic and lumbar spine	Wedge-shaped vertebrae	HP:0008422	Vertebral wedging	1		
Small, dorsally wedged vertebral bodies of the thoracic and lumbar spine	Small vertebral bodies	HP:0008479	Hypoplastic vertebral bodies	1		
Small, dorsally wedged vertebral bodies of the thoracic and lumbar spine	Abnormal thoracic spine morphology	HP:0100711	Abnormal thoracic spine morphology	1		
Small, dorsally wedged vertebral bodies of the thoracic and lumbar spine	Abnormal lumbar spine morphology	HP:0100712	Abnormal lumbar spine morphology	1		
Small, late ossifying epiphyses	Delayed epiphyseal ossification	HP:0002663	Delayed epiphyseal ossification	1		
Small, late ossifying epiphyses	Small epiphyses	HP:0010585	Small epiphyses	1		
Small, laterally placed capital femoral epiphyses	Small femoral heads	HP:0008802	Hypoplasia of the femoral head	1		
small, radially deviated digits II and III	Radial deviation of finger	HP:0009466	Radial deviation of finger	1		
small, round, irregular capital femoral epiphyses	Abnormality of the femoral head	HP:0003368	Abnormal femoral head morphology	1		
Small, rounded proximal femoral epiphyses	Small proximal femoral epiphyses	HP:0003090	Hypoplasia of the capital femoral epiphysis	1		
Small, scarred kidneys	Abnormal liver morphology	HP:0410042	Abnormal liver morphology	1		
Small, simple ears	Small ear	HP:0008551	Microtia	1	HP:0008551	next:AUTRE Small ear
Small, simple, deformed, lowset, or posteriorly rotated ears	Low-set ears	HP:0000369	Low-set ears	1		
Small, soft, fleshy hands	Small hand	HP:0200055	Small hand	1		
Small, underfolded pinnae	Microtia	HP:0008551	Microtia	1		
Small, widely spaced teeth	Diastema	HP:0000699	Diastema	1		
Small, widely spaced, pitted teeth	Widely spaced teeth	HP:0000687	Widely spaced teeth	1		
Small-volume thorax	Small thorax	HP:0005257	Thoracic hypoplasia	1		
smaller and softer testes	Small testes	HP:0008734	Decreased testicular size	1		
Smaller midface	Midface hypoplasia	HP:0011800	Midface retrusion	1		
Smaller testicles	Small testes	HP:0008734	Decreased testicular size	1		
Smooth pursuit abnormalities	Abnormality of eye movements	HP:0000496	Abnormality of eye movement	1	HP:0000496	next:OK
social adaptation problems	Abnormal social behavior	HP:0012433	Abnormal social behavior	1		
Social difficulties	Abnormal social behavior	HP:0012433	Abnormal social behavior	1		
socialization deficits	Impaired social interaction	HP:0012760	Reduced social responsiveness	1		
Soft calvarium	Thin calvarium	HP:0010539	Thin calvarium	1		
Soft skin texture	Soft skin	HP:0000977	Soft skin	1		
Soft tissue contractures	Joint contracture	HP:0034392	Joint contracture	1		
soft tissue syndactyly	Syndactyly	HP:0001159	Syndactyly	1		
soft tissue syndactyly of fingers and toes	Syndactyly of toes	HP:0001770	Toe syndactyly	1		
soft tissue syndactyly of the fingers	Syndactyly of fingers	HP:0006101	Finger syndactyly	1	HP:0006101	next:OK
Soft-tissue sarcoma	Soft tissue sarcoma	HP:0030448	Soft tissue sarcoma	1		
Solar keratoses	Solar keratosis	HP:0025127	Actinic keratosis	1		
Solid tumors	Neoplasm	HP:0002664	Neoplasm	1		
solid tumors of the head and neck	Neoplasm of head and neck	HP:0012288	Neoplasm of head and neck	1		
solid tumors of the skin	Neoplasm of skin	HP:0008069	Neoplasm of the skin	1	HP:0008069	next:OK
somatic overgrowth	Overgrowth	HP:0001548	Overgrowth	1		
sparse and silvery-blond scalp hair	Sparse scalp hair	HP:0002209	Sparse scalp hair	1		
Sparse eyebrows and eyelashes	Sparse eyelashes	HP:0000653	Sparse eyelashes	1		
Sparse eyebrows and eyelashes	Sparse eyebrows	HP:0045075	Sparse eyebrow	1		
Sparse eyebrows and lashes	Sparse eyebrow	HP:0045075	Sparse eyebrow	1		
Sparse Eyelashes and Eyebrows	Sparse eyelashes	HP:0000653	Sparse eyelashes	1		
Sparse eyelashes and eyebrows	Hypotrichosis	HP:0008070	Sparse hair	1		
Sparse Eyelashes and Eyebrows	Sparse eyebrows	HP:0045075	Sparse eyebrow	1		
Sparse fine wiry hair	Sparse hair	HP:0008070	Sparse hair	1		
Sparse hair and sparse eyebrows	Sparse hair	HP:0008070	Sparse hair	1		
Sparse hair and sparse eyebrows	Sparse eyebrow	HP:0045075	Sparse eyebrow	1		
Sparse hair at birth	Sparse hair	HP:0008070	Sparse hair	1		
sparse hair, eyelashes, and/or eyebrows	Sparse eyelashes	HP:0000653	Sparse eyelashes	1		
sparse hair, eyelashes, and/or eyebrows	Sparse hair	HP:0008070	Sparse hair	1		
sparse or delayed growth of pubic and/or axillary hair	Sparse body hair	HP:0002231	Sparse body hair	1		
Sparse scalp hair in infancy	Sparse scalp hair	HP:0002209	Sparse scalp hair	1		
sparse scalp hair, eyebrows, and eyelashes	Hypotrichosis	HP:0008070	Sparse hair	1		
sparse scalp hair, eyelashes, and/or eyebrows	Sparse eyelashes	HP:0000653	Sparse eyelashes	1		
sparse scalp hair, eyelashes, and/or eyebrows	Sparse scalp hair	HP:0002209	Sparse scalp hair	1		
Sparse scalp hair, particularly in the temporal regions	Sparse scalp hair	HP:0002209	Sparse scalp hair	1		
sparse subcutaneous adipose tissue	Decreased subcutaneous adipose tissue	HP:0003758	Reduced subcutaneous adipose tissue	1		
sparse to absent eyebrows and eyelashes	Sparse eyelashes	HP:0000653	Sparse eyelashes	1		
sparse to absent eyebrows and eyelashes	Sparse eyebrows	HP:0045075	Sparse eyebrow	1		
Sparse, broad medial eyebrows that taper laterally	Broad medial eyebrow	HP:0034003	Broad medial eyebrow	1		
sparse, silvery hair	Sparse hair	HP:0008070	Sparse hair	1		
Sparse, slowly growing hair of fine texture	Fine hair	HP:0002213	Fine hair	1		
Sparse, slowly growing hair of fine texture	Sparse hair	HP:0008070	Sparse hair	1		
Sparse, stubby, and lightly pigmented hair	Abnormal hair morphology	HP:0001595	Abnormal hair morphology	1		
Sparse, stubby, and lightly pigmented hair	Sparse hair	HP:0008070	Sparse hair	1		
Sparseness of lateral eyebrows	Sparse lateral eyebrows	HP:0005338	Sparse lateral eyebrow	1	HP:0005338	next:OK
Sparseness of scalp hair	Sparse scalp hair	HP:0002209	Sparse scalp hair	1		
spasmodic adductor dysphonia	Spasmodic dysphonia	HP:0012049	Laryngeal dystonia	1		
Spasms	Infantile spasms	HP:0012469	Infantile spasms	1		
Spastic grasp	Spasticity	HP:0001257	Spasticity	1		
spastic paraparesis in the lower limbs	Spastic paraparesis	HP:0002313	Spastic paraparesis	1		
Spastic paresis	Spasticity	HP:0001257	Spasticity	1		
spastic pseudobulbar syndrome	Spasticity	HP:0001257	Spasticity	1		
spasticity and weakness of the legs	Spastic paraplegia	HP:0001258	Spastic paraplegia	1		
spasticity at rest	Spasticity	HP:0001257	Spasticity	1		
Spasticity in affected limbs	Spasticity	HP:0001257	Spasticity	1		
spasticity of speech	Spastic dysarthria	HP:0002464	Spastic dysarthria	1		
spasticity of swallowing	Dysphagia	HP:0002015	Dysphagia	1		
speaking single words	Delayed speech development	HP:0000750	Delayed speech and language development	1		
specific immunodeficiency	Immunodeficiency	HP:0002721	Immunodeficiency	1		
Specific language dysfunction	Language impairment	HP:0002463	Language impairment	1		
specific learning disorders	Specific learning disability	HP:0001328	Specific learning disability	1		
Speckling of iris (Brushfield spots)	Brushfield spots	HP:0001088	Brushfield spots	1		
Speech acquisition delay	Delayed speech and language development	HP:0000750	Delayed speech and language development	1		
Speech and language delay and/or absent speech	Speech delay	HP:0000750	Delayed speech and language development	1		
speech and language delay and/or apraxia	Speech delay	HP:0000750	Delayed speech and language development	1		
speech and language delay and/or apraxia	Apraxia	HP:0002186	Apraxia	1		
speech and language disorders	Language delay	HP:0000750	Delayed speech and language development	1		
Speech development affected	Speech delay	HP:0000750	Delayed speech and language development	1		
speech dyspraxia	Apraxia of speech	HP:0011098	Speech apraxia	1		
Speech/language delay in females	Speech delay	HP:0000750	Delayed speech and language development	1		
sphenoid dysplasia	Sphenoid wing dysplasia	HP:6001124	Sphenoid wing dysplasia	1		
Spherocytes	Spherocytosis	HP:0004444	Spherocytosis	1		
spina bifida occulta of sacral spine	Spina bifida occulta	HP:0003298	Spina bifida occulta	1		
Spinal cord syrinx	Syringomyelia	HP:0003396	Syringomyelia	1		
Spinal cord thinning	Spinal cord atrophy	HP:0006827	Atrophy of the spinal cord	1	HP:0006827	next:OK
spinal cord volume loss	Abnormality of the spinal cord	HP:0002143	Abnormal spinal cord morphology	1		
Spinal kyphosis	Kyphosis	HP:0002808	Kyphosis	1		
Spinal lipomatosis	Spinal lipoma	HP:6000590	Spinal lipoma	1		
Spinal malformation	Abnormality of the spine	HP:0000925	Abnormality of the vertebral column	1		
Spinal scoliosis	Scoliosis	HP:0002650	Scoliosis	1		
spine and/or hip pain	Back pain	HP:0003418	Back pain	1		
spine and/or hip pain	Hip pain	HP:0030838	Hip pain	1		
spleen deposits	Abnormality of the spleen	HP:0001743	Abnormality of the spleen	1		
Spleen hypertrophy	Splenomegaly	HP:0001744	Splenomegaly	1		
splenic hypoplasia	Hypoplastic spleen	HP:0006270	Hypoplastic spleen	1		
Splenic overgrowth	Splenomegaly	HP:0001744	Splenomegaly	1		
Splenogonadal/pancreas fusion	Splenogonadal fusion	HP:0025410	Splenogonadal fusion	1		
Splitting and elevation of outer retina and retinal pigment epithelial layer	Retinal detachment	HP:0000541	Retinal detachment	1		
Spondyloepiphyseal abnormalities	Spondyloepiphyseal dysplasia	HP:0002655	Spondyloepiphyseal dysplasia	1		
spontaneous amputation of digits	Autoamputation of digits	HP:0007460	Autoamputation of digits	1		
Spontaneous bruising	Easy bruising	HP:0000978	Bruising susceptibility	1		
Spontaneous CNS hemorrhage	Intracranial hemorrhage	HP:0002170	Intracranial hemorrhage	1		
spontaneous dental abscesses	Dental abscess	HP:0030757	Tooth abscess	1		
spontaneous dissections of medium-sized arteries	Arterial dissection	HP:0005294	Arterial dissection	1		
Spontaneous ecchymoses	Ecchymosis	HP:0031364	Ecchymosis	1		
spontaneous intestinal perforations	Intestinal perforation	HP:0031368	Intestinal perforation	1		
Spontaneous joint bleeding	Hemarthrosis	HP:0005261	Joint hemorrhage	1		
Spontaneous joint bleeds	Hemarthrosis	HP:0005261	Joint hemorrhage	1		
spontaneous myoclonus	Myoclonus	HP:0001336	Myoclonus	1		
spontaneous remission of dystonia	Dystonia	HP:0001332	Dystonia	1		
spontaneous remission of parkinsonism	Parkinsonism	HP:0001300	Parkinsonism	1		
Spontaneous retinal detachment	Retinal detachment	HP:0000541	Retinal detachment	1		
Spotty alopecia	Patchy alopecia	HP:0002232	Patchy alopecia	1		
Spotty hypotrichosis	Hypotrichosis	HP:0008070	Sparse hair	1		
Sprengel scapular anomaly	Sprengel anomaly	HP:0000912	Sprengel anomaly	1		
Spur- like downward projection at the acetabular roof	Acetabular spur	HP:0010454	Acetabular spurs	1	HP:0010454	next:OK
Spur-like, downward projections at acetabula	Short upper lip	HP:0000188	Short upper lip	1		
spurlike downward projections at the acetabulae	Shallow acetabulae	HP:0003182	Shallow acetabular fossae	1		
Spurs at the acetabular margins	Acetabular spurs	HP:0010454	Acetabular spurs	1		
Square jaw with retruded maxilla	Maxillary hypoplasia	HP:0000327	Hypoplasia of the maxilla	1		
square short pelvis	Square pelvis	HP:0003278	Square pelvis bone	1		
squared metacarpal epiphyses	Abnormal metacarpal epiphysis morphology	HP:0005913	Abnormal metacarpal epiphysis morphology	1		
Stahl deformity of the ear	Stahl ear	HP:0100015	Stahl ear	1		
Startle-like myoclonus	Myoclonus	HP:0001336	Myoclonus	1		
Stature short for mid-parental height	Short stature	HP:0004322	Short stature	1		
status myoclonicus	Myoclonus	HP:0001336	Myoclonus	1		
Steep short base of skull	Short neck	HP:0000470	Short neck	1		
Stellate pattern in the iris	Brushfield spots	HP:0001088	Brushfield spots	1		
stellate/lacy iris pattern	Stellate iris	HP:0012775	Stellate iris	1		
Steno-occlusive cerebral arteriopathy	Stenosis of cerebral arteries	HP:0012492	Cerebral artery stenosis	1		next:AUTRE Cerebral artery occlusion ?
Stenosis of bronchial tree	Bronchial stenosis	HP:6001383	Bronchial stenosis	1		
stenosis of the auditory canals	External auditory canal stenosis	HP:0000402	Stenosis of the external auditory canal	1		
Stenosis of the cervical and lumbar spinal canal	Spinal canal stenosis	HP:0003416	Spinal canal stenosis	1		
Stenosis of the cervical spine	Spinal stenosis	HP:0003416	Spinal canal stenosis	1		
Stenosis of the external ear canal	External auditory canal stenosis	HP:0000402	Stenosis of the external auditory canal	1		
Stenotic bronchi	Bronchial stenosis	HP:6001383	Bronchial stenosis	1		
Stenotic external canals	Stenosis of external auditory canal	HP:0000402	Stenosis of the external auditory canal	1	HP:0000402	next:OK
Stenotic trachea	Tracheal stenosis	HP:0002777	Tracheal stenosis	1		
Stereotypic movements	Neurogenic bladder	HP:0000011	Neurogenic bladder	1		
Stereotypies	Self-injurious behavior	HP:0100716	Self-injurious behavior	1		
Sterile pyrexias	Pyrexia	HP:0001945	Fever	1		
sterility	Infertility	HP:0000789	Infertility	1		
Sternal deformity	Abnormality of the sternum	HP:0000766	Abnormal sternum morphology	1		
Stiff and wide-based gait	Abnormal gait	HP:0001288	Gait disturbance	1		
Stiff, straight spine	Spinal rigidity	HP:0003306	Spinal rigidity	1		
stiff, tapered fingers	Tapered fingers	HP:0001182	Tapered finger	1		next:AUTRE Stiff finger ?
Stiffening of the body	Muscle rigidity	HP:0002063	Rigidity	1		
stiffening of the connective tissues	Stiff skin	HP:0030053	Stiff skin	1		
Stiffness following startle	Muscle stiffness	HP:0003552	Muscle stiffness	1		
stimulus sensitive myoclonic jerks	Myoclonus	HP:0001336	Myoclonus	1		
Stimulus-induced drop attacks	Drop attack	HP:0010819	Atonic seizure	1		
strabismus in primary gaze	Strabismus	HP:0000486	Strabismus	1		
Straight femora	Abnormal femur morphology	HP:0002823	Abnormal femur morphology	1		
Strawberry hemangiomata	Hemangioma	HP:0001028	Hemangioma	1		
Streaks of hypopigmentation	Hypopigmentation	HP:0001010	Hypopigmentation of the skin	1		
Streaky osteoporosis	Osteoporosis	HP:0000939	Osteoporosis	1		
Striated ichthyosiform hyperkeratosis	Ichthyosis	HP:0008064	Ichthyosis	1		
stridor and respiratory distress	Respiratory distress	HP:0002098	Respiratory distress	1		
stridor and respiratory distress	Stridor	HP:0010307	Stridor	1		
Stridor, laryngomalacia, and obstructive sleep apnea	Laryngomalacia	HP:0001601	Laryngomalacia	1		
Stridor, laryngomalacia, and obstructive sleep apnea	Stridor	HP:0010307	Stridor	1		
Striking hypertrichosis at birth	Hypertrichosis	HP:0000998	Hypertrichosis	1		
Striking metaphyseal widening of the tubular bones	Metaphyseal widening	HP:0003016	Metaphyseal widening	1		
Striking shortness of the long tubular bones	Short tubular bones	HP:0003026	Short long bone	1		
Strongly succinate dehydrogenase-reactive blood vessels	Abnormality of the blood vessels	HP:0002597	Abnormality of the vasculature	1	NON	next:NON
Structural abnormalities of the cerebellum	Cerebellar hypoplasia	HP:0001321	Cerebellar hypoplasia	1		
structural anomalies of the kidney and urinary tract	Abnormality of the kidney	HP:0000077	Abnormality of the kidney	1		
structural anomalies of the kidney and urinary tract	Abnormality of the urinary system	HP:0000079	Abnormality of the urinary system	1		
structural anomalies of the posterior fossa	Abnormality of the posterior fossa	HP:0000932	Abnormal posterior cranial fossa morphology	1		
structural brain abnormalities	Abnormality of brain morphology	HP:0012443	Abnormal brain morphology	1		
Structural cardiac abnormalities	Congenital heart defects	HP:0001627	Abnormal heart morphology	1		
Structural cardiac anomalies	Congenital heart defect	HP:0001627	Abnormal heart morphology	1		
structural defects (corpus callosum hypoplasia)	Hypoplasia of the corpus callosum	HP:0002079	Hypoplasia of the corpus callosum	1		
Structural defects of brain development	Abnormality of brain morphology	HP:0012443	Abnormal brain morphology	1		
Structural errors of cortical and cerebellar neuronal migration	Abnormal neuronal migration	HP:0002269	Abnormality of neuronal migration	1		
Structural eye anomalies	Abnormality of the eye	HP:0000478	Abnormality of the eye	1		
Structural renal abnormalities	Abnormality of the kidney	HP:0000077	Abnormality of the kidney	1		
Structural renal abnormalities	Abnormality of the urinary system	HP:0000079	Abnormality of the urinary system	1		
Struggling to breathe	Respiratory distress	HP:0002098	Respiratory distress	1		
Stubby hands and feet	Short feet	HP:0001773	Short foot	1		
stumbling	Gait disturbance	HP:0001288	Gait disturbance	1		
stumbling	Gait ataxia	HP:0002066	Gait ataxia	1		
Stunted growth	Short stature	HP:0004322	Short stature	1		
stuporous	Stupor	HP:0001259	Coma	1		
stuttering speech	Stuttering	HP:0025268	Stuttering	1		
subacute onset of dysarthria	Dysarthria	HP:0001260	Dysarthria	1		
subclinical involvement of distal muscles	Distal lower limb muscle weakness	HP:0009053	Distal lower limb muscle weakness	1		
Subclinical seizures	Seizures	HP:0001250	Seizure	1		
subcortical and subtle cortical astrocytic gliosis	Astrocytosis	HP:0002446	Astrocytosis	1		
Subcortical bifrontal white matter foci	White matter abnormality	HP:0002500	Abnormal cerebral white matter morphology	1	HP:0002500	next:OK
Subcortical white matter hyperintensities	White matter hyperintensity	HP:0030890	Hyperintensity of cerebral white matter on MRI	1		
Subcutaneous calcifications of skin	Subcutaneous calcification	HP:0007618	Subcutaneous calcification	1		
Subcutaneous edema	Edema	HP:0000969	Edema	1		
Subcutaneous lipoma(s) in the frontotemporal region	Lipoma	HP:0012032	Lipoma	1		
subcutaneous lipomas outside the craniofacial areas	Subcutaneous lipoma	HP:0001031	Subcutaneous lipoma	1		
Subcutaneous masses over the scalp, neck, and trunk	Subcutaneous nodules	HP:0001482	Subcutaneous nodule	1		
Subcutaneous nodules may be large and calcified	Subcutaneous nodules	HP:0001482	Subcutaneous nodule	1		
Subfertility in males	Myoclonus	HP:0001336	Myoclonus	1		
Subglottal stenosis	Subglottic stenosis	HP:0001607	Subglottic stenosis	1		
Subglottic tracheal narrowing	Subglottic stenosis	HP:0001607	Subglottic stenosis	1		
Subluxation of hip and knee joints	Hip subluxation	HP:0030043	Hip subluxation	1		
Subluxation of the radius	Radial head subluxation	HP:0003048	Radial head subluxation	1		
Subluxations	Joint subluxation	HP:0032153	Joint subluxation	1		
Subluxed elbows, wrists, and knees	Joint subluxation	HP:0032153	Joint subluxation	1		
Submandibular branchial cysts	Branchial cyst	HP:0009796	Branchial cyst	1		
Submucous cleft	Submucous cleft palate	HP:5201016	Submucous cleft palate	1		
Subnormal electroretinogram and visual evoked potential	Abnormal electroretinogram	HP:0000512	Abnormal electroretinogram	1		
Subnormal range of intelligence	Intellectual disability	HP:0001249	Intellectual disability	1		
subnormal weight	Low body weight	HP:0004325	Decreased body weight	1		
suboptimal growth	Failure to thrive	HP:0001508	Failure to thrive	1		
Subperiosteal cortical hyperostosis of the clavicles	Hyperostosis	HP:0100774	Hyperostosis	1		
Subperiosteal cortical hyperostosis of the diaphyses of the long bones	Hyperostosis	HP:0100774	Hyperostosis	1		
Subperiosteal cortical hyperostosis of the mandible	Hyperostosis	HP:0100774	Hyperostosis	1		
Subperiosteal cortical hyperostosis of the ribs	Hyperostosis	HP:0100774	Hyperostosis	1		
Subperiosteal cortical hyperostosis of the scapulae	Hyperostosis	HP:0100774	Hyperostosis	1		
Subsymphyseal epispadias	Epispadias	HP:0000039	Epispadias	1		
subtle axial hypotonia	Hypotonia	HP:0001252	Hypotonia	1		
subtle change in gait	Abnormality of gait	HP:0001288	Gait disturbance	1	HP:0001288	next:OK
subtle changes in coordination	Abnormality of coordination	HP:0011443	Abnormality of coordination	1		
subtle changes in eye movements	Abnormality of eye movements	HP:0000496	Abnormality of eye movement	1	HP:0000496	next:OK
Subtle cognitive impairment	Intellectual disability	HP:0001249	Intellectual disability	1		
Subtle dysmorphic facial features, including mild coarseness	Coarse facial features	HP:0000280	Coarse facial features	1		
Subtle dysmorphic features in several individuals: ptosis, blepharophimosis, broad nasal bridge, hypertelorism, full nasal tip, and a high arched palate	Ptosis	HP:0000508	Ptosis	1		
Subtle dysmorphic features in several individuals: ptosis, blepharophimosis, broad nasal bridge, hypertelorism, full nasal tip, and a high arched palate	Blepharophimosis	HP:0000581	Blepharophimosis	1		
Subtle lengthening of the face	Long face	HP:0000276	Long face	1		
subtle neurocognitive impairment	Intellectual disability	HP:0001249	Intellectual disability	1		
subtle seizures with behavioral arrest	Absence seizures	HP:0002121	Generalized non-motor (absence) seizure	1		
Subtle shortness primarily of the middle phalanges	Short middle phalanx of finger	HP:0005819	Short middle phalanx of finger	1		
subtle skeletal abnormalities	Abnormality of skeletal system	HP:0000924	Abnormality of the skeletal system	1	HP:0000924	next:OK
subtle white matter changes	Abnormality of white matter	HP:0002500	Abnormal cerebral white matter morphology	1	HP:0002500	next:OK
Suck/swallowing disorders	Swallowing difficulty	HP:0002015	Dysphagia	1		
Sucking and swallowing problems in infancy	Feeding difficulties	HP:0011968	Feeding difficulties	1		
Sucking/feeding difficulties	Feeding difficulties	HP:0011968	Feeding difficulties	1		
Sucking/feeding difficulty	Feeding difficulties	HP:0011968	Feeding difficulties	1		
Sudden onset of clumsy gait	Ataxia	HP:0001251	Ataxia	1		
Sudden unexpected cardiac death	Sudden cardiac death	HP:0001645	Sudden cardiac death	1		
sudden unexplained death	Sudden cardiac death	HP:0001645	Sudden cardiac death	1		
suggestive facial dysmorphisms	Dysmorphic facial feature	HP:0001999	Abnormal facial shape	1	HP:0001999	next:OK
sun-sensitive rash	Photosensitivity	HP:0000992	Cutaneous photosensitivity	1		
sun-sensitive, erythematous rash	Photosensitivity	HP:0000992	Cutaneous photosensitivity	1		
Superficial corneal clouding	Corneal clouding	HP:0007957	Corneal opacity	1		
supernumerary carpal and tarsal bones	Supernumerary tarsal bone	HP:6000593	Supernumerary tarsal bone	1		
Supernumerary digit branching from metacarpal IV	Polydactyly	HP:0010442	Polydactyly	1		
supernumerary preaxial digit	Polydactyly	HP:0010442	Polydactyly	1		
Supernumerary upper lateral incisors	Supernumerary teeth	HP:0011069	Supernumerary tooth	1		
Supra-aortic arch anomalies	Abnormality of the aortic arch	HP:0012303	Abnormal aortic arch morphology	1		
Supra-auricular sinuses	Preauricular sinus	HP:0004467	Preauricular pit	1		
Supraacetabular lateral notches	Abnormal acetabulum morphology	HP:0003170	Abnormal acetabulum morphology	1		
supranuclear facial palsy	Supranuclear gaze palsy	HP:0000605	Supranuclear gaze palsy	1		
Supraspinal hypotonia	Hypotonia	HP:0001252	Hypotonia	1		
supraventricular arrythmia	Supraventricular arrhythmia	HP:0005115	Supraventricular arrhythmia	1		
susceptibility to caries	Dental caries	HP:0000670	Carious teeth	1		
sustained clonus of the lower limbs	Clonus	HP:0002169	Clonus	1		
Sutural closure is markedly delayed	Delayed closure of fontanelles	HP:0000270	Delayed cranial suture closure	1		
Swallow and phonation disorders	Dysphonia	HP:0001618	Dysphonia	1		
Swallow and phonation disorders	Swallowing difficulty	HP:0002015	Dysphagia	1		
swallowing deficits	Dysphagia	HP:0002015	Dysphagia	1		
swallowing disturbance	Swallowing difficulty	HP:0002015	Dysphagia	1		
Swallowing insufficiency	Swallowing difficulty	HP:0002015	Dysphagia	1		
Swallowing issues	Dysphagia	HP:0002015	Dysphagia	1		
Swallowing issues / aspiration	Dysphagia	HP:0002015	Dysphagia	1		
Swallowing problems	Dysphagia	HP:0002015	Dysphagia	1		
sweaty feet odor	Trimethylaminuria	HP:0003614	Trimethylaminuria	1		
Swelling and decreased range of motion of the interphalangeal joints	Joint swelling	HP:0001386	Joint swelling	1		
Swelling of submandibular and cervical lymph nodes	Lymphadenopathy	HP:0002716	Lymphadenopathy	1		
swelling of the joints in the extremities	Swelling of the joints	HP:0001386	Joint swelling	1	HP:0001386	next:OK
swelling of the joints of the extremities	Swelling of the joints	HP:0001386	Joint swelling	1	HP:0001386	next:OK
swellings in muscles, tendons, aponeuroses, and fasciae	Heterotopic ossification	HP:0011986	Ectopic ossification	1		
swollen skin	Edema	HP:0000969	Edema	1		
Symmetric amyotrophy of the small muscles of hands and feet	Muscle atrophy of hand	HP:0009130	Hand muscle atrophy	1		next:AUTRE Amyotrophy of the small muscles of the hands and feet ?
Symmetric atrophy and wasting of proximal limb and trunk muscles	Muscle atrophy	HP:0003202	Skeletal muscle atrophy	1		
symmetric generalized muscle weakness	Muscle weakness	HP:0001324	Muscle weakness	1		
Symmetric painless swelling of the cheeks	Facial swelling	HP:0000282	Facial edema	1		
symmetric spastic tetraparesis	Spastic tetraparesis	HP:0001285	Spastic tetraparesis	1		
symmetric T2 hyperintensities involving the basal ganglia, thalami, and cerebellar dentate nuclei	Abnormality of the basal ganglia	HP:0002134	Abnormal basal ganglia morphology	1		
symmetric T2 hyperintensities involving the basal ganglia, thalami, and cerebellar dentate nuclei	Abnormality of the thalamus	HP:0010663	Abnormal thalamus morphology	1		
symmetric T2-weighted and FLAIR hyperintensities in the caudate and putamen	Abnormality of the caudate nucleus	HP:0002339	Abnormal caudate nucleus morphology	1		
symmetric weakness	Proximal muscle weakness	HP:0003701	Proximal muscle weakness	1		
Symmetric, predominantly high-frequency sensorineural hearing loss (SNHL) that is progressive across all frequencies	Sensorineural hearing impairment	HP:0000407	Sensorineural hearing impairment	1		
symmetrical joint stiffness	Joint stiffness	HP:0001387	Joint stiffness	1		
Symmetrical severe syndactyly of the feet	Syndactyly of feet	HP:0001770	Toe syndactyly	1		
Symphalangism with missing interphalangeal creases	Absent interphalangeal creases	HP:0006109	Absent phalangeal crease	1		
Symptomatic bradyarrhythmias requiring cardiac pacemakers	Bradycardia	HP:0001662	Bradycardia	1		
symptomatic bradycardia	Bradycardia	HP:0001662	Bradycardia	1		
symptomatic optic glioma	Optic glioma	HP:0009734	Optic nerve glioma	1		
symptomatic spinal neurofibromas	Spinal neurofibroma	HP:0009735	Spinal neurofibroma	1		
Synchronous spikes on EEG	Abnormal EEG	HP:0002353	EEG abnormality	1		
syncopal episodes	Syncope	HP:0001279	Syncope	1		
Syndactyly between index and middle fingers	Syndactyly of fingers	HP:0006101	Finger syndactyly	1	HP:0006101	next:OK
Syndactyly between second and third toes	Syndactyly of toes	HP:0001770	Toe syndactyly	1		
syndactyly between thumb and index finger	Syndactyly of fingers	HP:0006101	Finger syndactyly	1	HP:0006101	next:OK
Syndactyly III/IV/V in homozygous individuals	Syndactyly of fingers	HP:0006101	Finger syndactyly	1	HP:0006101	next:OK
syndactyly of all fingers and nail fusion	Abnormality of the nail	HP:0001597	Abnormal nail morphology	1		
Syndactyly of fingers and toes	Syndactyly	HP:0001159	Syndactyly	1		
Syndactyly of fingers and toes	Syndactyly of toes	HP:0001770	Toe syndactyly	1		
Syndactyly of fingers and/or toes	Syndactyly	HP:0001159	Syndactyly	1		
syndactyly of fingers II/III	Syndactyly of fingers	HP:0006101	Finger syndactyly	1	HP:0006101	next:OK
syndactyly of fingers II–III and III–IV	Syndactyly of fingers	HP:0006101	Finger syndactyly	1	HP:0006101	next:OK
Syndactyly of fourth and fifth fingers	Syndactyly of fingers	HP:0006101	Finger syndactyly	1	HP:0006101	next:OK
Syndactyly of second and third fingers	Syndactyly of fingers	HP:0006101	Finger syndactyly	1	HP:0006101	next:OK
syndactyly of the digits	Syndactyly	HP:0001159	Syndactyly	1		
syndactyly of the hands and feet	Syndactyly of foot	HP:0001770	Toe syndactyly	1	HP:0001159	next:AUTRE Syndactyly
syndactyly of the remaining digits	Syndactyly	HP:0001159	Syndactyly	1		
Syndactyly of the second and third fingers	Syndactyly of fingers	HP:0006101	Finger syndactyly	1	HP:0006101	next:OK
Syndactyly of the third and fourth finger	Syndactyly of fingers	HP:0006101	Finger syndactyly	1	HP:0006101	next:OK
Syndactyly of the third and fourth toe	Syndactyly of toes	HP:0001770	Toe syndactyly	1		
Syndactyly of the ulnar ray	Syndactyly	HP:0001159	Syndactyly	1		
Syndactyly of third and fourth fingers	Syndactyly of fingers	HP:0006101	Finger syndactyly	1	HP:0006101	next:OK
Syndactyly of third and fourth toes	Syndactyly of toes	HP:0001770	Toe syndactyly	1		
syndactyly of toes 2 and 3	Syndactyly of toes	HP:0001770	Toe syndactyly	1		
syndactyly of toes 2-3 and/or 4-5	Syndactyly of toes	HP:0001770	Toe syndactyly	1		
syndactyly of toes III–IV	Syndactyly of toes	HP:0001770	Toe syndactyly	1		
Synkinesia	Synkinesis	HP:0034980	Synkinesis	1		
Synonychia	Anonychia	HP:0001798	Anonychia	1		
Synostosis of multiple sutures	Craniosynostosis	HP:0001363	Craniosynostosis	1		
synostosis of other sutures	Craniosynostosis	HP:0001363	Craniosynostosis	1		
Synostosis of sagittal, metopic, coronal, and lambdoid sutures	Craniosynostosis	HP:0001363	Craniosynostosis	1		
Synostosis of talus, calcaneus, cuboid, and navicular bones	Tarsal synostosis	HP:0008368	Tarsal synostosis	1		
Synostosis/malformation of tarsals	Tarsal synostosis	HP:0008368	Tarsal synostosis	1		
Syringomyelia-like neuropathy	Syringomyelia	HP:0003396	Syringomyelia	1		
Systemic bone infarctions	Bone infarction	HP:0010885	Avascular necrosis	1		
T2 hyperintense signal in the basal ganglia, especially putamen and globus pallidus (88% of affected individuals)	Abnormality of the basal ganglia	HP:0002134	Abnormal basal ganglia morphology	1		
T2 hyperintensity in the basal ganglia	Abnormality of the basal ganglia	HP:0002134	Abnormal basal ganglia morphology	1		
T2-weighted hyperintensities in the basal ganglia and brain stem	Abnormality of the basal ganglia	HP:0002134	Abnormal basal ganglia morphology	1		
tachyarrhythmias	Tachycardia	HP:0001649	Tachycardia	1		
Tall stature in childhood	Tall stature	HP:0000098	Tall stature	1		
Talon cusps of teeth	Talon cusp	HP:0011087	Talon cusp	1		
Talon cusps on maxillary incisors	Talon cusp	HP:0011087	Talon cusp	1		
Tanner stage I breast development	Delayed puberty	HP:0000823	Delayed puberty	1		
Tanner stage I-II genitalia	Delayed puberty	HP:0000823	Delayed puberty	1		
Tanner stage II-III pubic hair	Delayed puberty	HP:0000823	Delayed puberty	1		
Tapered, fused, or missing ribs	Rib hypoplasia	HP:0000773	Short ribs	1		
Tapered, fused, or missing ribs	Fused ribs	HP:0000902	Rib fusion	1		
tapering fifth finger	Tapering finger	HP:0001182	Tapered finger	1	HP:0001182	next:OK
tarsal ossification delay	Delayed tarsal ossification	HP:0008103	Delayed tarsal ossification	1		
Tarsal synostoses	Tarsal synostosis	HP:0008368	Tarsal synostosis	1		
Taurodontism and malformations of cusps	Taurodontism	HP:0000679	Taurodontia	1		
tear deficiency	Dry eyes	HP:0001097	Keratoconjunctivitis sicca	1		
tearing during oral feeding	Feeding difficulties	HP:0011968	Feeding difficulties	1		
Teeth abnormalities	Abnormality of the dentition	HP:0000164	Abnormality of the dentition	1		
telangiectasias of face and hands	Facial telangiectasia	HP:0007380	Facial telangiectasia	1		
Telangiectasis	Telangiectasia	HP:0001009	Telangiectasia	1		
telangiectatic capillaries	Telangiectasia	HP:0001009	Telangiectasia	1		
Telangiectatic erythema of hands and forearms	Telangiectasia	HP:0001009	Telangiectasia	1		
Telangiectatic retinal vessels	Retinal telangiectasia	HP:0007763	Retinal telangiectasia	1		
Temperature dysregulation	Episodic fever	HP:0001954	Recurrent fever	1		
Temporal bone abnormalities on CT scan	Abnormality of the temporal bone	HP:0009911	Abnormal temporal bone morphology	1		
Temporomandibular joint fibrosis and ankylosis	Temporomandibular joint ankylosis	HP:0012478	Temporomandibular joint ankylosis	1		
Temporoparietal linear nevus	Linear nevus sebaceous	HP:0010817	Linear nevus sebaceous	1		
tendency to overheat	Heat intolerance	HP:0002046	Heat intolerance	1		
tendency toward being overweight	Overweight	HP:0025502	Overweight	1		
Tendency toward excess sweating	Hyperhidrosis	HP:0000975	Hyperhidrosis	1		
tendency towards obesity	Obesity	HP:0001513	Obesity	1		
terminal broadening of the phalanges	Broad distal phalanges	HP:0009836	Broad distal phalanx of finger	1		
Tethered skin in the sacrococcygeal region	Sacral dimple	HP:0000960	Sacral dimple	1		
thenar wasting	Thenar muscle atrophy	HP:0003393	Thenar muscle atrophy	1		
thick and broad medial eyebrows	Broad medial eyebrows	HP:0034003	Broad medial eyebrow	1	HP:0034003	next:OK
Thick and relatively dry skin	Dry skin	HP:0000958	Dry skin	1		
thick armor-like plates of cornified skin	Hyperkeratosis	HP:0000962	Hyperkeratosis	1		
thick bony wedge over the bridge of the nose and glabella	Prominent glabella	HP:0002057	Prominent glabella	1		
Thick head hair	Thick hair	HP:0100874	Thick hair	1		
thick heterotopic band	Subcortical band heterotopia	HP:0032409	Subcortical band heterotopia	1		
thick horizontal low-set eyebrows	Low-set ears	HP:0000369	Low-set ears	1		
thick horizontal low-set eyebrows	Abnormality of the eyebrow	HP:0000534	Abnormal eyebrow morphology	1		
Thick patulous lips	Thick lips	HP:0012471	Thick vermilion border	1		
Thick scalp hair	Hypertrichosis	HP:0000998	Hypertrichosis	1		
Thick vermilion	Thick vermilion border	HP:0012471	Thick vermilion border	1		
Thick vermilion of lips	Thick vermilion border	HP:0012471	Thick vermilion border	1		
thick vermilion of the upper and low lips	Thick lower lip vermilion	HP:0000179	Thick lower lip vermilion	1		
thick vermilion of the upper and low lips	Thick vermilion border	HP:0012471	Thick vermilion border	1		
Thick, dense, fragile bone	Osteosclerosis	HP:0011001	Increased bone mineral density	1		
Thick, doughy subcutaneous tissue	Thick skin	HP:0001072	Thickened skin	1		
Thick, relatively tight skin during early infancy	Thick skin	HP:0001072	Thickened skin	1		
Thick, undersegmented sternum	Sternal cleft	HP:0010309	Bifid sternum	1		
thick, vernix caseosa-like scale	Hyperkeratosis	HP:0000962	Hyperkeratosis	1		
thickened cortical bone	Osteosclerosis	HP:0011001	Increased bone mineral density	1		
thickened skin around earlobes	Thickened skin	HP:0001072	Thickened skin	1		
Thickened soft tissue of the neck	Webbed neck	HP:0000465	Webbed neck	1		
Thickened waxy skin	Thickened skin	HP:0001072	Thickened skin	1		
Thickened, anteverted eyelids	Eyelid edema	HP:0100540	Palpebral edema	1		
Thickened, irregularly structured, poorly demarcated cortices	Abnormality of cortical bone	HP:0003103	Abnormal cortical bone morphology	1		
Thickening and sclerosis of cranial base and vault	Sclerosis of the skull	HP:0004330	Increased skull ossification	1	HP:0004330	next:OK
Thickening and sclerosis of the calvarium	Calvarial thickening	HP:0002684	Thickened calvaria	1		
Thickening and sclerosis of the calvarium and base of the skull	Sclerosis of the skull	HP:0004330	Increased skull ossification	1	HP:0004330	next:OK
Thickening and sclerosis of the medial, bowed diaphyseal cortices	Bowed long bones	HP:0006487	Bowing of the long bones	1		
Thickening of calvarium	Thickened calvarium	HP:0002684	Thickened calvaria	1		
thickening of mitral and/or aortic valve leaflets	Abnormality of the mitral valve	HP:0001633	Abnormal mitral valve morphology	1		
thickening of mitral and/or aortic valve leaflets	Abnormality of the aortic valve	HP:0001646	Abnormal aortic valve morphology	1		
thickening of the calvarium	Hyperostosis of the skull	HP:0004330	Increased skull ossification	1	HP:0004330	next:OK
Thickening of the calvarium and base of the skull	Thickened calvarium	HP:0002684	Thickened calvaria	1		
Thickening of the skin	Skin induration	HP:0030053	Stiff skin	1		
thimble-like middle phalanges	Short middle phalanx of finger	HP:0005819	Short middle phalanx of finger	1		
Thin adipose tissue	Decreased subcutaneous fat	HP:0003758	Reduced subcutaneous adipose tissue	1		
Thin and dense skull vault	Thickened calvarium	HP:0002684	Thickened calvaria	1		
Thin and grossly deformed long tubular bones	Abnormal long bone morphology	HP:0011314	Abnormal long bone morphology	1		
Thin and hypoplastic skin	Thin skin	HP:0000963	Thin skin	1		
thin and light hair	Hypotrichosis	HP:0008070	Sparse hair	1		
thin and/or exaggerated Cupid's bow of the vermilion of the upper lip	Thin vermilion border	HP:0000233	Thin vermilion border	1		
Thin beak-like nose with alar hypoplasia	Beaked nose	HP:0000444	Convex nasal ridge	1		
Thin body habitus in childhood	Thin body habitus	HP:0001533	Slender build	1		
Thin bow-shaped upper lip	Thin vermilion border	HP:0000233	Thin vermilion border	1		
thin corpus callosum on MRI	Thin corpus callosum	HP:0033725	Thin corpus callosum	1		
Thin enamel	Enamel hypoplasia	HP:0006297	Enamel hypoplasia	1		
Thin enamel of deciduous and permanent teeth	Enamel hypoplasia	HP:0006297	Enamel hypoplasia	1		
Thin hypomineralized bones	Osteopenia	HP:0000938	Osteopenia	1		
Thin lip vermilion	Thin vermilion border	HP:0000233	Thin vermilion border	1		
thin scalp hair	Abnormal hair morphology	HP:0001595	Abnormal hair morphology	1		
Thin shafts of long tubular bones	Thin long bones	HP:0003100	Slender long bone	1		
Thin upper vermilion	Thin upper lip	HP:0000219	Thin upper lip vermilion	1		
thin upper vermilion	Thin vermilion border	HP:0000233	Thin vermilion border	1		
thin upper vermilion border	Thin vermilion border	HP:0000233	Thin vermilion border	1		
Thin vermilion	Thin vermilion border	HP:0000233	Thin vermilion border	1		
Thin vermilion of lips	Thin vermilion border	HP:0000233	Thin vermilion border	1		
thin vermilion of the lips	Thin vermilion border	HP:0000233	Thin vermilion border	1		
Thin, hyperpigmented skin	Thin skin	HP:0000963	Thin skin	1		
Thin, inverted vermilion	Thin vermilion border	HP:0000233	Thin vermilion border	1		
Thin, irregular ribs and clavicles	Abnormal rib morphology	HP:0000772	Abnormal rib morphology	1		
Thin, irregular ribs and clavicles	Abnormal clavicle morphology	HP:0000889	Abnormal clavicle morphology	1		
Thin, protruding, simple low-set ears	Low-set ears	HP:0000369	Low-set ears	1		
thin, small, pointed nose	Narrow nose	HP:0000460	Narrow nose	1		
Thin, translucent skin with wrinkles	Thin skin	HP:0000963	Thin skin	1		
Thin, transparent, and tight skin	Thin skin	HP:0000963	Thin skin	1		
Thinning of Ribs	Rib hypoplasia	HP:0000773	Short ribs	1		
thinning of the splenium and body of the corpus callosum	Hypoplasia of the corpus callosum	HP:0002079	Hypoplasia of the corpus callosum	1		
Third cranial nerve palsy	Oculomotor nerve palsy	HP:0012246	Oculomotor nerve palsy	1		
Third-degree atrioventricular block	Third degree atrioventricular block	HP:0001709	Third degree atrioventricular block	1		
thoracic and spinal deformities	Spinal deformity	HP:0008443	Neuropathic spinal arthropathy	1	HP:0000925	next:AUTRE Abnormality of the vertebral column
Thoracic aortopathy	Aortic aneurysm	HP:0004942	Aortic aneurysm	1		
Thoracic cord atrophy	Spinal cord atrophy	HP:0006827	Atrophy of the spinal cord	1	HP:0006827	next:OK
Thoracic deformity	Abnormality of the thorax	HP:0000765	Abnormal thorax morphology	1		
Thoracic myelopathy	Myelopathy	HP:0002196	Myelopathy	1		
Thoracic paraganglioma	Paraganglioma	HP:0002668	Paraganglioma	1		
Thoracic restriction	Thoracic hypoplasia	HP:0005257	Thoracic hypoplasia	1		
thoracic spine scoliosis	Thoracic scoliosis	HP:0002943	Thoracic scoliosis	1		
Thromboembolic complications	Thromboembolism	HP:0001907	Thromboembolism	1		
Thrombosis of the dilated blood vessels with phlebolith formation	Venous malformation	HP:0012721	Venous malformation	1		
thumb anomalies	Abnormality of the thumb	HP:0001172	Abnormal thumb morphology	1		
Thumb flexed over palm	Clinodactyly of thumb	HP:0040023	Clinodactyly of the thumb	1	HP:0001181	next:AUTRE Adducted thumb
Thumb malformations	Abnormality of the thumb	HP:0001172	Abnormal thumb morphology	1		
Thumb/hallux broadening	Broad hallux	HP:0010055	Broad hallux	1		
Thumb/hallux broadening	Broad thumb	HP:0011304	Broad thumb	1		
Thumbs partially fused with index finger	Syndactyly of fingers	HP:0006101	Finger syndactyly	1	HP:0006101	next:OK
Thumbs proximally set	Proximally placed thumb	HP:0009623	Proximal placement of thumb	1	HP:0009623	next:OK Proximal placement of thumb
Thymic abnormalities	Abnormality of the thymus	HP:0000777	Abnormal thymus morphology	1		
Thymic anomalies	Abnormality of the thymus	HP:0000777	Abnormal thymus morphology	1		
Thymic aplasia/hypoplasia	Thymic hypoplasia	HP:0000778	Hypoplasia of the thymus	1		
Thymus atrophy	Thymic hypoplasia	HP:0000778	Hypoplasia of the thymus	1		
thyroid adenoma/nodule	Thyroid adenoma	HP:0000854	Thyroid adenoma	1		
thyroid and/or growth hormone deficiencies	Hypothyroidism	HP:0000821	Hypothyroidism	1		
thyroid and/or growth hormone deficiencies	Growth hormone deficiency	HP:0034323	Reduced circulating growth hormone concentration	1		
Thyroid anomalies	Thyroid dysgenesis	HP:0008188	Thyroid dysgenesis	1		
Thyroid cancer	Thyroid carcinoma	HP:0002890	Thyroid carcinoma	1		
thyroid deposits	Abnormality of the thyroid gland	HP:0000820	Abnormality of the thyroid gland	1		
Thyroid enlargement (goiter)	Goiter	HP:0000853	Goiter	1		
Thyroid hormone deficiency	Hypothyroidism	HP:0000821	Hypothyroidism	1		
Thyroid involvement	Abnormality of the thyroid gland	HP:0000820	Abnormality of the thyroid gland	1		
Tibial aplasia/hypoplasia	Hypoplastic tibia	HP:0005736	Short tibia	1		
tibial deviation of the halluces	Hallux valgus	HP:0001822	Hallux valgus	1		
tic-like movement disorder	Tic disorder	HP:0100033	Tics	1		
Tight skin	Thick skin	HP:0001072	Thickened skin	1		
tightening of the Achilles tendon	Achilles tendon contracture	HP:0001771	Achilles tendon contracture	1		
Tightly adherent, thin, translucent skin with prominent vessels	Collodion baby	HP:0007479	Congenital nonbullous ichthyosiform erythroderma	1		
Tingling in fourth and fifth digits	Paresthesia	HP:0003401	Paresthesia	1		
tiny nails	Small nails	HP:0001792	Small nail	1		
tip-toe walking	Toe walking	HP:0030051	Tip-toe gait	1		
Tone abnormalities at birth	Abnormal muscle tone	HP:0003808	Abnormal muscle tone	1		
Tongue frenulum	Ankyloglossia	HP:0010296	Ankyloglossia	1		
tongue involvement	Abnormality of the tongue	HP:0000157	Abnormality of the tongue	1		
tongue involvement	Tongue fasciculations	HP:0001308	Tongue fasciculations	1		
tongue involvement	Tongue atrophy	HP:0012473	Tongue atrophy	1		
Tongue lobulations	Dystonia	HP:0001332	Dystonia	1		
Tongue-based airway obstruction	Airway obstruction	HP:0006536	Airway obstruction	1		
Tonic neonatal cyanosis	Cyanosis	HP:0000961	Cyanosis	1		
tonic spasms	Tonic seizures	HP:0032792	Tonic seizure	1	HP:0032792	next:OK Tonic seizure
tonic-clonic epileptic seizures	Tonic-clonic seizure	HP:0002069	Bilateral tonic-clonic seizure	1	HP:0002069	next:OK Bilateral tonic-clonic seizure
tooth anomalies	Dental anomaly	HP:0000164	Abnormality of the dentition	1	HP:0000164	next:OK Abnormality of the dentition
torsade de pointes ventricular tachycardia	Torsades de pointes	HP:0001664	Torsade de pointes	1		
tortuosity and dilatation of coronary arteries	Coronary artery aneurysm	HP:0030882	Coronary artery aneurysm	1		
Tortuosity of arteries	Arterial tortuosity	HP:0005116	Arterial tortuosity	1		
tortuosity of middle-sized arteries	Arterial tortuosity	HP:0005116	Arterial tortuosity	1		
Tortuosity of retinal vessels	Abnormality of retinal vasculature	HP:0008046	Abnormal retinal vascular morphology	1	PARENT:HP:0012841	next:PARENT Retinal vascular tortuosity
Tortuosity of retinal vessels	Tortuous retinal vessels	HP:0012841	Retinal vascular tortuosity	1	HP:0012841	next:OK Retinal vascular tortuosity
Tortuosity of vessels	Vascular tortuosity	HP:0004948	Vascular tortuosity	1		
Tortuous vascularity involving brain and retinal vasculature	Vascular tortuosity	HP:0004948	Vascular tortuosity	1		
Total alopecia	Alopecia universalis	HP:0002289	Alopecia universalis	1		
total blindness	Blindness	HP:0000618	Blindness	1		
Tough and thick skin	Thick skin	HP:0001072	Thickened skin	1		
Tracheal abnormalities	Abnormality of the trachea	HP:0002778	Abnormal tracheal morphology	1		
tracheal distortion	Tracheal stenosis	HP:0002777	Tracheal stenosis	1		
tracheo- and bronchomalacia	Tracheomalacia	HP:0002779	Tracheomalacia	1		
tracheo- and bronchomalacia	Bronchomalacia	HP:0002780	Bronchomalacia	1		
tracheo-/bronchomalacia	Tracheomalacia	HP:0002779	Tracheomalacia	1		
tracheo-/bronchomalacia	Bronchomalacia	HP:0002780	Bronchomalacia	1		
Tracheomalacia caused by extrinsic vascular compression	Tracheomalacia	HP:0002779	Tracheomalacia	1		
Transient blindness	Cortical blindness	HP:0100704	Cerebral visual impairment	1		
transient bradycardia	Bradycardia	HP:0001662	Bradycardia	1		
transient but recurrent hypocalcemia	Hypocalcemia	HP:0002901	Hypocalcemia	1		
Transient cardiomyopathy with noncompaction	Left ventricular noncompaction	HP:0030682	Left ventricular noncompaction	1		
Transient feeding difficulties	Feeding difficulties in infancy	HP:0008872	Feeding difficulties in infancy	1		
transient focal neurologic episodes	Transient ischemic attack	HP:0002326	Transient ischemic attack	1		
Transient growth retardation during early childhood	Short stature	HP:0004322	Short stature	1		
Transient hearing loss	Male infertility	HP:0003251	Male infertility	1		
transient intrahepatic cholestasis	Cholestasis	HP:0001396	Cholestasis	1		
transient liver involvement	Abnormality of the liver	HP:0001392	Abnormality of the liver	1		
Transient neonatal hypoglycemia	Neonatal hypoglycemia	HP:0001998	Neonatal hypoglycemia	1		
transient QT interval prolongation	Prolonged QT interval	HP:0001657	Prolonged QT interval	1		
Transient sensory symptoms and hand pain	Pain	HP:0012531	Pain	1		
transient unilateral loss of function	Hemiparesis	HP:0001269	Hemiparesis	1		
transient weakness in motor development	Motor delay	HP:0001270	Motor delay	1		
Translucent and redundant facial skin	Redundant skin	HP:0001582	Redundant skin	1		
transposition of the large vessels	Transposition of the great arteries	HP:0001669	Transposition of the great arteries	1		
traumatic hyphema complications	Hyphema	HP:0011886	Hyphema	1		
tremulous cervical dystonia	Cervical dystonia	HP:0000473	Torticollis	1		
Tremulous movement of the limbs	Tremor	HP:0001337	Tremor	1		
tremulous movements	Tremor	HP:0001337	Tremor	1		
Tremulousness in early neonatal period	Tremor	HP:0001337	Tremor	1		
Tremulousness of the limbs	Tremor	HP:0001337	Tremor	1		
triangular facial appearance	Triangular face	HP:0000325	Triangular face	1		
Triangular facies frequency	Triangular face	HP:0000325	Triangular face	1		
Triangular ossification defect above acetabulum	Abnormality of the acetabulum	HP:0003170	Abnormal acetabulum morphology	1		
Triangular ossification defect above lateral aspect of acetabulum	Abnormality of the acetabulum	HP:0003170	Abnormal acetabulum morphology	1		
Triangular shape to nasal tip	Triangular face	HP:0000325	Triangular face	1		
triangular thorax	Small thorax	HP:0005257	Thoracic hypoplasia	1		
triangularization of carpal bones	Abnormality of the carpal bones	HP:0001191	Abnormal carpal morphology	1		
triangularization of distal radial epiphysis	Abnormality of the distal radial epiphysis	HP:0010597	Abnormality of the distal radial epiphysis	1		
triangularization of the distal carpal row	Carpal bone fusion	HP:0009702	Carpal synostosis	1		
Trident appearance	Trident hand	HP:0004060	Trident hand	1		
Trident appearance of the hands	Trident hand	HP:0004060	Trident hand	1		
Trident configuration of acetabula	Trident acetabulum	HP:0034374	Trident acetabulum	1		
Trident configuration of the pelvis, lacy iliac wings	Trident pelvis	HP:0034044	Trident pelvis	1		
Trigger digits	Trigger finger	HP:0012276	Digital flexor tenosynovitis	1		
Trigger thumb	Trigger finger	HP:0012276	Digital flexor tenosynovitis	1		
Trigonal hypoplasia	Hypoplasia of the cerebellar vermis	HP:0001320	Cerebellar vermis hypoplasia	1		
tripping and changes in gait	Abnormal gait	HP:0001288	Gait disturbance	1		
Triquetropisiform fusion	Carpal fusion	HP:0009702	Carpal synostosis	1		
True intellectual disability	Intellectual disability	HP:0001249	Intellectual disability	1		
True precocious puberty	Precocious puberty	HP:0000826	Precocious puberty	1		
Truncal instability	Truncal ataxia	HP:0002078	Truncal ataxia	1		
trunk dystonia	Dystonia	HP:0001332	Dystonia	1		
trunk dystonia	Truncal dystonia	HP:0002530	Axial dystonia	1		
Trunk hypotonia	Hypotonia	HP:0001252	Hypotonia	1		
trunk involvement	Dystonia	HP:0001332	Dystonia	1		
Trunk weakness	Proximal muscle weakness	HP:0003701	Proximal muscle weakness	1		
Tubular/bulbous nose	Bulbous nose	HP:0000414	Bulbous nose	1		
Tubulointerstitial fibrosis on kidney histology	Renal interstitial fibrosis	HP:0032948	Renal interstitial fibrosis	1		
tufts of hair	Hypertrichosis	HP:0000998	Hypertrichosis	1		
Tumors of the testes	Testicular neoplasm	HP:0010788	Testicular neoplasm	1		
Twisting and partial breakage of hair	Abnormal hair morphology	HP:0001595	Abnormal hair morphology	1		
Two digits divided by central cleft	Cleft hand	HP:0100257	Ectrodactyly	1		
Two phalanges in digits II–V	Brachydactyly	HP:0001156	Brachydactyly	1		
two testicles	Cryptorchidism	HP:0000028	Cryptorchidism	1		
Tympanic membrane thickening	Thickened tympanic membrane	HP:6000183	Thickened tympanic membrane	1		
type 1 fiber predominance	Type 1 muscle fiber predominance	HP:0003803	Type 1 muscle fiber predominance	1		
Type A pattern lipodystrophy with marked loss of subcutaneous fat from the extremities and milder in the face, with normal or slight excess in the neck and truncal regions	Lipodystrophy	HP:0009125	Lipodystrophy	1		
Type B pattern generalized lipodystrophy involves the face more severely, as well as the trunk and extremities	Lipodystrophy	HP:0009125	Lipodystrophy	1		
U-shaped palatal defect	Cleft palate	HP:0000175	Cleft palate	1		
Ulcerations and/or arthropathy	Arthropathy	HP:0003040	Arthropathy	1		
ulna much shorter than the radius	Short ulna	HP:0003022	Hypoplasia of the ulna	1		
Ulna shortening	Short ulna	HP:0003022	Hypoplasia of the ulna	1		
ulnar and palmar slant of radial articular surface	Ulnar deviation of the wrist	HP:0003049	Ulnar deviation of the wrist	1		
Ulnar and volar angulation of distal radius	Radial bowing	HP:0002986	Radial bowing	1		
Ulnar clinodactyly of the fourth, fifth, and sometimes also the third fingers	Clinodactyly of the 5th finger	HP:0004209	Clinodactyly of the 5th finger	1		
Ulnar clinodactyly of the fourth, fifth, and sometimes also the third fingers	Clinodactyly of the 4th finger	HP:0040025	Clinodactyly of the 4th finger	1		
Ulnar deviation at the proximal interphalangeal joint	Ulnar deviation of finger	HP:0009465	Ulnar deviation of finger	1		
Ulnar deviation of the 2nd and 3rd fingers	Ulnar deviation of finger	HP:0009465	Ulnar deviation of finger	1		
ulnar deviation of the second and third fingers	Ulnar deviation of finger	HP:0009465	Ulnar deviation of finger	1		
Ulnar deviation of wrists and fingers	Ulnar deviation of finger	HP:0009465	Ulnar deviation of finger	1		
unable to sit, stand, or walk	Delayed motor milestone	HP:0001270	Motor delay	1	HP:0001270	next:OK Motor delay
Unable to walk	Abnormality of gait	HP:0001288	Gait disturbance	1	HP:0001288	next:OK Gait disturbance
unable to walk without support	Abnormality of gait	HP:0001288	Gait disturbance	1	HP:0001288	next:OK Gait disturbance
uncontrollable flatulence	Flatulence	HP:0033589	Flatulence	1		
uncoordinated sucking and swallowing	Intellectual disability	HP:0001249	Intellectual disability	1		
Underdeveloped abdominal wall musculature	Abdominal wall defect	HP:0010866	Abdominal wall defect	1		
Underdeveloped alae nasi	Hypoplastic alae nasi	HP:0000430	Underdeveloped nasal alae	1		
Underdeveloped corpus callosum	Hypoplasia of corpus callosum	HP:0002079	Hypoplasia of the corpus callosum	1		
underdeveloped malar prominences	Malar flattening	HP:0000272	Malar flattening	1		
underdeveloped mandibular prominences	Mandibular hypoplasia	HP:0000347	Micrognathia	1		
underdeveloped nasal cartilage	Hypoplasia of nasal cartilage	HP:0000430	Underdeveloped nasal alae	1		next:AUTRE Hypoplasia of the nasal cartilage ?
Underdeveloped rib	Rib hypoplasia	HP:0000773	Short ribs	1		
Underdeveloped scapula	Scapular hypoplasia	HP:0000882	Hypoplastic scapulae	1		
Underdeveloped teeth	Hypodontia	HP:0000668	Hypodontia	1		
Underdevelopment of supra-orbital ridge	Hypoplasia of the supraorbital ridge	HP:0009891	Underdeveloped supraorbital ridges	1	HP:0009891	next:OK Underdeveloped supraorbital ridges
underdevelopment of the kidneys	Renal hypoplasia	HP:0000089	Renal hypoplasia	1		
Underdevelopment of thyroid gland	Thyroid hypoplasia	HP:0005990	Thyroid hypoplasia	1		
Undermineralized bones	Osteopenia	HP:0000938	Osteopenia	1		
undermineralized hand bones	Osteopenia	HP:0000938	Osteopenia	1		
Undermodeling of long bones	Short long bone	HP:0003026	Short long bone	1		
Undermodeling of the long tubular bones	Abnormality of long bone morphology	HP:0011314	Abnormal long bone morphology	1		
Undertubulation (Erlenmeyer flask configuration)	Erlenmeyer flask deformity of the femur	HP:0004975	Erlenmeyer flask deformity of the femurs	1	HP:0004975	next:OK Erlenmeyer flask deformity of the femurs
Undervirilization	Ambiguous genitalia, male	HP:0000033	Ambiguous genitalia, male	1		
Undervirilized male external genitalia	Ambiguous genitalia, male	HP:0000033	Ambiguous genitalia, male	1		
Underweight for length	Low body weight	HP:0004325	Decreased body weight	1		
undescended testicles	Cryptorchidism	HP:0000028	Cryptorchidism	1		
Unequal skin pigmentation at birth	Abnormal skin pigmentation	HP:0001000	Abnormality of skin pigmentation	1		
Unerupted teeth	Impacted teeth	HP:0001571	Multiple impacted teeth	1		
Unexpected choking	Dysphagia	HP:0002015	Dysphagia	1		
unexplained left ventricular hypertrophy	Left ventricular hypertrophy	HP:0001712	Left ventricular hypertrophy	1		
unexplained seizures	Seizures	HP:0001250	Seizure	1		
Unexplained striae	Striae distensae	HP:0001065	Striae distensae	1		
Unexplained tachycardia/bradycardia	Tachycardia	HP:0001649	Tachycardia	1		
Unexplained tachycardia/bradycardia	Bradycardia	HP:0001662	Bradycardia	1		
unexplained vomiting	Vomiting	HP:0002013	Vomiting	1		
Unfolding of the posterior aspect of the helix	Abnormality of the helix	HP:0011039	Abnormal helix morphology	1		
unfused forebrain develops partially and then tends to degenerate	Holoprosencephaly	HP:0001360	Holoprosencephaly	1		
Unfused nares	Wide nasal tip	HP:0000455	Broad nasal tip	1		next:AUTRE Bifid nose ?
Unilateral absence of terminal portions of digits	Ectrodactyly	HP:0100257	Ectrodactyly	1		
Unilateral bending of the femur	Femoral bowing	HP:0002980	Femoral bowing	1		
Unilateral ichthyosiform erythroderma	Ichthyosis	HP:0008064	Ichthyosis	1		
Unilateral leg tremor	Tremor	HP:0001337	Tremor	1		
Unilateral stenosis of the uretero-pelvic junction	Ureteropelvic junction obstruction	HP:0000074	Ureteropelvic junction obstruction	1		
Unilateral upper-limb weakness	Hemiparesis	HP:0001269	Hemiparesis	1		
unintelligible speech	Dysarthria	HP:0001260	Dysarthria	1		
Unmanageable hair	Uncombable hair	HP:0030056	Uncombable hair	1		
Unossified gaps between ribs	Abnormal rib morphology	HP:0000772	Abnormal rib morphology	1		
Unprovoked venous thrombosis	Venous thrombosis	HP:0004936	Venous thrombosis	1		
unresponsive vegetative state	Vegetative state	HP:0031358	Vegetative state	1		
unstable spastic gait	Abnormal gait	HP:0001288	Gait disturbance	1		
Unstable walking	Gait ataxia	HP:0002066	Gait ataxia	1		
unsteadiness	Gait ataxia	HP:0002066	Gait ataxia	1		
Unusual protrusion of supraoccipital bone	Prominent occiput	HP:0000269	Prominent occiput	1		
unusual shape of eyebrows	Abnormality of the eyebrows	HP:0000534	Abnormal eyebrow morphology	1	HP:0000534	next:OK Abnormal eyebrow morphology
Unusual skin pigmentation on sun-exposed areas	Abnormal skin pigmentation	HP:0001000	Abnormality of skin pigmentation	1		
Unusually large epiphyses at knees	Enlarged epiphyses	HP:0010580	Enlarged epiphyses	1		
Upgoing toes	Babinski sign	HP:0003487	Babinski sign	1		
upper body dystonia	Dystonia	HP:0001332	Dystonia	1		
upper cervical spinal cord compression	Spinal cord compression	HP:0002176	Spinal cord compression	1		
Upper extremity phocomelia	Phocomelia of upper limb	HP:0009813	Upper limb phocomelia	1	HP:0009813	next:OK Upper limb phocomelia
upper extremity postural tremor	Tremor	HP:0001337	Tremor	1		
upper gastrointestinal bleeding	Gastrointestinal hemorrhage	HP:0002239	Gastrointestinal hemorrhage	1		
Upper gastrointestinal polyps	Gastrointestinal polyps	HP:0200008	Intestinal polyposis	1		
Upper lid/iris/chorioretinal coloboma	Coloboma of the iris	HP:0000612	Iris coloboma	1		
Upper lip full centrally and thin laterally	Abnormality of the upper lip	HP:0000177	Abnormal upper lip morphology	1	HP:0000177	next:OK Abnormal upper lip morphology
upper lip overlapping lower lip	Abnormality of the upper lip	HP:0000177	Abnormal upper lip morphology	1	HP:0000177	next:OK Abnormal upper lip morphology
upper urinary tract anomalies	Abnormality of the upper urinary tract	HP:0010935	Abnormality of the upper urinary tract	1		
Upper-airway obstruction	Upper airway obstruction	HP:0002781	Upper airway obstruction	1		
upper-extremity tremor	Tremor	HP:0001337	Tremor	1		
upper-limb ataxia	Ataxia	HP:0001251	Ataxia	1		
upper-limb incoordination	Limb ataxia	HP:0002070	Limb ataxia	1		
upper-limb kinetic and isometric tremor	Tremor	HP:0001337	Tremor	1		
upper-limb kinetic and isometric tremor	Abnormality of the upper limb	HP:0002817	Abnormality of the upper limb	1		
Upper-respiratory infections	Upper respiratory tract infection	HP:0002788	Recurrent upper respiratory tract infections	1	HP:0002788	next:OK Recurrent upper respiratory tract infections
Upslanting and small, dysplastic toenails	Dystrophic toenails	HP:0001810	Dystrophic toenail	1		
Upsweep of frontal scalp hair	Upswept frontal hairline	HP:0002236	Frontal upsweep of hair	1		
Upturned tip	Upturned nose	HP:0000463	Anteverted nares	1		
upward pointing vermilion border resulting in a triangular mouth	Triangular mouth	HP:0000207	Triangular mouth	1		
upward-slanted palpebral fissures	Upslanted palpebral fissures	HP:0000582	Upslanted palpebral fissure	1		
Ureteral malformations	Abnormality of the ureter	HP:0000069	Abnormality of the ureter	1		
Ureteral stenosis leading to hydronephrosis	Ureteral stenosis	HP:0000071	Ureteral stenosis	1		
Ureteral stenosis leading to hydronephrosis	Hydronephrosis	HP:0000126	Hydronephrosis	1		
Ureteral-renal anomalies	Abnormality of the ureter	HP:0000069	Abnormality of the ureter	1		
Ureteral-renal anomalies	Abnormality of the kidney	HP:0000077	Abnormality of the kidney	1		
Ureteropelvic obstruction	Ureteropelvic junction obstruction	HP:0000074	Ureteropelvic junction obstruction	1		
Ureterovesical obstruction	Ureterovesical junction obstruction	HP:0030735	Ureterovesical junction obstruction	1		
Urethral abnormalities	Abnormality of the urethra	HP:0000795	Abnormality of the urethra	1		
Urethral valve formation	Posterior urethral valves	HP:0010957	Congenital posterior urethral valve	1	HP:0010957	next:OK Congenital posterior urethral valve
Urinary and stool incontinence	Urinary incontinence	HP:0000020	Urinary incontinence	1		
Urinary and stool incontinence	Fecal incontinence	HP:0002607	Bowel incontinence	1		
urinary anomalies	Abnormality of the urinary system	HP:0000079	Abnormality of the urinary system	1		
urinary bladder hyperactivity	Neurogenic bladder	HP:0000011	Neurogenic bladder	1		
Urinary defects	Abnormality of the urinary system	HP:0000079	Abnormality of the urinary system	1		
Urinary infection	Urinary tract infection	HP:0000010	Recurrent urinary tract infections	1	HP:0000010	next:OK Recurrent urinary tract infections
urinary tract distention	Hydronephrosis	HP:0000126	Hydronephrosis	1		
urinary tract involvement	Abnormality of the urinary system	HP:0000079	Abnormality of the urinary system	1		
Urogenital defects	Abnormality of the genitourinary system	HP:0000119	Abnormality of the genitourinary system	1		
Urologic anomalies	Abnormality of the genitourinary system	HP:0000119	Abnormality of the genitourinary system	1		
Urologic malformations	Urinary tract anomaly	HP:0000079	Abnormality of the urinary system	1	HP:0000079	next:OK Abnormality of the urinary system
Urothelial carcinoma of the bladder	Bladder cancer	HP:0009725	Bladder neoplasm	1		
Uterine leiomyomata	Uterine leiomyoma	HP:0000131	Uterine leiomyoma	1		
Uterine leiomyomatas	Uterine leiomyoma	HP:0000131	Uterine leiomyoma	1		
Uterine malignancies	Uterine neoplasm	HP:0010784	Uterine neoplasm	1		
Uterus and vagina duplex	Uterus didelphys	HP:0003762	Uterus didelphys	1		
Vacuolar myopathy	Myopathy	HP:0003198	Myopathy	1		
Vaginal, uterine, and/or rectal prolapse	Rectal prolapse	HP:0002035	Rectal prolapse	1		
Vaginal, uterus, and/or rectal prolapse	Rectal prolapse	HP:0002035	Rectal prolapse	1		
Valgus at knees	Genu valgum	HP:0002857	Genu valgum	1		
Valgus deformity of feet	Valgus deformity of the foot	HP:0008081	Pes valgus	1	HP:0008081	next:OK Pes valgus
Valgus deformity of femoral neck	Coxa valga	HP:0002673	Coxa valga	1		
Valgus deformity of femoral necks	Coxa valga	HP:0002673	Coxa valga	1		
Valgus deformity of the ankle and knee	Genu valgum	HP:0002857	Genu valgum	1		
Valgus deformity of the knee	Genu valgum	HP:0002857	Genu valgum	1		
valgus position of femoral necks	Coxa valga	HP:0002673	Coxa valga	1		
valvular anomalies	Heart valve abnormality	HP:0001654	Abnormal heart valve morphology	1	HP:0001654	next:OK Abnormal heart valve morphology
valvular involvement	Heart valve abnormality	HP:0001654	Abnormal heart valve morphology	1	HP:0001654	next:OK Abnormal heart valve morphology
Valvular pulmonic stenosis	Pulmonary valve stenosis	HP:0001642	Pulmonic stenosis	1		
Variable abnormalities on brain MRI	Abnormality of the brain	HP:0012443	Abnormal brain morphology	1		
variable absence of tarsals, metatarsals, and toes	Oligodactyly	HP:0012165	Oligodactyly	1		
variable delay in intellectual performance	Intellectual disability	HP:0001249	Intellectual disability	1		
Variable ear malformation	Abnormality of the ear	HP:0000598	Abnormality of the ear	1		
variable immunoglobulin defects	Abnormal immunoglobulin levels	HP:0010701	Abnormal circulating immunoglobulin concentration	1	HP:0005368	next:AUTRE Abnormality of humoral immunity
Variable intellectual functioning ranging from borderline cognitive function (IQ: 70-85) to severe intellectual disability	Intellectual disability	HP:0001249	Intellectual disability	1		
Variable pain and stiffness	Joint stiffness	HP:0001387	Joint stiffness	1		
Variable pain and stiffness	Joint pain	HP:0002829	Arthralgia	1		
Variable syndactyly of hands and feet	Syndactyly	HP:0001159	Syndactyly	1		
Variable syndactyly of toes II–VI	Syndactyly of toes	HP:0001770	Toe syndactyly	1		
variable tone	Abnormal muscle tone	HP:0003808	Abnormal muscle tone	1		
variation of fiber size	Muscle fiber size variation	HP:0003557	Increased variability in muscle fiber diameter	1	HP:0003557	next:OK Increased variability in muscle fiber diameter
Variations in hair color and texture	Abnormality of hair pigmentation	HP:0009887	Abnormality of hair pigmentation	1		
varices and variceal bleeding	Gastrointestinal hemorrhage	HP:0002239	Gastrointestinal hemorrhage	1		
various congenital heart defects	Congenital heart defects	HP:0001627	Abnormal heart morphology	1		
Varus deformities of the lower limbs	Genu varum	HP:0002970	Genu varum	1		
Varus deformity of femoral necks	Coxa vara	HP:0002812	Coxa vara	1		
Varying degrees of epiphyseal and metaphyseal abnormalities of the long tubular bones	Epiphyseal dysplasia	HP:0002656	Epiphyseal dysplasia	1		
Varying degrees of epiphyseal and metaphyseal abnormalities of the long tubular bones	Metaphyseal dysplasia	HP:0100255	Metaphyseal dysplasia	1		
vascular attenuation	Abnormality of the retinal vasculature	HP:0008046	Abnormal retinal vascular morphology	1		
Vascular defects	Abnormality of the vasculature	HP:0002597	Abnormality of the vasculature	1		
Vascular nevi	Nevus	HP:0003764	Nevus	1		
Vascular telangiectasia	Telangiectasia	HP:0001009	Telangiectasia	1		
vasculopathy	Vascular abnormality	HP:0002597	Abnormality of the vasculature	1	HP:0002597	next:OK Abnormality of the vasculature
Venous malformations of the temporal bone	Venous malformation	HP:0012721	Venous malformation	1		
ventilatory failure	Respiratory failure	HP:0002878	Respiratory failure	1		
Ventricular dysrhythmias	Ventricular arrhythmia	HP:0004308	Ventricular arrhythmia	1		
ventricular ectopy	Ventricular extrasystoles	HP:0006682	Premature ventricular contraction	1		
Ventricular septal defects, patent ductus arteriosus, and/or pulmonic stenosis	Ventricular septal defect	HP:0001629	Ventricular septal defect	1		
Ventricular septal defects, patent ductus arteriosus, and/or pulmonic stenosis	Patent ductus arteriosus	HP:0001643	Patent ductus arteriosus	1		
ventricular tachyarrhythmias	Ventricular tachycardia	HP:0004756	Ventricular tachycardia	1		
Vermian dysgenesis	Cerebellar vermis hypoplasia	HP:0001320	Cerebellar vermis hypoplasia	1		
vermis atrophy with upper predominance	Cerebellar vermis atrophy	HP:0006855	Cerebellar vermis atrophy	1		
vermis hypoplasia	Cerebellar vermis hypoplasia	HP:0001320	Cerebellar vermis hypoplasia	1		
vertebral abnormalities such as hemivertebrae and scoliosis	Scoliosis	HP:0002650	Scoliosis	1		
vertebral abnormalities such as hemivertebrae and scoliosis	Hemivertebra	HP:0002937	Hemivertebrae	1		
Vertebral beaking	Anterior vertebral body beaking	HP:0004568	Beaking of vertebral bodies	1	HP:0004568	next:OK Beaking of vertebral bodies
vertebral body collapse	Vertebral compression fracture	HP:0002953	Vertebral compression fracture	1		
Vertebral body hyperdensity	Increased bone density	HP:0011001	Increased bone mineral density	1		
Vertebral segmental defects	Vertebral segmentation defect	HP:0003422	Vertebral segmentation defect	1		
vertebral segmentation anomalies	Vertebral segmentation defect	HP:0003422	Vertebral segmentation defect	1		
Vertical clefts of vertebrae	Vertebral cleft	HP:0008428	Vertebral clefting	1	HP:0008428	next:OK Vertebral clefting
Vertical lengthening of the face	Long face	HP:0000276	Long face	1		
Vertical radiolucencies of the ribs	Abnormality of the ribs	HP:0000772	Abnormal rib morphology	1		
vertical supranuclear saccadic palsy	Vertical supranuclear gaze palsy	HP:0000511	Vertical supranuclear gaze palsy	1		
Vertical talus	Hip contracture	HP:0003273	Hip contracture	1		
Vertical talus	Knee contracture	HP:0034671	Knee contracture	1		
vertically narrow and downslanted palpebral fissures	Downslanted palpebral fissures	HP:0000494	Downslanted palpebral fissures	1		
Vertically oriented narrow iliac wings	Narrow iliac wings	HP:0002868	Narrow iliac wing	1		
very brisk tendon reflexes	Hyperreflexia	HP:0001347	Hyperreflexia	1		
Very broad and short femoral necks	Short femoral neck	HP:0100864	Short femoral neck	1		
Very early-onset inflammatory bowel disease	Abnormal hair morphology	HP:0001595	Abnormal hair morphology	1		
Very limited to absent speech	Absent speech	HP:0001344	Absent speech	1		
Very low muscle tone	Hypotonia	HP:0001252	Hypotonia	1		
very short and broad fingers	Brachydactyly	HP:0001156	Brachydactyly	1		
very short and broad phalanges	Brachydactyly	HP:0001156	Brachydactyly	1		
Very short and broad phalanges	Broad phalanges	HP:0006009	Broad phalanx	1		
Very short and broad phalanges	Short phalanges	HP:0009803	Short phalanx of finger	1		
very short cuboid-shaped tibia	Short tibia	HP:0005736	Short tibia	1		
Very short distal portion of fingers	Brachydactyly	HP:0001156	Brachydactyly	1		
Very short first metacarpal with abduction at metacarpophalangeal joint	Short first metacarpal	HP:0010034	Short 1st metacarpal	1		
Very short humeri and relatively short femora	Short femur	HP:0003097	Short femur	1		
Very short humeri and relatively short femora	Short humerus	HP:0005792	Short humerus	1		
very short stature	Short stature	HP:0004322	Short stature	1		
Very short thumb	Short thumb	HP:0009778	Short thumb	1		
very short thumbs	Short thumb	HP:0009778	Short thumb	1		
Very short tubular bones with metaphyseal flaring and cupping	Abnormal long bone morphology	HP:0011314	Abnormal long bone morphology	1		
very short, overriding toes	Short toe	HP:0001831	Short toe	1		
very short, overriding toes	Overlapping toe	HP:0001845	Overlapping toe	1		
very short, stumplike digits/toes	Short toe	HP:0001831	Short toe	1		
Very small oral orifice	Small oral aperture	HP:0000160	Narrow mouth	1		
Very thin, relatively dense tubular bones with abrupt metaphyseal flare	Metaphyseal flaring	HP:0003015	Flared metaphysis	1		
Vesico-vaginal fistula	Vesicovaginal fistula	HP:0001586	Vesicovaginal fistula	1		
Vesicoureteral reflux secondary to ureteric incompetence	Vesicoureteral reflux	HP:0000076	Vesicoureteral reflux	1		
Vesicoureteric junction dysplasia	Vesicoureteral reflux	HP:0000076	Vesicoureteral reflux	1		
vesicourethral reflux	Vesicoureteral reflux	HP:0000076	Vesicoureteral reflux	1		
Vestibular nerve dysfunction	Vestibular dysfunction	HP:0001756	Vestibular hyporeflexia	1		
Viral infections	Recurrent viral infections	HP:0004429	Recurrent viral infections	1		
Visceral autonomic features	Autonomic dysfunction	HP:0012332	Abnormal autonomic nervous system physiology	1		
Visible dilated scalp veins	Prominent scalp veins	HP:0001043	Prominent scalp veins	1		
Visible venous pattern	Prominent veins	HP:0001015	Prominent superficial veins	1		
Vision impairment	Vision abnormality	HP:0000504	Abnormality of vision	1	HP:0000504	next:OK Abnormality of vision
vision problems	Abnormality of the eye	HP:0000478	Abnormality of the eye	1		
Vision problems	Abnormality of vision	HP:0000504	Abnormality of vision	1		
Visual acuity severely reduced to 20/200 or worse	Decreased visual acuity	HP:0007663	Reduced visual acuity	1		
Visual blurring affecting the central visual field	Central scotoma	HP:0000603	Central scotoma	1		
visual complaints	Visual impairment	HP:0000505	Visual impairment	1		
visual defects	Abnormality of the eye	HP:0000478	Abnormality of the eye	1		
Visual deficit	Visual impairment	HP:0000505	Visual impairment	1		
Visual deficits	Abnormality of vision	HP:0000504	Abnormality of vision	1		
visual disturbance	Vision loss	HP:0000572	Visual loss	1		
visual disturbances	Visual impairment	HP:0000505	Visual impairment	1		
visual field deficits	Visual field defect	HP:0001123	Visual field defect	1		
Visual grasp	Abnormal visual fixation	HP:0025404	Abnormal visual fixation	1		
visual impairment from corneal clouding	Visual impairment	HP:0000505	Visual impairment	1		
visual impairment from corneal clouding	Corneal clouding	HP:0007957	Corneal opacity	1		
Visual refractive errors	Abnormality of refraction	HP:0000539	Abnormality of refraction	1		
Visualization of large portion of hard palate on lateral radiographs	Abnormality of the hard palate	HP:0100737	Abnormal hard palate morphology	1		
Vitamin and/or mineral deficiencies	Vitamin deficiency	HP:0004905	Reduced circulating vitamin A concentration	1	HP:0008372	next:AUTRE Abnormal circulating vitamin concentration
Vitamin B6-dependent seizures	Seizures	HP:0001250	Seizure	1		
Vitreous dust-like particles	Vitreous opacities	HP:0100832	Vitreous floaters	1		
Vocal cord carcinoma	Laryngeal carcinoma	HP:0012118	Laryngeal carcinoma	1		
vocal cord palsy	Vocal cord paralysis	HP:0001605	Vocal cord paralysis	1		
Vocal impairment	Dysphonia	HP:0001618	Dysphonia	1		
volar claw-like flexion	Flexion contracture of finger	HP:0012785	Flexion contracture of finger	1		
Volume loss of the corpus callosum	Hypoplasia of the corpus callosum	HP:0002079	Hypoplasia of the corpus callosum	1		
Volume reduction of cerebellar vaults	Cerebellar hypoplasia	HP:0001321	Cerebellar hypoplasia	1		
Volume reduction of cerebral vaults	Microcephaly	HP:0000252	Microcephaly	1		
Volume reduction of cranial vaults	Microcephaly	HP:0000252	Microcephaly	1		
vulnerability to pulmonary infections	Susceptibility to respiratory infections	HP:0002205	Recurrent respiratory infections	1		
Wasting of the legs	Muscle atrophy	HP:0003202	Skeletal muscle atrophy	1		
wavy outline of the bodies of the lateral ventricles	Abnormality of the lateral ventricles	HP:0030047	Abnormal lateral ventricle morphology	1	HP:0030047	next:OK Abnormal lateral ventricle morphology
WDHA syndrome	Hypokalemia	HP:0002900	Hypokalemia	1		
Weak crumbling teeth	Dentinogenesis imperfecta	HP:0000703	Dentinogenesis imperfecta	1		
weakness and atrophy of the thenar and first dorsal interosseous muscles	Thenar muscle atrophy	HP:0003393	Thenar muscle atrophy	1		
Weakness commences in the distal lower limbs	Distal lower limb muscle weakness	HP:0009053	Distal lower limb muscle weakness	1		
weakness in distal parts of legs	Distal lower limb muscle weakness	HP:0009053	Distal lower limb muscle weakness	1		
Weakness in hands and feet	Distal muscle weakness	HP:0002460	Distal muscle weakness	1		
weakness in proximal lower-limb musculature	Proximal lower limb muscle weakness	HP:0008994	Proximal lower limb muscle weakness	1		
weakness including shoulder girdle muscles	Shoulder girdle muscle weakness	HP:0003547	Shoulder girdle muscle weakness	1		
weakness of ankle dorsiflexion	Foot drop	HP:0009027	Foot dorsiflexor weakness	1		
Weakness of proximal extremity muscles	Proximal muscle weakness	HP:0003701	Proximal muscle weakness	1		
weakness of quadriceps femoris	Quadriceps muscle weakness	HP:0003731	Quadriceps muscle weakness	1		
Weakness of scapular stabilizers	Scapular winging	HP:0003691	Scapular winging	1		
weakness of the dorsiflexors of the ankles and great toes	Foot drop	HP:0009027	Foot dorsiflexor weakness	1		
weakness spreading to thighs	Proximal lower limb muscle weakness	HP:0008994	Proximal lower limb muscle weakness	1		
Web neck	Webbed neck	HP:0000465	Webbed neck	1		
Webbed posterior neck	Webbed neck	HP:0000465	Webbed neck	1		
Wedge-shaped lumbar vertebrae	Wedge-shaped vertebrae	HP:0008422	Vertebral wedging	1		
Weight below average	Low body weight	HP:0004325	Decreased body weight	1		
well-developed nose	Prominent nose	HP:0000448	Prominent nose	1		
Well-drawn arched eyebrows	Arched eyebrows	HP:0002553	Highly arched eyebrow	1		
whispering dysphonia	Dysphonia	HP:0001618	Dysphonia	1		
white deposits at the level of the retinal pigment epithelium	Abnormality of the retina	HP:0000479	Abnormal retinal morphology	1		
White flecks in peripheral retina	Retinal flecks	HP:0012045	Retinal flecks	1		
white matter and myelination abnormalities	Abnormal myelination	HP:0012447	Abnormal myelination	1		
white matter atrophy	Atrophy of the cerebral white matter	HP:0012762	Cerebral white matter atrophy	1	HP:0012762	next:OK Cerebral white matter atrophy
white matter changes	Abnormality of white matter	HP:0002500	Abnormal cerebral white matter morphology	1	HP:0002500	next:OK Abnormal cerebral white matter morphology
white matter defects	Abnormality of white matter	HP:0002500	Abnormal cerebral white matter morphology	1	HP:0002500	next:OK Abnormal cerebral white matter morphology
White matter dysmyelination	White matter abnormalities	HP:0002500	Abnormal cerebral white matter morphology	1		
white matter hypoplasia	Hypoplasia of the cerebral white matter	HP:0012430	Cerebral white matter hypoplasia	1	HP:0012430	next:OK Cerebral white matter hypoplasia
White matter irregularities	White matter abnormality	HP:0002500	Abnormal cerebral white matter morphology	1	HP:0002500	next:OK Abnormal cerebral white matter morphology
White subretinal deposits with macular subretinal fluid	Subretinal fluid	HP:0031526	Subretinal fluid	1		
white-matter hyperintensities, typically in posterior periventricular regions	Abnormality of white matter	HP:0002500	Abnormal cerebral white matter morphology	1	HP:0002500	next:OK Abnormal cerebral white matter morphology
Whorls of dense bone in femoral necks	Abnormality of the femoral neck	HP:0003367	Abnormal femoral neck morphology	1		
Wide base of support	Wide-based gait	HP:0002136	Broad-based gait	1		
Wide calvarial sutures and enlarged fontanels	Wide fontanelles	HP:0000239	Large fontanelles	1		
Wide calvarial sutures and enlarged fontanels	Wide cranial sutures	HP:0010537	Wide cranial sutures	1		
Wide distance between hallux and remaining toes (sandal gap)	Sandal gap	HP:0001852	Sandal gap	1		
wide femoral necks in valgus	Coxa valga	HP:0002673	Coxa valga	1		
wide flare of iliac crests	Flared iliac wings	HP:0002869	Flared iliac wing	1		
Wide fontanels and cranial sutures	Wide fontanelles	HP:0000239	Large fontanelles	1		
Wide fontanels and sutures	Delayed closure of the anterior fontanelle	HP:0001476	Delayed closure of the anterior fontanelle	1		
Wide fontanels and sutures	Wide cranial sutures	HP:0010537	Wide cranial sutures	1		
Wide gap between first and second toes	Wide toe	HP:0001837	Broad toe	1		
Wide lateral ventricles	Ventriculomegaly	HP:0002119	Ventriculomegaly	1		
Wide metacarpals and phalanges	Broad metacarpals	HP:0001230	Broad metacarpals	1		
Wide nasal bridge and tip	Wide nasal bridge	HP:0000431	Wide nasal bridge	1		
Wide nasal bridge/ridge/tip	Wide nasal bridge	HP:0000431	Wide nasal bridge	1		
Wide open fontanels	Wide fontanelles	HP:0000239	Large fontanelles	1		
Wide or club-shaped and/or small thumbs	Broad thumbs	HP:0011304	Broad thumb	1		
Wide pubic ramus	Wide pubic symphysis	HP:0003183	Wide pubic symphysis	1		
Wide set, distally placed, inverted nipples	Inverted nipple	HP:0003186	Inverted nipples	1	HP:0003186	next:OK Inverted nipples
Wide spacing between the front teeth	Diastema	HP:0000699	Diastema	1		
wide supraoccipital-exoccipital synchondroses	Wide cranial sutures	HP:0010537	Wide cranial sutures	1		
wide ventricles	Ventriculomegaly	HP:0002119	Ventriculomegaly	1		
wide, downward slanting palpebral fissures	Downslanting palpebral fissures	HP:0000494	Downslanted palpebral fissures	1		
Wide, flared distal metaphyses	Flared metaphyses	HP:0003015	Flared metaphysis	1	HP:0003015	next:OK Flared metaphysis
Wide-based, staggering walk	Abnormal gait	HP:0001288	Gait disturbance	1		
Wide-open fontanelles	Delayed closure of fontanelles	HP:0000270	Delayed cranial suture closure	1		
Widely open fontanels and cranial sutures	Delayed closure of the anterior fontanelle	HP:0001476	Delayed closure of the anterior fontanelle	1		
Widely patent anterior fontanel, coronal and sagittal sutures	Delayed closure of anterior fontanelle	HP:0001476	Delayed closure of the anterior fontanelle	1		
widely set eyes	Hypertelorism	HP:0000316	Hypertelorism	1		
widely set nipples	Widely spaced nipples	HP:0006610	Wide intermamillary distance	1		
Widely spaced and downslanted palpebral fissures	Widely spaced eyes	HP:0000316	Hypertelorism	1		
Widely spaced and downslanted palpebral fissures	Downslanted palpebral fissures	HP:0000494	Downslanted palpebral fissures	1		
widely spaced and prominent/proptotic eyes	Proptosis	HP:0000520	Proptosis	1		
Widely spaced ilia	Hydrops fetalis	HP:0001789	Hydrops fetalis	1		
Widely spaced upper central incisors	Diastema	HP:0000699	Diastema	1		
widely split sutures	Wide cranial sutures	HP:0010537	Wide cranial sutures	1		
Widened-appearing sutures	Widened cranial sutures	HP:0010537	Wide cranial sutures	1		
widening (hyperostosis) and increased density (sclerosis) of the base of the skull	Hyperostosis of skull	HP:0004330	Increased skull ossification	1		
widening (hyperostosis) and increased density (sclerosis) of the calvarium	Hyperostosis of skull	HP:0004330	Increased skull ossification	1		
widening (hyperostosis) and increased density (sclerosis) of the shafts of the tubular bones	Hyperostosis	HP:0100774	Hyperostosis	1		
Widening and delayed closure of cranial sutures and fontanels	Delayed closure of fontanels	HP:0000270	Delayed cranial suture closure	1		
widening at the metaphyseal ends	Metaphyseal widening	HP:0003016	Metaphyseal widening	1		
Widening of cerebrospinal fluid spaces / ventriculomegaly	Ventriculomegaly	HP:0002119	Ventriculomegaly	1		
widening of the costochondral junctions	Widened costochondral junctions	HP:0000920	Enlargement of the costochondral junction	1	HP:0000920	next:OK
widening, splaying, and fragmentation of the metaphyses	Metaphyseal irregularity	HP:0003025	Metaphyseal irregularity	1		
Widespaced incisors	Diastema	HP:0000699	Diastema	1		
Widespaced teeth	Diastema	HP:0000699	Diastema	1		
widespread arterial calcification	Arterial calcification	HP:0003207	Arterial calcification	1		
Widespread arterial elongation and tortuosity	Arterial tortuosity	HP:0005116	Arterial tortuosity	1		
Widespread elongation and tortuosity of the aorta and mid-sized arteries	Arterial tortuosity	HP:0005116	Arterial tortuosity	1		
winging of the scapulae	Scapular winging	HP:0003691	Scapular winging	1		
Wiry and sparse to alopecia hair	Alopecia	HP:0001596	Alopecia	1		
Wiry and sparse to alopecia hair	Sparse hair	HP:0008070	Sparse hair	1		
Wolff–Parkinson–White arrhythmia	Wolff-Parkinson-White syndrome	HP:0001716	Wolff-Parkinson-White syndrome	1		
Woolly, brittle, easily breakable hair	Abnormality of the immune system	HP:0002715	Abnormality of the immune system	1		
Word finding deficits	Anomia	HP:0030784	Anomic aphasia	1		
wormian bones in cranial sutures	Wormian bones	HP:0002645	Wormian bones	1		
worsening seizures	Seizures	HP:0001250	Seizure	1		
Wrinkling and thinness of the skin over hands and feet	Thin skin	HP:0000963	Thin skin	1		
Wrists and hands flexed	Wrist flexion contracture	HP:0001239	Wrist flexion contracture	1		
Yellow subcutaneous tissue covered by thin, transparent, scaling skin and edema	Collodion baby	HP:0007479	Congenital nonbullous ichthyosiform erythroderma	1		
Yellow-white crystals in retina	Retinal crystals	HP:0030507	Retinal crystals	1		
Yellowish dots in the midperipheral region	Pigmentary retinopathy	HP:0000580	Pigmentary retinopathy	1		
Yellowish Nails	Yellow nails	HP:0011367	Yellow nails	1		
Yellowish opacities scattered over grayish atrophy of the retinal pigment epithelium	Retinal pigment epithelial atrophy	HP:0007722	Retinal pigment epithelial atrophy	1		
Yellowish opacities scattered over grayish atrophy of the retinal pigment epithelium	Retinal drusen	HP:6001388	Retinal drusen	1		
yellowish palmoplantar keratoderma	Palmoplantar hyperkeratosis	HP:0000972	Palmoplantar hyperkeratosis	1		
Yellowish, discolored nails	Abnormal nail morphology	HP:0001597	Abnormal nail morphology	1		
young onset prostate cancer	Prostate cancer	HP:0012125	Prostate cancer	1		
Zipper-​like appearance of the spine	Vertebral segmentation defects	HP:0003422	Vertebral segmentation defect	1		next:AUTRE Absent ossification of the vertebral bodies ?
“Bottle opener” deformity of clavicles	Clavicular hypoplasia	HP:0000894	Short clavicles	1		
