score	omim	nom	n_hpo	n_hpo_foetal	n_onset_prenatal	signes_lourds	orpha	dans_syndromes
46.1	OMIM:617925	Short-Rib thoracic dysplasia 20 with polydactyly	44	41	32	HP:0000175;HP:0002007;HP:0002089;HP:0003811;HP:0100258	—	
41.5	OMIM:618505	Stolerman neurodevelopmental syndrome	234	155	0	HP:0000175;HP:0000238;HP:0000252;HP:0001156;HP:0001250;HP:0001274;HP:0001511;HP:0001558;HP:0001561;HP:0001629;HP:0002007;HP:0002090;HP:0004322	ORPHA:528084	dans syndromes
37.1	OMIM:619488	DEGCAGS syndrome	125	101	9	HP:0000252;HP:0001274;HP:0001511;HP:0001561;HP:0001622;HP:0001629;HP:0001631;HP:0002090;HP:0002240	ORPHA:528084	dans syndromes
36.9	OMIM:265380	Alveolar capillary dysplasia with misalignment of pulmonary veins	80	69	20	HP:0000175;HP:0001561;HP:0001629;HP:0001631;HP:0003811	ORPHA:210122	
36.5	OMIM:300868	Multiple congenital anomalies-hypotonia-seizures syndrome 2	202	145	0	HP:0000252;HP:0001250;HP:0001321;HP:0001522;HP:0001561;HP:0001631;HP:0001744;HP:0001789;HP:0002090;HP:0002240;HP:0004322	ORPHA:300496	
35.7	OMIM:617866	Short-Rib thoracic dysplasia 18 with polydactyly	28	27	27	HP:0000238;HP:0001156;HP:0100258	—	
35.6	OMIM:621220	Guillouet-Gordon syndrome	196	136	0	HP:0000175;HP:0000776;HP:0001250;HP:0001274;HP:0001511;HP:0001561;HP:0001562;HP:0001629;HP:0001631;HP:0002007;HP:0004322	—	
34.4	OMIM:621184	Tayoun-Maawali syndrome	119	84	0	HP:0000104;HP:0000107;HP:0000238;HP:0000252;HP:0000821;HP:0001250;HP:0001511;HP:0001562;HP:0001622;HP:0001629;HP:0001631;HP:0002089;HP:0004322	—	
33.2	OMIM:301118	Intellectual developmental disorder, X-linked syndromic 37	201	152	0	HP:0000175;HP:0000821;HP:0001250;HP:0001561;HP:0001562;HP:0001622;HP:0001629;HP:0001631;HP:0002007	—	
32.9	OMIM:621302	Neurodevelopmental disorder with seizures and joint laxity	153	89	0	HP:0000175;HP:0001156;HP:0001250;HP:0001511;HP:0001558;HP:0001562;HP:0001622;HP:0001627;HP:0001629;HP:0001631;HP:0002007;HP:0004322	—	
31.0	OMIM:619841	Chilton-Okur-Chung neurodevelopmental syndrome	106	80	7	HP:0000252;HP:0001274;HP:0001511;HP:0001558;HP:0001561;HP:0001562;HP:0002007;HP:0004322	—	
29.6	OMIM:616900	Hypotonia, infantile, with psychomotor retardation and characteristic facies 3	119	86	3	HP:0000238;HP:0000252;HP:0000821;HP:0001250;HP:0001321;HP:0001558;HP:0001561;HP:0001562;HP:0002093	ORPHA:488632	
29.1	OMIM:621533	Neurodevelopmental disorder with seizures and impaired intellectual and language development	138	91	0	HP:0000252;HP:0000821;HP:0001250;HP:0001558;HP:0001561;HP:0001622;HP:0001627;HP:0001631;HP:0002093;HP:0004322	—	
28.5	OMIM:619534	Biliary, renal, neurologic, and skeletal syndrome	107	85	0	HP:0000238;HP:0001250;HP:0001395;HP:0001561;HP:0001629;HP:0001744;HP:0002007;HP:0002240;HP:0003811;HP:0004322	—	
28.5	OMIM:300855	Ogden syndrome	134	105	0	HP:0000252;HP:0001511;HP:0001558;HP:0001562;HP:0001629;HP:0001631;HP:0002000;HP:0002089;HP:0004322	ORPHA:276432	
28.1	OMIM:621295	Cerebral arteriopathy, autosomal recessive, with subcortical infarcts and leukoencephalopathy 1	156	81	0	HP:0000252;HP:0000776;HP:0000821;HP:0001250;HP:0001511;HP:0001558;HP:0001561;HP:0001562;HP:0001629;HP:0004322	—	
28.0	OMIM:621337	Cranioectodermal dysplasia 6	98	80	0	HP:0000107;HP:0000238;HP:0000252;HP:0001156;HP:0001511;HP:0001744;HP:0002007;HP:0002090;HP:0002240;HP:0004322	—	
27.9	OMIM:600001	Pancreatic agenesis and congenital heart defects	38	29	13	HP:0000252;HP:0000776;HP:0001250;HP:0001511;HP:0001629;HP:0001631	ORPHA:2255	
27.7	OMIM:601559	Stuve-Wiedemann syndrome	86	67	3	HP:0001156;HP:0001250;HP:0001511;HP:0001522;HP:0001562;HP:0002007;HP:0002089;HP:0002093;HP:0004322	ORPHA:3206	
27.1	OMIM:617926	Orofaciodigital syndrome XVII	24	21	23	HP:0004322	—	
26.7	OMIM:618815	Chromosome 1p36.33 duplication syndrome, ATAD3 gene cluster	20	17	17	HP:0001250;HP:0001522;HP:0001789;HP:0001989	ORPHA:656279	
26.7	OMIM:615471	Mitochondrial DNA depletion syndrome 13 (encephalomyopathic type)	119	87	0	HP:0000238;HP:0000252;HP:0001250;HP:0001321;HP:0001622;HP:0001631;HP:0002007;HP:0002240;HP:0004322	ORPHA:369897	
26.7	OMIM:300998	Intellectual developmental disorder, X-linked syndromic 35	68	47	4	HP:0000252;HP:0001250;HP:0001321;HP:0001511;HP:0001561;HP:0001622;HP:0001629;HP:0001631;HP:0004322	ORPHA:435938,ORPHA:459070	
26.5	OMIM:257300	Mosaic variegated aneuploidy syndrome 1	59	45	0	HP:0000107;HP:0000175;HP:0000238;HP:0000252;HP:0001250;HP:0001274;HP:0001321;HP:0001511;HP:0001562;HP:0001631;HP:0004322	ORPHA:1052	
26.1	OMIM:616268	Arboleda-Tham syndrome	113	81	2	HP:0000175;HP:0000252;HP:0001156;HP:0001250;HP:0001511;HP:0001629;HP:0001631;HP:0002007	ORPHA:457193	
25.9	OMIM:614576	Congenital disorder of glycosylation, type IIl	51	39	4	HP:0000238;HP:0000252;HP:0001250;HP:0001511;HP:0001522;HP:0001629;HP:0001631;HP:0001744;HP:0002240	ORPHA:464443	
25.8	OMIM:618268	Trichohepatoneurodevelopmental syndrome	82	58	0	HP:0000252;HP:0000821;HP:0001250;HP:0001321;HP:0001558;HP:0001561;HP:0001622;HP:0001629;HP:0001744;HP:0002240	—	
25.8	OMIM:301056	Multiple congenital anomalies-neurodevelopmental syndrome, X-linked	71	58	2	HP:0000252;HP:0001250;HP:0001274;HP:0001321;HP:0001511;HP:0001561;HP:0001629;HP:0002240;HP:0004322	—	
25.6	OMIM:621381	Congenital disorder of glycosylation, type IICC	130	76	0	HP:0000821;HP:0001250;HP:0001395;HP:0001562;HP:0001629;HP:0001631;HP:0002089;HP:0002240;HP:0004322	—	
25.1	OMIM:269860	Short-rib thoracic dysplasia 12	58	51	0	HP:0000238;HP:0001156;HP:0001511;HP:0001561;HP:0001629;HP:0001744;HP:0002089;HP:0002093;HP:0002240;HP:0003811	ORPHA:93268	
24.9	OMIM:236500	Multinucleated neurons, anhydramnios, renal dysplasia, cerebellar hypoplasia, and hydranencephaly	31	29	8	HP:0000107;HP:0001156;HP:0001321;HP:0001562;HP:0002089;HP:0003811;HP:0003826	ORPHA:500135	
24.6	OMIM:621254	Immunodeficiency 133 with ectodermal dysplasia with or without peripheral neuropathy	151	86	0	HP:0000175;HP:0000252;HP:0001250;HP:0001631;HP:0001744;HP:0002007;HP:0002090;HP:0002240	ORPHA:730318	
24.1	OMIM:621304	Developmental and epileptic encephalopathy 119	183	101	0	HP:0000175;HP:0000252;HP:0001156;HP:0001627;HP:0001629;HP:0002007;HP:0004322	—	
23.9	OMIM:621474	Neurodevelopmental disorder with congenital cardiac defects and variable renal and ocular abnormalities	136	99	0	HP:0000107;HP:0000238;HP:0000252;HP:0001250;HP:0001629;HP:0001631;HP:0004322	ORPHA:717841	
23.6	OMIM:619503	Neurodevelopmental disorder with hypotonia and dysmorphic facies	155	116	2	HP:0001250;HP:0001558;HP:0001562;HP:0001629;HP:0002007	ORPHA:528084	dans syndromes
23.4	OMIM:256810	Mitochondrial DNA depletion syndrome 6 (hepatocerebral type)	190	114	0	HP:0000252;HP:0000821;HP:0001250;HP:0001744;HP:0002240;HP:0004322	ORPHA:255229	
23.3	OMIM:308205	IFAP syndrome with or without BRESHECK syndrome	70	53	0	HP:0000104;HP:0000175;HP:0000252;HP:0001250;HP:0001522;HP:0001562;HP:0001631;HP:0003811;HP:0004322	ORPHA:2273,ORPHA:85284	
23.1	OMIM:605039	Bohring-Opitz syndrome	74	61	1	HP:0000252;HP:0001250;HP:0001274;HP:0001511;HP:0001561;HP:0001629;HP:0001631;HP:0004322	ORPHA:97297	
22.8	OMIM:621060	Neurodevelopmental disorder with microcephaly, absent speech, and hypotonia	70	48	0	HP:0000104;HP:0000175;HP:0000238;HP:0000252;HP:0000821;HP:0001250;HP:0002089;HP:0002240;HP:0100258	—	
22.7	OMIM:620852	Neurodevelopemental disorder with hypotonia, feeding difficulties, facial dysmorphism, and brain abnormalities	67	47	0	HP:0000175;HP:0000252;HP:0001250;HP:0001274;HP:0001561;HP:0001562;HP:0001629;HP:0001631;HP:0004322	—	
22.6	OMIM:617516	Stankiewicz-Isidor syndrome	90	56	1	HP:0000175;HP:0001156;HP:0001250;HP:0001511;HP:0001629;HP:0001631;HP:0002007;HP:0004322	ORPHA:528084	dans syndromes
22.3	OMIM:619991	Liver disease, severe congenital	105	73	3	HP:0001511;HP:0001629;HP:0001631;HP:0001744;HP:0002090;HP:0002240	—	
21.8	OMIM:619148	Chromosome 13q33-q34 deletion syndrome	62	48	7	HP:0000252;HP:0001250;HP:0001274;HP:0002089;HP:0004322	ORPHA:96168	
21.7	OMIM:620775	Neuromuscular disorder, congenital, with dysmorphic facies	69	57	0	HP:0000175;HP:0000252;HP:0001250;HP:0001558;HP:0001562;HP:0001629;HP:0002000;HP:0004322	—	
21.7	OMIM:618454	Developmental delay with or without dysmorphic facies and autism	79	57	2	HP:0000107;HP:0000175;HP:0000252;HP:0000776;HP:0001250;HP:0001629;HP:0004322	—	
21.6	OMIM:618089	Intellectual developmental disorder with dysmorphic facies and behavioral abnormalities	123	96	0	HP:0000175;HP:0000252;HP:0001250;HP:0001631;HP:0002007;HP:0004322	ORPHA:528084	dans syndromes
21.5	OMIM:621384	Developmental delay with variable cardiac and renal congenital anomalies and dysmorphic facies	104	75	0	HP:0000175;HP:0000252;HP:0001250;HP:0001511;HP:0001629;HP:0001631;HP:0004322	—	
21.4	OMIM:621495	STAD syndrome	146	114	0	HP:0000175;HP:0001156;HP:0001321;HP:0001631;HP:0002007	—	
21.4	OMIM:615485	Bainbridge-Ropers syndrome	90	64	3	HP:0000252;HP:0001250;HP:0001511;HP:0001522;HP:0001561;HP:0002000	ORPHA:352577	
21.3	OMIM:619475	Developmental delay, impaired speech, and behavioral abnormalities	188	113	0	HP:0000238;HP:0000252;HP:0001250;HP:0001511;HP:0001629	ORPHA:528084	dans syndromes
21.3	OMIM:618846	Diets-Jongmans syndrome	34	23	9	HP:0000776;HP:0001250;HP:0001561;HP:0001629;HP:0004322	ORPHA:633004	
21.3	OMIM:612474	Chromosome 1q21.1 deletion syndrome, 1.35-mb	98	73	4	HP:0000252;HP:0001156;HP:0001250;HP:0001631;HP:0002007	ORPHA:250989	
21.1	OMIM:621180	Cranioectodermal dysplasia 5	98	71	0	HP:0000107;HP:0001156;HP:0001395;HP:0001622;HP:0001629;HP:0002007;HP:0002240	—	
21.1	OMIM:620771	Jeffries-Lakhani neurodevelopmental syndrome	110	71	0	HP:0000175;HP:0000252;HP:0000821;HP:0001558;HP:0001561;HP:0001562;HP:0004322	—	
21.1	OMIM:616462	Acrofacial dysostosis, Cincinnati type	104	71	0	HP:0000175;HP:0000238;HP:0000252;HP:0001250;HP:0001511;HP:0001629;HP:0004322	ORPHA:1200	
21.1	OMIM:117360	Spinocerebellar ataxia 29, congenital nonprogressive	141	71	0	HP:0000252;HP:0001250;HP:0001321;HP:0001627;HP:0001631;HP:0002007;HP:0004322	ORPHA:208513	
21.0	OMIM:619512	Neurodevelopmental disorder with hypotonia and brain abnormalities	83	60	3	HP:0000238;HP:0000252;HP:0001274;HP:0001321;HP:0001631;HP:0002007	—	
20.9	OMIM:608776	Congenital disorder of glycosylation, type Il	49	39	1	HP:0000252;HP:0001250;HP:0001558;HP:0001631;HP:0001744;HP:0001789;HP:0002007;HP:0002240	ORPHA:79328	
20.8	OMIM:621307	Alsahan-Harris syndrome	83	68	0	HP:0000252;HP:0001156;HP:0001250;HP:0001274;HP:0001511;HP:0001561;HP:0001629	—	
20.7	OMIM:620371	Neurodevelopmental disorder with intracranial hemorrhage, seizures, and spasticity	93	67	0	HP:0000238;HP:0000252;HP:0001250;HP:0001789;HP:0002089;HP:0002093;HP:0004322	—	
20.6	OMIM:620908	Arterial tortuosity-bone fragility syndrome	115	86	0	HP:0000175;HP:0000252;HP:0000776;HP:0001250;HP:0001511;HP:0001631	—	
20.6	OMIM:616897	Osteochondrodysplasia, complex lethal, Symoens-Barnes-Gistelinck type	49	46	0	HP:0000175;HP:0000252;HP:0001321;HP:0001511;HP:0001561;HP:0001629;HP:0001789;HP:0002089	ORPHA:457378	
20.5	OMIM:617988	Jaberi-Elahi syndrome	139	85	0	HP:0000238;HP:0000252;HP:0000821;HP:0001250;HP:0001274;HP:0001321	—	
20.5	OMIM:606170	Genitopatellar syndrome	53	45	0	HP:0000252;HP:0000821;HP:0001156;HP:0001274;HP:0001561;HP:0001629;HP:0001631;HP:0002089	ORPHA:85201	dans syndromes
20.4	OMIM:619004	Deeah syndrome	66	44	4	HP:0001250;HP:0001511;HP:0001522;HP:0001561;HP:0002240;HP:0004322	ORPHA:528084,ORPHA:686495	dans syndromes
20.1	OMIM:621122	Paul-Chao neurodevelopmental syndrome	114	61	0	HP:0000107;HP:0000252;HP:0000821;HP:0001250;HP:0001622;HP:0002090;HP:0004322	—	
20.1	OMIM:621063	Muggenthaler-Chowdhury-Chioza syndrome	78	61	0	HP:0000175;HP:0000252;HP:0000776;HP:0001631;HP:0001789;HP:0002007;HP:0004322	ORPHA:508476	
20.1	OMIM:301044	Developmental and epileptic encephalopathy 85, with or without midline brain defects	72	51	1	HP:0000175;HP:0000252;HP:0000776;HP:0001250;HP:0001511;HP:0001629;HP:0001631	ORPHA:708203	
20.0	OMIM:301132	Orofaciodigital syndrome XXI	91	60	0	HP:0000238;HP:0001156;HP:0001250;HP:0001511;HP:0001629;HP:0002007;HP:0004322	—	
20.0	OMIM:225790	Proliferative vasculopathy and hydranencephaly-hydrocephaly syndrome	24	20	0	HP:0000175;HP:0000238;HP:0000252;HP:0001250;HP:0001274;HP:0001321;HP:0001511;HP:0001561;HP:0001622	ORPHA:221126	
19.9	OMIM:621192	Craniofaciocardiohepatic syndrome	110	79	0	HP:0000175;HP:0000776;HP:0001395;HP:0001622;HP:0001629;HP:0001631	ORPHA:660021	
19.9	OMIM:300712	Craniofacioskeletal syndrome	43	39	0	HP:0000175;HP:0000252;HP:0001156;HP:0001321;HP:0001511;HP:0001629;HP:0001631;HP:0004322	ORPHA:163979	
19.8	OMIM:621415	Intellectual developmental disorder, autosomal dominant 77	160	78	0	HP:0000175;HP:0000252;HP:0000821;HP:0001250;HP:0001562;HP:0002007	—	
19.7	OMIM:261515	D-bifunctional protein deficiency	62	47	3	HP:0000107;HP:0001250;HP:0001561;HP:0001744;HP:0002007;HP:0002240	ORPHA:300	
19.6	OMIM:621379	Neurocardiorenal malformation syndrome	91	56	0	HP:0000252;HP:0001250;HP:0001511;HP:0001558;HP:0001561;HP:0001629;HP:0004322	—	
19.5	OMIM:618164	Cardiac, facial, and digital anomalies with developmental delay	74	55	0	HP:0000252;HP:0001250;HP:0001511;HP:0001622;HP:0001629;HP:0001631;HP:0004322	ORPHA:592570	
19.3	OMIM:616651	Roifman syndrome	40	33	0	HP:0000252;HP:0001156;HP:0001511;HP:0001622;HP:0001629;HP:0001744;HP:0002240;HP:0004322	ORPHA:353298	
19.3	OMIM:615583	Verheij syndrome	39	33	0	HP:0000104;HP:0000107;HP:0000175;HP:0000252;HP:0001250;HP:0001511;HP:0001629;HP:0004322	ORPHA:508488,ORPHA:508498	
19.3	OMIM:256500	Netherton syndrome	151	93	0	HP:0000238;HP:0001250;HP:0001622;HP:0002090;HP:0004322	ORPHA:634	
19.2	OMIM:616546	Short-Rib thoracic dysplasia 14 with polydactyly	35	32	0	HP:0000175;HP:0000238;HP:0000776;HP:0001561;HP:0001631;HP:0001789;HP:0002089;HP:0100258	ORPHA:397715	
19.2	OMIM:615502	Intellectual developmental disorder, autosomal dominant 21	121	92	0	HP:0000175;HP:0000252;HP:0001629;HP:0001631;HP:0004322	ORPHA:363611	
19.1	OMIM:619522	Neurodevelopmental-craniofacial syndrome with variable renal and cardiac abnormalities	73	51	0	HP:0000104;HP:0000252;HP:0001250;HP:0001511;HP:0001629;HP:0001631;HP:0004322	ORPHA:528084	dans syndromes
19.1	OMIM:618622	Neurodevelopmental disorder with microcephaly, arthrogryposis, and structural brain anomalies	46	41	3	HP:0000252;HP:0001250;HP:0001321;HP:0001511;HP:0001522;HP:0001622	ORPHA:664923	
19.1	OMIM:243605	Stromme syndrome	33	31	0	HP:0000175;HP:0000238;HP:0000252;HP:0001274;HP:0001321;HP:0002000;HP:0003826;HP:0100258	ORPHA:444069,ORPHA:506307	
19.1	OMIM:220500	Doors syndrome	55	41	3	HP:0000104;HP:0000175;HP:0000252;HP:0001250;HP:0001629;HP:0001631	ORPHA:3231,ORPHA:79500	dans syndromes
19.1	OMIM:213980	Craniofacial dysmorphism, skeletal anomalies, and impaired intellectual development 1	82	61	1	HP:0000175;HP:0000252;HP:0001558;HP:0001561;HP:0001631;HP:0004322	ORPHA:1394,ORPHA:228407	
18.9	OMIM:602398	Desmosterolosis	49	39	1	HP:0000175;HP:0000238;HP:0000252;HP:0001250;HP:0001274;HP:0002007;HP:0004322	ORPHA:35107	
18.8	OMIM:280000	CHIME syndrome	86	68	0	HP:0000175;HP:0001156;HP:0001250;HP:0001629;HP:0002007;HP:0002240	ORPHA:3474	
18.7	OMIM:621344	Dursun-Ozgul neurodevelopmental syndrome	120	67	0	HP:0000252;HP:0001156;HP:0001250;HP:0001562;HP:0002000;HP:0004322	—	
18.7	OMIM:621265	Nil-Deshwar neurodevelopmental syndrome	103	67	0	HP:0000252;HP:0000821;HP:0001250;HP:0001629;HP:0001631;HP:0004322	—	
18.7	OMIM:608779	Congenital disorder of glycosylation, type IIe	59	47	0	HP:0001250;HP:0001511;HP:0001522;HP:0001744;HP:0002093;HP:0002240;HP:0004322	ORPHA:79333	
18.6	OMIM:621263	Neurodevelopmental disorder with behavioral, ear, and skeletal abnormalities	136	86	0	HP:0001250;HP:0001321;HP:0001622;HP:0001629;HP:0001631	—	
18.5	OMIM:620005	Primordial dwarfism-immunodeficiency-lipodystrophy syndrome	58	45	0	HP:0000252;HP:0000821;HP:0001395;HP:0001511;HP:0001631;HP:0002007;HP:0002093	ORPHA:718037	
18.5	OMIM:619312	Radio-Tartaglia syndrome	79	55	1	HP:0000252;HP:0001156;HP:0001250;HP:0001274;HP:0001629;HP:0002007	ORPHA:662234	
18.5	OMIM:245400	Mitochondrial DNA depletion syndrome 9 (encephalomyopathic type with methylmalonic aciduria)	51	35	7	HP:0001511;HP:0001522;HP:0002093;HP:0003811	ORPHA:17	
18.3	OMIM:311900	TARP syndrome	48	43	0	HP:0000175;HP:0001250;HP:0001321;HP:0001511;HP:0001562;HP:0001631;HP:0003811	ORPHA:2886	
18.2	OMIM:621506	Neurodevelopmental disorder with parkinsonism or other movement abnormalities	81	42	0	HP:0000252;HP:0001250;HP:0001274;HP:0001558;HP:0002090;HP:0002093;HP:0002240	—	
18.2	OMIM:620376	Autoinflammatory disease, systemic, with vasculitis	56	42	0	HP:0001395;HP:0001511;HP:0001622;HP:0001744;HP:0001789;HP:0002007;HP:0002240	—	
18.1	OMIM:614114	Mosaic variegated aneuploidy syndrome 2	49	41	0	HP:0000252;HP:0000821;HP:0001511;HP:0001629;HP:0001631;HP:0002007;HP:0004322	ORPHA:1052	
18.0	OMIM:621552	Luo-Agrawal neurodevelopmental syndrome	89	60	0	HP:0000252;HP:0001250;HP:0001321;HP:0001511;HP:0001562;HP:0001629	—	
18.0	OMIM:614080	Multiple congenital anomalies-hypotonia-seizures syndrome 1	57	40	0	HP:0000175;HP:0000776;HP:0001250;HP:0001561;HP:0001631;HP:0002007;HP:0002089	ORPHA:280633	
18.0	OMIM:604377	Mitochondrial complex IV deficiency, nuclear type 2	130	80	0	HP:0000252;HP:0001250;HP:0001511;HP:0001522;HP:0002240	ORPHA:1561	
18.0	OMIM:230500	GM1-gangliosidosis, type I	38	30	1	HP:0001250;HP:0001511;HP:0001522;HP:0001744;HP:0001789;HP:0002007;HP:0002240	ORPHA:354,ORPHA:79255	
17.9	OMIM:608540	Congenital disorder of glycosylation, type Ik	25	19	4	HP:0000252;HP:0001250;HP:0001511;HP:0001522;HP:0001744;HP:0002240	ORPHA:79327	
17.9	OMIM:606003	Transaldolase deficiency	34	29	1	HP:0001395;HP:0001511;HP:0001562;HP:0001629;HP:0001631;HP:0001744;HP:0002240	ORPHA:101028	
17.8	OMIM:617506	Noonan syndrome-like disorder with loose anagen hair 2	82	68	1	HP:0001561;HP:0001629;HP:0001631;HP:0002007;HP:0004322	ORPHA:2701	
17.8	OMIM:264480	Pseudotrisomy 13 syndrome	39	38	0	HP:0000104;HP:0000238;HP:0000252;HP:0001274;HP:0001321;HP:0001629;HP:0001631	ORPHA:2166	
17.7	OMIM:621010	Morimoto-Ryu-Malicdan neuromuscular syndrome	107	57	0	HP:0000252;HP:0000821;HP:0001250;HP:0001511;HP:0001629;HP:0004322	ORPHA:715623	
17.7	OMIM:614922	Combined oxidative phosphorylation deficiency 11	39	27	1	HP:0000107;HP:0001250;HP:0001522;HP:0001561;HP:0002240;HP:0003811;HP:0003826	ORPHA:324535	
17.7	OMIM:613658	Rajab interstitial lung disease with brain calcifications	66	47	1	HP:0000252;HP:0001250;HP:0001511;HP:0001562;HP:0002093;HP:0004322	ORPHA:178506	
17.7	OMIM:309500	Renpenning syndrome	62	47	1	HP:0000175;HP:0000252;HP:0001250;HP:0001629;HP:0001631;HP:0004322	ORPHA:3242,ORPHA:93945,ORPHA:93946,ORPHA:93947,ORPHA:93950	
17.7	OMIM:300967	Intellectual developmental disorder, X-linked syndromic 34	66	37	4	HP:0001250;HP:0001321;HP:0001629;HP:0001631;HP:0002007	ORPHA:466791	
17.6	OMIM:621393	Neurodevelopmental disorder with structural brain abnormalities and craniofacial abnormalities	42	36	0	HP:0000175;HP:0001274;HP:0001321;HP:0001511;HP:0001558;HP:0001629;HP:0001789	—	
17.6	OMIM:621049	Pan-Chung-Bellen syndrome	77	56	0	HP:0000252;HP:0001250;HP:0001629;HP:0001631;HP:0002007;HP:0004322	—	
17.6	OMIM:621016	Neurodevelopmental disorder with variable familial hypercholanemia	107	76	0	HP:0000252;HP:0001250;HP:0002007;HP:0002240;HP:0004322	—	
17.4	OMIM:620887	Multiple mitochondrial dysfunctions syndrome 9B	198	94	0	HP:0000252;HP:0001250;HP:0002093;HP:0004322	ORPHA:543470	
17.4	OMIM:617061	Intellectual developmental disorder, autosomal dominant 44, with microcephaly	69	44	3	HP:0000252;HP:0001156;HP:0001250;HP:0001629;HP:0001631	ORPHA:476126	
17.3	OMIM:621201	Neurodevelopmental disorder with dysmorphic facies, brain anomalies, and seizures	111	73	0	HP:0000175;HP:0000252;HP:0001250;HP:0001321;HP:0004322	—	
17.2	OMIM:616541	Short stature, microcephaly, and endocrine dysfunction	58	42	5	HP:0000252;HP:0000821;HP:0001511;HP:0004322	ORPHA:436182	
17.0	OMIM:618142	Microcephaly, facial dysmorphism, renal agenesis, and ambiguous genitalia syndrome	35	30	0	HP:0000252;HP:0001250;HP:0001274;HP:0001511;HP:0001629;HP:0001631;HP:0100258	—	
17.0	OMIM:617330	Hypotonia, ataxia, and delayed development syndrome	70	50	2	HP:0000252;HP:0001250;HP:0001558;HP:0001562;HP:0004322	ORPHA:658843	
17.0	OMIM:616977	Intellectual developmental disorder, autosomal dominant 43	122	70	0	HP:0000252;HP:0001250;HP:0001558;HP:0001562;HP:0004322	ORPHA:178469	
17.0	OMIM:608104	Congenital disorder of glycosylation, type Ih	39	30	0	HP:0000821;HP:0001511;HP:0001522;HP:0001558;HP:0001562;HP:0002240;HP:0003811	ORPHA:79325	
17.0	OMIM:208540	Renal-hepatic-pancreatic dysplasia 1	35	30	0	HP:0001395;HP:0001562;HP:0001631;HP:0001744;HP:0002089;HP:0002240;HP:0003811	ORPHA:294415	
16.9	OMIM:621354	Neurodevelopmental disorder with growth impairment, quadriparesis, and poor or absent speech	131	69	0	HP:0001250;HP:0001321;HP:0001511;HP:0002007;HP:0004322	—	
16.9	OMIM:620985	Karayol-Borroto-Haghshenas neurodevelopmental syndrome	125	69	0	HP:0000252;HP:0000821;HP:0001250;HP:0002007;HP:0004322	—	
16.9	OMIM:612582	Chromosome 6pter-p24 deletion syndrome	66	49	0	HP:0000238;HP:0001250;HP:0001274;HP:0001629;HP:0001631;HP:0002007	ORPHA:96125	
16.9	OMIM:301068	Hardikar syndrome	67	49	0	HP:0001395;HP:0001629;HP:0001631;HP:0001744;HP:0002240;HP:0004322	ORPHA:1415	
16.9	OMIM:251300	Galloway-Mowat syndrome 1	65	49	0	HP:0000252;HP:0001250;HP:0001511;HP:0001562;HP:0002269;HP:0004322	ORPHA:2065	
16.7	OMIM:621585	Mendez-Johnson immunoneurologic syndrome	104	67	0	HP:0000252;HP:0000821;HP:0001511;HP:0001558;HP:0004322	—	
16.7	OMIM:619418	Infantile-onset multisystem neurologic, endocrine, and pancreatic disease 2	53	37	1	HP:0000252;HP:0001274;HP:0001622;HP:0001629;HP:0001744;HP:0002240	ORPHA:727861	
16.7	OMIM:617452	Intellectual developmental disorder with dysmorphic facies, seizures, and distal limb anomalies	50	37	1	HP:0000252;HP:0001250;HP:0001511;HP:0001629;HP:0001631;HP:0004322	ORPHA:505237	
16.6	OMIM:621154	Neurodevelopmental disorder with poor growth, seizures, and brain abnormalities	98	66	0	HP:0000238;HP:0000252;HP:0001250;HP:0002007;HP:0004322	—	
16.6	OMIM:253200	Mucopolysaccharidosis, type VI	64	46	0	HP:0000238;HP:0001250;HP:0001744;HP:0002090;HP:0002240;HP:0004322	ORPHA:276212,ORPHA:276223,ORPHA:583	
16.5	OMIM:618005	Congenital disorder of glycosylation with defective fucosylation 1	34	25	0	HP:0000252;HP:0000821;HP:0001250;HP:0001511;HP:0001561;HP:0001631;HP:0004322	—	
16.5	OMIM:617157	Short stature, brachydactyly, intellectual developmental disability, and seizures	65	45	0	HP:0000252;HP:0001156;HP:0001511;HP:0001561;HP:0002007;HP:0004322	ORPHA:464288	
16.4	OMIM:263210	Gillessen-Kaesbach-Nishimura syndrome	37	34	1	HP:0000252;HP:0000776;HP:0001561;HP:0001562;HP:0001627;HP:0002089	ORPHA:79328	
16.3	OMIM:621608	Developmental and epileptic encephalopathy 122	108	63	0	HP:0000252;HP:0001250;HP:0002007;HP:0002090;HP:0004322	ORPHA:442835	
16.3	OMIM:615102	Tyshchenko syndrome	28	23	0	HP:0000175;HP:0001511;HP:0001561;HP:0001622;HP:0001629;HP:0001631;HP:0004322	ORPHA:289553	
16.3	OMIM:608670	Robin sequence, distinctive facial appearance, and brachydactyly	55	43	0	HP:0000175;HP:0000252;HP:0001511;HP:0001562;HP:0001629;HP:0002000	ORPHA:364577	
16.2	OMIM:618494	Congenital hypotonia, epilepsy, developmental delay, and digital anomalies	60	42	0	HP:0000175;HP:0001250;HP:0001562;HP:0001627;HP:0001629;HP:0001631	—	
16.1	OMIM:617260	Global developmental delay, absent or hypoplastic corpus callosum, and dysmorphic facies	43	31	1	HP:0000107;HP:0000252;HP:0001274;HP:0002007;HP:0002093;HP:0004322	ORPHA:708178	
16.1	OMIM:157800	Cardiospondylocarpofacial syndrome	56	41	0	HP:0000776;HP:0001156;HP:0001558;HP:0001629;HP:0001631;HP:0004322	ORPHA:3238	
16.0	OMIM:618829	Nabais Sa-de vries syndrome, type 2	45	30	5	HP:0000821;HP:0001250;HP:0001561;HP:0002007	ORPHA:662175	
16.0	OMIM:615948	Orofaciodigital syndrome XIV	49	40	0	HP:0000175;HP:0000252;HP:0001321;HP:0001629;HP:0001631;HP:0100258	ORPHA:434179	
16.0	OMIM:614052	Mitochondrial complex V (ATP synthase) deficiency, nuclear type 2	43	30	1	HP:0001250;HP:0001511;HP:0001562;HP:0001622;HP:0002093;HP:0003811	ORPHA:1194	
16.0	OMIM:235255	Mullerian derivatives, persistence of, with lymphangiectasia and postaxial polydactyly	43	40	0	HP:0000175;HP:0001522;HP:0001561;HP:0001629;HP:0001744;HP:0002240	ORPHA:1655	
15.9	OMIM:620351	Congenital myopathy 22A, classic	65	49	1	HP:0001558;HP:0001561;HP:0002007;HP:0002093;HP:0003811	—	
15.9	OMIM:618186	Neuropathy, congenital hypomyelinating, 3	43	29	1	HP:0000252;HP:0001250;HP:0001558;HP:0001561;HP:0002093;HP:0003811	ORPHA:2680	
15.9	OMIM:617729	Galloway-Mowat syndrome 3	50	39	0	HP:0000252;HP:0001250;HP:0001511;HP:0001562;HP:0002007;HP:0004322	ORPHA:2065	
15.9	OMIM:617602	Congenital heart defects and skeletal malformations syndrome	47	39	0	HP:0000776;HP:0001511;HP:0001629;HP:0001631;HP:0002007;HP:0004322	ORPHA:643503	
15.9	OMIM:616263	Neurologic, endocrine, and pancreatic disease, multisystem, infantile-onset	47	29	1	HP:0000821;HP:0001250;HP:0001395;HP:0001558;HP:0002240;HP:0004322	ORPHA:456312	
15.9	OMIM:251230	Microcephaly-micromelia syndrome	31	29	1	HP:0000175;HP:0000252;HP:0001511;HP:0001562;HP:0002089;HP:0003811	ORPHA:572768	
15.9	OMIM:174300	Orofaciodigital syndrome V	49	39	2	HP:0000175;HP:0000252;HP:0001274;HP:0001629;HP:0002007	ORPHA:2919	
15.8	OMIM:619950	Tessadori-van Haaften neurodevelopmental syndrome 3	118	78	0	HP:0000175;HP:0000252;HP:0001250;HP:0004322	ORPHA:717854	
15.8	OMIM:618922	Neurodevelopmental disorder with seizures, hypotonia, and brain imaging abnormalities	34	18	2	HP:0000252;HP:0000821;HP:0001250;HP:0001522;HP:0001561;HP:0004322	ORPHA:528084	dans syndromes
15.8	OMIM:616449	Basel-Vanagaite-Smirin-Yosef syndrome	49	38	0	HP:0000175;HP:0000252;HP:0001250;HP:0001274;HP:0001629;HP:0001631	ORPHA:464738	
15.7	OMIM:620186	Branchial arch abnormalities, choanal atresia, athelia, hearing loss, and hypothyroidism syndrome	75	57	0	HP:0000821;HP:0001511;HP:0001561;HP:0001631;HP:0004322	ORPHA:589856	
15.7	OMIM:620113	Neurodevelopmental disorder with growth retardation, dysmorphic facies, and corpus callosum abnormalities	49	37	0	HP:0001250;HP:0001274;HP:0001511;HP:0001562;HP:0001629;HP:0004322	—	
15.7	OMIM:602782	Histiocytosis-lymphadenopathy plus syndrome	51	37	2	HP:0001629;HP:0001631;HP:0001744;HP:0002240;HP:0004322	ORPHA:168569	
15.7	OMIM:250410	Retinitis pigmentosa with or without skeletal anomalies	51	37	0	HP:0000107;HP:0001156;HP:0001511;HP:0001629;HP:0002007;HP:0004322	ORPHA:166035	
15.6	OMIM:618371	Turnpenny-Fry syndrome	82	56	0	HP:0000252;HP:0001511;HP:0001561;HP:0001631;HP:0002007	ORPHA:688642	
15.6	OMIM:611812	46,XX sex reversal with dysgenesis of kidneys, adrenals, and lungs	19	16	0	HP:0000104;HP:0000175;HP:0000776;HP:0001511;HP:0001562;HP:0001629;HP:0002089	ORPHA:139466	
15.5	OMIM:619229	Kohlschutter-Tonz syndrome-like	87	35	0	HP:0000252;HP:0001250;HP:0001511;HP:0001562;HP:0001622;HP:0001629	ORPHA:684232	
15.5	OMIM:616276	Coenzyme Q10 deficiency, primary, 7	71	35	2	HP:0001250;HP:0001321;HP:0001511;HP:0001629;HP:0002093	ORPHA:457185	
15.5	OMIM:614332	Chromosome 2p16.3 deletion syndrome	107	75	0	HP:0000252;HP:0001156;HP:0001631;HP:0002240	—	
15.4	OMIM:620428	Neurodevelopmental disorder with motor and language delay, ocular defects, and brain abnormalities	47	34	0	HP:0000252;HP:0001250;HP:0001274;HP:0001321;HP:0001511;HP:0001622	—	
15.4	OMIM:618428	Popov-Chang syndrome	62	34	0	HP:0000238;HP:0000252;HP:0001250;HP:0001622;HP:0002007;HP:0004322	—	
15.4	OMIM:301030	Van Esch-O'Driscoll syndrome	47	34	0	HP:0000252;HP:0001250;HP:0001511;HP:0001629;HP:0001631;HP:0004322	ORPHA:163976	
15.3	OMIM:620663	Spondyloepimetaphyseal dysplasia, Guo-Campeau type	60	53	0	HP:0001156;HP:0001629;HP:0001631;HP:0002007;HP:0004322	—	
15.3	OMIM:613603	Chromosome 4q32.1-q32.2 triplication syndrome	43	33	0	HP:0000238;HP:0000252;HP:0001250;HP:0001561;HP:0002000;HP:0002007	—	
15.2	OMIM:617641	Congenital anomalies of kidney and urinary tract syndrome with or without hearing loss, abnormal ears, or developmental delay	43	32	2	HP:0000104;HP:0000776;HP:0001562;HP:0001627;HP:0002093	ORPHA:656130	
15.2	OMIM:300978	Tonne-Kalscheuer syndrome	51	32	0	HP:0000252;HP:0000776;HP:0001156;HP:0001627;HP:0002089;HP:0004322	ORPHA:528084	dans syndromes
15.2	OMIM:300968	Intellectual developmental disorder, X-linked 99, syndromic, female-restricted	58	42	1	HP:0000175;HP:0001250;HP:0001321;HP:0001631;HP:0004322	ORPHA:480880	
15.2	OMIM:156200	Intellectual developmental disorder, autosomal dominant 1	82	52	0	HP:0000252;HP:0001250;HP:0002000;HP:0002007;HP:0004322	ORPHA:178469,ORPHA:228402,ORPHA:313947	
15.1	OMIM:620450	Intellectual developmental disorder, autosomal dominant 73	101	71	0	HP:0000252;HP:0001250;HP:0002000;HP:0004322	ORPHA:528084	dans syndromes
15.1	OMIM:618143	Glycosylphosphatidylinositol biosynthesis defect 18	65	41	1	HP:0000252;HP:0001156;HP:0001250;HP:0001989;HP:0002240	—	
15.1	OMIM:616271	3-Methylglutaconic aciduria with cataracts, neurologic involvement, and neutropenia	57	31	2	HP:0000252;HP:0001250;HP:0001511;HP:0001558;HP:0001561	ORPHA:445038	
15.1	OMIM:600325	Aminopterin syndrome sine aminopterin	35	31	0	HP:0000175;HP:0000252;HP:0001156;HP:0001511;HP:0002007;HP:0004322	ORPHA:221120	
15.1	OMIM:300896	Congenital disorder of glycosylation, type IIm	45	31	0	HP:0000252;HP:0001250;HP:0001321;HP:0001511;HP:0001562;HP:0001631	ORPHA:356961	
15.0	OMIM:621068	Neurodevelopmental disorder with hypotonia, poor growth, dysmorphic facies, and agammaglobulinemia	42	30	0	HP:0000252;HP:0000821;HP:0001250;HP:0001629;HP:0002093;HP:0004322	—	
15.0	OMIM:618891	Microcephaly, developmental delay, and brittle hair syndrome	50	30	2	HP:0000252;HP:0001250;HP:0001511;HP:0001631;HP:0004322	ORPHA:33364	
15.0	OMIM:617164	Short stature, rhizomelic, with microcephaly, micrognathia, and developmental delay	46	30	0	HP:0000175;HP:0000252;HP:0001250;HP:0001511;HP:0001629;HP:0004322	ORPHA:659702	
15.0	OMIM:617022	Lethal congenital contracture syndrome 10	32	30	0	HP:0001511;HP:0001562;HP:0001629;HP:0001789;HP:0001989;HP:0002089	ORPHA:464366	
15.0	OMIM:610199	Diabetes mellitus, neonatal, with congenital hypothyroidism	39	30	2	HP:0000107;HP:0001395;HP:0001511;HP:0001744;HP:0002240	ORPHA:79118	
15.0	OMIM:607932	Microphthalmia, syndromic 6	61	50	0	HP:0000175;HP:0000252;HP:0000821;HP:0001156;HP:0001321	ORPHA:139471	
14.9	OMIM:620369	Congenital myopathy 22B, severe fetal	62	49	0	HP:0001558;HP:0001561;HP:0002007;HP:0002089;HP:0002240	—	
14.9	OMIM:619189	Li-Campeau syndrome	27	19	3	HP:0000821;HP:0001250;HP:0001629;HP:0001631;HP:0004322	ORPHA:528084	dans syndromes
14.8	OMIM:621528	Meier-Gorlin syndrome 10	89	68	0	HP:0000252;HP:0001156;HP:0001511;HP:0001631	—	
14.8	OMIM:618950	Suleiman-El-Hattab syndrome	52	38	1	HP:0000252;HP:0001156;HP:0001250;HP:0001629;HP:0001631	—	
14.8	OMIM:618440	Oculoskeletodental syndrome	33	28	2	HP:0000104;HP:0000821;HP:0001744;HP:0002240;HP:0004322	ORPHA:557003	
14.8	OMIM:609625	Chromosome 10q26 deletion syndrome	64	48	0	HP:0000252;HP:0001250;HP:0001631;HP:0002007;HP:0004322	ORPHA:96148	
14.7	OMIM:618065	Pontocerebellar hypoplasia, type 1D	47	27	0	HP:0000252;HP:0001250;HP:0001511;HP:0001558;HP:0001562;HP:0002093	ORPHA:2254	
14.7	OMIM:612651	ENDOCRINE-CEREBROOSTEODYSPLASIA	52	47	0	HP:0000238;HP:0001156;HP:0001274;HP:0001561;HP:0100258	ORPHA:199332	
14.7	OMIM:241800	Pallister-Hall-like syndrome	32	27	0	HP:0000175;HP:0000238;HP:0000252;HP:0001522;HP:0002089;HP:0004322	—	
14.7	OMIM:212066	Congenital disorder of glycosylation, type IIa	59	47	0	HP:0000252;HP:0001250;HP:0001321;HP:0001629;HP:0004322	ORPHA:79329	
14.6	OMIM:618947	Arthrogryposis multiplex congenita 5	59	46	0	HP:0000252;HP:0001511;HP:0001522;HP:0001558;HP:0001561	—	
14.6	OMIM:611291	Immunodeficiency 124, severe combined	70	46	0	HP:0000252;HP:0001511;HP:0001744;HP:0002090;HP:0002240	ORPHA:169079	
14.6	OMIM:608978	Meacham syndrome	34	26	0	HP:0001522;HP:0001629;HP:0001631;HP:0002089;HP:0003811;HP:0003826	ORPHA:3097	
14.5	OMIM:612940	Cutis laxa, autosomal recessive, type IIB	53	45	0	HP:0000238;HP:0000252;HP:0001274;HP:0001511;HP:0002007	ORPHA:357064	
14.5	OMIM:612863	Chromosome 6q25-q25 deletion syndrome	50	35	1	HP:0000238;HP:0001274;HP:0001511;HP:0001631;HP:0002007	ORPHA:251056	
14.5	OMIM:610042	Pitt-Hopkins like syndrome 1	104	45	0	HP:0000252;HP:0001250;HP:0001321;HP:0002000;HP:0002007	ORPHA:163681	dans syndromes
14.4	OMIM:619833	Neurodevelopmental disorder with neuromuscular and skeletal abnormalities	62	44	0	HP:0000238;HP:0000252;HP:0001511;HP:0001561;HP:0004322	ORPHA:528084	dans syndromes
14.4	OMIM:617694	Al Kaissi syndrome	56	44	0	HP:0000252;HP:0001250;HP:0001511;HP:0001631;HP:0004322	ORPHA:720326	
14.4	OMIM:617478	Structural heart defects and renal anomalies syndrome	25	24	2	HP:0000107;HP:0000252;HP:0001522;HP:0001629;HP:0001631	ORPHA:689822	
14.4	OMIM:612938	Growth retardation, developmental delay, coarse facies, and earlydeath	35	24	0	HP:0000175;HP:0000238;HP:0001156;HP:0001250;HP:0001511;HP:0001629	ORPHA:210144	
14.4	OMIM:610505	Combined oxidative phosphorylation deficiency 3	44	24	0	HP:0001250;HP:0001511;HP:0001522;HP:0001558;HP:0002093;HP:0002240	ORPHA:168566	
14.4	OMIM:246200	Donohue syndrome	55	44	0	HP:0001395;HP:0001511;HP:0001561;HP:0001744;HP:0002240	ORPHA:508	
14.3	OMIM:619005	Neurodevelopmental disorder with dysmorphic facies, impaired speech and hypotonia	51	33	3	HP:0001250;HP:0001511;HP:0002007;HP:0002240	ORPHA:528084	dans syndromes
14.3	OMIM:615219	Hydrocephalus, congenital, 2, with or without brain or eye anomalies	33	23	0	HP:0000238;HP:0000252;HP:0001250;HP:0001274;HP:0001631;HP:0002007	ORPHA:2185,ORPHA:269505	
14.3	OMIM:614207	Hyperphosphatasia with impaired intellectual development syndrome 3	41	23	0	HP:0000175;HP:0000252;HP:0001250;HP:0001558;HP:0001631;HP:0004322	ORPHA:247262	
14.3	OMIM:613730	Hemorrhagic destruction of the brain, subependymal calcification,and cataracts	19	13	1	HP:0001250;HP:0001321;HP:0001522;HP:0001629;HP:0002240;HP:0003811	ORPHA:306547	
14.3	OMIM:613385	Autoimmune disease, multisystem, with facial dysmorphism	53	43	0	HP:0000821;HP:0001744;HP:0002007;HP:0002240;HP:0004322	ORPHA:228426	
14.3	OMIM:611209	Congenital disorder of glycosylation, type IIg	76	63	0	HP:0000175;HP:0000252;HP:0001511;HP:0004322	ORPHA:263508	
14.3	OMIM:611182	Congenital disorder of glycosylation, type IIh	89	63	0	HP:0000252;HP:0001250;HP:0001274;HP:0001511	ORPHA:95428	
14.3	OMIM:610015	Glutamine deficiency, congenital	31	23	8	HP:0001250;HP:0003811	ORPHA:71278	
14.3	OMIM:300972	Immunodeficiency 47	48	33	1	HP:0001250;HP:0001395;HP:0001522;HP:0001744;HP:0002240	ORPHA:692790	
14.3	OMIM:254940	Carey-Fineman-Ziter syndrome	62	43	0	HP:0000175;HP:0000252;HP:0001250;HP:0001558;HP:0002093	ORPHA:1358	
14.3	OMIM:208085	Arthrogryposis, renal dysfunction, and cholestasis 1	42	33	1	HP:0000252;HP:0001522;HP:0001562;HP:0001629;HP:0001631	ORPHA:2697	
14.2	OMIM:619055	Mitochondrial complex IV deficiency, nuclear type 12	36	22	2	HP:0000252;HP:0001250;HP:0001511;HP:0001522;HP:0003811	ORPHA:254905	
14.2	OMIM:617751	Intellectual developmental disorder, autosomal dominant 48	49	32	1	HP:0000252;HP:0001250;HP:0001321;HP:0001511;HP:0001629	ORPHA:500159	
14.2	OMIM:613673	Anemia, dyserythropoietic congenital, type IV	33	22	0	HP:0000821;HP:0001744;HP:0001789;HP:0002007;HP:0002240;HP:0004322	ORPHA:293825,ORPHA:85	dans syndromes
14.2	OMIM:613563	Noonan syndrome-like disorder with or without juvenile myelomonocytic leukemia	50	42	0	HP:0000252;HP:0001561;HP:0001744;HP:0002007;HP:0004322	ORPHA:363972	
14.1	OMIM:618810	Pontocerebellar hypoplasia, hypotonia, and respiratory insufficiency syndrome, neonatal lethal	26	21	2	HP:0001250;HP:0001321;HP:0001561;HP:0002240;HP:0003811	ORPHA:615954,ORPHA:615983,ORPHA:615986	
14.1	OMIM:618766	Arthrogryposis multiplex congenita, neurogenic, with agenesis of the corpus callosum	27	21	0	HP:0000252;HP:0001250;HP:0001274;HP:0001522;HP:0001558;HP:0001561	ORPHA:1143	
14.1	OMIM:218350	Craniofacial dyssynostosis with short stature	27	21	0	HP:0000238;HP:0001250;HP:0001274;HP:0001629;HP:0002007;HP:0004322	ORPHA:1516	
14.0	OMIM:601927	Lymphedema, cardiac septal defects, and characteristic facies	23	20	4	HP:0001562;HP:0001629;HP:0001631;HP:0001789	ORPHA:86915	
14.0	OMIM:270450	Insulin-Like growth factor I, resistance to	55	40	0	HP:0000252;HP:0001511;HP:0001629;HP:0001631;HP:0004322	ORPHA:73273	
14.0	OMIM:225753	Pontocerebellar hypoplasia, type 4	20	10	3	HP:0000252;HP:0001250;HP:0001321;HP:0001522;HP:0001561	ORPHA:166063	
14.0	OMIM:216360	Coach syndrome 1	44	30	1	HP:0000107;HP:0001250;HP:0001395;HP:0001744;HP:0002240	ORPHA:1454	
14.0	OMIM:200980	Acrorenal-Mandibular syndrome	43	40	0	HP:0000104;HP:0000776;HP:0001511;HP:0001562;HP:0002089	ORPHA:958	
13.9	OMIM:620987	Neurodegeneration, infantile-onset, with optic atrophy and brain abnormalities	113	79	0	HP:0000252;HP:0001250;HP:0004322	—	
13.9	OMIM:620210	Neurodevelopmental disorder with dysmorphic facies and ischiopubic hypoplasia	26	19	0	HP:0000175;HP:0001250;HP:0001629;HP:0001744;HP:0002240;HP:0004322	—	
13.9	OMIM:619573	Immunodeficiency 87 and autoimmunity	60	39	0	HP:0000175;HP:0001511;HP:0001562;HP:0001631;HP:0002240	—	
13.9	OMIM:619376	Faundes-Banka syndrome	42	29	5	HP:0000175;HP:0001511;HP:0002007	ORPHA:528084	dans syndromes
13.9	OMIM:616342	Lissencephaly 7 with cerebellar hypoplasia	26	19	0	HP:0000252;HP:0001250;HP:0001274;HP:0001321;HP:0001522;HP:0003811	—	
13.9	OMIM:309590	Intellectual developmental disorder, X-linked syndromic, Turner type	79	59	0	HP:0000252;HP:0001156;HP:0001250;HP:0004322	ORPHA:528084,ORPHA:85328	dans syndromes
13.9	OMIM:256040	Proteasome-associated autoinflammatory syndrome 1 and digenic forms	82	59	0	HP:0001250;HP:0001744;HP:0002240;HP:0004322	ORPHA:324977	
13.8	OMIM:621140	Congenital disorder of glycosylation type 1EE with or without immunodeficiency	64	38	0	HP:0000175;HP:0000252;HP:0001250;HP:0002240;HP:0004322	—	
13.8	OMIM:608885	Stomatin-deficient cryohydrocytosis with neurologic defects	32	18	0	HP:0000252;HP:0001250;HP:0001561;HP:0001744;HP:0002240;HP:0004322	ORPHA:168577	
13.8	OMIM:252010	Mitochondrial complex I deficiency, nuclear type 1	68	38	0	HP:0000252;HP:0001522;HP:0001744;HP:0002093;HP:0002240	ORPHA:2609	
13.7	OMIM:621285	Intellectual developmental disorder, autosomal dominant 76	83	57	0	HP:0000252;HP:0000821;HP:0001250;HP:0004322	ORPHA:528084	dans syndromes
13.7	OMIM:620489	Neurodevelopmental disorder with dysmorphic facies and behavioral abnormalities	33	17	0	HP:0001250;HP:0001511;HP:0001558;HP:0001629;HP:0002089;HP:0004322	—	
13.7	OMIM:618460	Khan-Khan-Katsanis syndrome	53	37	0	HP:0000107;HP:0000252;HP:0001511;HP:0002007;HP:0004322	—	
13.7	OMIM:618356	Neurodevelopmental disorder with central and peripheral motor dysfunction	37	17	2	HP:0000175;HP:0000252;HP:0001250;HP:0001558;HP:0002093	—	
13.7	OMIM:613776	Chromosome 17p13.1 deletion syndrome	69	57	0	HP:0000238;HP:0000252;HP:0001558;HP:0001562	—	
13.7	OMIM:608022	Diaphanospondylodysostosis	49	37	0	HP:0000175;HP:0001511;HP:0001562;HP:0002089;HP:0002093	ORPHA:66637	
13.7	OMIM:301022	Neurodevelopmental disorder, X-linked, with craniofacial abnormalities	50	37	0	HP:0000175;HP:0000252;HP:0000776;HP:0002007;HP:0004322	—	
13.6	OMIM:621421	Ramond-Elliott neurodevelopmental syndrome	65	36	0	HP:0000252;HP:0001156;HP:0001321;HP:0001562;HP:0004322	—	
13.6	OMIM:618541	Hypopigmentation, organomegaly, and delayed myelination and development	23	16	0	HP:0001511;HP:0001561;HP:0001622;HP:0001744;HP:0002240;HP:0004322	—	
13.6	OMIM:612541	Neutropenia, severe congenital, 4, autosomal recessive	53	36	0	HP:0000175;HP:0000252;HP:0001744;HP:0002093;HP:0002240	ORPHA:331176	
13.6	OMIM:607721	Noonan syndrome-like with loose anagen hair 1	62	46	1	HP:0001561;HP:0001629;HP:0001631;HP:0004322	ORPHA:2701	
13.5	OMIM:621499	Craniosynostosis-scoliosis syndrome	79	55	0	HP:0001250;HP:0001274;HP:0001631;HP:0004322	—	
13.5	OMIM:621402	Developmental delay with sleep apnea	55	35	0	HP:0000175;HP:0000252;HP:0001511;HP:0001561;HP:0004322	—	
13.5	OMIM:620494	Neurodevelopmental disorder with impaired language, behavioral abnormalities, and dysmorphic facies	85	55	0	HP:0001156;HP:0001250;HP:0001511;HP:0004322	—	
13.5	OMIM:618886	Pseudo-Torch syndrome 3	22	15	2	HP:0001250;HP:0001321;HP:0001522;HP:0001622;HP:0002093	ORPHA:714429	
13.5	OMIM:616034	2,4-dienoyl-CoA reductase deficiency	49	25	1	HP:0000238;HP:0000252;HP:0001250;HP:0001511;HP:0001522	ORPHA:431361	
13.4	OMIM:620700	Intellectual developmental disorder, autosomal recessive 81	55	34	0	HP:0000175;HP:0000252;HP:0001250;HP:0001511;HP:0004322	—	
13.4	OMIM:619648	Zaki syndrome	52	34	0	HP:0000104;HP:0000252;HP:0000776;HP:0001250;HP:0004322	—	
13.4	OMIM:615273	Congenital disorder of deglycosylation 1	78	54	0	HP:0000252;HP:0001250;HP:0001395;HP:0002240	ORPHA:404454	
13.4	OMIM:301041	Wieacker-Wolff syndrome, female-restricted	50	34	0	HP:0000175;HP:0000252;HP:0001561;HP:0001989;HP:0004322	ORPHA:3454	
13.4	OMIM:300966	Intellectual developmental disorder, X-linked syndromic 33	81	54	0	HP:0000252;HP:0001250;HP:0001321;HP:0001511	ORPHA:480907	
13.4	OMIM:241200	Bartter syndrome, type 2	49	34	0	HP:0001250;HP:0001561;HP:0001622;HP:0002007;HP:0004322	ORPHA:112,ORPHA:620220	
13.3	OMIM:621436	Microcephaly, progressive, with simplified gyral pattern and cerebellar hypoplasia	54	33	0	HP:0001250;HP:0001274;HP:0001321;HP:0001561;HP:0004322	—	
13.3	OMIM:618862	Neurodevelopmental disorder with hypotonia, microcephaly, and seizures	34	23	3	HP:0000252;HP:0001250;HP:0001561;HP:0004322	—	
13.3	OMIM:615673	Myopathy with extrapyramidal signs	54	33	0	HP:0000252;HP:0001250;HP:0001629;HP:0001744;HP:0002240	ORPHA:401768	
13.3	OMIM:615350	Muscular dystrophy-dystroglycanopathy (congenital with brain and eye anomalies), type A, 14	27	13	0	HP:0000175;HP:0000252;HP:0001250;HP:0001321;HP:0001558;HP:0001562	ORPHA:588	
13.3	OMIM:614527	Chromosome 17q12 deletion syndrome	55	43	1	HP:0000107;HP:0001250;HP:0002007;HP:0004322	ORPHA:261265	
13.3	OMIM:608091	Joubert syndrome 2	48	33	2	HP:0000107;HP:0000238;HP:0001250;HP:0002007	ORPHA:2318,ORPHA:475	
13.3	OMIM:309520	Lujan-Fryns syndrome	47	33	0	HP:0001250;HP:0001274;HP:0001629;HP:0001631;HP:0002007	ORPHA:776	
13.3	OMIM:300990	Midface hypoplasia, hearing impairment, elliptocytosis, and nephrocalcinosis	45	33	6	HP:0001561;HP:0004322	ORPHA:688581,ORPHA:86818	
13.3	OMIM:267750	Knobloch syndrome, type 1	60	43	5	HP:0000252;HP:0001250	ORPHA:1571	
13.3	OMIM:255320	Minicore myopathy with external ophthalmoplegia	36	23	1	HP:0001558;HP:0001561;HP:0001789;HP:0002089;HP:0002093	ORPHA:598,ORPHA:98905	
13.2	OMIM:620070	Neurodevelopmental disorder with short stature, prominent forehead, and feeding difficulties	51	32	0	HP:0001522;HP:0001558;HP:0001561;HP:0001631;HP:0004322	—	
13.2	OMIM:615282	Cortical dysplasia, complex, with other brain malformations 2	21	12	4	HP:0000252;HP:0001250;HP:0001511;HP:0001989	—	
13.2	OMIM:609981	Immunodeficiency 54	21	12	0	HP:0000252;HP:0001511;HP:0001744;HP:0002093;HP:0002240;HP:0004322	ORPHA:75391	
13.1	OMIM:617303	Mucopolysaccharidosis-Plus syndrome	67	51	0	HP:0000252;HP:0001631;HP:0001744;HP:0002240	ORPHA:505248	
13.1	OMIM:616817	Microcephaly, short stature, and impaired glucose metabolism 2	46	31	0	HP:0000252;HP:0000821;HP:0001250;HP:0001511;HP:0004322	ORPHA:391408	
13.1	OMIM:219730	Ventriculomegaly with cystic kidney disease	17	11	2	HP:0000238;HP:0001250;HP:0001561;HP:0001622;HP:0001629	ORPHA:443988	
13.1	OMIM:145420	Teebi hypertelorism syndrome 1	39	31	0	HP:0001629;HP:0001631;HP:0002007;HP:0002089;HP:0004322	ORPHA:1519	
13.0	OMIM:618603	Neurodevelopmental disorder with hypotonia and variable intellectual and behavioral abnormalities	35	20	1	HP:0000175;HP:0000252;HP:0001250;HP:0001274;HP:0001558	ORPHA:708208	
13.0	OMIM:618571	Neurodevelopmental disorder with cataracts, poor growth, and dysmorphic facies	40	30	0	HP:0000175;HP:0001250;HP:0001627;HP:0002007;HP:0004322	—	
13.0	OMIM:603554	Omenn syndrome	82	50	0	HP:0001250;HP:0001744;HP:0002090;HP:0002240	ORPHA:39041	
13.0	OMIM:244300	Kapur-Toriello syndrome	37	30	0	HP:0000175;HP:0001250;HP:0001511;HP:0001629;HP:0001631	ORPHA:2328	
12.9	OMIM:621195	Combined oxidative phosphorylation deficiency 60	55	29	0	HP:0000252;HP:0000821;HP:0001250;HP:0002090;HP:0004322	—	
12.9	OMIM:620401	Intellectual developmental disorder, autosomal recessive 84	58	29	0	HP:0000252;HP:0000821;HP:0001250;HP:0001561;HP:0004322	—	
12.9	OMIM:618162	Spondyloepimetaphyseal dysplasia, Krakow type	39	29	0	HP:0000238;HP:0001156;HP:0001250;HP:0001631;HP:0002007	—	
12.9	OMIM:616354	Spinocerebellar ataxia, autosomal recessive 20	53	29	0	HP:0001156;HP:0001250;HP:0001321;HP:0001744;HP:0002240	ORPHA:397709	
12.9	OMIM:609945	Brachyphalangy, polydactyly, and tibial aplasia/hypoplasia	72	69	0	HP:0000252;HP:0001156;HP:0001631	—	
12.8	OMIM:620785	Neurodevelopmental disorder with progressive movement abnormalities	80	48	0	HP:0000175;HP:0000238;HP:0001250;HP:0001274	—	
12.8	OMIM:620718	Orofaciodigital syndrome XX	32	28	0	HP:0000175;HP:0001274;HP:0001321;HP:0001561;HP:0001629	—	
12.8	OMIM:619501	Ventriculomegaly and arthrogryposis	10	8	8	HP:0001274;HP:0001321	—	
12.8	OMIM:619321	Growth restriction, hypoplastic kidneys, alopecia, and distinctive facies	33	28	2	HP:0000238;HP:0000252;HP:0001511;HP:0004322	ORPHA:729781	
12.8	OMIM:619268	Alzahrani-Kuwahara syndrome	36	28	0	HP:0000252;HP:0001629;HP:0001631;HP:0002007;HP:0004322	ORPHA:528084	dans syndromes
12.8	OMIM:618500	Holoprosencephaly 12 with or without pancreatic agenesis	39	28	0	HP:0000252;HP:0001250;HP:0001274;HP:0001511;HP:0003811	ORPHA:556955	
12.8	OMIM:600987	Cleft palate, cardiac defects, and impaired intellectual development	38	28	0	HP:0000175;HP:0000252;HP:0001629;HP:0001631;HP:0004322	ORPHA:652514	
12.8	OMIM:251290	Band-Like calcification with simplified gyration and polymicrogyria	41	28	0	HP:0000252;HP:0001250;HP:0001321;HP:0001744;HP:0002240	ORPHA:1229	
12.8	OMIM:243150	Gastrointestinal defects and immunodeficiency syndrome	37	28	2	HP:0001511;HP:0001522;HP:0001561;HP:0001629	ORPHA:436252	
12.8	OMIM:212720	Martsolf syndrome 1	73	58	3	HP:0000252;HP:0004322	ORPHA:1387	
12.8	OMIM:206900	Microphthalmia, syndromic 3	39	28	0	HP:0000252;HP:0001274;HP:0001629;HP:0002007;HP:0004322	ORPHA:77298	
12.7	OMIM:621212	Li-Takada-Miyake syndrome	63	47	0	HP:0001250;HP:0001511;HP:0002240;HP:0004322	—	
12.7	OMIM:619184	Short stature, facial dysmorphism, and skeletal anomalies with or without cardiac anomalies 2	41	27	0	HP:0000175;HP:0000252;HP:0001156;HP:0001511;HP:0001631	—	
12.7	OMIM:614437	Cutis laxa, autosomal recessive, type IB	51	47	0	HP:0000252;HP:0000776;HP:0001562;HP:0003811	ORPHA:314718,ORPHA:90349	
12.7	OMIM:614294	Chromosome 15q25 deletion syndrome	34	27	0	HP:0000175;HP:0000776;HP:0001511;HP:0001629;HP:0004322	—	
12.6	OMIM:619575	Developmental delay with or without intellectual impairment or behavioral abnormalities	52	26	2	HP:0000238;HP:0001250;HP:0001629;HP:0004322	ORPHA:178469	
12.6	OMIM:618653	Intellectual developmental disorder with impaired language and dysmorphic facies	49	36	3	HP:0000252;HP:0001562;HP:0002007	ORPHA:528084	dans syndromes
12.6	OMIM:616843	Lymphedema, hereditary, III	32	26	0	HP:0000821;HP:0001561;HP:0001631;HP:0001744;HP:0004322	ORPHA:568062	
12.6	OMIM:616165	Nemaline myopathy 10	22	16	1	HP:0001522;HP:0001558;HP:0001561;HP:0001622;HP:0003811	ORPHA:171430,ORPHA:171436	
12.6	OMIM:612337	Intellectual developmental disorder, autosomal dominant 22	40	26	0	HP:0000252;HP:0001250;HP:0001274;HP:0001511;HP:0004322	ORPHA:36367	
12.5	OMIM:621375	Immune dysregulation, neurodevelopmental defects, and colitis	39	25	0	HP:0000175;HP:0000252;HP:0001250;HP:0001511;HP:0001627	—	
12.5	OMIM:616734	Skin creases, congenital symmetric circumferential, 2	54	45	0	HP:0000175;HP:0000252;HP:0001250;HP:0004322	ORPHA:2505	
12.5	OMIM:616171	Microcephaly and chorioretinopathy, autosomal recessive, 2	32	25	0	HP:0000252;HP:0001250;HP:0001321;HP:0001511;HP:0004322	ORPHA:2518	
12.5	OMIM:615356	Muscular dystrophy, limb-girdle, autosomal recessive 18	46	25	0	HP:0000252;HP:0001250;HP:0001511;HP:0002240;HP:0004322	ORPHA:369840	
12.5	OMIM:615330	Multiple mitochondrial dysfunctions syndrome 3	42	25	0	HP:0000252;HP:0001250;HP:0001511;HP:0001561;HP:0002093	ORPHA:363424	
12.5	OMIM:612946	Hadziselimovic syndrome	32	25	0	HP:0000252;HP:0001321;HP:0001629;HP:0001631;HP:0004322	ORPHA:217026	
12.5	OMIM:314580	Wieacker-Wolff syndrome	50	35	1	HP:0000252;HP:0001250;HP:0001558;HP:0004322	ORPHA:3454	
12.5	OMIM:263650	Popliteal pterygium syndrome, Bartsocas-Papas type 1	71	65	0	HP:0000175;HP:0001511;HP:0001558	ORPHA:1234	
12.4	OMIM:620820	El Hayek-Chahrour neurodevelopmental syndrome	35	24	0	HP:0000252;HP:0001250;HP:0001629;HP:0001631;HP:0002007	—	
12.4	OMIM:620098	Developmental delay with variable intellectual disability and dysmorphic facies	54	44	0	HP:0000175;HP:0000252;HP:0001250;HP:0002007	ORPHA:528084	dans syndromes
12.4	OMIM:619003	Mitochondrial complex I deficiency, nuclear type 35	17	14	5	HP:0001511;HP:0002089;HP:0003811	ORPHA:2609	
12.4	OMIM:618839	Combined oxidative phosphorylation deficiency 42	17	14	3	HP:0001511;HP:0001522;HP:0001622;HP:0003811	—	
12.4	OMIM:618835	Combined oxidative phosphorylation deficiency 40	17	14	3	HP:0001511;HP:0001522;HP:0001622;HP:0003811	ORPHA:570491	
12.4	OMIM:618253	Mitochondrial complex I deficiency, nuclear type 33	43	24	0	HP:0001250;HP:0001321;HP:0001511;HP:0001562;HP:0002093	ORPHA:2609	
12.4	OMIM:617616	Skraban-Deardorff syndrome	65	44	0	HP:0000175;HP:0001250;HP:0001629;HP:0002007	ORPHA:513456	
12.4	OMIM:617302	Optic atrophy 11	48	24	0	HP:0000252;HP:0001250;HP:0001321;HP:0001744;HP:0004322	ORPHA:98676	
12.4	OMIM:616866	Spinal muscular atrophy with congenital bone fractures 1	33	24	2	HP:0001558;HP:0001562;HP:0001622;HP:0002089	ORPHA:486811	
12.3	OMIM:621102	Neurodevelopmental disorder with progressive spasticity and brain abnormalities	80	43	0	HP:0000252;HP:0001250;HP:0001321;HP:0001511	—	
12.3	OMIM:620024	Neurodevelopmental disorder with seizures, microcephaly, and brain abnormalities	46	23	0	HP:0000252;HP:0001629;HP:0001631;HP:0003811;HP:0004322	—	
12.3	OMIM:618443	Neurodevelopmental disorder with or without variable brain abnormalities	63	43	0	HP:0000252;HP:0001321;HP:0002240;HP:0004322	ORPHA:528084	dans syndromes
12.3	OMIM:617056	Tubulointerstitial kidney disease, autosomal dominant, 5	49	33	1	HP:0000107;HP:0001511;HP:0001562;HP:0004322	—	
12.3	OMIM:616914	Marfan lipodystrophy syndrome	50	43	0	HP:0000238;HP:0001511;HP:0001562;HP:0001622	ORPHA:300382	
12.3	OMIM:312150	Multiple pterygium syndrome, X-linked	26	23	0	HP:0000175;HP:0001511;HP:0001561;HP:0001989;HP:0002089	ORPHA:79447	
12.3	OMIM:273395	Tetraamelia, autosomal recessive	28	23	0	HP:0000104;HP:0000175;HP:0000238;HP:0000776;HP:0002089	ORPHA:3301	
12.2	OMIM:615349	Ehlers-Danlos syndrome, spondylodysplastic type, 2	52	42	0	HP:0000175;HP:0002007;HP:0002093;HP:0004322	ORPHA:536467,ORPHA:536471	
12.2	OMIM:612540	Myopathy, congenital, compton-north	31	22	0	HP:0001522;HP:0001558;HP:0001561;HP:0001622;HP:0001989	ORPHA:210163	
12.2	OMIM:606407	Hypotonia-cystinuria syndrome	38	22	4	HP:0001250;HP:0001558;HP:0002007	ORPHA:163690,ORPHA:163693,ORPHA:238523	
12.2	OMIM:301043	Holoprosencephaly 13, X-linked	32	22	0	HP:0000175;HP:0000252;HP:0001250;HP:0001274;HP:0001629	ORPHA:220386,ORPHA:93925	
12.2	OMIM:272950	Teebi-Shaltout syndrome	44	42	0	HP:0000175;HP:0000252;HP:0001629;HP:0004322	ORPHA:3291	
12.2	OMIM:101805	Acrofacial dysostosis, Catania type	24	22	0	HP:0000175;HP:0000252;HP:0001156;HP:0001511;HP:0004322	ORPHA:1786	
12.1	OMIM:621455	Neurodevelopmental disorder with hypotonia, epilepsy, and absent speech	80	41	0	HP:0000776;HP:0001250;HP:0001558;HP:0004322	ORPHA:590,ORPHA:716899,ORPHA:716903,ORPHA:98914	
12.1	OMIM:618476	Brain abnormalities, neurodegeneration, and dysosteosclerosis	52	31	1	HP:0000238;HP:0001250;HP:0001274;HP:0001321	ORPHA:556985	
12.1	OMIM:618347	Galloway-Mowat syndrome 6	34	21	0	HP:0000252;HP:0000821;HP:0001250;HP:0001511;HP:0004322	ORPHA:2065	
12.1	OMIM:612389	Pontocerebellar hypoplasia, type 2B	35	21	0	HP:0000252;HP:0001250;HP:0001321;HP:0001522;HP:0001561	ORPHA:2524	
12.1	OMIM:608716	Microcephaly 5, primary, autosomal recessive	33	21	0	HP:0000252;HP:0001250;HP:0001274;HP:0001321;HP:0004322	ORPHA:2512	
12.1	OMIM:604317	Microcephaly 2, primary, autosomal recessive, with or without cortical malformations	44	21	0	HP:0000252;HP:0001250;HP:0001558;HP:0001622;HP:0002269	ORPHA:2512	
12.1	OMIM:305000	Dyskeratosis congenita, X-linked	54	41	0	HP:0000252;HP:0001321;HP:0001511;HP:0004322	ORPHA:1775,ORPHA:3322	
12.1	OMIM:256550	Neuraminidase deficiency	34	21	0	HP:0001250;HP:0001744;HP:0001789;HP:0002240;HP:0004322	ORPHA:812,ORPHA:87876,ORPHA:93399,ORPHA:93400	dans syndromes
12.0	OMIM:621566	Davis-Wells syndrome	95	60	0	HP:0001250;HP:0001629;HP:0004322	—	
12.0	OMIM:618652	Neurooculocardiogenitourinary syndrome	28	20	4	HP:0001250;HP:0001629;HP:0001631	ORPHA:684305	
12.0	OMIM:617914	Microcephaly 20, primary, autosomal recessive	31	20	0	HP:0000252;HP:0001274;HP:0001321;HP:0001511;HP:0004322	ORPHA:2512	
12.0	OMIM:617397	Pseudo-Torch syndrome 2	29	20	0	HP:0000252;HP:0001250;HP:0001321;HP:0002093;HP:0002240	ORPHA:481665	
12.0	OMIM:617021	Hydrops, lactic acidosis, and sideroblastic anemia	30	20	0	HP:0001250;HP:0001511;HP:0001562;HP:0001629;HP:0002093	ORPHA:528091	
12.0	OMIM:615415	Renal-Hepatic-Pancreatic dysplasia 2	23	20	0	HP:0001395;HP:0001562;HP:0002089;HP:0002240;HP:0003826	ORPHA:294415	
12.0	OMIM:614104	Intellectual developmental disorder, autosomal dominant 7	62	40	0	HP:0000252;HP:0001250;HP:0001511;HP:0004322	ORPHA:268261,ORPHA:464306,ORPHA:464311	
12.0	OMIM:613457	Chromosome 14q11-q22 deletion syndrome	65	40	0	HP:0000252;HP:0001250;HP:0001274;HP:0001629	ORPHA:261120	
12.0	OMIM:300534	Intellectual developmental disorder, X-linked syndromic, Claes-Jensen type	62	40	0	HP:0000252;HP:0001156;HP:0001250;HP:0004322	ORPHA:85279	
12.0	OMIM:226960	Lowry-Wood syndrome	26	20	2	HP:0000252;HP:0001156;HP:0001511;HP:0004322	ORPHA:1824	
11.9	OMIM:620962	Cholestasis, progressive familial intrahepatic, 13	53	39	0	HP:0000776;HP:0001395;HP:0001744;HP:0002240	—	
11.9	OMIM:619127	Mandibuloacral dysplasia progeroid syndrome	60	49	1	HP:0002007;HP:0002240;HP:0004322	ORPHA:647667	
11.9	OMIM:619036	Myopathy, epilepsy, and progressive cerebral atrophy	25	19	4	HP:0001522;HP:0001558;HP:0001561	—	
11.9	OMIM:618480	Neurodevelopmental disorder with seizures and speech and walking impairment	31	19	2	HP:0001250;HP:0001562;HP:0001622;HP:0004322	—	
11.9	OMIM:617695	Pontocerebellar hypoplasia, type 11	42	19	0	HP:0000252;HP:0001250;HP:0001274;HP:0001321;HP:0004322	ORPHA:611247	
11.9	OMIM:609060	Combined oxidative phosphorylation deficiency 1	29	19	2	HP:0000252;HP:0001250;HP:0001511;HP:0002240	ORPHA:137681	
11.9	OMIM:301127	Arthrogryposis multiplex congenita 7, X-linked	26	19	0	HP:0000202;HP:0001558;HP:0001561;HP:0002000;HP:0002089	—	
11.9	OMIM:277400	Methylmalonic aciduria and homocystinuria, cblC type	65	39	0	HP:0000238;HP:0000252;HP:0001250;HP:0002240	ORPHA:26,ORPHA:79282	
11.8	OMIM:621523	Spondylocostal dysostosis 7, autosomal recessive	52	38	0	HP:0000175;HP:0001511;HP:0001561;HP:0001631	—	
11.8	OMIM:617604	Microcephaly, short stature, and limb abnormalities	22	18	0	HP:0000252;HP:0001156;HP:0001511;HP:0001562;HP:0004322	ORPHA:572761,ORPHA:572773	
11.8	OMIM:616051	Microcephaly 13, primary, autosomal recessive	23	18	2	HP:0000252;HP:0001321;HP:0001511;HP:0004322	ORPHA:2512	
11.8	OMIM:605627	Cerebrooculonasal syndrome	47	38	0	HP:0000175;HP:0000238;HP:0001250;HP:0002007	ORPHA:66625	
11.8	OMIM:602342	Pierpont syndrome	60	48	1	HP:0000252;HP:0001250;HP:0004322	ORPHA:487825	
11.8	OMIM:601678	Bartter syndrome, type 1, antenatal	43	28	1	HP:0001250;HP:0001561;HP:0001622;HP:0004322	ORPHA:112,ORPHA:620217	
11.8	OMIM:300957	Intellectual developmental disorder, X-linked syndromic, Kumar type	34	18	0	HP:0000252;HP:0001250;HP:0001622;HP:0002269;HP:0004322	ORPHA:457240	
11.8	OMIM:151660	Lipodystrophy, familial partial, type 2	81	58	0	HP:0001744;HP:0002240;HP:0004322	ORPHA:2348	dans syndromes
11.7	OMIM:619989	Neurodevelopmental disorder with speech delay and variable ocular anomalies	24	17	0	HP:0000252;HP:0001274;HP:0002000;HP:0002007;HP:0004322	—	
11.7	OMIM:618346	Microcephaly, growth deficiency, seizures, and brain malformations	26	17	2	HP:0000252;HP:0001250;HP:0001511;HP:0004322	—	
11.7	OMIM:617635	Intellectual developmental disorder, autosomal dominant 47	29	17	2	HP:0000252;HP:0001250;HP:0001511;HP:0001629	ORPHA:502434	
11.7	OMIM:617090	Microcephaly 17, primary, autosomal recessive	29	17	0	HP:0000104;HP:0001250;HP:0001274;HP:0001321;HP:0004322	ORPHA:2512	
11.7	OMIM:239300	Hyperphosphatasia with impaired intellectual development syndrome 1	48	37	0	HP:0000175;HP:0000238;HP:0001250;HP:0001627	ORPHA:247262	
11.6	OMIM:621182	Neurodevelopmental disorder with poor or absent speech, dysmorphic facies, and behavioral abnormalities	66	36	0	HP:0000175;HP:0000252;HP:0001250;HP:0001629	—	
11.6	OMIM:620654	Thrombocytopenia 11 with multiple congenital anomalies and dysmorphic facies	77	56	0	HP:0001156;HP:0001629;HP:0004322	—	
11.6	OMIM:617093	Growth retardation, impaired intellectual development, hypotonia, and hepatopathy	38	26	1	HP:0001250;HP:0001395;HP:0001511;HP:0001562	ORPHA:541423	
11.6	OMIM:616007	Cataracts, growth hormone deficiency, sensory neuropathy, sensorineural hearing loss, and skeletal dysplasia	69	56	0	HP:0000238;HP:0001156;HP:0004322	ORPHA:436174	
11.6	OMIM:614833	Microcephaly, short stature, and polymicrogyria with or without seizures	24	16	2	HP:0000252;HP:0001250;HP:0001274;HP:0004322	ORPHA:468631	
11.6	OMIM:219150	Cutis laxa, autosomal recessive, type IIIA	54	36	0	HP:0001250;HP:0001511;HP:0002007;HP:0004322	ORPHA:2962,ORPHA:35664	
11.5	OMIM:620073	Neurodevelopmental disorder with dysmorphic facies and skeletal and brain abnormalities	49	35	0	HP:0001156;HP:0001250;HP:0001274;HP:0001629	ORPHA:662189	
11.5	OMIM:617402	Cutis laxa, autosomal recessive, type IIC	65	55	0	HP:0001562;HP:0001631;HP:0004322	ORPHA:357074	
11.5	OMIM:616801	Hypotonia, infantile, with psychomotor retardation and characteristic facies 2	51	35	0	HP:0000252;HP:0001250;HP:0001511;HP:0002007	ORPHA:371364,ORPHA:700333	
11.5	OMIM:614424	Joubert syndrome 14	44	35	0	HP:0000107;HP:0000175;HP:0000238;HP:0001629	ORPHA:220493,ORPHA:220497,ORPHA:2318,ORPHA:475	
11.5	OMIM:612852	Interleukin 1 receptor antagonist deficiency	32	25	5	HP:0001744;HP:0002240	ORPHA:210115	
11.5	OMIM:257920	3MC syndrome 1	47	35	0	HP:0000175;HP:0000252;HP:0001629;HP:0001631	ORPHA:2506,ORPHA:293843	
11.4	OMIM:620939	Myelofibrosis, congenital, with anemia, neutropenia, developmental delay, and ocular abnormalities	80	54	0	HP:0001744;HP:0002240;HP:0004322	ORPHA:675775	
11.4	OMIM:618174	Cortical dysplasia, complex, with other brain malformations 9	33	14	0	HP:0000238;HP:0001250;HP:0001321;HP:0002089;HP:0004322	—	
11.4	OMIM:615524	Microphthalmia, syndromic 12	19	14	0	HP:0000175;HP:0000776;HP:0001629;HP:0002089;HP:0003811	ORPHA:689829	
11.4	OMIM:615368	Lethal congenital contracture syndrome 5	19	14	2	HP:0001522;HP:0001558;HP:0001561;HP:0002093	ORPHA:363409	
11.4	OMIM:249310	Neuhauser syndrome	43	34	0	HP:0000252;HP:0001250;HP:0002007;HP:0004322	ORPHA:2479	
11.3	OMIM:619460	Luo-Schoch-Yamamoto syndrome	35	23	3	HP:0001250;HP:0001511;HP:0001562	ORPHA:528084	dans syndromes
11.3	OMIM:617193	Encephalopathy, progressive, early-onset, with brain atrophy and thin corpus callosum	59	33	0	HP:0000252;HP:0001250;HP:0002007;HP:0002093	ORPHA:496641	
11.3	OMIM:614671	Chromosome 16p11.2 duplication syndrome	20	13	0	HP:0000252;HP:0000776;HP:0001250;HP:0002007;HP:0004322	ORPHA:370079	
11.3	OMIM:606812	Fumarase deficiency	46	33	0	HP:0000252;HP:0001274;HP:0001561;HP:0002007	ORPHA:24	
11.3	OMIM:600118	Warburg micro syndrome 1	38	33	0	HP:0000252;HP:0001274;HP:0001321;HP:0004322	ORPHA:2510	
11.3	OMIM:314390	VACTERL association, X-linked	27	23	1	HP:0000238;HP:0001561;HP:0002089;HP:0003811	ORPHA:3412	
11.3	OMIM:313850	Thoracoabdominal syndrome	15	13	0	HP:0000104;HP:0000175;HP:0000238;HP:0000776;HP:0002089	ORPHA:1335	
11.3	OMIM:300749	Intellectual developmental disorder and microcephaly with pontine and cerebellar hypoplasia	50	33	0	HP:0000252;HP:0001250;HP:0001321;HP:0004322	ORPHA:163937	
11.3	OMIM:263630	Polysyndactyly with cardiac malformation	14	13	0	HP:0000107;HP:0001561;HP:0001629;HP:0001631;HP:0003826	ORPHA:2934	
11.2	OMIM:619695	Rauch-Steindl syndrome	45	32	0	HP:0000252;HP:0001511;HP:0002240;HP:0004322	ORPHA:659642	
11.2	OMIM:618651	Neurodevelopmental disorder with spastic quadriplegia, optic atrophy, seizures, and structural brain anomalies	32	22	3	HP:0000776;HP:0001274;HP:0001511	—	
11.2	OMIM:616920	Heart and brain malformation syndrome	40	32	0	HP:0000252;HP:0001250;HP:0001561;HP:0001629	—	
11.2	OMIM:615182	Combined D-2- and L-2-hydroxyglutaric aciduria	24	12	0	HP:0000252;HP:0001250;HP:0001321;HP:0002093;HP:0002240	ORPHA:356978	
11.2	OMIM:613990	Dyskeratosis congenita, autosomal dominant 3	43	32	0	HP:0000252;HP:0001321;HP:0001511;HP:0004322	ORPHA:1775,ORPHA:3322	
11.2	OMIM:612015	Congenital disorder of glycosylation, type In	27	12	0	HP:0000252;HP:0001250;HP:0002093;HP:0002240;HP:0004322	ORPHA:244310	
11.2	OMIM:219200	Cutis laxa, autosomal recessive, type IIA	41	32	0	HP:0000252;HP:0001250;HP:0001511;HP:0002007	ORPHA:357058,ORPHA:357074	
11.1	OMIM:620330	Intellectual developmental disorder, autosomal dominant 71, with behavioral abnormalities	75	51	0	HP:0000252;HP:0001629;HP:0002007	—	
11.1	OMIM:618348	Galloway-Mowat syndrome 7	38	31	0	HP:0000175;HP:0000252;HP:0001629;HP:0004322	ORPHA:2065	
11.1	OMIM:617763	Short stature, hearing loss, retinitis pigmentosa, and distinctive facies	43	31	0	HP:0000821;HP:0001156;HP:0001321;HP:0004322	ORPHA:494439	
11.1	OMIM:616503	Lethal congenital contracture syndrome 9	36	31	0	HP:0001511;HP:0001558;HP:0001561;HP:0002089	—	
11.1	OMIM:616211	Developmental and epileptic encephalopathy 28	50	31	0	HP:0000252;HP:0001250;HP:0001558;HP:0002007	ORPHA:708171	
11.1	OMIM:615731	Nemaline myopathy 9	15	11	0	HP:0000175;HP:0001561;HP:0001629;HP:0001989;HP:0002093	ORPHA:171430,ORPHA:171433,ORPHA:171436,ORPHA:171439	
11.1	OMIM:614921	Congenital disorder of glycosylation, type It	47	31	0	HP:0000175;HP:0001629;HP:0002240;HP:0004322	ORPHA:319646	
11.1	OMIM:301072	Neurodevelopmental disorder with epilepsy and hemochromatosis	47	31	0	HP:0000252;HP:0001250;HP:0001744;HP:0002240	ORPHA:397922	
11.1	OMIM:300219	Myotubular myopathy with abnormal genital development	27	21	1	HP:0001522;HP:0001558;HP:0001561;HP:0003811	ORPHA:456328	
11.1	OMIM:225400	Ehlers-Danlos syndrome, kyphoscoliotic type, 1	55	41	3	HP:0001558;HP:0002093	ORPHA:1900	
11.1	OMIM:220111	Mitochondrial complex IV deficiency, nuclear type 5, (French-Canadian)	75	51	0	HP:0000252;HP:0001250;HP:0001522	ORPHA:70472	
11.1	OMIM:178110	Contractures, pterygia, and spondylocarpostarsal fusion syndrome 1A	35	31	0	HP:0000175;HP:0000252;HP:0001629;HP:0004322	ORPHA:65743	
11.0	OMIM:620155	Rabin-Pappas syndrome	41	30	0	HP:0000238;HP:0000252;HP:0001250;HP:0001321	ORPHA:597743	
11.0	OMIM:615802	Neurodevelopmental disorder with dysmorphic features, spasticity, and brain abnormalities	59	30	0	HP:0000252;HP:0001250;HP:0001274;HP:0004322	ORPHA:401820,ORPHA:88616	
11.0	OMIM:611890	Congenital arthrogryposis with anterior horn cell disease	44	30	0	HP:0000252;HP:0001250;HP:0001989;HP:0003811	ORPHA:53696	
11.0	OMIM:301310	Anemia, sideroblastic, and spinocerebellar ataxia	56	30	0	HP:0001250;HP:0001321;HP:0001511;HP:0004322	ORPHA:2802	dans syndromes
10.9	OMIM:619525	Congenital disorder of glycosylation, type IIw	66	49	0	HP:0001629;HP:0001744;HP:0002240	—	
10.9	OMIM:618804	Sandestig-Stefanova syndrome	35	29	2	HP:0000202;HP:0001511;HP:0001558	ORPHA:729761	
10.9	OMIM:618332	Menke-Hennekam syndrome 1	64	49	0	HP:0000175;HP:0001250;HP:0002000	ORPHA:592574	
10.9	OMIM:615668	Chromosome 5q12 deletion syndrome	43	29	0	HP:0001250;HP:0001629;HP:0001631;HP:0002007	ORPHA:439822	
10.9	OMIM:615656	Chromosome 15q11.2 deletion syndrome	53	29	0	HP:0000175;HP:0001250;HP:0001627;HP:0004322	ORPHA:261183	
10.9	OMIM:614399	Myopathy, areflexia, respiratory distress, and dysphagia, early-onset	36	19	1	HP:0000175;HP:0001250;HP:0001558;HP:0002093	ORPHA:439212	
10.8	OMIM:619980	Braddock-Carey syndrome 1	34	28	0	HP:0000175;HP:0000252;HP:0001274;HP:0001629	ORPHA:261323	
10.8	OMIM:618961	Spondylometaphyseal dysplasia with corneal dystrophy	24	18	7	HP:0001156	ORPHA:589435	
10.8	OMIM:618050	Intellectual developmental disorder, autosomal dominant 57	53	28	0	HP:0000252;HP:0001156;HP:0001250;HP:0004322	ORPHA:720321	
10.8	OMIM:616202	Cerebellofaciodental syndrome	40	28	0	HP:0000252;HP:0001321;HP:0001629;HP:0004322	ORPHA:444072	
10.8	OMIM:613404	Arthrogryposis, renal dysfunction, and cholestasis 2	32	28	0	HP:0000252;HP:0001522;HP:0001629;HP:0002240	ORPHA:2697	
10.8	OMIM:607906	Congenital disorder of glycosylation, type Ii	45	28	0	HP:0000252;HP:0000821;HP:0002240;HP:0004322	ORPHA:79326	
10.8	OMIM:301066	Intellectual developmental disorder, X-linked, syndromic, with pigmentary mosaicism and coarse facies	62	38	1	HP:0000175;HP:0001250;HP:0002240	ORPHA:717846	
10.8	OMIM:278250	Wrinkly skin syndrome	57	48	0	HP:0000252;HP:0001511;HP:0004322	ORPHA:2834,ORPHA:357058	
10.8	OMIM:269921	Sialuria	37	28	0	HP:0001250;HP:0001744;HP:0002007;HP:0002240	ORPHA:3166	
10.8	OMIM:235510	Hennekam lymphangiectasia-lymphedema syndrome	64	48	0	HP:0001250;HP:0001629;HP:0001631	ORPHA:2136	dans syndromes
10.8	OMIM:218340	Temtamy syndrome	37	28	0	HP:0001156;HP:0001250;HP:0001274;HP:0002007	ORPHA:1777	
10.7	OMIM:615895	Polyglucosan body myopathy 1 with or without immunodeficiency	41	27	0	HP:0001250;HP:0001395;HP:0001744;HP:0002240	ORPHA:329173,ORPHA:397937	dans syndromes
10.7	OMIM:608572	Burn-Mckeown syndrome	32	27	0	HP:0000175;HP:0001629;HP:0001631;HP:0004322	ORPHA:1200	
10.7	OMIM:601701	Arthrogryposis and ectodermal dysplasia	30	27	0	HP:0000175;HP:0000202;HP:0000252;HP:0004322	ORPHA:3200	
10.7	OMIM:251880	Mitochondrial DNA depletion syndrome 3 (hepatocerebral type)	39	27	0	HP:0000252;HP:0001250;HP:0001744;HP:0002240	ORPHA:279934	
10.6	OMIM:621224	Ectodermal dysplasia 17 with or without limb malformations	57	46	0	HP:0001631;HP:0004322;HP:0100258	ORPHA:708043	
10.6	OMIM:620156	Cortical dysplasia, complex, with other brain malformations 11	32	26	0	HP:0000238;HP:0001156;HP:0001250;HP:0001274	—	
10.6	OMIM:619762	Kury-Isidor syndrome	43	26	0	HP:0001156;HP:0001250;HP:0001629;HP:0002007	ORPHA:528084	dans syndromes
10.6	OMIM:617895	Short-Rib thoracic dysplasia 19 with or without polydactyly	29	26	2	HP:0001156;HP:0001629;HP:0002089	—	
10.6	OMIM:615834	Intellectual developmental disorder, autosomal dominant 26	48	36	1	HP:0000252;HP:0001511;HP:0004322	ORPHA:352490	
10.6	OMIM:610498	Combined oxidative phosphorylation deficiency 2	22	16	3	HP:0001156;HP:0001274;HP:0003811	ORPHA:254920	
10.6	OMIM:603671	Acromelic frontonasal dysostosis	58	46	0	HP:0000175;HP:0001250;HP:0001274	ORPHA:1827	
10.6	OMIM:301111	Intellectual developmental disorder, X-linked 112	43	26	0	HP:0000107;HP:0000252;HP:0001627;HP:0004322	—	
10.5	OMIM:620565	Immunodeficiency 133 with autoimmunity and autoinflammation	35	25	0	HP:0001511;HP:0001744;HP:0002240;HP:0004322	—	
10.5	OMIM:620025	Diaphragmatic hernia 4, with cardiovascular defects	30	25	0	HP:0001561;HP:0001629;HP:0002089;HP:0002240	—	
10.5	OMIM:619297	KINSSHIP syndrome	63	45	0	HP:0000252;HP:0001522;HP:0004322	ORPHA:632603	
10.5	OMIM:618492	Neurodevelopmental disorder with microcephaly and structural brain anomalies	31	15	1	HP:0000252;HP:0001250;HP:0001274;HP:0004322	—	
10.5	OMIM:617930	Chromosome 1p35 deletion syndrome	43	25	0	HP:0000252;HP:0001250;HP:0001511;HP:0004322	ORPHA:456298	
10.5	OMIM:617180	Chitayat syndrome	39	25	0	HP:0001156;HP:0001561;HP:0002000;HP:0004322	ORPHA:726700	
10.5	OMIM:614924	Combined oxidative phosphorylation deficiency 12	37	25	0	HP:0000175;HP:0001250;HP:0001274;HP:0002240	ORPHA:314051	
10.5	OMIM:614388	Encephalopathy due to defective mitochondrial and peroxisomal fission 1	42	25	0	HP:0000252;HP:0001250;HP:0001522;HP:0001558	ORPHA:330050,ORPHA:527276	
10.5	OMIM:614098	Keppen-Lubinsky syndrome	36	25	0	HP:0000252;HP:0001250;HP:0001561;HP:0002093	ORPHA:435628	
10.5	OMIM:613630	Fetal encasement syndrome	21	15	3	HP:0000202;HP:0000776;HP:0001558	ORPHA:465824	
10.5	OMIM:277470	Pontocerebellar hypoplasia, type 2A	26	15	1	HP:0000252;HP:0001250;HP:0001321;HP:0001561	ORPHA:2524	
10.4	OMIM:621261	Cardiomyopathy, dilated, 2M, autosomal recessive	38	24	0	HP:0001511;HP:0001558;HP:0001561;HP:0001789	—	
10.4	OMIM:620083	Neurodevelopmental disorder with craniofacial dysmorphism and skeletal defects	60	44	0	HP:0000252;HP:0001250;HP:0004322	ORPHA:662207	
10.4	OMIM:619322	Marbach-Rustad progeroid syndrome	33	24	2	HP:0000252;HP:0001511;HP:0004322	ORPHA:659873	
10.4	OMIM:617527	Neurodevelopmental disorder with progressive microcephaly, spasticity, and brain anomalies	67	44	0	HP:0001250;HP:0001561;HP:0002093	ORPHA:521426	
10.4	OMIM:617468	Arthrogryposis multiplex congenita, neurogenic, with myelin defect	31	24	0	HP:0001558;HP:0001989;HP:0002089;HP:0003826	ORPHA:2680	
10.4	OMIM:617333	Intellectual developmental disorder with dysmorphic facies and ptosis	38	24	0	HP:0000252;HP:0001250;HP:0001511;HP:0004322	ORPHA:698090	
10.4	OMIM:614162	Immunodeficiency 31C	42	24	0	HP:0000821;HP:0001744;HP:0002240;HP:0004322	ORPHA:391487	
10.4	OMIM:613458	Chromosome 16p13.3 duplication syndrome	72	64	0	HP:0001629;HP:0001631	ORPHA:96078	
10.4	OMIM:613156	Muscular dystrophy-dystroglycanopathy (congenital with impaired intellectual development), type B, 2	35	24	2	HP:0000252;HP:0001321;HP:0002093	ORPHA:370959,ORPHA:370968	
10.4	OMIM:612513	Chromosome 2p16.1-p15 deletion syndrome	61	44	0	HP:0000252;HP:0001511;HP:0004322	ORPHA:261349	
10.4	OMIM:610127	Ceroid lipofuscinosis, neuronal, 10	31	14	1	HP:0000252;HP:0001250;HP:0002093;HP:0003811	ORPHA:228337,ORPHA:700487,ORPHA:700492,ORPHA:700497	
10.4	OMIM:609296	B-cell immunodeficiency, distal limb anomalies, and urogenital malformations	101	64	0	HP:0000252;HP:0001250	ORPHA:567502	
10.4	OMIM:300884	Epileptic encephalopathy, early infantile, 36	37	24	0	HP:0000238;HP:0000252;HP:0001250;HP:0002240	ORPHA:324422	
10.4	OMIM:252160	Molybdenum cofactor deficiency, complementation group B	43	24	0	HP:0000252;HP:0001250;HP:0002007;HP:0003811	ORPHA:308393,ORPHA:833,ORPHA:99732	
10.4	OMIM:224410	Dyssegmental dysplasia, Silverman-Handmaker type	27	24	0	HP:0000252;HP:0002089;HP:0002093;HP:0003811	ORPHA:1865	
10.3	OMIM:621056	TIMES syndrome	38	23	0	HP:0000252;HP:0000821;HP:0001250;HP:0004322	—	
10.3	OMIM:619504	Chopra-Amiel-Gordon syndrome	35	23	0	HP:0000175;HP:0000252;HP:0001250;HP:0004322	ORPHA:717823	
10.3	OMIM:618316	Intellectual developmental disorder with cardiac defects and dysmorphic facies	60	43	0	HP:0001629;HP:0001631;HP:0002089	ORPHA:562569	
10.3	OMIM:616459	Al-Raqad syndrome	24	13	1	HP:0000252;HP:0001156;HP:0001250;HP:0001631	—	
10.3	OMIM:614749	Hyperphosphatasia with impaired intellectual development syndrome 2	33	23	0	HP:0000175;HP:0000252;HP:0001250;HP:0001631	ORPHA:247262	
10.3	OMIM:613989	Dyskeratosis congenita, autosomal dominant 2	33	23	0	HP:0000252;HP:0001321;HP:0001395;HP:0004322	ORPHA:1775	
10.3	OMIM:611087	Polyhydramnios, megalencephaly, and symptomatic epilepsy	32	23	0	HP:0001250;HP:0001561;HP:0001622;HP:0001631	ORPHA:500533	
10.3	OMIM:300953	Trichothiodystrophy 5, nonphotosensitive	34	23	0	HP:0000252;HP:0001321;HP:0001511;HP:0004322	ORPHA:33364	
10.3	OMIM:272440	Filippi syndrome	32	23	0	HP:0000252;HP:0001250;HP:0001511;HP:0001629	ORPHA:3255	
10.3	OMIM:135500	Zimmermann-Laband syndrome 1	54	43	0	HP:0001250;HP:0001744;HP:0002240	ORPHA:3473	
10.2	OMIM:619847	Neurodegeneration, childhood-onset, with progressive microcephaly	44	22	0	HP:0000252;HP:0001250;HP:0001561;HP:0004322	—	
10.2	OMIM:300558	Intellectual developmental disorder, X-linked 30	40	22	0	HP:0000238;HP:0000252;HP:0001250;HP:0004322	ORPHA:528084	dans syndromes
10.2	OMIM:300472	Corpus callosum, agenesis of, with impaired intellectual development, ocular coloboma and micrognathia	33	22	2	HP:0001274;HP:0001629;HP:0004322	ORPHA:52055	
10.2	OMIM:300004	Corpus callosum, agenesis of, with abnormal genitalia	32	22	0	HP:0000252;HP:0001250;HP:0001274;HP:0004322	ORPHA:2508	
10.2	OMIM:266265	Congenital disorder of glycosylation, type IIc	37	22	0	HP:0000252;HP:0001156;HP:0002090;HP:0004322	ORPHA:2968,ORPHA:99843	
10.2	OMIM:255995	Congenital myopathy 13	42	32	1	HP:0000175;HP:0000252;HP:0004322	ORPHA:168572	
10.1	OMIM:621512	Meier-Gorlin syndrome 9	54	41	0	HP:0001511;HP:0001622;HP:0004322	—	
10.1	OMIM:619303	Pontocerebellar hypoplasia, type 1E	16	11	3	HP:0001321;HP:0001522;HP:0001561	ORPHA:2254	
10.1	OMIM:619123	Cardiofacioneurodevelopmental syndrome	25	21	0	HP:0000175;HP:0000252;HP:0001156;HP:0001629	—	
10.1	OMIM:619046	Mitochondrial complex IV deficiency, nuclear type 3	33	21	4	HP:0001522;HP:0001744	ORPHA:254905	
10.1	OMIM:617822	Alkuraya-Kucinskas syndrome	52	41	0	HP:0000238;HP:0001250;HP:0001321	ORPHA:610569	
10.1	OMIM:617746	Sweeney-Cox syndrome	51	41	0	HP:0001321;HP:0001561;HP:0002000	—	
10.1	OMIM:615512	Triosephosphate isomerase deficiency	37	21	0	HP:0001522;HP:0001562;HP:0001744;HP:0002093	ORPHA:868	
10.1	OMIM:615486	Interstitial lung and liver disease	32	21	0	HP:0000821;HP:0001395;HP:0002093;HP:0002240	ORPHA:440427	
10.1	OMIM:605013	MICROHYDRANENCEPHALY	31	21	0	HP:0000252;HP:0001274;HP:0001321;HP:0004322	ORPHA:2177,ORPHA:443162	
10.1	OMIM:300232	Spondyloepimetaphyseal dysplasia, X-linked, with mental deterioration	51	41	0	HP:0001156;HP:0001250;HP:0004322	ORPHA:83629	
10.0	OMIM:619013	Rajab interstitial lung disease with brain calcifications 2	27	20	0	HP:0000252;HP:0000821;HP:0001562;HP:0004322	ORPHA:178506	
10.0	OMIM:618226	Mitochondrial complex I deficiency, nuclear type 5	42	20	0	HP:0000252;HP:0001250;HP:0002093;HP:0002240	ORPHA:2609	
10.0	OMIM:617713	Combined oxidative phosphorylation deficiency 33	31	20	0	HP:0000821;HP:0001511;HP:0001562;HP:0002240	—	
10.0	OMIM:617146	Arthrogryposis, distal, with impaired proprioception and touch	35	20	4	HP:0002093;HP:0004322	ORPHA:707937	
10.0	OMIM:617052	Bone marrow failure syndrome 3	59	40	0	HP:0000252;HP:0001511;HP:0004322	—	
10.0	OMIM:615636	Joubert syndrome 21	35	20	0	HP:0000107;HP:0001250;HP:0001744;HP:0002089	ORPHA:397715,ORPHA:475	
10.0	OMIM:614188	Craniosynostosis and dental anomalies	49	40	0	HP:0001250;HP:0002007;HP:0004322	ORPHA:284149	
10.0	OMIM:614019	Lissencephaly 4	18	10	1	HP:0001250;HP:0001274;HP:0001321;HP:0004322	ORPHA:1083	
10.0	OMIM:613451	Frontonasal dysplasia 2	52	40	0	HP:0000252;HP:0001511;HP:0001562	ORPHA:228390	
10.0	OMIM:300863	Chondrodysplasia with platyspondyly, distinctive brachydactyly, hydrocephaly, and microphthalmia	23	20	0	HP:0000238;HP:0001511;HP:0002007;HP:0004322	ORPHA:163966	
9.9	OMIM:619777	Developmental and epileptic encephalopathy 100	67	39	0	HP:0001156;HP:0001250;HP:0001558	ORPHA:442835	
9.9	OMIM:618076	Neurodevelopmental disorder with spasticity and poor growth	69	39	0	HP:0001250;HP:0001321;HP:0004322	—	
9.9	OMIM:615348	Nemaline myopathy 8	14	9	1	HP:0001522;HP:0001558;HP:0001561;HP:0001989	ORPHA:171430	
9.9	OMIM:610717	Neutral lipid storage disease with myopathy	33	19	0	HP:0000252;HP:0001744;HP:0002240;HP:0004322	ORPHA:98908	
9.9	OMIM:253300	Spinal muscular atrophy, type I	18	9	1	HP:0001558;HP:0001629;HP:0001631;HP:0002093	ORPHA:70,ORPHA:83330	
9.9	OMIM:240300	Autoimmune polyendocrinopathy syndrome , type I, with or without reversible metaphyseal dysplasia	79	49	1	HP:0000821;HP:0001250	ORPHA:3453	
9.9	OMIM:202650	Agnathia-Otocephaly complex	25	19	0	HP:0000175;HP:0001274;HP:0001561;HP:0002089	ORPHA:990	
9.8	OMIM:621390	Neurodevelopmental disorder with early-onset seizures, facial dysmorphism, and behavioral abnormalities	79	38	0	HP:0000252;HP:0001250;HP:0001631	—	
9.8	OMIM:620719	Neurodevelopmental disorder with motor abnormalities, seizures, and facial dysmorphism	53	38	0	HP:0000252;HP:0001511;HP:0004322	ORPHA:589515	
9.8	OMIM:618775	Mitochondrial complex III deficiency, nuclear type 10	24	18	4	HP:0001511;HP:0001629	ORPHA:1460	
9.8	OMIM:618330	Global developmental delay with or without impaired intellectual development	27	18	0	HP:0001629;HP:0001631;HP:0002007;HP:0004322	ORPHA:178469	
9.8	OMIM:618325	Lissencephaly 9 with complex brainstem malformation	38	18	0	HP:0000252;HP:0001250;HP:0001629;HP:0004322	ORPHA:572013	
9.8	OMIM:617403	Cutis laxa, autosomal recessive, type IID	47	38	0	HP:0001250;HP:0001629;HP:0001631	ORPHA:357074	
9.8	OMIM:615398	Multiple congenital anomalies-hypotonia-seizures syndrome 3	57	38	0	HP:0000107;HP:0001250;HP:0001321	ORPHA:369837	
9.8	OMIM:614947	Combined oxidative phosphorylation deficiency 15	36	18	0	HP:0000252;HP:0001250;HP:0001629;HP:0004322	ORPHA:319524	
9.8	OMIM:614756	Cerebellar dysfunction with variable cognitive and behavioral abnormalities	64	38	0	HP:0001250;HP:0001321;HP:0004322	ORPHA:314647	
9.8	OMIM:612462	Pseudohypoparathyroidism, type IC	29	18	0	HP:0000821;HP:0001156;HP:0001250;HP:0004322	ORPHA:79444	
9.8	OMIM:603358	Gracile syndrome	9	8	7	HP:0001511	ORPHA:53693	
9.8	OMIM:300707	STAR syndrome	43	38	0	HP:0001511;HP:0001631;HP:0004322	ORPHA:140952	
9.8	OMIM:230650	GM1-gangliosidosis, type III	29	18	0	HP:0001250;HP:0001744;HP:0002240;HP:0004322	ORPHA:354,ORPHA:79257	
9.8	OMIM:208530	Right atrial isomerism (Ivemark)	21	18	2	HP:0001274;HP:0001629;HP:0001631	ORPHA:97548	
9.7	OMIM:620455	Neurodevelopmental disorder with hypotonia and speech delay, with or without seizures	77	37	0	HP:0000252;HP:0001250;HP:0004322	ORPHA:528084	dans syndromes
9.7	OMIM:619273	Cimdag syndrome	35	17	0	HP:0000252;HP:0001250;HP:0001321;HP:0002240	ORPHA:603448	
9.7	OMIM:619149	Lessel-Kreienkamp syndrome	36	17	2	HP:0001250;HP:0001631;HP:0002007	ORPHA:528084	dans syndromes
9.7	OMIM:618590	Neurodevelopmental disorder with brain anomalies, seizures, and scoliosis	51	37	0	HP:0000238;HP:0001250;HP:0001321	—	
9.7	OMIM:617668	Encephalopathy, neonatal severe, with lactic acidosis and brain abnormalities	30	17	0	HP:0000252;HP:0001250;HP:0001522;HP:0002093	ORPHA:447795	
9.7	OMIM:615032	Intellectual developmental disorder with autism and macrocephaly	82	37	0	HP:0000821;HP:0001250;HP:0001561	ORPHA:642675	
9.7	OMIM:614299	Multiple mitochondrial dysfunctions syndrome 2 with hyperglycinemia	36	17	0	HP:0001250;HP:0001522;HP:0002093;HP:0002240	ORPHA:401874	
9.7	OMIM:613320	Spondylometaphyseal dysplasia, Megarbane-Dagher-Melki type	44	37	0	HP:0001522;HP:0002007;HP:0004322	ORPHA:401979	
9.7	OMIM:613174	Chromosome 5p13 duplication syndrome	46	37	0	HP:0001250;HP:0001274;HP:0002007	ORPHA:329802	
9.7	OMIM:613026	Chromosome 19q13.11 deletion syndrome, distal	51	37	0	HP:0000252;HP:0001511;HP:0004322	ORPHA:217346	
9.7	OMIM:601675	Trichothiodystrophy 1, photosensitive	48	37	0	HP:0000252;HP:0001522;HP:0004322	ORPHA:33364,ORPHA:670	dans syndromes
9.7	OMIM:300960	Mend syndrome	46	37	0	HP:0000238;HP:0001250;HP:0004322	ORPHA:401973	
9.7	OMIM:256030	Nemaline myopathy 2, autosomal recessive	59	37	0	HP:0000175;HP:0001558;HP:0001561	ORPHA:171430,ORPHA:171433,ORPHA:171436,ORPHA:171439,ORPHA:399103	
9.7	OMIM:213300	Joubert syndrome 1	54	37	0	HP:0000107;HP:0000252;HP:0001395	ORPHA:475	
9.6	OMIM:621469	Moyamoya disease 8	30	16	0	HP:0001250;HP:0001511;HP:0002000;HP:0004322	ORPHA:2573	
9.6	OMIM:619462	Hemolytic disease of fetus and newborn, RH-induced	8	6	1	HP:0001561;HP:0001744;HP:0001789;HP:0002240	ORPHA:71275	
9.6	OMIM:616867	Spinal muscular atrophy with congenital bone fractures 2	25	16	0	HP:0001558;HP:0001561;HP:0001622;HP:0002089	ORPHA:486811	
9.6	OMIM:612626	Chromosome 15q26-qter deletion syndrome	22	16	0	HP:0000252;HP:0001156;HP:0001511;HP:0004322	ORPHA:1596	
9.6	OMIM:251270	Microcephaly and chorioretinopathy, autosomal recessive, 1	23	16	0	HP:0000252;HP:0001250;HP:0001321;HP:0004322	ORPHA:2518	
9.6	OMIM:179613	Recombinant chromosome 8 syndrome	46	36	0	HP:0001250;HP:0001629;HP:0001631	ORPHA:96167	
9.5	OMIM:619909	Pontocerebellar hypoplasia, type 17	28	15	0	HP:0001250;HP:0001511;HP:0001629;HP:0002093	ORPHA:728521	
9.5	OMIM:618905	Silver-Russell syndrome 2	18	15	2	HP:0001511;HP:0002007;HP:0004322	—	
9.5	OMIM:617796	Intellectual developmental disorder, autosomal dominant 52	59	35	0	HP:0000252;HP:0000821;HP:0001250	ORPHA:178469	
9.5	OMIM:617201	Periventricular nodular heterotopia 7	57	35	0	HP:0000175;HP:0001250;HP:0001629	ORPHA:2149,ORPHA:98892	
9.5	OMIM:616878	Metabolic encephalomyopathic crises, recurrent, with rhabdomyolysis, cardiac arrhythmias, and neurodegeneration	61	35	0	HP:0000252;HP:0000821;HP:0001250	ORPHA:480864	
9.5	OMIM:616287	Lethal congenital contracture syndrome 8	20	15	0	HP:0001522;HP:0001558;HP:0001561;HP:0003811	ORPHA:2680	
9.5	OMIM:615438	Infantile liver failure syndrome 1	21	15	0	HP:0000252;HP:0001250;HP:0002007;HP:0002240	ORPHA:370088	
9.5	OMIM:615351	Muscular dystrophy-dystroglycanopathy (congenital with impaired intellectual development), type B, 14	28	15	0	HP:0000252;HP:0001250;HP:0001321;HP:0001558	ORPHA:370959,ORPHA:370968	
9.5	OMIM:615286	Neurodevelopmental disorder with brain abnormalities, poor growth, and dysmorphic facies	26	15	0	HP:0000252;HP:0001250;HP:0001274;HP:0004322	ORPHA:363528	
9.5	OMIM:613489	Congenital disorder of glycosylation, type IIj	29	15	0	HP:0000252;HP:0001250;HP:0001744;HP:0002240	ORPHA:263501	
9.5	OMIM:607812	Craniolenticulosutural dysplasia	43	35	0	HP:0000175;HP:0002007;HP:0004322	ORPHA:50814	
9.5	OMIM:300354	Intellectual developmental disorder, X-linked syndromic, Cabezas type	49	35	0	HP:0001156;HP:0001250;HP:0004322	ORPHA:85293	
9.4	OMIM:621377	Harel-Tora neurodevelopmental syndrome	85	54	0	HP:0000252;HP:0001250	—	
9.4	OMIM:621372	Neurodevelopmental disorder with speech delay and behavioral abnormalities	62	34	0	HP:0000252;HP:0001629;HP:0004322	—	
9.4	OMIM:621328	Neurodevelopmental disorder with achalasia, polyneuropathy, and alacrima	72	34	0	HP:0000252;HP:0001250;HP:0004322	—	
9.4	OMIM:621199	Neurodevelopmental disorder with ataxia and brain abnormalities	62	34	0	HP:0000252;HP:0001250;HP:0002240	—	
9.4	OMIM:620250	Neurodevelopmental disorder with seizures, spasticity, and complete or partial agenesis of the corpus callosum	53	34	0	HP:0001250;HP:0001274;HP:0002007	—	
9.4	OMIM:619539	Neuroocular syndrome	75	54	0	HP:0000252;HP:0004322	ORPHA:659904	
9.4	OMIM:619423	Combined oxidative phosphorylation deficiency 53	24	14	0	HP:0001250;HP:0001522;HP:0002240;HP:0004322	—	
9.4	OMIM:619302	Pontocerebellar hypoplasia, type 15	26	14	0	HP:0000238;HP:0001274;HP:0001321;HP:0001522	—	
9.4	OMIM:617864	Neurodevelopmental disorder with or without seizures and gait abnormalities	32	14	2	HP:0000252;HP:0001250;HP:0004322	ORPHA:528084	dans syndromes
9.4	OMIM:616737	Takenouchi-Kosaki syndrome	66	54	0	HP:0001250;HP:0001321	ORPHA:487796	
9.4	OMIM:610031	Cortical dysplasia, complex, with other brain malformations 7	26	14	0	HP:0000252;HP:0001250;HP:0001274;HP:0001321	ORPHA:300573	
9.4	OMIM:601539	Peroxisome biogenesis disorder 1B	20	14	0	HP:0000107;HP:0001250;HP:0001395;HP:0002240	ORPHA:44,ORPHA:772,ORPHA:79189	
9.4	OMIM:301133	Congenital disorder of glycosylation, type 1DD	31	14	0	HP:0001250;HP:0001744;HP:0002093;HP:0002240	—	
9.4	OMIM:300519	Martin-Probst syndrome	29	24	1	HP:0000252;HP:0000821;HP:0004322	ORPHA:85321	
9.4	OMIM:260600	Leukodystrophy, hypomyelinating, 3	29	14	0	HP:0000252;HP:0001250;HP:0001522;HP:0001622	ORPHA:280270,ORPHA:280293	
9.4	OMIM:247990	Macdermot-Winter syndrome	17	14	0	HP:0000252;HP:0001250;HP:0001511;HP:0001522	ORPHA:2083	
9.3	OMIM:620683	Lipodystrophy, familial partial, type 9	49	33	0	HP:0000821;HP:0002240;HP:0004322	ORPHA:686999	
9.3	OMIM:619542	King-Denborough syndrome	42	33	0	HP:0001558;HP:0001629;HP:0004322	ORPHA:99741	
9.3	OMIM:619301	Pontocerebellar hypoplasia, type 14	24	13	0	HP:0000238;HP:0001274;HP:0001321;HP:0001522	ORPHA:613274	
9.3	OMIM:618342	Intellectual developmental disorder with abnormal behavior, microcephaly, and short stature	50	33	0	HP:0000252;HP:0002240;HP:0004322	ORPHA:528084	dans syndromes
9.3	OMIM:617669	Encephalopathy, progressive, early-onset, with brain atrophy and spasticity	30	13	0	HP:0000252;HP:0001250;HP:0001274;HP:0001321	ORPHA:500144	
9.3	OMIM:616549	Klippel-Feil syndrome 4, autosomal recessive, with myopathy and facial dysmorphism	25	23	3	HP:0000252;HP:0004322	ORPHA:447974	
9.3	OMIM:614969	Pontocerebellar hypoplasia, type 7	51	33	0	HP:0000238;HP:0001250;HP:0001321	ORPHA:284339	
9.3	OMIM:613884	Chromosome 13q14 deletion syndrome	41	33	0	HP:0001274;HP:0001629;HP:0002007	ORPHA:1587	
9.3	OMIM:611719	Combined oxidative phosphorylation deficiency 5	33	23	1	HP:0000252;HP:0001250;HP:0001522	ORPHA:137908	
9.3	OMIM:610678	Combined oxidative phosphorylation deficiency 4	19	13	0	HP:0000252;HP:0001511;HP:0001522;HP:0002240	ORPHA:254925	
9.3	OMIM:608799	Congenital disorder of glycosylation, type IE	49	33	0	HP:0001250;HP:0001744;HP:0002240	ORPHA:79322	
9.3	OMIM:601812	Premature aging syndrome, Penttinen type	63	53	0	HP:0001156;HP:0002007	ORPHA:363665	
9.3	OMIM:601353	Brachycephaly, deafness, cataract, microstomia, and impaired intellectual development	42	33	0	HP:0000175;HP:0001156;HP:0001250	—	
9.3	OMIM:300989	Meester-Loeys syndrome	34	33	0	HP:0001156;HP:0002007;HP:0004322	ORPHA:622925	
9.2	OMIM:621233	Immunodysregulation with variable immunodeficiency and autoimmunity	65	32	0	HP:0000821;HP:0001744;HP:0004322	ORPHA:697389	
9.2	OMIM:621012	Neurodevelopmental disorder with dysmorphic facies, absent speech and ambulation, and brain abnormalities	49	32	0	HP:0001250;HP:0001561;HP:0001631	—	
9.2	OMIM:619922	Neurodevelopmental disorder with dystonia and seizures	27	12	0	HP:0001250;HP:0001321;HP:0001511;HP:0001558	ORPHA:442835	
9.2	OMIM:619761	Cerebellar dysfunction, impaired intellectual development, and hypogonadotropic hypogonadism	28	12	0	HP:0001250;HP:0001321;HP:0001511;HP:0001561	—	
9.2	OMIM:618709	Neurodevelopmental disorder with nonspecific brain abnormalities and with or without seizures	19	12	0	HP:0000238;HP:0000252;HP:0001250;HP:0002269	ORPHA:178469	
9.2	OMIM:617404	Muscular dystrophy, congenital, with cataracts and intellectual disability	27	12	0	HP:0000252;HP:0001250;HP:0002093;HP:0004322	ORPHA:662184	
9.2	OMIM:616954	You-Hoover-Fong syndrome	28	12	0	HP:0000175;HP:0000252;HP:0001156;HP:0001250	ORPHA:488642	
9.2	OMIM:616723	Spondyloepimetaphyseal dysplasia, Faden-Alkuraya type	40	32	0	HP:0000252;HP:0002007;HP:0004322	ORPHA:457395	
9.2	OMIM:616339	Epileptic encephalopathy, early infantile, 29	23	12	2	HP:0000252;HP:0001511;HP:0004322	ORPHA:442835	
9.2	OMIM:614700	Immunodeficiency, common variable, 8, with autoimmunity	45	32	0	HP:0000821;HP:0001744;HP:0002090	ORPHA:445018	
9.2	OMIM:610187	Diaphragmatic hernia 3	26	12	0	HP:0000238;HP:0000776;HP:0001250;HP:0002089	ORPHA:2140	
9.2	OMIM:219100	Cutis laxa, autosomal recessive, type IA	26	22	1	HP:0000252;HP:0000776;HP:0001562	ORPHA:90349	
9.1	OMIM:620662	Hoxha-Aliu syndrome	67	51	0	HP:0001156;HP:0001631	—	
9.1	OMIM:620185	Atelis syndrome 2	43	31	0	HP:0000252;HP:0001250;HP:0002007	—	
9.1	OMIM:619680	Marbach-Schaaf neurodevelopmental syndrome	39	21	1	HP:0000252;HP:0001156;HP:0001250	ORPHA:692173	
9.1	OMIM:618291	Spinal muscular atrophy, lower extremity-predominant, 2B, autosomal dominant	42	31	0	HP:0001321;HP:0001558;HP:0001561	ORPHA:363454	
9.1	OMIM:617598	Mosaic variegated aneuploidy syndrome 3	19	11	0	HP:0000175;HP:0000252;HP:0001250;HP:0004322	ORPHA:1052	
9.1	OMIM:617481	Neurodevelopmental disorder with microcephaly, hypotonia, and variable brain anomalies	31	21	1	HP:0000252;HP:0001250;HP:0001558	ORPHA:544469	
9.1	OMIM:616738	Radioulnar synostosis with amegakaryocytic thrombocytopenia 2	15	11	4	HP:0000175;HP:0001789	ORPHA:71289	
9.1	OMIM:615824	Mitochondrial complex III deficiency, nuclear type 7	32	21	1	HP:0001250;HP:0001511;HP:0001562	ORPHA:1460	
9.1	OMIM:614498	Rigidity and multifocal seizure syndrome, lethal neonatal	36	21	3	HP:0000252;HP:0001522	ORPHA:435845	
9.1	OMIM:614202	Rafiq syndrome	44	31	0	HP:0001250;HP:0001321;HP:0004322	ORPHA:397941	
9.1	OMIM:612199	Cerebroretinal microangiopathy with calcifications and cysts 1	47	31	0	HP:0001250;HP:0001511;HP:0004322	ORPHA:313838	
9.1	OMIM:611091	Intellectual developmental disorder, autosomal recessive 5	52	31	0	HP:0000252;HP:0001250;HP:0004322	ORPHA:88616	
9.1	OMIM:309548	Intellectual developmental disorder, X-linked 109	20	11	2	HP:0000252;HP:0001511;HP:0004322	ORPHA:100973	
9.1	OMIM:255200	Myopathy, centronuclear, 2	34	21	1	HP:0001511;HP:0001558;HP:0001562	ORPHA:169186	
9.1	OMIM:248340	3MC syndrome 3	28	21	1	HP:0000175;HP:0004322;HP:0100258	ORPHA:2453,ORPHA:293843	
9.1	OMIM:147800	Aase-Smith syndrome I	13	11	0	HP:0000175;HP:0000238;HP:0001522;HP:0001629	ORPHA:916	
9.1	OMIM:120330	Papillorenal syndrome	44	31	0	HP:0000107;HP:0001250;HP:0004322	ORPHA:1475	
9.0	OMIM:620076	Bent bone dysplasia syndrome 2	33	30	0	HP:0001511;HP:0001631;HP:0002240	ORPHA:93439	
9.0	OMIM:619769	Macrocephaly, neurodevelopmental delay, lymphoid hyperplasia, and persistent fetal hemoglobin	32	10	2	HP:0001250;HP:0001629;HP:0001631	ORPHA:694956	
9.0	OMIM:619293	Blepharophimosis-impaired intellectual development syndrome	69	50	0	HP:0001250;HP:0002007	ORPHA:637013	
9.0	OMIM:619194	Neurofacioskeletal syndrome with or without renal agenesis	60	50	0	HP:0001274;HP:0001562	ORPHA:528084	dans syndromes
9.0	OMIM:619147	Leukoencephalopathy, progressive, infantile-onset, with or without deafness	38	20	1	HP:0000252;HP:0000821;HP:0001250	ORPHA:3240	
9.0	OMIM:618223	Vertebral anomalies and variable endocrine and T-cell dysfunction	40	30	0	HP:0000175;HP:0001631;HP:0004322	—	
9.0	OMIM:616647	Epileptic encephalopathy, early infantile, 35	19	10	0	HP:0000252;HP:0001250;HP:0001511;HP:0001522	ORPHA:457375	
9.0	OMIM:614557	Ehlers-Danlos syndrome, kyphoscoliotic type, 2	46	30	2	HP:0001558;HP:0001561	ORPHA:300179	
9.0	OMIM:602522	Bartter syndrome, type 4A, neonatal, with sensorineural deafness	31	20	1	HP:0001561;HP:0001622;HP:0001789	ORPHA:112,ORPHA:89938	
9.0	OMIM:276950	Vacterl association with hydrocephalus	14	10	0	HP:0000238;HP:0001627;HP:0002093;HP:0003826	ORPHA:3412	
9.0	OMIM:241410	Hypoparathyroidism-retardation-dysmorphism syndrome	39	30	0	HP:0000252;HP:0001250;HP:0002007	ORPHA:2323	
8.9	OMIM:619244	Neurodevelopmental disorder with cerebral atrophy and variable facial dysmorphism	40	29	0	HP:0000252;HP:0001250;HP:0001274	ORPHA:528084	dans syndromes
8.9	OMIM:619185	Joubert syndrome 37	37	29	0	HP:0002007;HP:0002240;HP:0004322	ORPHA:475	
8.9	OMIM:619056	Neurodevelopmental disorder with speech impairment and dysmorphic facies	39	19	1	HP:0001250;HP:0001562;HP:0004322	ORPHA:528084	dans syndromes
8.9	OMIM:619033	Vissers-Bodmer syndrome	18	9	0	HP:0001250;HP:0001511;HP:0001622;HP:0004322	ORPHA:528084	dans syndromes
8.9	OMIM:618324	Congenital disorder of glycosylation with defective fucosylation 2	25	9	0	HP:0001250;HP:0001274;HP:0001622;HP:0002093	—	
8.9	OMIM:618004	Epileptic encephalopathy, early infantile, 64	45	29	0	HP:0000252;HP:0001250;HP:0001321	ORPHA:1934	
8.9	OMIM:616809	Hyperphosphatasia with impaired intellectual development syndrome 6	45	29	0	HP:0001250;HP:0001522;HP:0001561	ORPHA:247262	
8.9	OMIM:616266	Congenital contractures of the limbs and face, hypotonia, and developmental delay	41	29	0	HP:0001250;HP:0002000;HP:0002093	ORPHA:1147,ORPHA:562528	
8.9	OMIM:267430	Renal tubular dysgenesis	11	9	0	HP:0000252;HP:0001562;HP:0002089;HP:0002093	ORPHA:3033,ORPHA:97369	
8.9	OMIM:136760	Frontonasal dysplasia 1	36	29	0	HP:0001156;HP:0001274;HP:0002000	ORPHA:391474	
8.8	OMIM:621248	Pulmonary hypertension, primary, 7	53	28	0	HP:0000821;HP:0001629;HP:0001631	—	
8.8	OMIM:620931	Immunodeficiency 126	90	48	0	HP:0000821;HP:0001744	—	
8.8	OMIM:620796	Proteasome-associated autoinflammatory syndrome 6	42	28	0	HP:0001250;HP:0001744;HP:0002090	—	
8.8	OMIM:619644	Immunodeficiency 91 and hyperinflammation	45	28	0	HP:0001250;HP:0001522;HP:0002240	—	
8.8	OMIM:619306	Neurodevelopmental disorder with dysmorphic facies and cerebellar hypoplasia	37	28	0	HP:0001250;HP:0001321;HP:0001629	ORPHA:528084	dans syndromes
8.8	OMIM:619188	Intellectual developmental disorder, autosomal dominant 64	40	28	0	HP:0000252;HP:0001250;HP:0001321	ORPHA:178469,ORPHA:528084	dans syndromes
8.8	OMIM:618572	Neurodevelopmental disorder with cerebellar hypoplasia and spasticity	14	8	0	HP:0000252;HP:0001250;HP:0001321;HP:0004322	—	
8.8	OMIM:618106	Intellectual developmental disorder, autosomal dominant 58	41	28	0	HP:0000252;HP:0001250;HP:0004322	ORPHA:178469	
8.8	OMIM:615849	Culler-Jones syndrome	55	28	0	HP:0000175;HP:0001250;HP:0004322	ORPHA:420584	
8.8	OMIM:614480	Hypertriglyceridemia, transient infantile	12	8	0	HP:0001395;HP:0001744;HP:0002240;HP:0004322	ORPHA:300293	
8.8	OMIM:609049	Pierson syndrome	42	28	2	HP:0000252;HP:0001562	ORPHA:2670	
8.8	OMIM:600252	Lowry-Maclean syndrome	13	8	0	HP:0000175;HP:0000252;HP:0001511;HP:0001627	ORPHA:2409	
8.7	OMIM:620964	Congenital myopathy 25	52	27	0	HP:0000175;HP:0000252;HP:0002093	—	
8.7	OMIM:619602	Fetal akinesia, respiratory insufficiency, microcephaly, polymicrogyria, and dysmorphic facies	10	7	0	HP:0000252;HP:0001561;HP:0001989;HP:0003811	—	
8.7	OMIM:619103	Neurodevelopmental disorder with dysmorphic facies, sleep disturbance, and brain abnormalities	40	27	0	HP:0000252;HP:0001250;HP:0001629	ORPHA:726684	
8.7	OMIM:618974	Li-Ghorgani-Weisz-Hubshman syndrome	28	17	1	HP:0001250;HP:0001629;HP:0001631	ORPHA:528084	dans syndromes
8.7	OMIM:618641	Infantile liver failure syndrome 3	21	17	1	HP:0001744;HP:0002240;HP:0004322	ORPHA:464724	
8.7	OMIM:617799	Intellectual developmental disorder, autosomal dominant 54	64	27	0	HP:0000252;HP:0001250;HP:0004322	ORPHA:178469	
8.7	OMIM:616854	Even-Plus syndrome	31	27	0	HP:0001274;HP:0001562;HP:0001631	ORPHA:496751	
8.7	OMIM:614249	Intellectual developmental disorder, autosomal recessive 18, with or without epilepsy	26	7	2	HP:0000252;HP:0001629;HP:0001631	ORPHA:88616	
8.7	OMIM:277380	Methylmalonic aciduria and homocystinuria, Cblf type	44	27	0	HP:0001631;HP:0002240;HP:0004322	ORPHA:26,ORPHA:79284	
8.6	OMIM:620793	Muscular dystrophy, limb-girdle, autosomal recessive 29	46	26	0	HP:0000252;HP:0001558;HP:0002093	—	
8.6	OMIM:620511	Fliedner-Zweier syndrome	40	26	0	HP:0000252;HP:0001250;HP:0001629	ORPHA:528084	dans syndromes
8.6	OMIM:620327	Neurodegeneration with developmental delay, early respiratory failure, myoclonic seizures, and brain abnormalities	27	16	1	HP:0001321;HP:0001511;HP:0001631	—	
8.6	OMIM:619869	Neurocardiofaciodigital syndrome	34	26	0	HP:0000252;HP:0001631;HP:0004322	—	
8.6	OMIM:619708	Gastrointestinal defects and immunodeficiency syndrome 2	44	26	0	HP:0001250;HP:0001321;HP:0002089	ORPHA:436252	
8.6	OMIM:619313	Immunodeficiency 80 with or without cardiomyopathy	21	16	7		—	
8.6	OMIM:619227	Vertebral, cardiac, tracheoesophageal, renal, and limb defects	29	26	0	HP:0000104;HP:0000252;HP:0004322	—	
8.6	OMIM:618773	Lymphatic malformation 8	7	6	4	HP:0001561;HP:0003826	ORPHA:363999	
8.6	OMIM:617982	Ververi-Brady syndrome	36	26	0	HP:0000252;HP:0001511;HP:0004322	ORPHA:580940	
8.6	OMIM:609757	Williams-Beuren region duplication syndrome	42	26	0	HP:0000238;HP:0001250;HP:0004322	ORPHA:96121	
8.6	OMIM:609313	MEDNIK syndrome	24	16	1	HP:0001395;HP:0001522;HP:0003811	ORPHA:171851	
8.6	OMIM:608027	Pontocerebellar hypoplasia, type 3	36	26	0	HP:0001250;HP:0001321;HP:0004322	ORPHA:97249	
8.6	OMIM:601374	Aprosencephaly and cerebellar dysgenesis	10	6	8		ORPHA:1126	
8.6	OMIM:306990	Holoprosencephaly with fetal akinesia/hypokinesia sequence	7	6	0	HP:0000252;HP:0001511;HP:0001558;HP:0001989	ORPHA:2570	
8.6	OMIM:300486	Intellectual developmental disorder, X-linked syndromic, Billuart type	40	26	0	HP:0001250;HP:0001321;HP:0002007	ORPHA:137831	
8.6	OMIM:169400	Pelger-Huet anomaly	36	26	0	HP:0001250;HP:0001629;HP:0002007	—	
8.6	OMIM:123790	Beare-Stevenson cutis gyrata syndrome	54	46	0	HP:0000238;HP:0001274	ORPHA:1555	
8.5	OMIM:621150	Neurodevelopmental disorder with thin corpus callosum, hypotonia, and absent language	48	25	0	HP:0000252;HP:0001250;HP:0004322	—	
8.5	OMIM:621130	Fischer-Zirnsak progeroid syndrome	31	25	0	HP:0000821;HP:0001511;HP:0002240	—	
8.5	OMIM:620184	Atelis syndrome 1	34	25	0	HP:0000821;HP:0001629;HP:0001631	—	
8.5	OMIM:618885	Congenital disorder of glycosylation, type IIt	44	25	0	HP:0000252;HP:0001250;HP:0004322	—	
8.5	OMIM:618235	Mitochondrial complex I deficiency, nuclear type 13	31	15	1	HP:0000252;HP:0001522;HP:0002240	ORPHA:85136	
8.5	OMIM:617396	Anauxetic dysplasia 2	29	25	0	HP:0001156;HP:0001511;HP:0004322	ORPHA:93347	
8.5	OMIM:615228	Mitochondrial complex V (atp synthase) deficiency, nuclear type 4	13	5	0	HP:0001250;HP:0001321;HP:0002089;HP:0003811	ORPHA:254913	
8.5	OMIM:312080	Pelizaeus-Merzbacher disease	49	15	1	HP:0000252;HP:0001250;HP:0004322	ORPHA:280210,ORPHA:280219,ORPHA:280224,ORPHA:280229,ORPHA:280234,ORPHA:702	
8.5	OMIM:301110	Hemolytic uremic syndrome, atypical, 8, with rhizomelic short stature	34	25	6		—	
8.5	OMIM:268850	Richieri-Costa/guion-Almeida syndrome	32	25	0	HP:0000175;HP:0000252;HP:0004322	ORPHA:2511	
8.5	OMIM:267000	Perlman syndrome	31	25	0	HP:0000776;HP:0001274;HP:0001561	ORPHA:2849	
8.5	OMIM:246450	3-hydroxy-3-methylglutaryl-CoA lyase deficiency	42	25	0	HP:0000252;HP:0001250;HP:0002240	ORPHA:20	dans syndromes
8.5	OMIM:218900	Crome syndrome	10	5	2	HP:0000252;HP:0001250;HP:0004322	ORPHA:1380	
8.5	OMIM:102700	Severe combined immunodeficiency, autosomal recessive, T cell-negative, B cell-negative, NK cell-negative, due to adenosine deaminase deficiency	42	25	0	HP:0001744;HP:0002090;HP:0002240	ORPHA:277	
8.4	OMIM:621080	Heterotaxy, visceral, 14	59	44	0	HP:0001629;HP:0001631	—	
8.4	OMIM:619758	Tessadori-van Haaften neurodevelopmental syndrome 1	39	24	0	HP:0000252;HP:0001250;HP:0001558	ORPHA:717854	
8.4	OMIM:619179	Microcephaly 26, primary, autosomal dominant	41	24	0	HP:0000252;HP:0001250;HP:0004322	ORPHA:2514	
8.4	OMIM:618569	Neurodevelopmental disorder with ataxia, hypotonia, and microcephaly	33	24	0	HP:0000252;HP:0000821;HP:0001250	ORPHA:528084	dans syndromes
8.4	OMIM:618354	Neurodevelopmental disorder and language delay with or without structural brain abnormalities	42	24	0	HP:0000252;HP:0001631;HP:0002007	ORPHA:726644,ORPHA:726659	
8.4	OMIM:618298	Developmental and epileptic encephalopathy 70	23	14	1	HP:0000252;HP:0001250;HP:0001561	ORPHA:697160	
8.4	OMIM:618278	Fibrosis, neurodegeneration, and cerebral angiomatosis	45	24	0	HP:0001250;HP:0002093;HP:0002240	ORPHA:621758	
8.4	OMIM:618052	Cardiomyopathy, familial hypertrophic 27	88	64	0	HP:0004322	—	
8.4	OMIM:617913	Neurodevelopmental disorder with microcephaly, cataracts, and renal abnormalities	38	24	0	HP:0000252;HP:0001250;HP:0001744	—	
8.4	OMIM:616239	Combined oxidative phosphorylation deficiency 24	42	24	0	HP:0000252;HP:0001250;HP:0001274	ORPHA:444458	
8.4	OMIM:614654	Coenzyme Q10 deficiency, primary, 5	24	14	1	HP:0001250;HP:0001511;HP:0002093	ORPHA:319678	
8.4	OMIM:611816	Temple-Baraitser syndrome	32	24	0	HP:0001250;HP:0001631;HP:0002000	ORPHA:420561	
8.4	OMIM:605309	Macrocephaly/autism syndrome	35	24	0	HP:0001744;HP:0002007;HP:0002240	ORPHA:210548	
8.4	OMIM:230600	GM1-gangliosidosis, type II	36	24	0	HP:0001622;HP:0001744;HP:0002240	ORPHA:354,ORPHA:79256	
8.4	OMIM:161800	Nemaline myopathy 3	40	24	0	HP:0001558;HP:0001561;HP:0002093	ORPHA:171430,ORPHA:171433,ORPHA:171436,ORPHA:171439,ORPHA:98904	
8.3	OMIM:620969	Anemia, congenital dyserythropoietic, type IVb	37	23	0	HP:0001744;HP:0002240;HP:0004322	ORPHA:727394	
8.3	OMIM:620558	Craniometadiaphyseal osteosclerosis with hip dysplasia	33	23	0	HP:0001629;HP:0001631;HP:0002007	—	
8.3	OMIM:619383	Neurodevelopmental disorder with hypotonia, facial dysmorphism, and brain abnormalities	62	43	0	HP:0001631;HP:0002240	—	
8.3	OMIM:619111	Coach syndrome 2	20	13	1	HP:0000238;HP:0001274;HP:0001395	ORPHA:1454	
8.3	OMIM:618659	Neurodevelopmental disorder with dysmorphic facies and distal skeletal anomalies	61	43	0	HP:0001156;HP:0001250	ORPHA:528084	dans syndromes
8.3	OMIM:618419	Gonadal dysgenesis, dysmorphic facies, retinal dystrophy, and myopathy	49	43	0	HP:0001274;HP:0004322	ORPHA:1770	
8.3	OMIM:618302	Intellectual developmental disorder, autosomal recessive 68	21	13	1	HP:0000238;HP:0000252;HP:0001250	ORPHA:528084	dans syndromes
8.3	OMIM:618019	Rhizomelic skeletal dysplasia with or without Pelger-Huet anomaly	47	43	0	HP:0001156;HP:0002007	ORPHA:448267	
8.3	OMIM:617281	Epileptic encephalopathy, early infantile, 49	42	23	0	HP:0000238;HP:0000252;HP:0002007	ORPHA:1934	
8.3	OMIM:616901	Developmental delay with short stature, dysmorphic features, and sparse hair	29	23	0	HP:0001522;HP:0001629;HP:0004322	ORPHA:459061	
8.3	OMIM:616682	Seizures, scoliosis, and macrocephaly/microcephaly syndrome	43	23	0	HP:0000252;HP:0001250;HP:0001629	ORPHA:466926	
8.3	OMIM:611523	Pontocerebellar hypoplasia, type 6	42	23	0	HP:0000252;HP:0001250;HP:0001321	ORPHA:166073	
8.3	OMIM:610377	Mevalonic aciduria	53	33	1	HP:0000252;HP:0004322	ORPHA:29,ORPHA:309025	
8.3	OMIM:608649	Ichthyosis prematurity syndrome	16	13	3	HP:0001561;HP:0001622	ORPHA:88621	
8.3	OMIM:304340	Pettigrew syndrome	46	23	0	HP:0000238;HP:0000252;HP:0001250	ORPHA:1568,ORPHA:85329,ORPHA:85335	
8.3	OMIM:300352	Cerebral creatine deficiency syndrome 1	49	23	0	HP:0000252;HP:0001250;HP:0004322	ORPHA:52503	
8.3	OMIM:201180	Acrofrontofacionasal dysostosis 1	29	23	0	HP:0000175;HP:0001250;HP:0004322	ORPHA:1784	
8.2	OMIM:621152	Neurodevelopmental disorder with white matter abnormalities and gait disturbance	44	22	0	HP:0001250;HP:0001631;HP:0002007	—	
8.2	OMIM:621067	Neurodevelopmental disorder with poor growth, absent speech, progressive ataxia, and dysmorphic facies	41	22	0	HP:0000252;HP:0001250;HP:0004322	—	
8.2	OMIM:619995	Neurodevelopmental disorder with intention tremor, pyramidal signs, dyspraxia, and ocular anomalies	30	22	0	HP:0001156;HP:0001629;HP:0004322	—	
8.2	OMIM:619934	Intellectual developmental disorder, autosomal dominant 68	41	22	0	HP:0000252;HP:0001511;HP:0002007	ORPHA:528084	dans syndromes
8.2	OMIM:618874	Chromosome 17q11.2 duplication syndrome, 1.4-Mb	30	22	0	HP:0000252;HP:0001250;HP:0004322	ORPHA:139474	
8.2	OMIM:618238	Mitochondrial complex I deficiency, nuclear type 16	24	12	1	HP:0001250;HP:0001274;HP:0001511	ORPHA:2609	
8.2	OMIM:617802	Neurodevelopmental disorder with microcephaly, seizures, and cortical atrophy	43	22	0	HP:0000252;HP:0001250;HP:0001622	—	
8.2	OMIM:615918	Combined oxidative phosphorylation deficiency 21	18	12	3	HP:0001250;HP:0003811	ORPHA:420733	
8.2	OMIM:615419	Hypotonia, infantile, with psychomotor retardation and characteristic facies 1	39	22	0	HP:0000252;HP:0001250;HP:0001511	ORPHA:371364,ORPHA:700336	
8.2	OMIM:614257	Chromosome 20q11-q12 deletion syndrome	19	12	1	HP:0001156;HP:0001511;HP:0002007	ORPHA:178469	
8.2	OMIM:611881	Glycogen storage disease XII	30	22	0	HP:0001744;HP:0002240;HP:0004322	ORPHA:57	
8.2	OMIM:607626	Ichthyosis, leukocyte vacuoles, alopecia, and sclerosing cholangitis	27	22	0	HP:0001395;HP:0001744;HP:0002240	ORPHA:59303	
8.2	OMIM:604314	Blepharophimosis with facial and genital anomalies and impaired intellectual development	48	42	0	HP:0000252;HP:0001250	ORPHA:293725	
8.2	OMIM:300049	Heterotopia, periventricular, X-linked dominant	20	12	1	HP:0001250;HP:0001321;HP:0002269	ORPHA:2149,ORPHA:98892	
8.2	OMIM:258860	Orofaciodigital syndrome IV	23	22	0	HP:0000175;HP:0001156;HP:0004322	ORPHA:2753	
8.2	OMIM:212093	Cardiac valvular defect, developmental	29	22	0	HP:0001629;HP:0001631;HP:0001789	—	
8.1	OMIM:620510	Xerosis and growth failure with immune and pulmonary dysfunction syndrome	29	21	0	HP:0001250;HP:0001511;HP:0001631	—	
8.1	OMIM:620454	Congenital disorder of glycosylation, type IIaa	26	21	0	HP:0001395;HP:0001629;HP:0002240	—	
8.1	OMIM:620066	Neurodevelopmental disorder with microcephaly, cerebral atrophy, and visual impairment	39	21	0	HP:0000252;HP:0001629;HP:0001631	ORPHA:528084	dans syndromes
8.1	OMIM:619967	Myopathy, congenital, nonprogressive	21	11	1	HP:0001558;HP:0001561;HP:0001631	ORPHA:2020	
8.1	OMIM:619859	Phosphoribosylaminoimidazole carboxylase deficiency	24	21	0	HP:0001561;HP:0003811;HP:0004322	ORPHA:633099	
8.1	OMIM:619641	Hengel-Maroofian-Schols syndrome	39	21	0	HP:0000252;HP:0001250;HP:0004322	ORPHA:697067	
8.1	OMIM:618823	Myopathy, congenital proximal, with minicore lesions	16	11	3	HP:0001558;HP:0001562	—	
8.1	OMIM:618577	Neurodevelopmental disorder with structural brain anomalies and dysmorphic facies	27	21	0	HP:0000238;HP:0001250;HP:0001274	ORPHA:659609	
8.1	OMIM:618183	Diarrhea 10, protein-losing enteropathy type	28	21	0	HP:0000821;HP:0001522;HP:0001561	ORPHA:329242	
8.1	OMIM:617595	Birk-Landau-Perez syndrome	44	21	0	HP:0000252;HP:0001274;HP:0001511	ORPHA:505242	
8.1	OMIM:616033	Microcephaly, short stature, and impaired glucose metabolism 1	23	11	1	HP:0000252;HP:0001250;HP:0004322	ORPHA:391408	
8.1	OMIM:615966	Immunodeficiency 26 with or without neurologic abnormalities	28	21	0	HP:0000252;HP:0001250;HP:0001511	ORPHA:317425	
8.1	OMIM:614946	Combined oxidative phosphorylation deficiency 14	34	21	0	HP:0000252;HP:0001250;HP:0001522	ORPHA:319519	
8.1	OMIM:614727	Congenital disorder of glycosylation, type IIK	28	21	0	HP:0001250;HP:0002240;HP:0004322	ORPHA:314667	
8.1	OMIM:613177	Cutis laxa, autosomal recessive, type IC	51	41	0	HP:0001522;HP:0002089	ORPHA:221145	
8.1	OMIM:613075	Macs syndrome	48	41	0	HP:0001156;HP:0004322	ORPHA:217335	
8.1	OMIM:611961	Stevenson-Carey syndrome	29	21	0	HP:0001250;HP:0001321;HP:0001631	—	
8.1	OMIM:264470	Peroxisomal acyl-CoA oxidase deficiency	38	21	0	HP:0001250;HP:0002007;HP:0002240	ORPHA:2971	
8.1	OMIM:257200	Niemann-Pick disease, type A	39	21	0	HP:0001744;HP:0002240;HP:0004322	ORPHA:618891,ORPHA:77292	
8.1	OMIM:226730	Epidermolysis bullosa, junctional, with pyloric atresia	26	21	2	HP:0001522;HP:0001561	ORPHA:79403	
8.1	OMIM:200995	Acrocephalopolydactylous dysplasia	25	21	0	HP:0001395;HP:0002089;HP:0002240	ORPHA:221054	
8.0	OMIM:621262	Diamond-Blackfan anemia 22	54	40	0	HP:0000175;HP:0004322	—	
8.0	OMIM:620869	Immunodeficiency 122	35	20	0	HP:0001744;HP:0002007;HP:0002240	—	
8.0	OMIM:620603	Immunodeficiency 114, folate-responsive	32	20	0	HP:0001250;HP:0001744;HP:0002240	ORPHA:661412	
8.0	OMIM:619595	Developmental delay, hypotonia, musculoskeletal defects, and behavioral abnormalities	32	20	0	HP:0000252;HP:0001250;HP:0004322	ORPHA:528084	dans syndromes
8.0	OMIM:619286	Neurodevelopmental disorder with spasticity, cataracts, and cerebellar hypoplasia	33	20	0	HP:0000252;HP:0001250;HP:0002007	ORPHA:726677	
8.0	OMIM:618958	Combined oxidative phosphorylation deficiency 47	25	20	0	HP:0000252;HP:0001511;HP:0002240	—	
8.0	OMIM:618731	Neurodevelopmental disorder with brain anomalies and with or without vertebral or cardiac anomalies	29	20	0	HP:0000252;HP:0001250;HP:0001321	—	
8.0	OMIM:618522	Intellectual developmental disorder 59	29	20	0	HP:0001156;HP:0001250;HP:0004322	—	
8.0	OMIM:618493	Hypotonia, hypoventilation, impaired intellectual development, dysautonomia, epilepsy, and eye abnormalities	42	20	0	HP:0000252;HP:0001250;HP:0004322	ORPHA:436141	
8.0	OMIM:618067	Epileptic encephalopathy, early infantile, 66	48	20	0	HP:0001250;HP:0001629;HP:0001631	ORPHA:442835	
8.0	OMIM:617927	Orofaciodigital syndrome XVIII	22	20	0	HP:0001156;HP:0004322;HP:0100258	ORPHA:508501	
8.0	OMIM:617804	Neurodevelopmental disorder with severe motor impairment and absent language	58	40	0	HP:0000252;HP:0001250	ORPHA:647788	
8.0	OMIM:617248	3-methylglutaconic aciduria, type VIII	36	20	0	HP:0001250;HP:0001522;HP:0003811	ORPHA:505208	
8.0	OMIM:617156	Mitochondrial DNA depletion syndrome 15 (hepatocerebral type)	28	20	0	HP:0001511;HP:0001522;HP:0001561	—	
8.0	OMIM:616828	Congenital disorder of glycosylation, type IIO	25	20	0	HP:0001250;HP:0001744;HP:0002240	ORPHA:468684	
8.0	OMIM:615597	Congenital disorder of glycosylation, type Ix	19	10	1	HP:0000252;HP:0001250;HP:0001511	ORPHA:370924	
8.0	OMIM:615042	Congenital disorder of glycosylation, type Iu	29	20	0	HP:0001250;HP:0001321;HP:0001522	ORPHA:329178	
8.0	OMIM:613398	Warsaw breakage syndrome	26	20	0	HP:0000252;HP:0001511;HP:0001629	ORPHA:280558	
8.0	OMIM:613155	Muscular dystrophy-dystroglycanopathy (congenital with impaired intellectual development), type B, 1	27	20	0	HP:0000238;HP:0000252;HP:0001321	ORPHA:370959,ORPHA:370968	
8.0	OMIM:608545	Larsen-Like syndrome	27	20	0	HP:0000175;HP:0002007;HP:0004322	ORPHA:2370	
8.0	OMIM:608154	Lipodystrophy, generalized, with impaired intellectual development, deafness, short stature, and slender bones	27	20	0	HP:0001250;HP:0001511;HP:0004322	ORPHA:50811	
8.0	OMIM:607596	Pontocerebellar hypoplasia type 1A	41	20	0	HP:0000252;HP:0001321;HP:0002093	ORPHA:2254	
8.0	OMIM:307030	Glycerol kinase deficiency	38	20	0	HP:0001250;HP:0002007;HP:0004322	ORPHA:284411,ORPHA:284414,ORPHA:408	
8.0	OMIM:252150	Molybdenum cofactor deficiency, complementation group A	44	20	0	HP:0000252;HP:0001250;HP:0002007	ORPHA:308386,ORPHA:833,ORPHA:99732	
8.0	OMIM:109120	Axenfeld-Rieger anomaly with partially absent eye muscles, distinctive face, hydrocephaly, and skeletal abnormalities	26	20	0	HP:0000238;HP:0001274;HP:0004322	ORPHA:1831	
7.9	OMIM:620988	Intellectual developmental disorder, autosomal dominant 75	34	19	0	HP:0000252;HP:0001250;HP:0004322	—	
7.9	OMIM:620040	Dyskeratosis congenita, digenic	29	19	0	HP:0000252;HP:0001511;HP:0004322	ORPHA:1775	
7.9	OMIM:619714	Congenital disorder of glycosylation, type Iw, autosomal dominant	31	19	0	HP:0000252;HP:0001511;HP:0004322	—	
7.9	OMIM:619125	Kaya-Barakat-Masson syndrome	23	9	1	HP:0000252;HP:0001250;HP:0001511	ORPHA:684240	
7.9	OMIM:617730	Galloway-Mowat syndrome 4	29	19	0	HP:0001250;HP:0001321;HP:0004322	ORPHA:2065	
7.9	OMIM:617475	Specific granule deficiency 2	34	19	2	HP:0001156;HP:0001522	ORPHA:169142	
7.9	OMIM:608840	Muscular dystrophy-dystroglycanopathy (congenital with impaired intellectual development), type B, 6	31	19	0	HP:0001321;HP:0002269;HP:0004322	ORPHA:370968	
7.9	OMIM:608093	Congenital disorder of glycosylation, type Ij	32	19	0	HP:0000252;HP:0001250;HP:0002093	ORPHA:86309	
7.9	OMIM:603736	Ohdo syndrome, Say-Barber-Biesecker-Young-Simpson variant	26	19	0	HP:0000175;HP:0000252;HP:0000821	ORPHA:3047	
7.9	OMIM:314320	Trigonocephaly with short stature and developmental delay	23	19	0	HP:0001250;HP:0001629;HP:0004322	ORPHA:3369	
7.9	OMIM:301006	Galloway-Mowat syndrome 2, X-linked	29	19	0	HP:0001250;HP:0001511;HP:0004322	ORPHA:2065	
7.9	OMIM:300148	Mehmo syndrome	41	19	0	HP:0000175;HP:0000252;HP:0001250	ORPHA:85282	
7.9	OMIM:258865	Orofaciodigital syndrome IX	25	19	0	HP:0000175;HP:0000252;HP:0004322	ORPHA:141007	
7.9	OMIM:239800	Hypertelorism, microtia, facial clefting syndrome	22	19	0	HP:0000175;HP:0000252;HP:0001627	ORPHA:2213	
7.9	OMIM:233600	Immunodeficiency 59 and hypoglycemia	29	19	2	HP:0002240;HP:0004322	—	
7.9	OMIM:177980	Pterygia, impaired intellectual development, and distinctive craniofacial features	22	19	0	HP:0001250;HP:0002007;HP:0004322	ORPHA:2994	
7.9	OMIM:124000	Mitochondrial complex III deficiency, nuclear type 1	57	39	0	HP:0001250;HP:0003811	ORPHA:1460,ORPHA:254902	
7.8	OMIM:621482	Neurodevelopmental disorder with seizures, hypotonia, and variable spasticity	38	18	0	HP:0000252;HP:0001250;HP:0004322	—	
7.8	OMIM:621097	Immunodeficiency 131	81	38	0	HP:0001744;HP:0002240	ORPHA:726442,ORPHA:726452,ORPHA:726479	
7.8	OMIM:620655	Alfadhel syndrome	31	18	0	HP:0000252;HP:0001250;HP:0004322	—	
7.8	OMIM:620641	Tan-Almurshedi syndrome	27	18	0	HP:0000252;HP:0001250;HP:0001511	—	
7.8	OMIM:620316	Cortical dysplasia, complex, with other brain malformations 12	29	18	0	HP:0001250;HP:0001274;HP:0001321	—	
7.8	OMIM:620300	Mitochondrial trifunctional protein deficiency 2	28	18	0	HP:0001250;HP:0001522;HP:0003811	ORPHA:746	
7.8	OMIM:620275	Mitochondrial complex IV deficiency, nuclear type 23	30	18	0	HP:0000252;HP:0001511;HP:0001522	—	
7.8	OMIM:619433	Cardiomyopathy, familial restrictive, 6	12	8	1	HP:0001522;HP:0001789;HP:0002240	ORPHA:75249	
7.8	OMIM:619424	Myopathy, myofibrillar, 12, infantile-onset, with cardiomyopathy	25	18	2	HP:0001522;HP:0002240	—	
7.8	OMIM:618822	Myopathy, congenital, with respiratory insufficiency and bone fractures	13	8	1	HP:0001522;HP:0001562;HP:0004322	—	
7.8	OMIM:618736	Structural brain anomalies with impaired intellectual development and craniosynostosis	22	18	2	HP:0000252;HP:0001274	ORPHA:672985	
7.8	OMIM:618557	Epileptic encephalopathy, early infantile, 78	20	8	3	HP:0000252;HP:0001250	ORPHA:442835	
7.8	OMIM:618367	Neurodevelopmental disorder with microcephaly, epilepsy, and hypomyelination	34	18	0	HP:0000252;HP:0001250;HP:0004322	ORPHA:597874	
7.8	OMIM:618097	Microcephaly, growth restriction, and increased sister chromatid exchange 2	15	8	1	HP:0000252;HP:0001511;HP:0004322	ORPHA:508512	
7.8	OMIM:618087	Spinocerebellar ataxia 42, early-onset, severe, with neurodevelopmental deficits	37	18	0	HP:0000252;HP:0001250;HP:0001321	ORPHA:171863	
7.8	OMIM:617255	Lissencephaly 8	31	18	0	HP:0000252;HP:0001250;HP:0001321	ORPHA:352682,ORPHA:98892	
7.8	OMIM:615663	Warburg micro syndrome 4	43	28	1	HP:0001250;HP:0004322	ORPHA:2510	
7.8	OMIM:615637	Intellectual developmental disorder, autosomal recessive 41	32	18	0	HP:0001744;HP:0002007;HP:0002240	ORPHA:397612	
7.8	OMIM:614846	Tetrasomy 15q26	20	18	0	HP:0000238;HP:0001511;HP:0001631	ORPHA:314585,ORPHA:314588	
7.8	OMIM:614702	Combined oxidative phosphorylation deficiency 10	28	18	0	HP:0001250;HP:0001511;HP:0001562	ORPHA:314637	
7.8	OMIM:613038	Pituitary hormone deficiency, combined, 1	34	18	0	HP:0000821;HP:0002007;HP:0004322	ORPHA:231679,ORPHA:95494	
7.8	OMIM:609180	Congenital disorder of glycosylation, type IF	29	18	0	HP:0000252;HP:0001250;HP:0001522	ORPHA:79323	
7.8	OMIM:607459	Sensory ataxic neuropathy, dysarthria, and ophthalmoparesis	74	38	0	HP:0001250;HP:0002093	ORPHA:254881,ORPHA:402082,ORPHA:70595	
7.8	OMIM:602579	Congenital disorder of glycosylation, type Ib	27	18	0	HP:0000107;HP:0001395;HP:0002240	ORPHA:79319	
7.8	OMIM:602450	Severe combined immunodeficiency with sensitivity to ionizing radiation	26	18	0	HP:0001744;HP:0002090;HP:0002240	ORPHA:275	
7.8	OMIM:600920	Van den Ende-Gupta syndrome	65	58	0	HP:0000175	ORPHA:2460	
7.8	OMIM:530000	Kearns-Sayre syndrome	25	18	0	HP:0000252;HP:0001250;HP:0004322	ORPHA:480	
7.8	OMIM:301069	Chromosome Xq13 duplication syndrome	44	28	1	HP:0001250;HP:0001511	—	
7.7	OMIM:621071	Mitochondrial DNA depletion syndrome 21	60	37	0	HP:0001250;HP:0002240	—	
7.7	OMIM:619955	Dworschak-Punetha neurodevelopmental syndrome	26	17	0	HP:0000252;HP:0001250;HP:0001274	ORPHA:528084	dans syndromes
7.7	OMIM:618744	Epileptic encephalopathy, early infantile, 83	32	17	0	HP:0000252;HP:0001250;HP:0002007	—	
7.7	OMIM:618580	Epileptic encephalopathy, early infantile, 80	47	37	0	HP:0001250;HP:0001522	—	
7.7	OMIM:617450	Intellectual developmental disorder with gastrointestinal difficulties and high pain threshold	35	17	0	HP:0001156;HP:0001629;HP:0004322	ORPHA:653767	
7.7	OMIM:617296	Spastic paraplegia, intellectual disability, nystagmus, and obesity	36	17	2	HP:0001561;HP:0002007	ORPHA:521390	
7.7	OMIM:616917	Neurodevelopmental disorder with or without hypotonia, seizures, and cerebellar atrophy	18	7	1	HP:0001250;HP:0001321;HP:0001511	ORPHA:488635	
7.7	OMIM:616395	Trichothiodystrophy 3, photosensitive	38	27	1	HP:0001511;HP:0004322	ORPHA:33364	
7.7	OMIM:615716	Hyperphosphatasia with impaired intellectual development syndrome 4	28	17	0	HP:0000175;HP:0000252;HP:0001250	ORPHA:247262	
7.7	OMIM:609460	Goldberg-Shprintzen syndrome	43	37	0	HP:0000252;HP:0001629	ORPHA:66629	
7.7	OMIM:606519	PHACE association	26	17	0	HP:0001250;HP:0001321;HP:0001629	ORPHA:42775	
7.7	OMIM:300958	Intellectual developmental disorder, X-linked, syndrome, snijders Blok type	33	17	0	HP:0000175;HP:0000252;HP:0001250	ORPHA:457260	
7.7	OMIM:271665	Spondylometaepiphyseal dysplasia, short Limb-Hand type	65	57	0	HP:0002007	ORPHA:93358	
7.7	OMIM:268130	Revesz syndrome	31	17	0	HP:0000252;HP:0001321;HP:0001511	ORPHA:3088	
7.7	OMIM:265120	Surfactant metabolism dysfunction, pulmonary, 1	19	7	3	HP:0001522;HP:0003811	ORPHA:217563	
7.7	OMIM:206920	Microphthalmia with limb anomalies	46	37	0	HP:0000175;HP:0002007	ORPHA:1106	
7.6	OMIM:621507	Microcephaly 31, primary, autosomal recessive	30	16	0	HP:0001250;HP:0001511;HP:0004322	—	
7.6	OMIM:621456	Neurodevelopmental disorder with speech delay, movement abnormalities, and seizures	61	16	0	HP:0001250;HP:0002240;HP:0004322	—	
7.6	OMIM:621185	Houge-Janssens syndrome 4	116	56	0	HP:0001622	ORPHA:726644,ORPHA:726667	
7.6	OMIM:621004	Autoimmune disease with susceptibility to mycobacterium tuberculosis	26	16	0	HP:0000821;HP:0001744;HP:0002240	—	
7.6	OMIM:620668	Immunodeficiency 117, mycobacteriosis, autosomal recessive	35	16	0	HP:0001744;HP:0002090;HP:0002240	ORPHA:699615	
7.6	OMIM:620167	Combined oxidative phosphorylation deficiency 57	37	16	0	HP:0001250;HP:0001522;HP:0003811	—	
7.6	OMIM:619556	Intellectual developmental disorder with hypotonia, impaired speech, and dysmorphic facies	34	16	0	HP:0000252;HP:0001250;HP:0001321	—	
7.6	OMIM:619381	Immunodeficiency 82 with systemic inflammation	51	36	0	HP:0001744;HP:0002090	ORPHA:695807	
7.6	OMIM:619234	Short stature, oligodontia, dysmorphic facies, and motor delay	34	16	0	HP:0000252;HP:0000821;HP:0004322	—	
7.6	OMIM:619167	Mitochondrial complex II deficiency, nuclear type 3	30	16	0	HP:0001250;HP:0002240;HP:0003811	ORPHA:3208	
7.6	OMIM:619064	Mitochondrial complex IV deficiency, nuclear type 20	22	16	0	HP:0001522;HP:0002007;HP:0002240	ORPHA:254905	
7.6	OMIM:618414	Myopathy, congenital, with fast-twitch (type II) fiber atrophy	30	16	0	HP:0001522;HP:0001558;HP:0001561	ORPHA:544602	
7.6	OMIM:618265	Arthrogryposis, cleft palate, craniosynostosis, and impaired intellectual development	22	16	0	HP:0000175;HP:0001156;HP:0004322	ORPHA:565858	
7.6	OMIM:617394	Sclerosing cholangitis, neonatal	25	16	2	HP:0001744;HP:0002240	ORPHA:480556	
7.6	OMIM:616681	Microcephaly 16, primary, autosomal recessive	23	16	0	HP:0001250;HP:0001274;HP:0004322	ORPHA:2512	
7.6	OMIM:616286	Lethal congenital contracture syndrome 7	19	16	0	HP:0001558;HP:0001561;HP:0001989	ORPHA:2680	
7.6	OMIM:616026	Fanconi renotubular syndrome 4 with maturity-onset diabetes of the young	18	16	2	HP:0002240;HP:0004322	ORPHA:544628	
7.6	OMIM:614748	Interstitial lung disease, nephrotic syndrome, and epidermolysis bullosa, congenital	35	26	3	HP:0000252	ORPHA:306504	
7.6	OMIM:609654	Short stature and facioauriculothoracic malformations	17	16	0	HP:0000175;HP:0000252;HP:0001629	—	
7.6	OMIM:602557	Spondyloepimetaphyseal dysplasia, Shohat type	30	26	1	HP:0001744;HP:0002240	ORPHA:93352	
7.6	OMIM:206700	Gillespie syndrome	59	26	1	HP:0001250;HP:0001321	ORPHA:1065	
7.6	OMIM:129400	Rapp-Hodgkin syndrome	46	36	0	HP:0000175;HP:0004322	ORPHA:141291,ORPHA:199302,ORPHA:199306,ORPHA:3022	
7.5	OMIM:620278	Congenital myopathy 2C, severe infantile, autosomal dominant	40	25	1	HP:0001522;HP:0001558	—	
7.5	OMIM:620135	Mitochondrial complex I deficiency, nuclear type 39	17	15	0	HP:0001511;HP:0001562;HP:0001631	ORPHA:2609	
7.5	OMIM:619355	Mitochondrial complex IV deficiency, nuclear type 22	35	25	1	HP:0001511;HP:0001522	ORPHA:254905	
7.5	OMIM:618241	Mitochondrial complex I deficiency, nuclear type 19	29	15	2	HP:0001250;HP:0002093	ORPHA:2609	
7.5	OMIM:618205	Snijders Blok-Campeau syndrome	46	25	1	HP:0001631;HP:0002007	ORPHA:599082	
7.5	OMIM:618006	Leukodystrophy, hypomyelinating, 17	27	15	0	HP:0000252;HP:0001250;HP:0001522	—	
7.5	OMIM:617664	Combined oxidative phosphorylation deficiency 32	36	15	0	HP:0000252;HP:0001250;HP:0001522	—	
7.5	OMIM:614526	Chromosome 17Q12 duplication syndrome	18	15	0	HP:0001156;HP:0001250;HP:0001631	ORPHA:261272	
7.5	OMIM:614096	Combined oxidative phosphorylation deficiency 8	25	15	0	HP:0001522;HP:0002089;HP:0003811	ORPHA:319504	
7.5	OMIM:613759	Infections, recurrent, with encephalopathy, hepatic dysfunction, and cardiovascular malformations	14	5	3	HP:0001250;HP:0001629	ORPHA:306550	
7.5	OMIM:610198	3-methylglutaconic aciduria, type V	26	15	0	HP:0001250;HP:0001511;HP:0001631	ORPHA:66634	
7.5	OMIM:226990	Immunodeficiency 32B, monocyte and dendritic cell deficiency, autosomal recessive	23	15	0	HP:0001744;HP:0002090;HP:0002240	ORPHA:2566	
7.5	OMIM:207900	Argininosuccinic aciduria	29	15	0	HP:0001250;HP:0001395;HP:0002240	ORPHA:23	
7.5	OMIM:164180	Oculocerebrocutaneous syndrome	21	15	0	HP:0000175;HP:0001250;HP:0001274	ORPHA:1647	
7.4	OMIM:621567	Congenital disorder of glycosylation, type 1bb 	22	14	0	HP:0001511;HP:0001558;HP:0002240	—	
7.4	OMIM:620772	Developmental and epileptic encephalopathy 113	26	14	0	HP:0000252;HP:0001511;HP:0001562	—	
7.4	OMIM:620445	Neurodevelopmental disorder with microcephaly and movement abnormalities	34	14	0	HP:0000252;HP:0001250;HP:0004322	—	
7.4	OMIM:620107	Orofaciodigital syndrome XIX	42	34	0	HP:0002000;HP:0002007	—	
7.4	OMIM:619868	Cholestasis, progressive familial intrahepatic, 10	19	14	0	HP:0001744;HP:0002240;HP:0004322	ORPHA:172,ORPHA:480491	
7.4	OMIM:619851	Leukodystrophy, hypomyelinating, 24	20	14	0	HP:0000252;HP:0000821;HP:0001250	—	
7.4	OMIM:619751	Stuve-Wiedemann syndrome 2	20	14	0	HP:0001511;HP:0003811;HP:0003826	ORPHA:656283	
7.4	OMIM:619124	Developmental and epileptic encephalopathy 89	48	34	0	HP:0000175;HP:0003811	ORPHA:442835	
7.4	OMIM:618929	Agenesis of corpus callosum, cardiac, ocular, and genital syndrome	50	34	0	HP:0001274;HP:0002007	—	
7.4	OMIM:618266	Pontocerebellar hypoplasia, type 12	17	14	0	HP:0001321;HP:0001522;HP:0001561	ORPHA:611256	
7.4	OMIM:617011	Macrocephaly, dysmorphic facies, and psychomotor retardation	43	34	0	HP:0001250;HP:0002007	ORPHA:457359	
7.4	OMIM:615917	Combined oxidative phosphorylation deficiency 20	24	14	0	HP:0000252;HP:0001321;HP:0002093	ORPHA:420728	
7.4	OMIM:613078	Nijmegen breakage syndrome-like disorder	11	4	3	HP:0000252;HP:0004322	ORPHA:240760	
7.4	OMIM:612350	Ehlers-Danlos syndrome, spondylodysplastic type, 3	39	34	0	HP:0002007;HP:0004322	ORPHA:157965,ORPHA:536471	
7.4	OMIM:610978	Choreoathetosis, hypothyroidism, and neonatal respiratory distress	41	14	2	HP:0001629;HP:0001631	ORPHA:209905	
7.4	OMIM:606242	Kondoh syndrome	17	14	0	HP:0000252;HP:0001511;HP:0004322	—	
7.4	OMIM:225410	Ehlers-Danlos syndrome, dermatosparaxis type	43	34	0	HP:0001622;HP:0004322	ORPHA:1901	
7.4	OMIM:218000	Agenesis of the corpus callosum with peripheral neuropathy	57	34	0	HP:0001250;HP:0001274	ORPHA:1496	
7.4	OMIM:147950	Hypogonadotropic hypogonadism 2 with or without anosmia	25	14	0	HP:0000175;HP:0001274;HP:0004322	ORPHA:432,ORPHA:478	
7.3	OMIM:620746	Neurodevelopmental disorder with hypotonia and characteristic brain abnormalities	54	33	0	HP:0000252;HP:0001250	ORPHA:664430	
7.3	OMIM:620703	Yuksel-Vogel-Bauser syndrome	20	13	0	HP:0000175;HP:0001629;HP:0001631	—	
7.3	OMIM:620669	Neurodegeneration with brain iron accumulation 9	38	13	0	HP:0000252;HP:0001250;HP:0001321	ORPHA:247790	
7.3	OMIM:620305	Neurooculorenal syndrome	49	33	0	HP:0000238;HP:0001274	—	
7.3	OMIM:620010	Cholestasis, progressive familial intrahepatic, 12	15	13	0	HP:0001744;HP:0002240;HP:0004322	ORPHA:172	
7.3	OMIM:619876	Neurodevelopmental disorder with microcephaly, hypotonia, nystagmus, and seizures	29	13	0	HP:0000252;HP:0001250;HP:0001558	ORPHA:528084	dans syndromes
7.3	OMIM:619743	Combined oxidative phosphorylation deficiency 55	54	33	0	HP:0000252;HP:0004322	—	
7.3	OMIM:618547	Neurodevelopmental disorder with visual defects and brain anomalies	39	23	1	HP:0002007;HP:0004322	—	
7.3	OMIM:618343	Polymicrogyria with or without vascular-type EDS	43	33	0	HP:0001250;HP:0001321	ORPHA:636941	
7.3	OMIM:616898	Chromosome 15q14 deletion syndrome	19	13	0	HP:0000175;HP:0001629;HP:0001631	ORPHA:261190	
7.3	OMIM:616756	Spastic paraplegia and psychomotor retardation with or without seizures	29	13	0	HP:0000252;HP:0001250;HP:0004322	ORPHA:464282	
7.3	OMIM:616733	Coenzyme Q10 deficiency, primary, 8	25	13	0	HP:0001511;HP:0001562;HP:0002089	ORPHA:319678	
7.3	OMIM:616719	Spinocerebellar ataxia, autosomal recessive 21	26	13	0	HP:0001395;HP:0001744;HP:0002240	ORPHA:466794	
7.3	OMIM:611603	Lissencephaly 3	25	13	0	HP:0000252;HP:0001250;HP:0001274	ORPHA:171680	
7.3	OMIM:607594	Immunodeficiency, common variable, 1	24	13	0	HP:0001744;HP:0002090;HP:0002240	ORPHA:695183	
7.3	OMIM:606056	Congenital disorder of glycosylation, type IIB	32	23	1	HP:0001250;HP:0002240	ORPHA:79330	
7.3	OMIM:300434	Intellectual developmental disorder, X-linked, syndromic, Stocco dos Santos type	21	13	0	HP:0000252;HP:0001250;HP:0004322	ORPHA:85288	
7.3	OMIM:266200	Pyruvate kinase deficiency of red cells	19	13	0	HP:0001511;HP:0001744;HP:0002240	ORPHA:766	
7.3	OMIM:250940	Homocystinuria-megaloblastic anemia, cblG complementation type	39	13	0	HP:0000252;HP:0001250;HP:0004322	ORPHA:2170,ORPHA:622	
7.3	OMIM:245552	Lambotte syndrome	15	13	0	HP:0000252;HP:0001511;HP:0001629	—	
7.3	OMIM:241850	Bamforth-Lazarus syndrome	21	13	0	HP:0000175;HP:0000821;HP:0001561	ORPHA:1226	
7.3	OMIM:231100	Hemochromatosis, neonatal	17	13	0	HP:0001395;HP:0001511;HP:0001562	ORPHA:446	
7.3	OMIM:224050	Cerebellar hypoplasia, impaired intellectual development, and dysequilibrium syndrome 1	33	13	0	HP:0001250;HP:0001321;HP:0004322	ORPHA:1766	
7.3	OMIM:211600	Cholestasis, progressive familial intrahepatic 1	19	13	0	HP:0001744;HP:0002240;HP:0004322	ORPHA:172,ORPHA:79306	
7.3	OMIM:165800	Short stature and advanced bone age, with or without early-onset osteoarthritis and/or osteochondritis dissecans	16	13	0	HP:0001156;HP:0002007;HP:0004322	ORPHA:435804	
7.3	OMIM:114300	Arthrogryposis, distal, type 3	36	33	0	HP:0000175;HP:0004322	ORPHA:376	
7.2	OMIM:621234	Immunodysregulation, craniofacial anomalies, hearing impairment, athelia, and developmental delay	53	32	0	HP:0000175;HP:0000252	ORPHA:699599	
7.2	OMIM:620062	Developmental delay with short stature, dysmorphic facial features, and sparse hair 2	18	12	0	HP:0000252;HP:0001156;HP:0004322	ORPHA:459061	
7.2	OMIM:619727	Craniotubular dysplasia, Ikegawa type	41	32	0	HP:0001629;HP:0004322	ORPHA:728902	
7.2	OMIM:618748	Intellectual developmental disorder with hypotonia and behavioral abnormalities	26	12	0	HP:0001250;HP:0001274;HP:0001629	ORPHA:528084	dans syndromes
7.2	OMIM:618426	Encephalopathy, acute, infection-induced, susceptibility to, 9	34	12	0	HP:0000252;HP:0001250;HP:0001522	—	
7.2	OMIM:618170	Neurodegeneration, childhood-onset, stress-induced, with variable ataxia and seizures	29	12	0	HP:0000252;HP:0001250;HP:0002093	ORPHA:694922	
7.2	OMIM:617827	Immunodeficiency 55	18	12	0	HP:0000252;HP:0001511;HP:0004322	ORPHA:505227	
7.2	OMIM:617107	Thauvin-Robinet-Faivre syndrome	39	32	0	HP:0000107;HP:0001629	ORPHA:500095	
7.2	OMIM:616784	Joubert syndrome 26	18	12	0	HP:0000175;HP:0002007;HP:0004322	ORPHA:475	
7.2	OMIM:616577	Neurodevelopmental disorder with hearing loss, seizures, and brain abnormalities	31	12	0	HP:0000252;HP:0001250;HP:0004322	ORPHA:457351	
7.2	OMIM:614462	Hyperglycinemia, lactic acidosis, and seizures	25	12	0	HP:0000252;HP:0001250;HP:0002093	ORPHA:401859	
7.2	OMIM:613606	Forsythe-Wakeling syndrome	16	12	0	HP:0000252;HP:0002007;HP:0004322	—	
7.2	OMIM:613313	Hemochromatosis, type 2B	16	12	0	HP:0001395;HP:0001744;HP:0002240	ORPHA:79230	
7.2	OMIM:613215	Chromosome 17p13.3 duplication syndrome	44	32	0	HP:0000252;HP:0004322	ORPHA:217385	
7.2	OMIM:611867	Chromosome 22q11.2 deletion syndrome, distal	14	12	0	HP:0000175;HP:0001511;HP:0004322	ORPHA:261330	
7.2	OMIM:611721	Combined saposin deficiency	19	12	0	HP:0001522;HP:0001744;HP:0002240	ORPHA:139406	
7.2	OMIM:609136	Peripheral demyelinating neuropathy, central dysmyelination, Waardenburg syndrome, and Hirschsprung disease	55	32	0	HP:0001250;HP:0001558	ORPHA:163746	
7.2	OMIM:607616	Niemann-pick disease, type B	26	12	0	HP:0001744;HP:0002240;HP:0004322	ORPHA:618891,ORPHA:77293	
7.2	OMIM:607095	Anauxetic dysplasia 1	38	32	0	HP:0001156;HP:0001511	ORPHA:93347	
7.2	OMIM:604757	Craniosynostosis 2	22	12	0	HP:0001156;HP:0001250;HP:0002007	ORPHA:1541	
7.2	OMIM:602088	Nephronophthisis 2	18	12	0	HP:0001562;HP:0002089;HP:0002093	ORPHA:655,ORPHA:93591	
7.2	OMIM:601349	Microphthalmia, syndromic 8	15	12	0	HP:0000175;HP:0000202;HP:0000252	ORPHA:3434	
7.2	OMIM:309541	Methylmalonic acidemia and homocysteinemia, Cblx type	22	12	0	HP:0000252;HP:0001250;HP:0004322	ORPHA:369962	
7.2	OMIM:308230	Immunodeficiency, X-linked, with hyper-IgM	56	32	0	HP:0001744;HP:0002240	ORPHA:101088,ORPHA:183663	
7.2	OMIM:300979	Xq25 duplication syndrome	22	12	0	HP:0001250;HP:0001321;HP:0004322	ORPHA:521258	
7.2	OMIM:269840	Immunodeficiency 48	29	12	0	HP:0001744;HP:0002090;HP:0002240	ORPHA:911	
7.2	OMIM:243910	Arima syndrome	46	32	0	HP:0001395;HP:0002240	ORPHA:2318	
7.2	OMIM:201550	Adducted thumbs syndrome	16	12	0	HP:0000175;HP:0000252;HP:0002093	ORPHA:2952	
7.2	OMIM:201100	Acrodermatitis enteropathica, Zinc-Deficiency type	27	12	0	HP:0001744;HP:0002240;HP:0004322	ORPHA:37	
7.1	OMIM:621475	Developmental and epileptic encephalopathy 121	68	31	0	HP:0000252;HP:0004322	ORPHA:1934	
7.1	OMIM:620265	Congenital myopathy 2B, severe infantile, autosomal recessive	20	11	0	HP:0001522;HP:0002093;HP:0003811	ORPHA:97244,ORPHA:98904	
7.1	OMIM:619320	Intellectual developmental disorder, autosomal dominant 65	47	31	0	HP:0001250;HP:0001274	ORPHA:528084	dans syndromes
7.1	OMIM:618504	Intellectual developmental disorder, autosomal recessive 71	18	11	2	HP:0001250;HP:0001629	ORPHA:88616	
7.1	OMIM:617967	Hydrocephalus, congenital, 3, with brain anomalies	13	11	0	HP:0000238;HP:0001321;HP:0001561	ORPHA:2185	
7.1	OMIM:616973	Intellectual developmental disorder, autosomal dominant 42	82	31	0	HP:0000175;HP:0001250	ORPHA:488613	
7.1	OMIM:616728	Cleft palate, psychomotor retardation, and distinctive facial features	40	31	0	HP:0002007;HP:0004322	ORPHA:477993	
7.1	OMIM:616278	Bile acid synthesis defect, congenital, 5	16	11	0	HP:0001395;HP:0001744;HP:0002240	—	
7.1	OMIM:615919	Ataxia-telangiectasia-like disorder 2	24	11	0	HP:0000252;HP:0000776;HP:0004322	ORPHA:438134	
7.1	OMIM:615803	Pontocerebellar hypoplasia, type 10	48	31	0	HP:0000252;HP:0001250	ORPHA:411493	
7.1	OMIM:615599	Neurodevelopmental disorder with feeding difficulties, thin corpus callosum, and foot deformity	20	11	2	HP:0000238;HP:0000252	ORPHA:397951	
7.1	OMIM:615559	Autoimmune lymphoproliferative syndrome, type III	50	31	0	HP:0001744;HP:0002240	ORPHA:664711	
7.1	OMIM:615476	Developmental and epileptic encephalopathy 18	24	11	0	HP:0001561;HP:0001562;HP:0001631	ORPHA:442835	
7.1	OMIM:614105	Methylmalonate semialdehyde dehydrogenase deficiency	40	31	0	HP:0000252;HP:0002007	ORPHA:289307	
7.1	OMIM:613638	Chromosome 19p13.13 deletion syndrome	23	11	0	HP:0000252;HP:0001250;HP:0002007	ORPHA:357001	
7.1	OMIM:613005	Santos syndrome	12	11	0	HP:0001156;HP:0004322;HP:0100258	—	
7.1	OMIM:607598	Lethal congenital contracture syndrome 2	14	11	0	HP:0001558;HP:0001561;HP:0001629	ORPHA:137776	
7.1	OMIM:607271	Autoimmune lymphoproliferative syndrome, type IIB	19	11	0	HP:0001744;HP:0002090;HP:0004322	ORPHA:275517	
7.1	OMIM:601847	Cholestasis, progressive familial intrahepatic 2	16	11	0	HP:0001744;HP:0002240;HP:0004322	ORPHA:172,ORPHA:79304	
7.1	OMIM:601355	Microcephaly, congenital heart disease, unilateral renal agenesis,and hyposegmented lungs	12	11	0	HP:0000175;HP:0000252;HP:0001629	ORPHA:2516	
7.1	OMIM:601214	Naxos disease	36	31	2	HP:0001627	ORPHA:34217	
7.1	OMIM:248250	Hypomagnesemia 3, renal	60	31	0	HP:0001250;HP:0004322	ORPHA:31043	
7.1	OMIM:231060	Genitopalatocardiac syndrome	12	11	0	HP:0000107;HP:0000175;HP:0001629	ORPHA:2075	
7.1	OMIM:228000	Farber lipogranulomatosis	26	11	0	HP:0001744;HP:0002093;HP:0002240	ORPHA:333	
7.1	OMIM:181000	Sarcoidosis, susceptibility to, 1	44	31	0	HP:0001744;HP:0002240	ORPHA:797	
7.0	OMIM:621260	Short-rib thoracic dysplasia 22 without polydactyly	19	10	0	HP:0001627;HP:0002089;HP:0002093	—	
7.0	OMIM:620748	Megalencephaly-polydactyly syndrome	40	30	0	HP:0000238;HP:0001629	ORPHA:730286	
7.0	OMIM:620244	Lymphatic malformation 13	28	20	1	HP:0001631;HP:0003811	ORPHA:363999	
7.0	OMIM:620029	Neurodevelopmental disorder with hypotonia, language delay, and skeletal defects with or without seizures	52	30	0	HP:0001250;HP:0002007	ORPHA:528084	dans syndromes
7.0	OMIM:619470	Neurodevelopmental disorder with motor and speech delay and behavioral abnormalities	23	10	0	HP:0000238;HP:0000252;HP:0001250	ORPHA:528084	dans syndromes
7.0	OMIM:618718	Neurodevelopmental disorder with behavioral abnormalities, absent speech, and hypotonia	29	10	0	HP:0000252;HP:0001250;HP:0002007	ORPHA:528084	dans syndromes
7.0	OMIM:617184	Mitochondrial DNA depletion syndrome 12A (cardiomyopathic type), autosomal dominant	17	10	0	HP:0001250;HP:0001522;HP:0003811	—	
7.0	OMIM:617082	Congenital disorder of glycosylation, type IAA	19	10	2	HP:0000252;HP:0001511	—	
7.0	OMIM:616486	Neurodevelopmental disorder with progressive microcephaly, spasticity, and brain abnormalities	25	10	0	HP:0000252;HP:0001250;HP:0001321	ORPHA:2512	
7.0	OMIM:616353	Dyskeratosis congenita, autosomal recessive 6	18	10	0	HP:0000252;HP:0001321;HP:0001511	ORPHA:1775,ORPHA:3322	
7.0	OMIM:616050	Autoinflammation with infantile enterocolitis	30	20	1	HP:0001744;HP:0004322	ORPHA:436166	
7.0	OMIM:616045	Combined oxidative phosphorylation deficiency 22	15	10	0	HP:0000252;HP:0001250;HP:0001511	—	
7.0	OMIM:615190	Dyskeratosis congenita, autosomal recessive 5	15	10	0	HP:0000252;HP:0001321;HP:0001511	ORPHA:1775,ORPHA:3322	
7.0	OMIM:612438	Leukodystrophy, hypomyelinating, 6	31	10	0	HP:0000252;HP:0001250;HP:0004322	ORPHA:139441	
7.0	OMIM:608971	Severe combined immunodeficiency, autosomal recessive, T cell-negative, B cell-positive, NK cell-positive	17	10	0	HP:0001744;HP:0002090;HP:0002240	ORPHA:169154	
7.0	OMIM:604213	Chudley-Mccullough syndrome	16	10	0	HP:0000238;HP:0001250;HP:0001321	ORPHA:314597	
7.0	OMIM:301058	Developmental and epileptic encephalopathy 90	23	10	2	HP:0000821;HP:0001631	ORPHA:442835	
7.0	OMIM:300261	Intellectual developmental disorder, X-linked syndromic, Armfield type	15	10	0	HP:0000175;HP:0001250;HP:0004322	ORPHA:85276	
7.0	OMIM:257320	Lissencephaly 2	13	10	2	HP:0000252;HP:0001321	ORPHA:89844	
7.0	OMIM:181180	Say syndrome	12	10	0	HP:0000175;HP:0000252;HP:0004322	ORPHA:2013	
7.0	OMIM:156610	Skin creases, congenital symmetric circumferential, 1	35	30	0	HP:0000175;HP:0000252	ORPHA:2505	
7.0	OMIM:108145	Arthrogryposis, distal, type 5	42	30	2	HP:0004322	ORPHA:1154,ORPHA:97120	
6.9	OMIM:621191	Leukodystrophy and cerebellar atrophy	29	9	0	HP:0001250;HP:0001321;HP:0001622	—	
6.9	OMIM:620370	RECON progeroid syndrome	38	29	0	HP:0000252;HP:0004322	—	
6.9	OMIM:619908	Neurodevelopmental disorder with language delay and seizure	20	9	0	HP:0000821;HP:0001250;HP:0001629	ORPHA:528084	dans syndromes
6.9	OMIM:619025	Combined oxidative phosphorylation deficiency 50	18	9	0	HP:0000252;HP:0001511;HP:0004322	—	
6.9	OMIM:618908	Silver-Russell syndrome 5	11	9	4	HP:0001511	ORPHA:397590	
6.9	OMIM:618872	Nizon-Isidor syndrome	45	29	0	HP:0001250;HP:0001274	ORPHA:528084	dans syndromes
6.9	OMIM:618820	Genitourinary and/or/brain malformation syndrome	48	39	1	HP:0001274	—	
6.9	OMIM:618495	Immunodeficiency 63 with lymphoproliferation and autoimmunity	19	9	0	HP:0001558;HP:0001744;HP:0002240	—	
6.9	OMIM:618363	Short stature, amelogenesis imperfecta, and skeletal dysplasia with scoliosis	38	29	0	HP:0000175;HP:0004322	—	
6.9	OMIM:618273	Mega-corpus-callosum syndrome with cerebellar hypoplasia and cortical malformations	19	9	0	HP:0001250;HP:0001321;HP:0004322	—	
6.9	OMIM:617744	Immunodeficiency, developmental delay, and hypohomocysteinemia	27	9	0	HP:0001511;HP:0001631;HP:0004322	ORPHA:619979	
6.9	OMIM:617405	Short-Rib thoracic dysplasia 17 with or without polydactyly	13	9	0	HP:0001156;HP:0001522;HP:0004322	ORPHA:93426	
6.9	OMIM:616553	Dyskeratosis congenita, autosomal dominant 6	15	9	0	HP:0000252;HP:0001321;HP:0001511	ORPHA:1775,ORPHA:3322	
6.9	OMIM:616217	Nephronophthisis 19	12	9	0	HP:0001395;HP:0001744;HP:0002240	ORPHA:84081	
6.9	OMIM:615952	Autoimmune disease, multisystem, infantile-onset, 1	29	19	1	HP:0000821;HP:0004322	ORPHA:438159	
6.9	OMIM:615411	Cortical dysplasia, complex, with other brain malformations 3	15	9	0	HP:0000252;HP:0001250;HP:0001511	—	
6.9	OMIM:615314	Craniosynostosis 3	15	9	4	HP:0001156	ORPHA:35099,ORPHA:672979	
6.9	OMIM:614063	N-acetylaspartate deficiency	18	9	0	HP:0000252;HP:0001250;HP:0004322	—	
6.9	OMIM:614039	Cortical dysplasia, complex, with other brain malformations 1	20	9	0	HP:0000252;HP:0001250;HP:0001274	ORPHA:300570	
6.9	OMIM:610921	Surfactant metabolism dysfunction, pulmonary, 3	30	9	2	HP:0001522;HP:0003811	ORPHA:440402	
6.9	OMIM:608747	Insulin-Like growth factor I deficiency	19	9	0	HP:0000252;HP:0001511;HP:0004322	ORPHA:73272	
6.9	OMIM:274270	Dihydropyrimidine dehydrogenase deficiency	27	9	0	HP:0000252;HP:0001250;HP:0001274	ORPHA:1675	
6.9	OMIM:245650	Larsen-like syndrome, Lethal type	11	9	0	HP:0002089;HP:0002093;HP:0003811	ORPHA:2371	
6.9	OMIM:242500	Ichthyosis, congenital, autosomal recessive 4B	13	9	0	HP:0001522;HP:0001622;HP:0003811	ORPHA:457	
6.9	OMIM:181510	Schizophrenia 1	15	9	0	HP:0000104;HP:0002007;HP:0004322	—	
6.8	OMIM:620784	Neurodevelopmental disorder plus optic atrophy	22	8	0	HP:0000252;HP:0001250;HP:0001274	—	
6.8	OMIM:620157	Intellectual developmental disorder, autosomal dominant 70	34	28	0	HP:0000238;HP:0000252	ORPHA:597743	
6.8	OMIM:619971	Neurodevelopmental disorder with epilepsy and brain atrophy	27	8	0	HP:0001250;HP:0001321;HP:0001561	ORPHA:528084	dans syndromes
6.8	OMIM:619884	Osteoporosis, childhood- or juvenile-onset, with developmental delay	17	8	0	HP:0000252;HP:0001250;HP:0001622	—	
6.8	OMIM:619451	Cutis laxa, autosomal recessive, type IIE	37	28	0	HP:0001156;HP:0004322	—	
6.8	OMIM:619239	Neurodevelopmental disorder with or without autism or seizures	24	8	0	HP:0000252;HP:0001250;HP:0001631	ORPHA:716116	
6.8	OMIM:618838	Combined oxidative phosphorylation deficiency 41	11	8	2	HP:0001511;HP:0001622	—	
6.8	OMIM:618727	Ectodermal dysplasia with facial dysmorphism and acral, ocular, and brain anomalies, somatic mosaic	32	18	3	HP:0001156	ORPHA:589608	
6.8	OMIM:615440	Combined oxidative phosphorylation deficiency 17	15	8	0	HP:0000252;HP:0001511;HP:0001522	ORPHA:369913	
6.8	OMIM:614961	Pontocerebellar hypoplasia, type 8	51	28	0	HP:0001321;HP:0001629	ORPHA:324569	
6.8	OMIM:614541	Chromosome 16q22 deletion syndrome	35	28	0	HP:0000252;HP:0002007	ORPHA:658540	
6.8	OMIM:613544	Chromosome 6q11-q14 deletion syndrome	33	28	0	HP:0000252;HP:0004322	—	
6.8	OMIM:613124	Hydrops fetalis, nonimmune, with gracile bones and dysmorphic features	9	8	0	HP:0001561;HP:0001789;HP:0002089	—	
6.8	OMIM:605899	Glycine encephalopathy	20	8	0	HP:0001250;HP:0001274;HP:0001522	ORPHA:289857,ORPHA:289860,ORPHA:289863,ORPHA:407	
6.8	OMIM:605724	Fanconi anemia, complementation group D1	12	8	0	HP:0000252;HP:0001511;HP:0004322	ORPHA:319462	
6.8	OMIM:601110	Congenital disorder of glycosylation, type Id	40	28	0	HP:0000252;HP:0001250	ORPHA:79321	
6.8	OMIM:600268	Oculoectodermal syndrome	41	28	0	HP:0001250;HP:0001631	ORPHA:3339	
6.8	OMIM:300475	Deafness, dystonia, and cerebral hypomyelination	19	8	0	HP:0000252;HP:0001250;HP:0001511	ORPHA:369939,ORPHA:369942	
6.8	OMIM:300291	Ectodermal dysplasia and immunodeficiency 1	62	28	0	HP:0002007;HP:0002090	ORPHA:69088	
6.8	OMIM:274265	Thymic-Renal-Anal-Lung dysplasia	10	8	0	HP:0000104;HP:0001511;HP:0001562	ORPHA:3326	
6.8	OMIM:261750	Glycogen storage disease type IXb	16	8	0	HP:0001744;HP:0002240;HP:0004322	ORPHA:79240	
6.8	OMIM:249670	Mesoaxial hexadactyly and cardiac malformation	12	8	0	HP:0001629;HP:0001631;HP:0004322	—	
6.8	OMIM:217990	Corpus callosum, agenesis of	11	8	0	HP:0000252;HP:0001274;HP:0002007	—	
6.8	OMIM:211380	Elsahy-Waters syndrome	62	48	0	HP:0001156	ORPHA:1299	
6.7	OMIM:620475	Thrombocytopenia 8, with dysmorphic features and developmental delay	38	27	0	HP:0001250;HP:0001561	ORPHA:674653	
6.7	OMIM:620211	Hyperinsulinemic hypoglycemia, familial, 8	18	7	0	HP:0000821;HP:0001631;HP:0004322	—	
6.7	OMIM:619750	Immunodeficiency 94 with autoinflammation and dysmorphic facies	32	27	0	HP:0000821;HP:0004322	—	
6.7	OMIM:619576	Cerebellar ataxia, brain abnormalities, and cardiac conduction defects	49	27	0	HP:0000252;HP:0004322	ORPHA:641361	
6.7	OMIM:618295	Intellectual developmental disorder, autosomal recessive 67	23	7	0	HP:0000252;HP:0001250;HP:0004322	—	
6.7	OMIM:617798	Intellectual developmental disorder, autosomal dominant 53	45	27	0	HP:0000252;HP:0001629	ORPHA:178469	
6.7	OMIM:617542	Gaze palsy, familial horizontal, with progressive scoliosis, 2	23	7	0	HP:0000238;HP:0001250;HP:0001274	ORPHA:2744	
6.7	OMIM:617162	Epileptic encephalopathy, early infantile, 46	21	7	0	HP:0000252;HP:0001250;HP:0001558	ORPHA:442835	
6.7	OMIM:617044	Short stature, developmental delay, and congenital heart defects	19	7	2	HP:0001629;HP:0001631	ORPHA:488618	
6.7	OMIM:615352	Muscular dystrophy-dystroglycanopathy (limb-girdle), type C, 14	18	7	0	HP:0000252;HP:0001250;HP:0002093	ORPHA:363623	
6.7	OMIM:615108	Cowden syndrome 5	36	27	0	HP:0000821;HP:0001250	ORPHA:201	
6.7	OMIM:615095	Microcephaly 10, primary, autosomal recessive	22	17	1	HP:0001274;HP:0001511	ORPHA:329228	
6.7	OMIM:615065	Arthrogryposis, distal, type 5D	30	27	0	HP:0000175;HP:0004322	ORPHA:329457,ORPHA:97120	
6.7	OMIM:614231	Microcephaly, epilepsy, and diabetes syndrome	42	27	0	HP:0001250;HP:0001321	ORPHA:306558	
6.7	OMIM:613163	GABA-transaminase deficiency	18	7	0	HP:0001250;HP:0001274;HP:0001321	ORPHA:2066	
6.7	OMIM:301109	Autoinflammatory disease, multisystem, with immune dysregulation, X-linked	50	27	0	HP:0001744;HP:0002240	ORPHA:658946,ORPHA:658951	
6.7	OMIM:301021	Mitochondrial complex I deficiency, nuclear type 30	9	7	0	HP:0001511;HP:0001622;HP:0003811	ORPHA:2609	
6.7	OMIM:300244	Terminal osseous dysplasia	30	27	0	HP:0000175;HP:0001156	ORPHA:88630	
6.7	OMIM:274700	Thyroid dyshormonogenesis 3	32	17	1	HP:0000821;HP:0004322	ORPHA:95716	
6.7	OMIM:245570	Epilepsy, focal, with speech disorder and with or without impaired intellectual development	26	7	2	HP:0001250;HP:0004322	ORPHA:163721,ORPHA:1945,ORPHA:289266,ORPHA:725,ORPHA:98818	
6.7	OMIM:233270	Gombo syndrome	11	7	0	HP:0000252;HP:0001156;HP:0001627	—	
6.7	OMIM:212750	Celiac disease, susceptibility to, 1	45	27	0	HP:0001250;HP:0004322	—	
6.7	OMIM:175780	Brain small vessel disease 1 with or without ocular anomalies	51	27	0	HP:0000238;HP:0001250	ORPHA:2940,ORPHA:36383,ORPHA:99810	
6.6	OMIM:620151	Wolman disease	12	6	0	HP:0001522;HP:0001744;HP:0002240	ORPHA:75233	
6.6	OMIM:618910	Epileptic encephalopathy, early infantile, 86	12	6	2	HP:0000252;HP:0001562	ORPHA:442835	
6.6	OMIM:618780	Congenital heart defects, multiple types, 7	10	6	6		ORPHA:3303	
6.6	OMIM:618430	Developmental delay with variable intellectual impairment and behavioral abnormalities	50	26	0	HP:0001250;HP:0002007	ORPHA:528084	dans syndromes
6.6	OMIM:618224	Mitochondrial complex I deficiency, nuclear type 3	19	6	0	HP:0001250;HP:0002093;HP:0002240	ORPHA:2609	
6.6	OMIM:617752	Clark-Baraitser syndrome	38	26	0	HP:0000252;HP:0001250	ORPHA:600731	
6.6	OMIM:616632	Seizures, cortical blindness, and microcephaly syndrome	14	6	0	HP:0000252;HP:0001250;HP:0004322	ORPHA:477814	
6.6	OMIM:616260	Tenorio syndrome	42	26	0	HP:0000238;HP:0001250	—	
6.6	OMIM:614800	Short stature, optic nerve atrophy, and pelger-huet anomaly	35	26	0	HP:0001156;HP:0004322	ORPHA:391677	
6.6	OMIM:613812	Bile acid synthesis defect, congenital, 3	22	16	1	HP:0001744;HP:0002240	ORPHA:79302	
6.6	OMIM:607131	Al-Gazali-Bakalinova syndrome	30	26	0	HP:0001274;HP:0002007	ORPHA:166024	
6.6	OMIM:557000	Pearson marrow-pancreas syndrome	42	26	0	HP:0001789;HP:0002240	ORPHA:699	
6.6	OMIM:260370	Pancreatic agenesis, congenital	13	6	2	HP:0001511;HP:0001562	ORPHA:2805	
6.6	OMIM:258320	Omphalocele-Cleft palate syndrome, lethal	7	6	0	HP:0000175;HP:0000238;HP:0001522	ORPHA:2736	
6.6	OMIM:257910	Oculopalatocerebral syndrome	9	6	0	HP:0000175;HP:0000252;HP:0004322	ORPHA:2714	
6.6	OMIM:254120	Muscular hypertonia, lethal	10	6	0	HP:0001522;HP:0001558;HP:0002090	—	
6.6	OMIM:251280	Microcephaly, seizures, spasticity, and brain calcifications	20	6	0	HP:0001250;HP:0001511;HP:0001622	ORPHA:319192	
6.6	OMIM:226750	Kohlschutter-Tonz syndrome	22	6	0	HP:0000252;HP:0001250;HP:0001321	ORPHA:1946	
6.6	OMIM:147750	IVIC syndrome	34	26	0	HP:0002007;HP:0100258	ORPHA:2307	
6.5	OMIM:620379	Spastic paraplegia 89, autosomal recessive	17	5	0	HP:0000252;HP:0001250;HP:0001511	—	
6.5	OMIM:620027	Neurodevelopmental disorder with microcephaly, short stature, and speech delay	16	5	0	HP:0000252;HP:0001250;HP:0004322	—	
6.5	OMIM:619881	Developmental and epileptic encephalopathy 102	25	5	0	HP:0000252;HP:0001631;HP:0002240	ORPHA:442835	
6.5	OMIM:619880	Neurodevelopmental disorder with poor growth and skeletal anomalies	33	25	0	HP:0000252;HP:0001250	ORPHA:528084	dans syndromes
6.5	OMIM:619059	Mitochondrial complex IV deficiency, nuclear type 15	24	15	1	HP:0000252;HP:0004322	ORPHA:254905	
6.5	OMIM:618665	Intellectual developmental disorder, autosomal recessive 72	24	15	1	HP:0000252;HP:0001250	ORPHA:2512	
6.5	OMIM:618397	Combined oxidative phosphorylation deficiency 39	38	25	0	HP:0000252;HP:0001511	ORPHA:565624	
6.5	OMIM:618392	Spondyloepiphyseal dysplasia, Kondo-Fu type	20	15	1	HP:0001156;HP:0004322	—	
6.5	OMIM:618237	Mitochondrial complex I deficiency, nuclear type 15	25	15	1	HP:0001511;HP:0003811	ORPHA:2609	
6.5	OMIM:618160	Pituitary hormone deficiency, combined or isolated, 7	11	5	0	HP:0000252;HP:0002007;HP:0004322	ORPHA:231662	
6.5	OMIM:618042	Pulmonary alveolar proteinosis with hypogammaglobulinemia	11	5	0	HP:0001522;HP:0001744;HP:0002093	ORPHA:572428	
6.5	OMIM:616603	Cutis laxa, autosomal dominant 3	35	25	0	HP:0000252;HP:0001511	ORPHA:90348	
6.5	OMIM:616158	Neurodevelopmental disorder with neonatal respiratory insufficiency, hypotonia, and feeding difficulties	30	15	1	HP:0001250;HP:0002093	ORPHA:314655,ORPHA:438213,ORPHA:438216	
6.5	OMIM:614222	Warburg micro syndrome 3	48	35	1	HP:0000252	ORPHA:2510	
6.5	OMIM:614023	Phosphoserine phosphatase deficiency	11	5	0	HP:0000252;HP:0001250;HP:0001511	ORPHA:583595,ORPHA:79350	
6.5	OMIM:612949	Epileptic encephalopathy, early infantile, 39	46	25	0	HP:0001250;HP:0001561	ORPHA:353217	
6.5	OMIM:611174	Hamamy syndrome	55	45	0	HP:0001631	ORPHA:314555	
6.5	OMIM:607326	Smith-Mccort dysplasia 1	31	25	0	HP:0000252;HP:0004322	ORPHA:178355	
6.5	OMIM:300845	Moyamoya disease 4 with short stature, hypergonadotropic hypogonadism,and facial dysmorphism	35	25	0	HP:0001250;HP:0004322	ORPHA:280679	
6.5	OMIM:262600	Pituitary hormone deficiency, combined, 2	15	5	0	HP:0000821;HP:0001250;HP:0004322	ORPHA:90695,ORPHA:95494	
6.5	OMIM:261740	Glycogen storage disease of heart, lethal congenital	37	25	0	HP:0000238;HP:0001250	ORPHA:439854	
6.5	OMIM:249620	Ohdo syndrome	32	25	0	HP:0001250;HP:0004322	ORPHA:2728	
6.5	OMIM:239710	Acrofrontofacionasal dysostosis 2	26	25	0	HP:0000252;HP:0004322	ORPHA:2211	
6.5	OMIM:220110	Mitochondrial complex IV deficiency, nuclear type 1	44	25	0	HP:0001250;HP:0002240	ORPHA:254905	
6.5	OMIM:163200	Schimmelpenning-Feuerstein-Mims syndrome	33	25	0	HP:0001250;HP:0004322	ORPHA:2612	
6.5	OMIM:119800	Clubfoot, congenital, with or without deficiency of long bones and/or mirror-image polydactyly	19	15	1	HP:0003826;HP:0004322	ORPHA:199315,ORPHA:293144,ORPHA:293150	
6.4	OMIM:621382	Neurodevelopmental disorder with behavioral abnormalities and childhood onset spastic paraplegia	36	24	0	HP:0000252;HP:0002007	—	
6.4	OMIM:621096	Immunodeficiency 132B	53	24	0	HP:0001744;HP:0002240	—	
6.4	OMIM:620519	Arrhythmogenic cardiomyopathy with variable ectodermal abnormalities	35	24	0	HP:0001561;HP:0001629	—	
6.4	OMIM:620224	Neurodevelopmental disorder with hypotonia, dysmorphic facies, and skeletal anomalies, with or without seizures	58	44	0	HP:0001250	ORPHA:178469	
6.4	OMIM:618782	Long QT syndrome 16	8	4	6		ORPHA:101016,ORPHA:727192,ORPHA:730657	
6.4	OMIM:617984	Microcephaly 22, primary, autosomal recessive	8	4	0	HP:0000252;HP:0001250;HP:0004322	ORPHA:2512	
6.4	OMIM:617899	Leukodystrophy, hypomyelinating, 14	15	4	0	HP:0000252;HP:0001250;HP:0002093	ORPHA:139441	
6.4	OMIM:617049	Cholestasis, progressive familial intrahepatic, 5	20	14	3	HP:0001522	ORPHA:172,ORPHA:480476	
6.4	OMIM:616212	Lissencephaly 6, with microcephaly	32	24	0	HP:0000252;HP:0001250	ORPHA:1083	
6.4	OMIM:613011	Lymphoproliferative syndrome 1	29	24	0	HP:0001744;HP:0002240	ORPHA:538963	
6.4	OMIM:608624	Midface hypoplasia, obesity, developmental delay, and neonatal hypotonia	29	24	0	HP:0001156;HP:0002007	—	
6.4	OMIM:606593	LIG4 syndrome	32	24	0	HP:0000252;HP:0000821	ORPHA:99812	
6.4	OMIM:300895	Ohdo syndrome, X-linked	59	44	0	HP:0001250	ORPHA:293707	
6.4	OMIM:300406	FG syndrome 3	21	14	1	HP:0001274;HP:0001522	—	
6.4	OMIM:300055	Intellectual developmental disorder, X-linked syndromic 13	62	24	0	HP:0000252;HP:0001250	ORPHA:3077	
6.4	OMIM:270200	Sjogren-Larsson syndrome	30	14	1	HP:0001250;HP:0004322	ORPHA:816	
6.4	OMIM:234050	Trichothiodystrophy 4, nonphotosensitive	31	24	0	HP:0000252;HP:0001629	ORPHA:1245,ORPHA:33364	
6.4	OMIM:168300	Paramyotonia congenita	45	24	0	HP:0001250;HP:0001561	ORPHA:684	
6.4	OMIM:151200	Chromosome 8q22.1 duplication syndrome	29	24	0	HP:0001156;HP:0004322	ORPHA:2900	
6.3	OMIM:620352	Developmental and epileptic encephalopathy 31B, autosomal recessive	42	23	0	HP:0001250;HP:0001274	ORPHA:442835	
6.3	OMIM:620269	Leukodystrophy, hypomyelinating, 26, with chondrodysplasia	32	23	0	HP:0000175;HP:0004322	—	
6.3	OMIM:619420	Martsolf syndrome 2	21	13	1	HP:0000252;HP:0004322	ORPHA:1387	
6.3	OMIM:619170	Mitochondrial complex I deficiency, nuclear type 36	22	13	1	HP:0000252;HP:0001250	ORPHA:2609	
6.3	OMIM:619074	Cleft palate, proliferative retinopathy, and developmental delay	21	13	1	HP:0000175;HP:0001511	—	
6.3	OMIM:618805	Triokinase and FMN cyclase deficiency syndrome	20	13	1	HP:0001321;HP:0002240	ORPHA:1369	
6.3	OMIM:618687	Intellectual developmental disorder with short stature and behavioral abnormalities	15	3	0	HP:0000252;HP:0001250;HP:0004322	ORPHA:88616	
6.3	OMIM:617710	Neurodevelopmental disorder, mitochondrial, with abnormal movements and lactic acidosis, with or without seizures	44	23	0	HP:0001250;HP:0001511	ORPHA:572798	
6.3	OMIM:617412	Brachycephaly, trichomegaly, and developmental delay	29	23	0	HP:0000252;HP:0004322	—	
6.3	OMIM:616531	Polymicrogyria, perisylvian, with cerebellar hypoplasia and arthrogryposis	18	13	1	HP:0001321;HP:0002089	ORPHA:268940,ORPHA:98889	
6.3	OMIM:616200	Ruijs-Aalfs syndrome	25	23	0	HP:0002007;HP:0004322	ORPHA:435953	
6.3	OMIM:614407	Microcephaly, cerebellar hypoplasia, and cardiac conduction defect syndrome	33	23	0	HP:0000252;HP:0001321	ORPHA:329332	
6.3	OMIM:613735	Brain malformations with or without urinary tract defects	33	23	0	HP:0001250;HP:0001274	ORPHA:401986	
6.3	OMIM:609015	Mitochondrial trifunctional protein deficiency	36	23	0	HP:0001789;HP:0002093	ORPHA:746	
6.3	OMIM:202370	Peroxisome biogenesis disorder 2B	18	13	1	HP:0001250;HP:0002007	ORPHA:44,ORPHA:772,ORPHA:79189	
6.3	OMIM:103050	Adenylosuccinase deficiency	45	23	0	HP:0000252;HP:0001250	ORPHA:46	
6.2	OMIM:621078	Myopathy, myofibrillar, 13, with rimmed vacuoles	74	42	0	HP:0002093	ORPHA:476093	
6.2	OMIM:620675	Leukodystrophy, hypomyelinating, 27	41	22	0	HP:0001250;HP:0004322	—	
6.2	OMIM:620001	Neurodevelopmental disorder with spasticity, seizures, and brain abnormalities	36	22	0	HP:0000252;HP:0001250	—	
6.2	OMIM:619694	Developmental delay with variable neurologic and brain abnormalities	34	22	0	HP:0000252;HP:0001250	ORPHA:528084	dans syndromes
6.2	OMIM:619428	Focal segmental glomerulosclerosis and neurodevelopmental syndrome	44	22	0	HP:0000252;HP:0001250	ORPHA:1934	
6.2	OMIM:618329	Combined oxidative phosphorylation deficiency 37	40	22	0	HP:0001321;HP:0002093	—	
6.2	OMIM:617755	Neurodevelopmental disorder with dysmorphic facies and distal limb anomalies	28	22	0	HP:0000252;HP:0004322	ORPHA:686482	
6.2	OMIM:617622	Joubert syndrome 30	32	22	0	HP:0001250;HP:0001274	ORPHA:475	
6.2	OMIM:617560	Spastic ataxia 8, autosomal recessive, with hypomyelinating leukodystrophy	45	22	0	HP:0001250;HP:0002007	ORPHA:527497	
6.2	OMIM:616831	Luscan-Lumish syndrome	34	22	0	HP:0001250;HP:0004322	ORPHA:597738	
6.2	OMIM:616326	Myasthenic syndrome, congenital, 11, associated with acetylcholine receptor deficiency	25	12	1	HP:0001558;HP:0002093	ORPHA:590,ORPHA:719880,ORPHA:98913	
6.2	OMIM:601224	Potocki-Shaffer syndrome	25	22	0	HP:0001156;HP:0001250	ORPHA:52022	
6.2	OMIM:301830	Spinal muscular atrophy, X-linked 2	29	22	0	HP:0001558;HP:0002093	ORPHA:1145	
6.2	OMIM:301082	Immunodeficiency 102	34	22	0	HP:0000821;HP:0002240	ORPHA:653751	
6.2	OMIM:300831	CK syndrome	33	22	0	HP:0000252;HP:0001250	ORPHA:251383	
6.2	OMIM:251900	Mitochondrial myopathy, episodic, with optic atrophy and reversible leukoencephalopathy	40	22	0	HP:0000821;HP:0002240	—	
6.2	OMIM:242860	Immunodeficiency-Centromeric instability-facial anomalies syndrome	26	22	0	HP:0002090;HP:0004322	ORPHA:2268	dans syndromes
6.2	OMIM:235200	Hemochromatosis, type 1	27	22	0	HP:0001744;HP:0002240	ORPHA:465508	
6.2	OMIM:194080	Denys-Drash syndrome	26	22	0	HP:0000776;HP:0003811	ORPHA:220	
6.2	OMIM:182210	Shprintzen omphalocele syndrome	26	22	0	HP:0002000;HP:0004322	ORPHA:3164	
6.2	OMIM:158810	Bethlem myopathy 1A	52	32	1	HP:0001558	ORPHA:610,ORPHA:646098,ORPHA:646113	dans syndromes
6.1	OMIM:620880	Autoinflammation with arthritis and vasculitis	37	21	0	HP:0001250;HP:0004322	—	
6.1	OMIM:619386	Combined oxidative phosphorylation deficiency 52	26	21	0	HP:0001250;HP:0001522	ORPHA:397593	
6.1	OMIM:619377	Osteootohepatoenteric syndrome	32	21	0	HP:0000238;HP:0001395	—	
6.1	OMIM:619272	Mitochondrial complex I deficiency, nuclear type 37	33	21	0	HP:0000252;HP:0001250	ORPHA:2609	
6.1	OMIM:618792	Epileptic encephalopathy, early infantile, 84	32	21	0	HP:0000252;HP:0001250	—	
6.1	OMIM:617591	Proteasome-Associated autoinflammatory syndrome 3	26	21	0	HP:0001744;HP:0002240	ORPHA:324977	
6.1	OMIM:617237	Immunodeficiency 49	32	21	0	HP:0001250;HP:0001274	—	
6.1	OMIM:616689	Dehydrated hereditary stomatocytosis 2	16	11	1	HP:0001744;HP:0002240	ORPHA:3202	
6.1	OMIM:616521	Intellectual developmental disorder, autosomal dominant 39	29	11	1	HP:0000238;HP:0000821	ORPHA:647799,ORPHA:699850	
6.1	OMIM:615851	Pontocerebellar hypoplasia, type 2E	39	21	0	HP:0000252;HP:0004322	ORPHA:247198	
6.1	OMIM:615433	Chromosome 3q13.31 deletion syndrome	30	21	0	HP:0001250;HP:0001274	ORPHA:1621	
6.1	OMIM:613471	Reynolds syndrome	28	21	0	HP:0001744;HP:0002240	ORPHA:779	
6.1	OMIM:604805	Spastic paraplegia 12, autosomal dominant	42	21	0	HP:0001250;HP:0002090	ORPHA:100993	
6.1	OMIM:300869	Chromosome xq27.3-q28 duplication syndrome	21	11	1	HP:0001511;HP:0004322	ORPHA:261483	
6.1	OMIM:300215	Lissencephaly, X-linked, 2	30	21	0	HP:0001250;HP:0001274	ORPHA:452	
6.1	OMIM:275400	Oliver-McFarlane syndrome	41	21	0	HP:0000821;HP:0004322	ORPHA:3363	
6.1	OMIM:271520	Spondylocostal dysostosis with anal atresia and urogenital anomalies	24	21	0	HP:0001562;HP:0002089	—	
6.1	OMIM:248360	Malonyl-CoA decarboxylase deficiency	25	11	1	HP:0001250;HP:0004322	ORPHA:943	
6.1	OMIM:224230	Dyskeratosis congenita, autosomal recessive 1	25	21	0	HP:0000252;HP:0001395	ORPHA:1775	
6.0	OMIM:621123	Achalasia-progeroid syndrome	29	20	0	HP:0000252;HP:0004322	—	
6.0	OMIM:620194	Neurodevelopmental disorder with poor growth, large ears, and dysmorphic facies	30	20	0	HP:0000252;HP:0001250	—	
6.0	OMIM:619717	Intellectual developmental disorder, autosomal recessive 73	39	20	0	HP:0001558;HP:0001629	ORPHA:88616	
6.0	OMIM:619422	Spinocerebellar ataxia, autosomal recessive 31	42	20	0	HP:0001250;HP:0001321	—	
6.0	OMIM:619026	Neurodevelopmental disorder with progressive spasticity and brain white matter abnormalities	40	20	0	HP:0000252;HP:0001250	ORPHA:641353	
6.0	OMIM:618578	Myopathy, congenital, progressive, with scoliosis	30	20	0	HP:0001558;HP:0002093	—	
6.0	OMIM:618479	Cerebellar, ocular, craniofacial, and genital syndrome	32	20	0	HP:0000252;HP:0001321	ORPHA:495875	
6.0	OMIM:617306	Coloboma, osteopetrosis, microphthalmia, macrocephaly, albinism, and deafness	23	20	0	HP:0002007;HP:0004322	ORPHA:603494	
6.0	OMIM:617126	Alazami-Yuan syndrome	26	20	0	HP:0000252;HP:0004322	ORPHA:694946	
6.0	OMIM:616672	Combined oxidative phosphorylation deficiency 27	36	20	0	HP:0000252;HP:0001321	ORPHA:477774	
6.0	OMIM:615809	Pontocerebellar hypoplasia, type 9	36	20	0	HP:0001250;HP:0001321	ORPHA:369920	
6.0	OMIM:614008	Nestor-Guillermo progeria syndrome	49	40	0	HP:0004322	ORPHA:280576	
6.0	OMIM:612783	Immunodeficiency 10	30	20	0	HP:0001744;HP:0002240	ORPHA:169090,ORPHA:317430	
6.0	OMIM:602152	Rhyns syndrome	26	20	0	HP:0001156;HP:0004322	ORPHA:140976	
6.0	OMIM:251000	Methylmalonic aciduria, mut type	35	20	0	HP:0001250;HP:0002240	ORPHA:27,ORPHA:289916,ORPHA:79312	
6.0	OMIM:220120	D-glyceric aciduria	43	20	0	HP:0000252;HP:0001250	ORPHA:941	
6.0	OMIM:213200	Spinocerebellar ataxia, autosomal recessive 2	29	10	1	HP:0001321;HP:0004322	ORPHA:1170	
5.9	OMIM:619636	Acromesomelic dysplasia 4	43	39	0	HP:0004322	—	
5.9	OMIM:619461	Myasthenic syndrome, congenital, 7B, presynaptic, autosomal recessive	32	19	2	HP:0001558	ORPHA:590,ORPHA:716899,ORPHA:716903,ORPHA:98914	
5.9	OMIM:618999	Autoinflammation, immune dysregulation, and eosinophilia	15	9	1	HP:0000821;HP:0004322	—	
5.9	OMIM:618840	Alopecia-intellectual disability syndrome 4	17	9	1	HP:0000252;HP:0001250	ORPHA:2850	
5.9	OMIM:618060	Intellectual developmental disorder with or without epilepsy or cerebellar ataxia	28	9	1	HP:0001250;HP:0001321	ORPHA:528084	dans syndromes
5.9	OMIM:617388	Autoinflammation with arthritis and dyskeratosis	26	19	0	HP:0001744;HP:0002240	—	
5.9	OMIM:617364	Congenital heart defects and ectodermal dysplasia	29	19	0	HP:0000252;HP:0002007	ORPHA:708019	
5.9	OMIM:616602	Craniosynostosis 6	26	19	0	HP:0000252;HP:0001274	ORPHA:35099	
5.9	OMIM:615553	Arthrogryposis, impaired intellectual development, and seizures	17	9	3	HP:0000252	ORPHA:370943	
5.9	OMIM:613355	Chromosome 17q23.1-q23.2 deletion syndrome	27	19	0	HP:0000252;HP:0004322	ORPHA:261279	
5.9	OMIM:304150	Occipital horn syndrome	47	39	0	HP:0001250	ORPHA:198	
5.9	OMIM:255160	Myopathy, myosin storage, autosomal recessive	35	19	0	HP:0002093;HP:0004322	ORPHA:53698,ORPHA:636970	dans syndromes
5.9	OMIM:220220	Dandy-Walker malformation with postaxial polydactyly	26	19	0	HP:0000238;HP:0002007	ORPHA:1566	
5.9	OMIM:180870	Ruvalcaba syndrome	24	19	0	HP:0000252;HP:0004322	ORPHA:3121	
5.8	OMIM:621345	Spondylopeiphyseal dysplasia, Holling type	29	18	0	HP:0001562;HP:0004322	—	
5.8	OMIM:621034	Neurodevelopmental disorder with speech or visual impairment and brain hypomyelination	48	18	0	HP:0000252;HP:0001250	—	
5.8	OMIM:621021	Intellectual developmental disorder with polymicrogyria and seizures	36	18	0	HP:0000252;HP:0001250	—	
5.8	OMIM:620943	Brain malformation renal syndrome	28	18	0	HP:0001562;HP:0002089	—	
5.8	OMIM:620306	Neurodegeneration and seizures due to copper transport defect	32	18	0	HP:0001250;HP:0002089	—	
5.8	OMIM:619814	Developmental and epileptic encephalopathy 101	18	8	1	HP:0000252;HP:0001250	ORPHA:442835	
5.8	OMIM:619662	Cholestasis, progressive familial intrahepatic, 8	24	18	0	HP:0001395;HP:0002240	ORPHA:172	
5.8	OMIM:619060	Mitochondrial complex IV deficiency, nuclear type 16	26	18	0	HP:0002007;HP:0004322	ORPHA:254905	
5.8	OMIM:618828	Nabais Sa-de Vries syndrome, type 1	38	28	3		ORPHA:662179	
5.8	OMIM:618284	Microcephaly, cataracts, impaired intellectual development, and dystonia with abnormal striatum	18	8	1	HP:0000252;HP:0004322	—	
5.8	OMIM:617101	Intellectual developmental disorder with persistence of fetal hemoglobin	32	18	0	HP:0000252;HP:0004322	ORPHA:619233	
5.8	OMIM:616943	Trichothiodystrophy 6, nonphotosensitive	27	18	0	HP:0000252;HP:0004322	ORPHA:33364	
5.8	OMIM:615122	Lymphoproliferative syndrome 2	24	18	0	HP:0001744;HP:0002240	ORPHA:238505	
5.8	OMIM:613845	Hyperuricemia, pulmonary hypertension, renal failure, and alkalosis syndrome	27	18	0	HP:0001622;HP:0002093	ORPHA:363694	
5.8	OMIM:613070	Liver failure, infantile, transient	27	18	0	HP:0001522;HP:0002240	ORPHA:217371	
5.8	OMIM:612780	SESAME syndrome	31	18	0	HP:0001250;HP:0004322	ORPHA:199343	
5.8	OMIM:608688	AICA-ribosiduria due to ATIC deficiency	25	18	0	HP:0001250;HP:0002007	ORPHA:250977	
5.8	OMIM:604273	Mitochondrial complex V (ATP synthase) deficiency, nuclear type 1	25	18	0	HP:0000252;HP:0002240	ORPHA:254913	
5.8	OMIM:600092	Nivelon-Nivelon-Mabille syndrome	24	18	0	HP:0000252;HP:0001156	ORPHA:1422	
5.8	OMIM:301039	Intellectual developmental disorder, X-linked, syndromic, Hackman-Di Donato type	24	18	0	HP:0001629;HP:0001631	ORPHA:700325	
5.8	OMIM:301032	Basilicata-Akhtar syndrome	43	28	1	HP:0001250	ORPHA:730261	
5.8	OMIM:266280	RAPADILINO syndrome	24	18	0	HP:0000175;HP:0004322	ORPHA:3021	
5.8	OMIM:265300	Lymphangiectasia, pulmonary, congenital	24	18	2	HP:0001561	ORPHA:2414	
5.8	OMIM:251100	Methylmalonic aciduria, vitamin B12-responsive, cblA type	33	18	0	HP:0001250;HP:0002240	ORPHA:28,ORPHA:79310	
5.8	OMIM:209885	Barber-Say syndrome	49	38	0	HP:0001156	ORPHA:1231	
5.8	OMIM:164220	Schilbach-Rott syndrome	21	18	0	HP:0000252;HP:0004322	ORPHA:2353	
5.7	OMIM:621435	Xeroderma pigmentosum, complementation group J	24	17	0	HP:0000252;HP:0004322	—	
5.7	OMIM:620200	Congenital disorder of glycosylation, type IIy	25	17	0	HP:0000252;HP:0001274	—	
5.7	OMIM:619356	Onychodystrophy, osteodystrophy, impaired intellectual development, and seizures syndrome	29	17	0	HP:0000252;HP:0001631	—	
5.7	OMIM:619048	Mitochondrial complex IV deficiency, nuclear type 4	22	17	0	HP:0001511;HP:0002240	ORPHA:254905	
5.7	OMIM:618825	Intellectual developmental disorder, autosomal dominant 63, with macrocephaly	32	17	0	HP:0001250;HP:0002007	—	
5.7	OMIM:618048	Proteasome-Associated autoinflammatory syndrome 2	31	17	0	HP:0001156;HP:0001250	ORPHA:324977	
5.7	OMIM:617698	3-methylglutaconic aciduria, type IX	36	17	0	HP:0001250;HP:0002007	ORPHA:505216	
5.7	OMIM:617228	Combined oxidative phosphorylation deficiency 31	24	17	0	HP:0000252;HP:0001250	ORPHA:478049	
5.7	OMIM:616829	Congenital disorder of glycosylation, type IIp	23	17	0	HP:0001395;HP:0002240	ORPHA:466703	
5.7	OMIM:616322	Myasthenic syndrome, congenital, 3B, fast-channel	16	7	1	HP:0001558;HP:0002093	ORPHA:590,ORPHA:716742,ORPHA:716758,ORPHA:98913	
5.7	OMIM:616100	Autoimmune lymphoproliferative syndrome, type V	25	17	0	HP:0001744;HP:0002240	ORPHA:436159	dans syndromes
5.7	OMIM:616084	Sideroblastic anemia with B-cell immunodeficiency, periodic fevers, and developmental delay	29	17	0	HP:0001250;HP:0001744	ORPHA:369861	
5.7	OMIM:615084	Mitochondrial DNA depletion syndrome 11	33	17	0	HP:0000252;HP:0002093	ORPHA:352447	
5.7	OMIM:614923	Branched-chain keto acid dehydrogenase kinase deficiency	52	17	0	HP:0000252;HP:0001250	ORPHA:308410	
5.7	OMIM:614300	Hypermethioninemia due to adenosine kinase deficiency	34	17	0	HP:0001250;HP:0002007	ORPHA:289290	
5.7	OMIM:614254	Neurodevelopmental disorder with or without hyperkinetic movements and seizures, autosomal dominant	39	17	0	HP:0000252;HP:0001250	ORPHA:178469	
5.7	OMIM:614225	Warburg micro syndrome 2	36	27	1	HP:0000252	ORPHA:2510	
5.7	OMIM:613870	Hirschsprung disease, cardiac defects, and autonomic dysfunction	21	17	0	HP:0001629;HP:0001631	ORPHA:388	
5.7	OMIM:613179	Immunodeficiency due to purine nucleoside phosphorylase deficiency	41	17	0	HP:0001744;HP:0002090	ORPHA:760	
5.7	OMIM:612913	Orofaciodigital syndrome XI	11	7	1	HP:0000175;HP:0001250	ORPHA:141000	
5.7	OMIM:612387	Sarcoidosis, susceptibility to, 2	23	17	0	HP:0001744;HP:0002240	ORPHA:797	
5.7	OMIM:611717	Spondyloepiphyseal dysplasia-brachydactyly and distinctive speech	46	37	0	HP:0001156	ORPHA:163654	
5.7	OMIM:610768	Congenital disorder of glycosylation, type Im	26	17	0	HP:0001250;HP:0001522	ORPHA:91131	
5.7	OMIM:607143	Congenital disorder of glycosylation, type Ig	51	37	0	HP:0001561	ORPHA:79324	
5.7	OMIM:605911	HMG-CoA synthase-2 deficiency	24	17	0	HP:0001250;HP:0002240	ORPHA:35701	
5.7	OMIM:603585	Congenital disorder of glycosylation, type IIf	30	17	0	HP:0000252;HP:0001250	ORPHA:238459	
5.7	OMIM:300337	Hypomelanosis of Ito	23	17	0	HP:0000252;HP:0001250	—	
5.7	OMIM:255310	Myopathy, congenital, with fiber-type disproportion	29	17	0	HP:0001558;HP:0002093	ORPHA:2020	
5.7	OMIM:252011	Mitochondrial complex II deficiency	36	17	0	HP:0001250;HP:0004322	ORPHA:3208	
5.7	OMIM:226300	Complement hyperactivation, angiopathic thrombosis, and protein-losing enteropathy	31	17	0	HP:0000821;HP:0002240	ORPHA:566175	
5.7	OMIM:222300	Wolfram syndrome 1	33	17	0	HP:0000821;HP:0001250	ORPHA:3463	
5.7	OMIM:147060	Hyper-IgE recurrent infection syndrome	53	27	1	HP:0002007	ORPHA:2314	
5.7	OMIM:137920	Renal cysts and diabetes syndrome	35	27	1	HP:0000107	ORPHA:34149,ORPHA:93111	
5.6	OMIM:621333	Infection-induced acute-onset axonal neuropathy	27	16	0	HP:0001250;HP:0001562	—	
5.6	OMIM:620704	Encephalopathy, porphyria-related	32	16	0	HP:0001744;HP:0002240	—	
5.6	OMIM:620546	Congenital disorder of glycosylation, type IIbb	33	16	0	HP:0000252;HP:0001250	—	
5.6	OMIM:619951	Tessadori-van Haaften neurodevelopmental syndrome 4	44	36	0	HP:0000238	ORPHA:717854	
5.6	OMIM:619858	Autoinflammatory-pancytopenia syndrome	26	16	2	HP:0001395	—	
5.6	OMIM:619304	Pontocerebellar hypoplasia, type 1F	21	16	0	HP:0000252;HP:0001321	ORPHA:2254	
5.6	OMIM:619175	Proteasome-associated autoinflammatory syndrome 5	9	6	1	HP:0001744;HP:0002240	ORPHA:324977	
5.6	OMIM:619173	Neurodegeneration, childhood-onset, hypotonia, respiratory insufficiency and brain imaging abnormalities	27	16	0	HP:0001250;HP:0002093	ORPHA:610573	
5.6	OMIM:618906	Intellectual developmental disorder with autistic features and language delay, with or without seizures	19	6	1	HP:0000252;HP:0001250	ORPHA:528084	dans syndromes
5.6	OMIM:618741	Neurodevelopmental disorder with epilepsy, spasticity, and brain atrophy	14	6	1	HP:0000252;HP:0001250	ORPHA:528084	dans syndromes
5.6	OMIM:618719	Megabladder, congenital	10	6	1	HP:0001629;HP:0001631	—	
5.6	OMIM:618379	Developmental and epileptic encephalopathy 73	26	16	0	HP:0000252;HP:0001250	ORPHA:544503	
5.6	OMIM:617561	Cohen-Gibson syndrome	47	36	0	HP:0001250	ORPHA:659396	
5.6	OMIM:616811	Combined oxidative phosphorylation deficiency 29	26	16	0	HP:0000252;HP:0001250	ORPHA:478029	
5.6	OMIM:616311	Intellectual developmental disorder, autosomal dominant 33	11	6	1	HP:0000252;HP:0004322	ORPHA:2514	
5.6	OMIM:614739	3-Methylglutaconic aciduria with deafness, encephalopathy, and leigh-like syndrome	31	16	0	HP:0000252;HP:0001250	ORPHA:352328	
5.6	OMIM:614563	Cortical dysplasia, complex, with other brain malformations 13	28	16	0	HP:0000252;HP:0001250	ORPHA:178469	
5.6	OMIM:613839	Megaloblastic anemia due to dihydrofolate reductase deficiency	25	16	0	HP:0001321;HP:0002240	ORPHA:319651	dans syndromes
5.6	OMIM:613090	Bartter syndrome, type 4B, neonatal, with sensorineural deafness	25	16	0	HP:0001561;HP:0001622	ORPHA:112,ORPHA:89938	
5.6	OMIM:611962	Hunter-Macdonald syndrome	42	36	0	HP:0004322	—	
5.6	OMIM:610773	Mitochondrial phosphate carrier deficiency	8	6	3	HP:0002093	ORPHA:91130	
5.6	OMIM:600721	D-2-Hydroxyglutaric aciduria 1	30	16	0	HP:0001250;HP:0002007	ORPHA:79315	
5.6	OMIM:269200	Autoimmune polyendocrine syndrome, type II	23	16	0	HP:0000821;HP:0001250	ORPHA:3143	
5.6	OMIM:248910	Cutaneous mastocytosis, conductive hearing loss, and microtia	21	16	0	HP:0000252;HP:0004322	ORPHA:2135	
5.6	OMIM:209950	Immunodeficiency 27A, mycobacteriosis, AR	25	16	0	HP:0001744;HP:0002090	ORPHA:319569,ORPHA:99898	
5.6	OMIM:162100	Amyotrophy, hereditary neuralgic	21	16	0	HP:0000175;HP:0004322	ORPHA:2901	dans syndromes
5.5	OMIM:620780	Cutis laxa, autosomal recessive, type ID	48	35	0	HP:0000776	—	
5.5	OMIM:620688	Intellectual developmental disorder, autosomal dominant 74	33	15	0	HP:0000252;HP:0001511	ORPHA:528084	dans syndromes
5.5	OMIM:620609	Long-Olsen-Distelmaier syndrome	32	25	1	HP:0001629	—	
5.5	OMIM:620542	Neuronopathy, distal hereditary motor, autosomal recessive 10	29	15	0	HP:0000252;HP:0001321	ORPHA:423894	
5.5	OMIM:620237	Intellectual developmental disorder, autosomal recessive 78	22	15	0	HP:0000252;HP:0001156	—	
5.5	OMIM:620133	Dyskeratosis congenita, autosomal recessive 8	21	15	0	HP:0001511;HP:0001622	ORPHA:1775	
5.5	OMIM:619873	Parenti-Mignot neurodevelopmental syndrome	26	15	0	HP:0001250;HP:0002007	ORPHA:528084	dans syndromes
5.5	OMIM:619527	Pontocerebellar hypoplasia, type 16	27	15	0	HP:0001250;HP:0001321	ORPHA:728514	
5.5	OMIM:619467	Usmani-Riazuddin syndrome, autosomal dominant	30	15	0	HP:0001250;HP:0002007	ORPHA:528084	dans syndromes
5.5	OMIM:619426	White-Kernohan syndrome	49	35	0	HP:0000821	ORPHA:716109	
5.5	OMIM:619318	Oculogastrointestinal neurodevelopmental syndrome	21	15	0	HP:0000252;HP:0004322	ORPHA:611201	
5.5	OMIM:619115	Combined osteogenesis imperfecta and Ehlers-Danlos syndrome 1	17	15	0	HP:0001631;HP:0004322	ORPHA:230857	
5.5	OMIM:619076	Neurodevelopmental disorder with microcephaly, seizures, and brain atrophy	25	15	0	HP:0000252;HP:0001250	ORPHA:528084	dans syndromes
5.5	OMIM:617992	Deafness, congenital heart defects, and posterior embryotoxon	8	5	3	HP:0001629	—	
5.5	OMIM:616269	Intellectual developmental disorder, autosomal recessive 48	33	15	0	HP:0000252;HP:0001250	ORPHA:457212	
5.5	OMIM:615191	Lissencephaly 5	25	15	0	HP:0000238;HP:0001250	ORPHA:352682	
5.5	OMIM:613680	Beaulieu-Boycott-Innes syndrome	25	15	0	HP:0000252;HP:0001629	ORPHA:363444	
5.5	OMIM:610185	Cerebellar ataxia, impaired intellectual development, and dysquilibrium syndrome 2	34	15	0	HP:0001321;HP:0004322	ORPHA:1766	
5.5	OMIM:607765	Bile acid synthesis defect, congenital, 1	20	15	0	HP:0001744;HP:0002240	ORPHA:79301	
5.5	OMIM:600460	Cleft palate, cardiac defect, genital anomalies, and ectrodactyly	22	15	0	HP:0000175;HP:0001629	ORPHA:2008	
5.5	OMIM:308350	Developmental and epileptic encephalopathy 1	38	15	2	HP:0000252	ORPHA:1934,ORPHA:3175,ORPHA:364063,ORPHA:697160	
5.5	OMIM:300673	Encephalopathy, neonatal severe, due to mecp2 mutations	20	5	1	HP:0001250;HP:0002093	ORPHA:209370	
5.5	OMIM:300263	Intellectual developmental disorder, X-linked syndromic, Siderius type	20	15	0	HP:0000175;HP:0000252	ORPHA:85287	
5.5	OMIM:256600	Neurodegeneration with brain iron accumulation 2A	36	15	0	HP:0001250;HP:0002007	ORPHA:35069	
5.5	OMIM:222748	Dihydropyrimidinuria	36	15	0	HP:0000252;HP:0001250	ORPHA:38874	
5.5	OMIM:182250	Singleton-Merten syndrome 1	53	35	0	HP:0004322	ORPHA:85191	dans syndromes
5.4	OMIM:621439	Neutropenia, severe congenital, 12, autosomal recessive	51	34	0	HP:0002090	—	
5.4	OMIM:621214	Leukodystrophy, adult-onset, autosomal dominant, without amyloid angiopathy	39	14	0	HP:0000238;HP:0001250	—	
5.4	OMIM:619616	Neurodevelopmental disorder with hearing loss and spasticity	29	14	0	HP:0000252;HP:0001250	ORPHA:659975	
5.4	OMIM:619476	Joubert syndrome 38	21	14	0	HP:0002007;HP:0004322	ORPHA:475	
5.4	OMIM:619463	Portal hypertension, noncirrhotic, 2	19	14	0	HP:0001744;HP:0002240	—	
5.4	OMIM:619183	Proteasome-associated autoinflammatory syndrome 4	18	14	0	HP:0001744;HP:0002240	ORPHA:324977	
5.4	OMIM:619151	AMED syndrome, digenic	21	14	0	HP:0000252;HP:0004322	ORPHA:611216	
5.4	OMIM:618808	Intellectual developmental disorder with poor growth and with or without seizures or ataxia	15	4	1	HP:0000252;HP:0001250	ORPHA:88616	
5.4	OMIM:618797	Neurodevelopmental disorder with hypotonia, neonatal respiratory insufficiency, and thermodysregulation	34	24	1	HP:0001622	—	
5.4	OMIM:618349	Galloway-Mowat syndrome 8	24	14	0	HP:0000252;HP:0001250	ORPHA:2065	
5.4	OMIM:618286	Macrocephaly, acquired, with impaired intellectual development	25	14	0	HP:0001250;HP:0001274	ORPHA:714404,ORPHA:714407	
5.4	OMIM:618222	Mitochondrial complex I deficiency, nuclear type 2	31	14	0	HP:0001250;HP:0002093	ORPHA:2609	
5.4	OMIM:617877	Short stature, facial dysmorphism, and skeletal anomalies with or without cardiac anomalies 1	40	34	0	HP:0004322	ORPHA:261295	
5.4	OMIM:617682	Pilarowski-Bjornsson syndrome	22	14	0	HP:0001250;HP:0002007	ORPHA:529965	
5.4	OMIM:617514	Immunodeficiency 52	27	14	0	HP:0001522;HP:0001744	ORPHA:504523	
5.4	OMIM:617276	Developmental and epileptic encephalopathy 48	28	14	0	HP:0000252;HP:0001250	ORPHA:1934	
5.4	OMIM:617183	Harel-Yoon syndrome	38	24	1	HP:0002007	ORPHA:496790	
5.4	OMIM:616910	Immunodeficiency-Centromeric instability-facial anomalies syndrome 3	24	14	0	HP:0000252;HP:0001511	ORPHA:2268	dans syndromes
5.4	OMIM:616860	Anemia, sideroblastic, 3, pyridoxine-refractory	16	14	0	HP:0001744;HP:0002240	ORPHA:255132	
5.4	OMIM:616579	Intellectual developmental disorder, autosomal dominant 40	44	24	1	HP:0000252	ORPHA:178469,ORPHA:692193	
5.4	OMIM:616281	Neurodevelopmental disorder with microcephaly and spastic paraplegia	28	14	0	HP:0000252;HP:0001250	ORPHA:477673	
5.4	OMIM:616154	Peroxisomal fatty acyl-CoA reductase 1 disorder	22	14	0	HP:0000252;HP:0001250	ORPHA:438178	
5.4	OMIM:614863	Peroxisome biogenesis disorder 4B	25	14	0	HP:0001250;HP:0002240	ORPHA:44,ORPHA:772,ORPHA:79189,ORPHA:95433	
5.4	OMIM:614741	Mitochondrial pyruvate carrier deficiency	21	14	0	HP:0001250;HP:0002240	ORPHA:447784	
5.4	OMIM:614678	Pontocerebellar hypoplasia, type 1B	28	14	0	HP:0001250;HP:0002093	ORPHA:2254	
5.4	OMIM:614230	Chromosome 8q21.11 deletion syndrome	44	34	0	HP:0000175	ORPHA:284160	
5.4	OMIM:613834	Multisystemic smooth muscle dysfunction syndrome	22	14	2	HP:0001631	ORPHA:404463	
5.4	OMIM:613161	Beta-ureidopropionase deficiency	29	14	0	HP:0000252;HP:0001250	ORPHA:65287	
5.4	OMIM:612447	Skeletal defects, genital hypoplasia, and impaired intellectual development	17	14	0	HP:0000252;HP:0004322	—	
5.4	OMIM:610188	Joubert syndrome 5	28	14	2	HP:0000175	ORPHA:2318,ORPHA:475	
5.4	OMIM:607694	Leukodystrophy, hypomyelinating, 7, with or without oligodontia and/orhypogonadotropic hypogonadism	38	14	0	HP:0001250;HP:0004322	ORPHA:137639,ORPHA:289494,ORPHA:447893,ORPHA:447896,ORPHA:77295,ORPHA:88637	
5.4	OMIM:607196	Microcephaly, Amish type	22	14	0	HP:0001321;HP:0002240	ORPHA:99742	
5.4	OMIM:601198	Hypocalcemia, autosomal dominant 1	21	14	0	HP:0001250;HP:0004322	ORPHA:112,ORPHA:2238,ORPHA:428	
5.4	OMIM:601163	Diaphragmatic defects, limb deficiencies, and ossification defects of skull	15	14	0	HP:0000776;HP:0002089	ORPHA:2141	
5.4	OMIM:600705	Satoyoshi syndrome	19	14	0	HP:0001156;HP:0004322	ORPHA:3130	
5.4	OMIM:301078	Immunodeficiency 98 with autoinflammation, X-linked	24	14	0	HP:0001744;HP:0002240	ORPHA:675628	
5.4	OMIM:300934	Congenital disorder of glycosylation, type Iy	24	14	0	HP:0000252;HP:0001250	ORPHA:370927	
5.4	OMIM:300484	Orofaciodigital syndrome VIII	18	14	0	HP:0000175;HP:0004322	ORPHA:2755	
5.4	OMIM:270420	Diarrhea 3, secretory sodium, congenital, with or without other congenital anomalies	17	14	0	HP:0000175;HP:0001561	ORPHA:103908,ORPHA:563708	
5.4	OMIM:268650	Rudiger syndrome	17	14	0	HP:0001522;HP:0002007	ORPHA:3118	
5.4	OMIM:240500	Immunodeficiency, common variable, 2	25	14	0	HP:0001744;HP:0002240	ORPHA:696907	
5.4	OMIM:236750	Hydrops fetalis, nonimmune	6	4	3	HP:0001789	ORPHA:1041,ORPHA:163596,ORPHA:363999	
5.4	OMIM:231550	Achalasia-Addisonianism-Alacrima syndrome	28	14	0	HP:0000252;HP:0004322	ORPHA:869	dans syndromes
5.4	OMIM:217090	Plasminogen deficiency, type I	21	14	0	HP:0000238;HP:0001321	ORPHA:722	
5.4	OMIM:216100	Cleft lip/palate with abnormal thumbs and microcephaly	17	14	0	HP:0000252;HP:0004322	ORPHA:2319	
5.4	OMIM:205100	Amyotrophic lateral sclerosis 2, juvenile	52	14	0	HP:0000252;HP:0004322	ORPHA:300605	
5.4	OMIM:202400	Afibrinogenemia, congenitalhypofibrinogenemia, congenital, included	22	14	0	HP:0001522;HP:0003811	ORPHA:101041,ORPHA:335,ORPHA:98880	dans syndromes
5.4	OMIM:122430	Ramos-Arroyo syndrome	21	14	0	HP:0002007;HP:0004322	ORPHA:1051	
5.3	OMIM:620795	Autoinflammation with episodic fever and immune dysregulation	17	13	0	HP:0001744;HP:0002240	—	
5.3	OMIM:620712	Polydactyly-macrocephaly syndrome	20	13	0	HP:0000104;HP:0001631	ORPHA:726703	
5.3	OMIM:620161	Congenital myopathy 15	18	13	0	HP:0001558;HP:0001561	—	
5.3	OMIM:619652	Immunodeficiency 92	22	13	0	HP:0002090;HP:0002240	ORPHA:697394	
5.3	OMIM:619090	Developmental delay, impaired growth, dysmorphic facies, and axonal neuropathy	23	13	0	HP:0000252;HP:0004322	—	
5.3	OMIM:619072	Neurodevelopmental disorder with seizures and brain atrophy	21	13	0	HP:0000252;HP:0001321	ORPHA:528084	dans syndromes
5.3	OMIM:619053	Mitochondrial complex IV deficiency, nuclear type 10	15	13	0	HP:0001562;HP:0002240	ORPHA:254905	
5.3	OMIM:618924	Episodic ataxia, type 9	18	3	3	HP:0001250	—	
5.3	OMIM:618437	Epileptic encephalopathy, early infantile, 75	33	23	1	HP:0001250	ORPHA:442835	
5.3	OMIM:618116	Bone marrow failure syndrome 4	17	13	0	HP:0000252;HP:0004322	ORPHA:508542	
5.3	OMIM:618021	Tetraamelia syndrome 2	16	13	0	HP:0000175;HP:0001629	ORPHA:3301	
5.3	OMIM:618010	Glycosylphosphatidylinositol biosynthesis defect 17	25	13	0	HP:0000252;HP:0001250	—	
5.3	OMIM:617784	Fanconi anemia, complementation group W	18	13	0	HP:0000252;HP:0001511	—	
5.3	OMIM:617711	Developmental and epileptic encephalopathy 91	37	13	0	HP:0001250;HP:0004322	ORPHA:442835	
5.3	OMIM:616816	Hypotonia, infantile, with psychomotor retardation	18	13	0	HP:0001558;HP:0001629	ORPHA:467176	
5.3	OMIM:615031	Neuropathy, hereditary sensory and autonomic, type IX, with developmental delay	25	13	0	HP:0000252;HP:0004322	ORPHA:320385	
5.3	OMIM:614831	Spinocerebellar ataxia, autosomal recessive 13	32	13	0	HP:0001250;HP:0004322	ORPHA:324262,ORPHA:363429	
5.3	OMIM:614501	Psychomotor retardation, epilepsy, and craniofacial dysmorphism	31	23	1	HP:0001250	—	
5.3	OMIM:614470	RAS-associated autoimmune lymphoproliferative syndrome type IV, somatic	19	13	0	HP:0001744;HP:0002240	ORPHA:268114	dans syndromes
5.3	OMIM:614457	Ichthyosis, spastic quadriplegia, and impaired intellectual development	28	13	0	HP:0000252;HP:0001250	ORPHA:352333	
5.3	OMIM:614438	Cutis laxa, autosomal recessive, type IIIB	37	33	0	HP:0001511	ORPHA:293633,ORPHA:2962	
5.3	OMIM:612840	Leukocyte adhesion deficiency, type III	19	13	0	HP:0001744;HP:0002240	ORPHA:2968,ORPHA:99844	
5.3	OMIM:612714	Exocrine pancreatic insufficiency, dyserythropoietic anemia, and calvarialhyperostosis	19	13	0	HP:0001744;HP:0002240	ORPHA:199337	
5.3	OMIM:612079	Alopecia, neurologic defects, and endocrinopathy syndrome	21	13	0	HP:0000252;HP:0004322	ORPHA:157954	
5.3	OMIM:606854	Polymicrogyria, bilateral frontoparietal	23	13	0	HP:0001250;HP:0001321	ORPHA:101070,ORPHA:268940	
5.3	OMIM:603903	Sickle cell anemia	20	13	0	HP:0001744;HP:0002240	ORPHA:232	
5.3	OMIM:300114	Raynaud-Claes syndrome	32	13	0	HP:0000252;HP:0001250	ORPHA:485350	
5.3	OMIM:264700	Vitamin D hydroxylation-deficient rickets, type 1A	55	33	0	HP:0002007	ORPHA:289157	
5.3	OMIM:261640	Hyperphenylalaninemia, BH4-deficient, A	30	13	0	HP:0000252;HP:0001250	ORPHA:13,ORPHA:238583	
5.3	OMIM:256000	Leigh syndrome	35	13	0	HP:0001250;HP:0002093	ORPHA:506	
5.3	OMIM:247410	Lymphedema-Hypoparathyroidism syndrome	16	13	0	HP:0001156;HP:0004322	ORPHA:1563	
5.3	OMIM:191830	Renal hypodysplasia/aplasia 1	17	13	0	HP:0001562;HP:0002089	ORPHA:1848,ORPHA:411709	
5.2	OMIM:621481	Mitochondrial DNA depletion syndrome 14A (encephalomyopathic type)	29	12	0	HP:0001250;HP:0001511	—	
5.2	OMIM:621250	Developmental and epileptic encephalopathy 118	67	32	0	HP:0000252	—	
5.2	OMIM:620953	Methylmalonic aciduria, cblD type	18	12	0	HP:0001250;HP:0001622	—	
5.2	OMIM:620836	Immunodeficiency 120	24	12	0	HP:0000252;HP:0004322	ORPHA:718047	
5.2	OMIM:620789	Aplasia cutis-enamel dysplasia syndrome	23	12	0	HP:0001250;HP:0001511	ORPHA:697356	
5.2	OMIM:620653	Intellectual developmental disorder, autosomal recessive 80, with variant lissencephaly	25	12	0	HP:0000238;HP:0001250	—	
5.2	OMIM:620141	Developmental delay, language impairment, and ocular abnormalities	28	12	0	HP:0000252;HP:0004322	ORPHA:662762	
5.2	OMIM:619981	Braddock-Carey syndrome 2	15	12	0	HP:0000175;HP:0000252	ORPHA:261323	
5.2	OMIM:619548	Usmani-Riazuddin syndrome, autosomal recessive	19	12	0	HP:0001250;HP:0001274	ORPHA:528084	dans syndromes
5.2	OMIM:619375	Autoinflammatory syndrome, familial, with or without immunodeficiency	22	12	0	HP:0001744;HP:0002240	ORPHA:619948	
5.2	OMIM:619243	Global developmental delay with speech and behavioral abnormalities	25	12	0	HP:0000252;HP:0001250	ORPHA:528084	dans syndromes
5.2	OMIM:618877	Leukoencephalopathy, developmental delay, and episodic neurologic regression syndrome	29	12	0	HP:0000252;HP:0001250	—	
5.2	OMIM:618724	Heyn-Sproul-Jackson syndrome	16	12	0	HP:0000252;HP:0001511	ORPHA:658595	
5.2	OMIM:618165	Bone marrow failure syndrome 5	21	12	0	HP:0000252;HP:0004322	ORPHA:726036	
5.2	OMIM:617976	Epileptic encephalopathy, early infantile, 63	34	12	0	HP:0000175;HP:0001250	ORPHA:86909	
5.2	OMIM:617099	Autoinflammation, panniculitis, and dermatosis syndrome	21	12	4		ORPHA:500062	
5.2	OMIM:616657	Spastic tetraplegia, thin corpus callosum, and progressive microcephaly	26	12	0	HP:0000252;HP:0001250	ORPHA:447997	
5.2	OMIM:615501	Molybdenum cofactor deficiency, complementation group C	24	12	0	HP:0001321;HP:0003811	ORPHA:308400,ORPHA:833,ORPHA:99732	
5.2	OMIM:615234	Anemia, hypochromic microcytic, with iron overload 2	18	12	0	HP:0001744;HP:0002240	ORPHA:300298	
5.2	OMIM:615119	Mitochondrial complex IV deficiency, nuclear type 6	20	12	0	HP:0000252;HP:0001558	ORPHA:1561	
5.2	OMIM:614458	Thiamine metabolism dysfunction syndrome 5 (episodic encephalopathy type)	32	12	0	HP:0000252;HP:0001250	ORPHA:293955	
5.2	OMIM:614262	Arthrogryposis, perthes disease, and upward gaze palsy	14	12	0	HP:0001629;HP:0001631	—	
5.2	OMIM:613027	Glycogen storage disease IXc	22	12	0	HP:0001744;HP:0002240	ORPHA:264580	
5.2	OMIM:612847	Brachyolmia 4 with mild epiphyseal and metaphyseal changes	14	12	0	HP:0001156;HP:0004322	ORPHA:93282	
5.2	OMIM:612394	Bone fragility with contractures, arterial rupture, and deafness	41	32	0	HP:0001511	ORPHA:300284	
5.2	OMIM:609165	Erythroderma, ichthyosiform, congenital reticular	15	12	2	HP:0004322	ORPHA:281190	
5.2	OMIM:607317	Spinocerebellar ataxia, autosomal recessive 4	33	12	0	HP:0000252;HP:0001250	ORPHA:95434	
5.2	OMIM:606220	Intellectual developmental disorder with short stature, facial anomalies, and speech defects	23	12	0	HP:0000252;HP:0004322	—	
5.2	OMIM:602390	Hemochromatosis, type 2A	18	12	0	HP:0001744;HP:0002240	ORPHA:79230	
5.2	OMIM:602347	Cholestasis, progressive familial intrahepatic, 3	17	12	0	HP:0001744;HP:0002240	ORPHA:172,ORPHA:79305	
5.2	OMIM:301114	Lui-Jee-Baron syndrome	15	12	0	HP:0001744;HP:0002240	—	
5.2	OMIM:300860	Intellectual developmental disorder, X-linked syndromic, Nascimento type	41	32	0	HP:0001250	ORPHA:163956	
5.2	OMIM:300801	Chromosome xp11.23-p11.22 duplication syndrome	33	22	1	HP:0002007	ORPHA:217377	
5.2	OMIM:300578	Chromosome xp11.3 deletion syndrome	25	12	0	HP:0000252;HP:0004322	ORPHA:85332	
5.2	OMIM:300322	Lesch-Nyhan syndrome	30	12	0	HP:0001250;HP:0004322	ORPHA:510	
5.2	OMIM:300106	Spondyloepimetaphyseal dysplasia, X-linked	45	32	0	HP:0001156	ORPHA:93349	
5.2	OMIM:261680	Phosphoenolpyruvate carboxykinase deficiency, cytosolic	23	12	0	HP:0001250;HP:0002240	ORPHA:2880	
5.2	OMIM:259410	Osteogenesis imperfecta congenita, microcephaly, and cataracts	14	12	0	HP:0000252;HP:0003826	ORPHA:2772	
5.2	OMIM:214900	Cholestasis-Lymphedema syndrome	13	12	0	HP:0001744;HP:0002240	ORPHA:1414	
5.2	OMIM:207950	Chiari malformation type II	21	12	0	HP:0000238;HP:0001274	—	
5.2	OMIM:185000	Overhydrated hereditary stomatocytosis	15	12	0	HP:0001744;HP:0002240	ORPHA:3203	
5.2	OMIM:141400	Hemifacial microsomia with radial defects	14	12	0	HP:0000175;HP:0000202	ORPHA:2549	
5.2	OMIM:105200	Amyloidosis, familial visceral	15	12	0	HP:0001744;HP:0002240	ORPHA:314652,ORPHA:85450,ORPHA:93560,ORPHA:93561,ORPHA:93562	
5.1	OMIM:620538	Spastic paraplegia 91, autosomal dominant, with or without cerebellar ataxia	31	11	0	HP:0000252;HP:0001250	—	
5.1	OMIM:620439	Intellectual developmental disorder, autosomal dominant 72	35	21	1	HP:0000252	ORPHA:652487	
5.1	OMIM:620021	Intellectual developmental disorder with autism and dysmorphic facies	22	11	0	HP:0000175;HP:0001250	—	
5.1	OMIM:619827	Intellectual developmental disorder, autosomal recessive 75, with neuropsychiatric features and variant lissencephaly	30	11	0	HP:0000252;HP:0001250	—	
5.1	OMIM:619817	Epidermolysis bullosa, junctional 6, with pyloric atresia	13	11	2	HP:0003811	ORPHA:79403	
5.1	OMIM:618973	Neurodegeneration, infantile-onset, biotin-responsive	20	11	0	HP:0000252;HP:0001250	—	
5.1	OMIM:618879	Neurodevelopmental disorder with hypotonia and cerebellar atrophy, with or without seizures	18	11	0	HP:0001156;HP:0001250	—	
5.1	OMIM:618730	Neurodevelopmental disorder with microcephaly, cortical malformations, and spasticity	19	11	0	HP:0000252;HP:0001250	—	
5.1	OMIM:618158	Intellectual developmental disorder with macrocephaly, seizures, and speech delay	24	11	0	HP:0001250;HP:0002007	ORPHA:717884	
5.1	OMIM:617951	Leukodystrophy, hypomyelinating, 15	38	11	0	HP:0000252;HP:0001250	—	
5.1	OMIM:617768	Kleefstra syndrome 2	20	11	0	HP:0000252;HP:0001250	ORPHA:261652	
5.1	OMIM:617599	Epileptic encephalopathy, early infantile, 55	25	11	0	HP:0000252;HP:0001250	ORPHA:1934	
5.1	OMIM:617519	Neurodevelopmental disorder with hypotonia, neuropathy, and deafness	45	21	1	HP:0001250	—	
5.1	OMIM:617341	Cerebroretinal microangiopathy with calcifications and cysts 2	19	11	0	HP:0001395;HP:0001511	ORPHA:313838	
5.1	OMIM:616794	Combined oxidative phosphorylation deficiency 28	19	11	0	HP:0001558;HP:0001561	ORPHA:466784	
5.1	OMIM:616586	Spastic paraplegia 9B, autosomal recessive	28	11	0	HP:0000252;HP:0004322	ORPHA:447760	
5.1	OMIM:616198	Combined oxidative phosphorylation deficiency 23	22	11	0	HP:0001250;HP:0001511	ORPHA:444013	
5.1	OMIM:615578	Combined oxidative phosphorylation deficiency 18	20	11	0	HP:0001511;HP:0001562	ORPHA:391348	
5.1	OMIM:615541	Intellectual developmental disorder, autosomal recessive 39	23	11	0	HP:0000252;HP:0004322	ORPHA:391307	
5.1	OMIM:615387	Immunodeficiency 7, TCR-alpha/beta deficient	19	11	0	HP:0001744;HP:0002240	ORPHA:397959	
5.1	OMIM:615160	Mitochondrial complex III deficiency, nuclear type 5	19	11	0	HP:0000252;HP:0001631	ORPHA:1460	
5.1	OMIM:614255	NESCAV syndrome	25	11	0	HP:0000252;HP:0001250	ORPHA:662367	
5.1	OMIM:613477	Epileptic encephalopathy, early infantile, 5	21	11	0	HP:0000252;HP:0001250	ORPHA:697160	
5.1	OMIM:612463	Pseudopseudohypoparathyroidism	18	11	0	HP:0001156;HP:0004322	ORPHA:79445	
5.1	OMIM:602200	Ventriculomegaly with defects of the radius and kidney	13	11	0	HP:0000104;HP:0000238	—	
5.1	OMIM:312750	Rett syndrome	30	11	0	HP:0001250;HP:0004322	ORPHA:3095,ORPHA:778	
5.1	OMIM:300400	Severe combined immunodeficiency, X-linked	22	11	0	HP:0002090;HP:0002240	ORPHA:276	
5.1	OMIM:244600	Keratoconus posticus circumscriptus	16	11	0	HP:0000175;HP:0001156	—	
5.1	OMIM:244200	Hypogonadotropic hypogonadism 3 with or without anosmia	19	11	0	HP:0000175;HP:0001250	ORPHA:432,ORPHA:478	
5.1	OMIM:214700	Diarrhea 1, secretory chloride, congenital	21	11	0	HP:0001561;HP:0001622	ORPHA:53689	
5.1	OMIM:108900	Atrial septal defect 7, with or without AV conduction defects	14	11	0	HP:0001629;HP:0001631	ORPHA:1479	
5.0	OMIM:621100	Intellectual developmental disorder, autosomal recessive 83	61	30	0	HP:0001250	—	
5.0	OMIM:620783	Developmental and epileptic encephalopathy 115	22	10	0	HP:0001250;HP:0001274	—	
5.0	OMIM:620777	Pulmonary hypertension, primary, 6	21	10	0	HP:0001622;HP:0002093	—	
5.0	OMIM:620208	Spinocerebellar ataxia, autosomal recessive 33	22	10	0	HP:0000252;HP:0001321	ORPHA:512260	
5.0	OMIM:620075	Neurodevelopmental disorder with facial dysmorphism, absent language, and pseudo-Pelger-Huet anomaly	44	30	0	HP:0001631	ORPHA:698085	
5.0	OMIM:619742	Charcot-Marie-Tooth disease, demyelinating, type 1I	24	10	0	HP:0000252;HP:0001250	—	
5.0	OMIM:619658	Cholestasis, progressive familial intrahepatic, 7, with or without hearing loss	17	10	0	HP:0001395;HP:0001744	—	
5.0	OMIM:619042	Spinal muscular atrophy, infantile, James type	19	10	0	HP:0002093;HP:0004322	—	
5.0	OMIM:619012	Combined oxidative phosphorylation deficiency 48	17	10	0	HP:0000252;HP:0001250	—	
5.0	OMIM:618229	Mitochondrial complex I deficiency, nuclear type 7	18	10	0	HP:0000252;HP:0001522	ORPHA:2609	
5.0	OMIM:618109	Intellectual developmental disorder, autosomal recessive 65	37	20	1	HP:0001631	ORPHA:88616	
5.0	OMIM:617903	Neurodevelopmental disorder with poor language and loss of hand skills	24	10	0	HP:0000252;HP:0001250	ORPHA:3095	
5.0	OMIM:617132	Developmental and epileptic encephalopathy 44	26	10	0	HP:0001250;HP:0004322	ORPHA:442835	
5.0	OMIM:616834	Microcephaly, congenital cataract, and psoriasiform dermatitis	20	10	0	HP:0000252;HP:0004322	ORPHA:488168	
5.0	OMIM:616116	Intellectual developmental disorder, autosomal recessive 46	28	10	0	HP:0001250;HP:0004322	ORPHA:88616	
5.0	OMIM:613661	Congenital disorder of glycosylation, type Ip	22	10	0	HP:0000252;HP:0001250	ORPHA:280071	
5.0	OMIM:612713	Kahrizi syndrome	16	10	0	HP:0001250;HP:0004322	ORPHA:168972	
5.0	OMIM:612089	Hypophosphatemic rickets and hyperparathyroidism	15	10	0	HP:0002007;HP:0004322	—	
5.0	OMIM:610090	Pyridoxamine 5-prime-phosphate oxidase deficiency	18	10	0	HP:0001250;HP:0001622	ORPHA:79096	
5.0	OMIM:610023	Brachydactyly, coloboma, and anterior segment dysgenesis	13	10	0	HP:0001156;HP:0004322	—	
5.0	OMIM:608203	Immunodeficiency 73A with defective neutrophil chemotaxix and leukocytosis	14	10	4		ORPHA:183707	
5.0	OMIM:606367	Immunodeficiency 41 with lymphoproliferation and autoimmunity	43	30	0	HP:0000821	ORPHA:169100	
5.0	OMIM:604321	Microcephaly 4, primary, autosomal recessive	18	10	0	HP:0001250;HP:0004322	ORPHA:2512	
5.0	OMIM:603457	Bosma arhinia microphthalmia syndrome	29	20	1	HP:0000175	ORPHA:2250	
5.0	OMIM:602541	Muscular dystrophy, congenital, megaconial type	21	10	0	HP:0000252;HP:0001250	ORPHA:280671	
5.0	OMIM:601321	Neurofibromatosis-Noonan syndrome	38	30	0	HP:0004322	ORPHA:638	
5.0	OMIM:311895	Pierre Robin sequence with facial and digital anomalies	12	10	0	HP:0000175;HP:0002007	ORPHA:2888	
5.0	OMIM:307200	Isolated growth hormone deficiency, type III, with agammaglobulinemia	25	10	0	HP:0002090;HP:0004322	ORPHA:231692,ORPHA:631,ORPHA:632	
5.0	OMIM:306000	Glycogen storage disease, type IXa1	19	10	0	HP:0001744;HP:0002240	ORPHA:264580	
5.0	OMIM:301950	Branchial arch syndrome, X-linked	13	10	0	HP:0000252;HP:0004322	ORPHA:1131	
5.0	OMIM:300915	Microphthalmia, syndromic 13	16	10	0	HP:0000252;HP:0004322	ORPHA:431140	
5.0	OMIM:300580	Myopathy, congenital, with fiber-type disproportion, X-linked	17	10	0	HP:0001561;HP:0004322	ORPHA:2020	
5.0	OMIM:278800	De Sanctis-Cacchione syndrome	44	30	0	HP:0000252	ORPHA:1569	
5.0	OMIM:265050	3MC syndrome 2	39	30	0	HP:0000175	ORPHA:293843,ORPHA:2998	
5.0	OMIM:235555	Bile acid synthesis defect, congenital, 2	14	10	0	HP:0001744;HP:0002240	ORPHA:79303	
5.0	OMIM:226900	Epiphyseal dysplasia, multiple, 4	14	10	0	HP:0001156;HP:0004322	ORPHA:93307	
5.0	OMIM:194380	Dehydrated hereditary stomatocytosis 1 with or without pseudohyperkalemia and/or perinatal edema	14	10	0	HP:0001744;HP:0002240	ORPHA:3202	
5.0	OMIM:113477	Brachymorphism-Onychodysplasia-Dysphalangism syndrome	12	10	0	HP:0000252;HP:0004322	ORPHA:1292	
4.9	OMIM:620817	MHC class II deficiency 4	23	9	0	HP:0001744;HP:0002240	—	
4.9	OMIM:620270	Neurodevelopmental disorder with absent speech and movement and behavioral abnormalities	26	9	0	HP:0001321;HP:0001511	—	
4.9	OMIM:620023	Neurodevelopmental disorder with microcephaly, movement abnormalities, and seizures	28	9	0	HP:0000252;HP:0004322	ORPHA:88616	
4.9	OMIM:619849	Cholestasis, progressive familial intrahepatic, 9	15	9	0	HP:0001744;HP:0002240	ORPHA:172	
4.9	OMIM:619795	Osteogenesis imperfecta, type XXII	20	9	0	HP:0001511;HP:0004322	ORPHA:666	dans syndromes
4.9	OMIM:619598	Rhizomelic dysplasia, Ain-Naz type	41	29	0	HP:0002007	—	
4.9	OMIM:619489	Short stature, Dauber-Argente type	17	9	0	HP:0000252;HP:0004322	—	
4.9	OMIM:619150	Intellectual developmental disorder with paroxysmal dyskinesia or seizures	25	9	0	HP:0000252;HP:0001250	—	
4.9	OMIM:618892	Harderoporphyria	15	9	0	HP:0001744;HP:0002240	ORPHA:659672	
4.9	OMIM:618853	Anauxetic dysplasia 3	36	29	0	HP:0001156	ORPHA:93347	
4.9	OMIM:618852	Autoinflammation with episodic fever and lymphadenopathy	11	9	0	HP:0001744;HP:0002240	—	
4.9	OMIM:618721	Epileptic encephalopathy, early infantile, 82	19	9	0	HP:0001250;HP:0004322	—	
4.9	OMIM:618243	Mitochondrial complex I deficiency, nuclear type 22	14	9	0	HP:0001511;HP:0002093	—	
4.9	OMIM:618107	Osteopetrosis, autosomal dominant 3	14	9	0	HP:0001744;HP:0002240	—	
4.9	OMIM:618008	Developmental and epileptic encephalopathy 65	16	9	0	HP:0000252;HP:0001250	ORPHA:442835	
4.9	OMIM:617820	Neurodevelopmental disorder with or without hyperkinetic movements and seizures, autosomal recessive	25	9	0	HP:0001250;HP:0002007	ORPHA:88616	
4.9	OMIM:617301	Glycine encephalopathy with normal serum glycine	35	29	0	HP:0000252	ORPHA:289863	
4.9	OMIM:616113	Polyendocrine-polyneuropathy syndrome	21	9	0	HP:0001321;HP:0004322	ORPHA:453533	
4.9	OMIM:615947	Hyperlipoproteinemia, type ID	17	9	0	HP:0001744;HP:0002240	ORPHA:444490,ORPHA:535458	
4.9	OMIM:615285	Neutropenia, severe congenital, 5, autosomal recessive	16	9	0	HP:0001744;HP:0002240	ORPHA:369852	
4.9	OMIM:614465	Joubert syndrome 16	11	9	2	HP:0000107	ORPHA:2318,ORPHA:475	
4.9	OMIM:612001	Chromosome 15q13.3 microdeletion syndrome	18	9	0	HP:0001156;HP:0001250	ORPHA:199318	
4.9	OMIM:608629	Joubert syndrome 3	32	19	1	HP:0001631	ORPHA:220493,ORPHA:475	
4.9	OMIM:608097	Periventricular heterotopia with microcephaly, autosomal recessive	17	9	0	HP:0000252;HP:0001250	ORPHA:2149,ORPHA:98892	
4.9	OMIM:607685	Hypereosinophilic syndrome, idiopathic	13	9	0	HP:0001744;HP:0002240	ORPHA:3260	
4.9	OMIM:604804	Microcephaly 3, primary, autosomal recessive	17	9	0	HP:0000252;HP:0004322	ORPHA:2512	
4.9	OMIM:301071	Thrombophilia 13, X-linked, due to factor VIII defect	19	9	0	HP:0001250;HP:0001744	—	
4.9	OMIM:300971	Bartter syndrome, type 5, antenatal, transient	11	9	0	HP:0001561;HP:0001622	ORPHA:112,ORPHA:570371	
4.9	OMIM:300699	Intellectual developmental disorder, X-linked syndromic, Wu type	25	9	0	HP:0001250;HP:0004322	ORPHA:364028	dans syndromes
4.9	OMIM:268250	Rhizomelic syndrome	10	9	0	HP:0000252;HP:0004322	ORPHA:3098	
4.9	OMIM:258900	Orotic aciduria	15	9	0	HP:0001629;HP:0001631	ORPHA:30	
4.9	OMIM:253310	Lethal congenital contracture syndrome 1	12	9	0	HP:0002089;HP:0003811	ORPHA:1486	
4.9	OMIM:230350	Galactose epimerase deficiency	18	9	0	HP:0001744;HP:0002240	ORPHA:308473,ORPHA:308487,ORPHA:79238	
4.9	OMIM:108800	Atrial septal defect 1	11	9	0	HP:0001629;HP:0001631	ORPHA:1478	
4.8	OMIM:620014	Lymphatic malformation 12	19	8	0	HP:0001561;HP:0003811	—	
4.8	OMIM:619802	Immunodeficiency 97 with autoinflammation	41	28	0	HP:0001744	—	
4.8	OMIM:619493	Congenital disorder of glycosylation, type 2V	36	28	0	HP:0000175	ORPHA:695783	
4.8	OMIM:619480	Neurodevelopmental disorder with dysmorphic facies and thin corpus callosum	46	28	0	HP:0002007	—	
4.8	OMIM:619260	Spondyloepiphyseal dysplasia, sensorineural hearing loss, intellectual developmental disorder, and Leber congenital amaurosis	46	28	0	HP:0004322	ORPHA:611207	
4.8	OMIM:618889	Liberfarb syndrome	13	8	0	HP:0000252;HP:0004322	ORPHA:589442	
4.8	OMIM:618768	Spastic paraplegia 81, autosomal recessive	22	8	0	HP:0000175;HP:0000252	ORPHA:506353	
4.8	OMIM:618548	Epileptic encephalopathy, early infantile, 77	37	28	0	HP:0001561	ORPHA:1934	
4.8	OMIM:618246	Mitochondrial complex I deficiency, nuclear type 25	13	8	0	HP:0001511;HP:0001622	ORPHA:2609	
4.8	OMIM:618198	Myasthenic syndrome, congenital, 24, presynaptic	20	8	0	HP:0001558;HP:0002093	ORPHA:590,ORPHA:716889,ORPHA:98914	
4.8	OMIM:617912	Congenital heart defects, multiple types, 5	12	8	0	HP:0001629;HP:0001631	ORPHA:3303,ORPHA:334,ORPHA:402075	
4.8	OMIM:617613	Multiple mitochondrial dysfunctions syndrome 5	19	8	0	HP:0000252;HP:0001250	ORPHA:569274	
4.8	OMIM:615817	Intellectual developmental disorder, autosomal recessive 43	22	8	0	HP:0000252;HP:0004322	ORPHA:88616	
4.8	OMIM:614954	Congenital heart defects, multiple types, 3	10	8	0	HP:0001627;HP:0001631	—	
4.8	OMIM:613612	Congenital disorder of glycosylation, type IIi	14	8	0	HP:0000252;HP:0004322	ORPHA:263487	
4.8	OMIM:613402	Microcephaly, seizures, and developmental delay	16	8	0	HP:0000252;HP:0001250	ORPHA:1934	
4.8	OMIM:613151	Muscular dystrophy-dystroglycanopathy (congenital with impaired intellectual development), type B, 3	14	8	0	HP:0000252;HP:0001321	ORPHA:370959	
4.8	OMIM:612951	Leukoencephalopathy, cystic, without megalencephaly	21	8	0	HP:0000252;HP:0001250	ORPHA:85136	
4.8	OMIM:612918	Congenital lipomatous overgrowth, vascular malformations, and epidermal nevi	21	18	1	HP:0001744	ORPHA:140944	
4.8	OMIM:612285	Joubert syndrome 9	18	8	0	HP:0001250;HP:0001395	ORPHA:2318,ORPHA:475	
4.8	OMIM:610006	2-Methylbutyryl-Coa dehydrogenase deficiency	15	8	0	HP:0000252;HP:0001250	ORPHA:79157	
4.8	OMIM:608033	Encephalopathy, acute, infection-induced, susceptibility to, 3	14	8	0	HP:0001250;HP:0002090	ORPHA:88619	
4.8	OMIM:311510	Waisman syndrome	22	8	0	HP:0001250;HP:0002007	ORPHA:2379	
4.8	OMIM:300912	Intellectual developmental disorder, X-linked 98	69	38	1		ORPHA:85277	
4.8	OMIM:277440	Rickets, vitamin D-resistant, type IIA	47	28	0	HP:0002007	ORPHA:93160	
4.8	OMIM:272430	Crisponi/cold-induced sweating syndrome 1	35	28	0	HP:0001250	ORPHA:1545,ORPHA:157820	
4.8	OMIM:254450	Myelofibrosis with myeloid metaplasia, somatic	11	8	0	HP:0001744;HP:0002240	ORPHA:824	
4.8	OMIM:229120	Fountain syndrome	12	8	0	HP:0001250;HP:0004322	ORPHA:3219	
4.8	OMIM:203700	Mitochondrial DNA depletion syndrome 4A (Alpers type)	50	28	0	HP:0002240	ORPHA:726	
4.8	OMIM:189800	Preeclampsia/eclampsia 1	11	8	0	HP:0001250;HP:0001511	ORPHA:275555	
4.8	OMIM:182940	Neural tube defects, susceptibility to	11	8	2	HP:0000238	ORPHA:268357,ORPHA:823	
4.8	OMIM:109730	Aortic valve disease 1	9	8	2	HP:0001629	ORPHA:402075	
4.7	OMIM:621235	Autoimmune disease, multisystem, infantile-onset, 5 	16	7	0	HP:0000821;HP:0001250	—	
4.7	OMIM:620888	Neurodevelopmental disorder with characteristic facial and ectodermal features and tetraparesis 1	40	27	0	HP:0001250	—	
4.7	OMIM:620423	Multiple mitochondrial dysfunctions syndrome 7	55	27	0	HP:0001250	ORPHA:289857,ORPHA:289860,ORPHA:289863,ORPHA:407	
4.7	OMIM:620296	Autoinflammation with pulmonary and cutaneous vasculitis	12	7	0	HP:0001744;HP:0002240	—	
4.7	OMIM:620249	Congenital myopathy 10B, mild variant	47	27	0	HP:0000175	—	
4.7	OMIM:620191	Neurodevelopmental disorder with hypotonia, dysmorphic facies, and skin abnormalities	43	27	0	HP:0001250	ORPHA:528084	dans syndromes
4.7	OMIM:620086	Intellectual developmental disorder with ocular anomalies and distinctive facial features	16	7	0	HP:0000252;HP:0001250	ORPHA:528084	dans syndromes
4.7	OMIM:620028	Developmental and epileptic encephalopathy 106	18	7	0	HP:0000252;HP:0001321	ORPHA:442835	
4.7	OMIM:620012	Developmental delay, hypotonia, and impaired language	23	7	0	HP:0000252;HP:0001250	ORPHA:528084	dans syndromes
4.7	OMIM:619775	Congenital disorder of deglycosylation 2	35	27	0	HP:0002000	ORPHA:528084	dans syndromes
4.7	OMIM:619466	Ciliary dyskinesia, primary, 47, and lissencephaly	12	7	0	HP:0001250;HP:0001274	—	
4.7	OMIM:619083	Delpire-Mcneill syndrome	16	7	0	HP:0001274;HP:0001629	ORPHA:528084,ORPHA:633014,ORPHA:633024	dans syndromes
4.7	OMIM:618985	Growth hormone insensitivity with immune dysregulation 2, autosomal dominant	12	7	0	HP:0000252;HP:0004322	ORPHA:220465	
4.7	OMIM:618776	Mitochondrial complex I deficiency, nuclear type 34	14	7	0	HP:0001250;HP:0001511	ORPHA:2609	
4.7	OMIM:618606	Pontocerebellar hypoplasia, type 13	40	27	0	HP:0000252	ORPHA:613267	
4.7	OMIM:618468	Epileptic encephalopathy, early infantile, 76	18	7	0	HP:0000252;HP:0001250	ORPHA:442835	
4.7	OMIM:618149	Orofacial cleft 8	9	7	0	HP:0001627;HP:0004322	ORPHA:199306	
4.7	OMIM:618131	Immunodeficiency 58	42	27	0	HP:0004322	ORPHA:542301	
4.7	OMIM:617065	Epileptic encephalopathy, early infantile, 40	22	7	0	HP:0001250;HP:0001511	ORPHA:697160	
4.7	OMIM:617051	Neurodevelopmental disorder with microcephaly and gray sclerae	15	7	0	HP:0000252;HP:0001250	ORPHA:488627	
4.7	OMIM:617026	Pontocerebellar hypoplasia, type 2F	23	7	0	HP:0001250;HP:0001321	ORPHA:2524	
4.7	OMIM:616420	Leukodystrophy, hypomyelinating, 10	39	27	0	HP:0001250	ORPHA:481152	
4.7	OMIM:616139	Developmental and epileptic encephalopathy 27	24	7	0	HP:0000252;HP:0001250	ORPHA:697160	
4.7	OMIM:614100	Cutis laxa, neonatal, with marfanoid phenotype	8	7	0	HP:0000776;HP:0001627	ORPHA:171719	
4.7	OMIM:611943	Riddle syndrome	11	7	0	HP:0000252;HP:0004322	ORPHA:420741	
4.7	OMIM:607941	Atrial septal defect 2	10	7	0	HP:0001629;HP:0001631	ORPHA:1478	
4.7	OMIM:606176	Diabetes mellitus, permanent neonatal 1	8	7	2	HP:0001511	ORPHA:79134,ORPHA:99885	
4.7	OMIM:302905	Charge-Like syndrome, X-linked	9	7	0	HP:0000175;HP:0004322	ORPHA:921	
4.7	OMIM:301835	Arts syndrome	24	7	0	HP:0001250;HP:0001522	ORPHA:1187	
4.7	OMIM:300886	Intellectual developmental disorder, X-linked, syndromic 32	13	7	0	HP:0000238;HP:0001250	ORPHA:324410	
4.7	OMIM:300471	Cubitus valgus with impaired intellectual development and unusual facies	11	7	0	HP:0000252;HP:0001250	ORPHA:85280	
4.7	OMIM:243440	Isotretinoin embryopathy-like syndrome	8	7	0	HP:0000175;HP:0000238	ORPHA:2306	
4.7	OMIM:236795	3-hydroxyisobutyric aciduria	10	7	0	HP:0000252;HP:0002269	ORPHA:939	
4.7	OMIM:227810	Fanconi-Bickel syndrome	37	27	0	HP:0002240	ORPHA:2088	
4.7	OMIM:211350	Kyphomelic dysplasia	29	27	0	HP:0000175	ORPHA:1801	
4.7	OMIM:152950	Microcephaly with or without chorioretinopathy, lymphedema, or impaired intellectual development	42	27	0	HP:0000252	ORPHA:2526	
4.7	OMIM:133180	Erythroleukemia, familial, susceptibility to	10	7	0	HP:0001744;HP:0002240	ORPHA:318	
4.7	OMIM:129850	Edinburgh malformation syndrome	11	7	0	HP:0000238;HP:0001522	ORPHA:1895	
4.6	OMIM:620651	Diabetes, deafness, developmental delay, and short stature syndrome	17	6	0	HP:0000252;HP:0004322	—	
4.6	OMIM:620451	Combined oxidative phosphorylation deficiency 58	50	26	0	HP:0000252	ORPHA:590,ORPHA:716917	
4.6	OMIM:620416	Spastic paraplegia 90A, autosomal dominant	22	6	0	HP:0001250;HP:0004322	—	
4.6	OMIM:620310	Congenital myopathy 20	38	26	0	HP:0001250	—	
4.6	OMIM:620094	Neurodevelopmental disorder with eye movement abnormalities and ataxia	25	6	0	HP:0001250;HP:0001631	—	
4.6	OMIM:620033	Developmental and epileptic encephalopathy 107	16	6	0	HP:0000252;HP:0001250	ORPHA:442835	
4.6	OMIM:618858	Diabetes mellitus, permanent neonatal 4	8	6	4		ORPHA:99885	
4.6	OMIM:618383	Intellectual developmental disorder, autosomal recessive 69	15	6	0	HP:0000252;HP:0001321	—	
4.6	OMIM:618232	Mitochondrial complex I deficiency, nuclear type 9	13	6	0	HP:0001250;HP:0003811	ORPHA:2609	
4.6	OMIM:617938	Developmental and epileptic encephalopathy 62	20	6	0	HP:0000252;HP:0001250	ORPHA:442835	
4.6	OMIM:616248	Lethal congenital contracture syndrome 6	8	6	0	HP:0001558;HP:0001561	—	
4.6	OMIM:615924	Encephalopathy, progressive, with or without lipodystrophy	21	6	0	HP:0001250;HP:0002240	ORPHA:363400	
4.6	OMIM:615508	Erythroderma, congenital, with palmoplantar keratoderma, hypotrichosis, and hyper-ige	25	16	1	HP:0000252	ORPHA:369992	
4.6	OMIM:615412	Cortical dysplasia, complex, with other brain malformations 4	12	6	0	HP:0000252;HP:0001250	—	
4.6	OMIM:615222	Smith-Mccort dysplasia 2	29	26	0	HP:0004322	ORPHA:178355	
4.6	OMIM:614970	Joubert syndrome 20	14	6	0	HP:0000107;HP:0002093	ORPHA:220493,ORPHA:475	
4.6	OMIM:613986	Pituitary hormone deficiency, combined, 6	15	6	0	HP:0001250;HP:0004322	ORPHA:95494	
4.6	OMIM:613564	Chromosome 2p12-p11.2 deletion syndrome	36	26	0	HP:0001511	—	
4.6	OMIM:612475	Chromosome 1q21.1 duplication syndrome	13	6	0	HP:0001250;HP:0002007	ORPHA:250994	
4.6	OMIM:612126	Glut1 deficiency syndrome 2	21	6	0	HP:0001250;HP:0001744	ORPHA:98811	
4.6	OMIM:610992	Phosphoserine aminotransferase deficiency	16	6	0	HP:0001250;HP:0001522	ORPHA:284417,ORPHA:583595	
4.6	OMIM:610293	Glycosylphosphatidylinositol deficiency	14	6	0	HP:0001744;HP:0002240	ORPHA:83639	
4.6	OMIM:601612	Lung agenesis, congenital heart defects, and thumb anomalies syndrome	10	6	0	HP:0002093;HP:0003811	ORPHA:1120	
4.6	OMIM:601322	Porencephaly, cerebellar hypoplasia, and internal malformations	7	6	0	HP:0001321;HP:0001631	ORPHA:2941	
4.6	OMIM:600384	Aphalangia, partial, with syndactyly and duplication of metatarsaliv	10	6	0	HP:0000252;HP:0004322	ORPHA:1113	
4.6	OMIM:500007	Cyclic vomiting syndrome	27	6	0	HP:0000252;HP:0001250	—	
4.6	OMIM:304800	Diabetes insipidus, nephrogenic, X-linked	18	6	0	HP:0001250;HP:0004322	ORPHA:223	
4.6	OMIM:301115	Immunodeficiency 118, mycobacteriosis	12	6	0	HP:0001744;HP:0002240	—	
4.6	OMIM:301094	Neurodevelopmental disorder with gait disturbance, dysmorphic facies and behavioral abnormalities, X-linked	26	6	2	HP:0001250	—	
4.6	OMIM:271500	Splenoportal vascular anomalies	9	6	0	HP:0001395;HP:0001744	—	
4.6	OMIM:262700	Pituitary hormone deficiency, combined, 4	10	6	0	HP:0000821;HP:0004322	ORPHA:85442	
4.6	OMIM:254090	Ullrich congenital muscular dystrophy 1	41	26	0	HP:0002093	ORPHA:646098,ORPHA:646113,ORPHA:75840	
4.6	OMIM:249230	Megaepiphyseal dwarfism	8	6	0	HP:0000175;HP:0004322	—	
4.6	OMIM:237800	Hyperbilirubinemia, shunt, primary	9	6	0	HP:0001744;HP:0002240	—	
4.6	OMIM:236110	Holzgreve syndrome	7	6	0	HP:0000104;HP:0000175	ORPHA:2167	
4.6	OMIM:228930	Fibular aplasia or hypoplasia, femoral bowing and poly-, syn-, and oligodactyly	29	26	0	HP:0004322	ORPHA:2854	
4.6	OMIM:190440	Trigonocephaly 1	21	16	1	HP:0000252	ORPHA:3366	
4.6	OMIM:157980	MOMO syndrome	34	26	0	HP:0002007	ORPHA:2563	
4.6	OMIM:130000	Ehlers-danlos syndrome, type I	35	26	0	HP:0004322	ORPHA:287	
4.6	OMIM:125800	Diabetes insipidus, nephrogenic, 2	18	6	0	HP:0001250;HP:0004322	ORPHA:223	
4.6	OMIM:113301	Brachydactyly, type e, with atrial septal defect, type II	7	6	0	HP:0001631;HP:0004322	—	
4.5	OMIM:620727	Ullrich congenital muscular dystrophy 1B	41	25	0	HP:0001558	ORPHA:75840	
4.5	OMIM:620417	Spastic paraplegia 90B, autosomal recessive	20	5	0	HP:0001250;HP:0004322	—	
4.5	OMIM:620331	Hatipoglu immunodeficiency syndrome	37	25	0	HP:0001511	—	
4.5	OMIM:620243	Leukodystrophy, hypomyelinating, 25	20	5	0	HP:0000252;HP:0001250	—	
4.5	OMIM:619927	Intellectual developmental disorder, autosomal dominant 67	25	5	0	HP:0000821;HP:0001250	ORPHA:178469	
4.5	OMIM:618806	T-cell lymphopenia, infantile, with or without nail dystrophy, autosomal dominant	7	5	2	HP:0002090	ORPHA:676039	
4.5	OMIM:618402	Intellectual developmental disorder, autosomal recessive 70	18	5	0	HP:0000252;HP:0001250	ORPHA:88616	
4.5	OMIM:618381	Facial dysmorphism, hypertrichosis, epilepsy, intellectual/developmental delay, and gingival overgrowth syndrome	38	25	0	HP:0001156	ORPHA:598603	
4.5	OMIM:617432	Intellectual developmental disorder, autosomal recessive 60	10	5	0	HP:0000252;HP:0004322	ORPHA:2512	
4.5	OMIM:617352	Mulchandani-Bhoj-Conlin syndrome	18	15	1	HP:0001511	ORPHA:96186	
4.5	OMIM:617188	Intellectual developmental disorder, autosomal recessive 57	19	5	0	HP:0000252;HP:0001250	ORPHA:88616	
4.5	OMIM:617068	Portal hypertension, noncirrhotic	6	5	0	HP:0001744;HP:0002240	ORPHA:494348	
4.5	OMIM:616949	Spinocerebellar ataxia, autosomal recessive 23	11	5	0	HP:0000252;HP:0001250	ORPHA:404493	
4.5	OMIM:616763	Leukodystrophy and acquired microcephaly with or without dystonia	13	5	0	HP:0000252;HP:0001250	—	
4.5	OMIM:616622	Immunodeficiency 42	10	5	0	HP:0001744;HP:0002240	ORPHA:477857	
4.5	OMIM:616479	Progressive external ophthalmoplegia with mitochondrial DNA deletions, autosomal recessive 2	46	25	0	HP:0002093	ORPHA:329336	
4.5	OMIM:616325	Myasthenic syndrome, congenital, 9, associated with acetylcholine receptor deficiency	34	15	1	HP:0002093	ORPHA:590,ORPHA:716825,ORPHA:98913	
4.5	OMIM:615595	Combined oxidative phosphorylation deficiency 19	29	15	1	HP:0002240	ORPHA:397593	
4.5	OMIM:614429	Ventricular septal defect 1	7	5	0	HP:0001629;HP:0001631	—	
4.5	OMIM:614402	Microphthalmia, syndromic 11	9	5	0	HP:0000175;HP:0001274	—	
4.5	OMIM:613869	Myopathy, myofibrillar, fatal infantile hypertonic, alpha-B crystallin-related	13	5	0	HP:0001522;HP:0002093	ORPHA:280553	
4.5	OMIM:612656	Episodic ataxia, type 6	22	5	0	HP:0001250;HP:0001321	ORPHA:209967	
4.5	OMIM:612621	Intellectual developmental disorder, autosomal dominant 5	21	5	0	HP:0000252;HP:0001250	ORPHA:544254	
4.5	OMIM:612109	Oculoauricular syndrome	34	25	2		ORPHA:157962	
4.5	OMIM:611560	Joubert syndrome 7	25	15	1	HP:0000107	ORPHA:220497,ORPHA:475	
4.5	OMIM:610965	XFE progeroid syndrome	37	25	0	HP:0000252	—	
4.5	OMIM:608393	Microcephaly, primary autosomal recessive, 6	12	5	0	HP:0000252;HP:0001250	ORPHA:2512	
4.5	OMIM:606612	Muscular dystrophy-dystroglycanopathy (congenital with or without impaired intellectual development), type B, 5	45	25	0	HP:0000252	ORPHA:370959,ORPHA:370968,ORPHA:370980	
4.5	OMIM:601187	Gurrieri syndrome	9	5	0	HP:0001250;HP:0004322	ORPHA:1858	
4.5	OMIM:600559	Hydrocephalus, endocardial fibroelastosis, and cataracts	5	5	0	HP:0001522;HP:0001561	ORPHA:2119	
4.5	OMIM:600546	Intrauterine growth retardation with increased mitomycin C sensitivity	8	5	0	HP:0000252;HP:0001511	—	
4.5	OMIM:600462	Myopathy, lactic acidosis, and sideroblastic anemia 1	39	25	0	HP:0000252	ORPHA:2598	
4.5	OMIM:300271	Intellectual developmental disorder, X-linked 72	11	5	0	HP:0001250;HP:0004322	ORPHA:777	dans syndromes
4.5	OMIM:276822	Ulnar agenesis and endocardial fibroelastosis	6	5	0	HP:0001789;HP:0003811	—	
4.5	OMIM:270460	Sonoda syndrome	8	5	0	HP:0001629;HP:0004322	ORPHA:1355	
4.5	OMIM:234500	Hartnup disorder	19	5	0	HP:0001250;HP:0004322	ORPHA:2116	
4.5	OMIM:226670	Epidermolysis bullosa simplex with muscular dystrophy	22	15	1	HP:0004322	ORPHA:257	
4.5	OMIM:212080	Cardiac lipidosis, familial	6	5	0	HP:0000252;HP:0001522	ORPHA:137675	
4.5	OMIM:210350	Biemond syndrome II	7	5	0	HP:0000238;HP:0004322	ORPHA:141333	
4.5	OMIM:210050	Berry aneurysm, cirrhosis, pulmonary emphysema, and cerebral calcification	10	5	0	HP:0001250;HP:0004322	—	
4.5	OMIM:207750	Apolipoprotein C-II deficiency	10	5	0	HP:0001744;HP:0002240	ORPHA:309020,ORPHA:444490	
4.5	OMIM:166990	Osteochondrodysplasia, rhizomelic, with callosal agenesis, thrombocytopenia,hydrocephalus, and hypertension	6	5	0	HP:0000238;HP:0001274	—	
4.5	OMIM:103285	Adult syndrome	28	25	0	HP:0000202	ORPHA:978	
4.4	OMIM:621539	Ebstein-Bezieau neurodevelopmental syndrome	11	4	0	HP:0000252;HP:0004322	—	
4.4	OMIM:620540	Developmental delay with or without epilepsy	32	4	0	HP:0000252;HP:0001250	—	
4.4	OMIM:620515	Neurodevelopmental disorder with motor regression, progressive spastic paraplegia, and oromotor dysfunction	16	4	0	HP:0000252;HP:0004322	—	
4.4	OMIM:619340	Developmental and epileptic encephalopathy 96	11	4	0	HP:0001522;HP:0001789	ORPHA:1934	
4.4	OMIM:619248	Vitreoretinopathy with phalangeal epiphyseal dysplasia	7	4	0	HP:0001156;HP:0004322	—	
4.4	OMIM:619121	Neurodevelopmental disorder with cardiomyopathy, spasticity, and brain abnormalities	41	24	0	HP:0000252	—	
4.4	OMIM:618881	Galactosemia IV	7	4	2	HP:0002240	ORPHA:570422	
4.4	OMIM:618761	Catifa syndrome	24	14	1	HP:0000175	ORPHA:199306	
4.4	OMIM:618378	Combined oxidative phosphorylation deficiency 38	22	14	1	HP:0002093	—	
4.4	OMIM:618328	Epileptic encephalopathy, early infantile, 71	12	4	0	HP:0001250;HP:0002093	ORPHA:557064	
4.4	OMIM:617391	Epileptic encephalopathy, early infantile, 54	19	4	0	HP:0000252;HP:0001250	ORPHA:1934	
4.4	OMIM:617268	Neurodevelopmental disorder with hypotonia, seizures, and absent language	40	24	0	HP:0001250	ORPHA:726695	
4.4	OMIM:617008	Cerebral palsy, spastic quadriplegic, 3	20	4	0	HP:0000252;HP:0001250	ORPHA:210141	
4.4	OMIM:616875	Cerebellar atrophy, visual impairment, and psychomotor retardation	37	24	0	HP:0001250	ORPHA:480898	
4.4	OMIM:616789	Impaired intellectual development and distinctive facial features with or without cardiac defects	36	24	0	HP:0002007	ORPHA:369891	
4.4	OMIM:616652	Yuan-Harel-Lupski syndrome	42	24	0	HP:0001629	ORPHA:477817	
4.4	OMIM:616341	Epileptic encephalopathy, early infantile, 30	13	4	0	HP:0001250;HP:0001522	ORPHA:1934,ORPHA:697160	
4.4	OMIM:615596	Congenital disorder of glycosylation, type Iw	11	4	0	HP:0000252;HP:0001250	ORPHA:370921	
4.4	OMIM:615493	Intellectual developmental disorder, autosomal recessive 37	14	4	0	HP:0000252;HP:0001250	ORPHA:356996	
4.4	OMIM:613978	Hemoglobin H disease	5	4	0	HP:0001744;HP:0002240	ORPHA:93616	
4.4	OMIM:611369	Lethal congenital contracture syndrome 3	6	4	0	HP:0002093;HP:0003811	ORPHA:137783	
4.4	OMIM:606445	Persistent polyclonal B-cell lymphocytosis	6	4	0	HP:0001744;HP:0002240	ORPHA:300324	
4.4	OMIM:257350	Nuchal bleb, familial	5	4	0	HP:0001789;HP:0003826	ORPHA:79486	
4.4	OMIM:251250	Microcephaly with cervical spine fusion anomalies	7	4	0	HP:0000252;HP:0004322	ORPHA:2522	
4.4	OMIM:241530	Hypophosphatemic rickets with hypercalciuria, hereditary	39	24	0	HP:0002007	ORPHA:157215	
4.4	OMIM:229400	Frontofacionasal dysplasia	26	24	0	HP:0000202	ORPHA:1791	
4.4	OMIM:226735	Epidermolysis bullosa with diaphragmatic hernia	5	4	0	HP:0000776;HP:0003811	—	
4.4	OMIM:215550	Circumvallate placenta syndrome	6	4	0	HP:0001561;HP:0002093	—	
4.4	OMIM:211369	Brachydactyly, type A2, with microcephaly	8	4	0	HP:0000252;HP:0001250	—	
4.4	OMIM:136570	Chromosome 16p12.1 deletion syndrome, 520-kbfragile site 16p12, included	9	4	0	HP:0000252;HP:0001250	—	
4.4	OMIM:129200	Basan syndrome	18	14	3		ORPHA:1658	
4.4	OMIM:127550	Dyskeratosis congenita, autosomal dominant, 1	31	24	0	HP:0001321	ORPHA:1775	
4.4	OMIM:119540	Cleft palate, isolated	8	4	0	HP:0000175;HP:0001250	ORPHA:2014	
4.3	OMIM:620779	Intellectual developmental disorder, autosomal recessive 82	16	3	0	HP:0000252;HP:0001250	—	
4.3	OMIM:620639	Osteogenesis imperfecta, type XXIII	16	13	1	HP:0004322	—	
4.3	OMIM:620601	Garg-Mishra progeroid syndrome	30	23	0	HP:0004322	—	
4.3	OMIM:620504	Developmental and epileptic encephalopathy 111	40	23	0	HP:0002007	ORPHA:442835	
4.3	OMIM:619897	Cardiomyopathy, dilated, 2G	20	13	1	HP:0003811	ORPHA:154	
4.3	OMIM:619813	Neutropenia, severe congenital, 9, autosomal dominant	10	3	0	HP:0001250;HP:0001744	ORPHA:486	
4.3	OMIM:619609	Galloway-Mowat syndrome 10	18	13	1	HP:0000252	ORPHA:2065	
4.3	OMIM:619314	Buratti-Harel syndrome	31	23	0	HP:0001631	ORPHA:528084	dans syndromes
4.3	OMIM:619157	Neurodevelopmental disorder with or without early-onset generalized epilepsy	22	3	0	HP:0000252;HP:0001250	ORPHA:528084	dans syndromes
4.3	OMIM:618596	Epilepsy, idiopathic generalized, susceptibility to, 16	10	3	0	HP:0000252;HP:0004322	—	
4.3	OMIM:617675	Myopathy, mitochondrial, and ataxia	43	23	0	HP:0004322	ORPHA:502423	
4.3	OMIM:617662	Joint laxity, short stature, and myopia	17	13	1	HP:0004322	ORPHA:527450	
4.3	OMIM:617300	Lymphatic malformation 7	17	13	1	HP:0001631	ORPHA:568065	
4.3	OMIM:617182	Language delay and attention deficit-hyperactivity disorder/cognitive impairment with or without cardiac arrhythmia	18	3	0	HP:0000252;HP:0001250	ORPHA:542306	
4.3	OMIM:617013	Hypermanganesemia with dystonia 2	45	23	0	HP:0000252	ORPHA:521406	
4.3	OMIM:616418	Hypomagnesemia, seizures, and impaired intellectual development 1	14	3	0	HP:0000252;HP:0001250	ORPHA:620363	
4.3	OMIM:614857	Methylmalonic aciduria and homocystinuria, Cblj type	38	23	0	HP:0001631	ORPHA:26,ORPHA:369955	
4.3	OMIM:614852	Microcephaly 9, primary, autosomal recessive	10	3	0	HP:0000252;HP:0001250	ORPHA:2512	
4.3	OMIM:614432	Ventricular septal defect 3	6	3	0	HP:0001629;HP:0001631	—	
4.3	OMIM:614037	Leukotriene C4 synthase deficiency	7	3	0	HP:0000252;HP:0001522	ORPHA:79507	
4.3	OMIM:609698	Thyroid hormone metabolism, abnormal	9	3	0	HP:0000821;HP:0004322	ORPHA:171706	
4.3	OMIM:609285	Nemaline myopathy 4	50	23	0	HP:0001250	ORPHA:171436,ORPHA:171439,ORPHA:171881	
4.3	OMIM:605321	Frontoocular syndrome	29	23	0	HP:0001631	—	
4.3	OMIM:601680	Arthrogryposis, distal, type 2B	24	23	0	HP:0004322	ORPHA:1147	
4.3	OMIM:600081	Vitamin D hydroxylation-deficient rickets, type 1B	34	23	0	HP:0002007	ORPHA:289157	
4.3	OMIM:311400	Paine syndrome	6	3	0	HP:0000252;HP:0001321	—	
4.3	OMIM:309555	Intellectual developmental disorder, X-linked syndromic, Gustavson type	11	3	0	HP:0000252;HP:0001250	ORPHA:3078	
4.3	OMIM:300123	Intellectual developmental disorder, X-linked, with isolated growth hormone deficiency	7	3	0	HP:0000821;HP:0004322	ORPHA:231692,ORPHA:631,ORPHA:67045	
4.3	OMIM:260565	Peho syndrome	32	23	0	HP:0001250	ORPHA:2836	
4.3	OMIM:260500	Papilloma of choroid plexus	10	3	0	HP:0000238;HP:0001250	ORPHA:251899,ORPHA:2807	
4.3	OMIM:251200	Microcephaly, primary autosomal recessive, 1	8	3	0	HP:0001250;HP:0004322	ORPHA:2512	
4.3	OMIM:225060	Cleft lip/palate-ectodermal dysplasia syndrome	28	23	0	HP:0000175	ORPHA:141291,ORPHA:199302,ORPHA:199306,ORPHA:3253	
4.3	OMIM:213000	Cerebellar hypoplasia/atrophy, epilepsy, and global developmental delay	11	3	0	HP:0001250;HP:0001321	ORPHA:2246	
4.3	OMIM:201170	Acrofacial dysostosis syndrome of rodriguez	25	23	0	HP:0004322	ORPHA:1788	
4.3	OMIM:115197	Cardiomyopathy, familial hypertrophic, 4	34	23	0	HP:0002240	—	
4.2	OMIM:620776	Thrombocytopenia 13, syndromic	28	22	0	HP:0002240	—	
4.2	OMIM:620389	Nemaline myopathy 5C, autosomal dominant	40	22	0	HP:0002093	—	
4.2	OMIM:619517	Neurodevelopmental disorder with seizures and brain abnormalities	30	12	1	HP:0000252	—	
4.2	OMIM:619228	Developmental delay with dysmorphic facies and dental anomalies	15	2	0	HP:0000252;HP:0001250	ORPHA:684232	
4.2	OMIM:618103	Intellectual developmental disorder, autosomal recessive 64	14	2	0	HP:0000252;HP:0001250	—	
4.2	OMIM:617807	Neurodevelopmental disorder with ataxic gait, absent speech, and decreased cortical white matter	43	22	0	HP:0000252	—	
4.2	OMIM:616708	Desanto-Shinawi syndrome	39	22	0	HP:0001250	ORPHA:284169,ORPHA:466943,ORPHA:466950	
4.2	OMIM:615414	Microcephaly 11, primary, autosomal recessive	3	2	0	HP:0000252;HP:0004322	ORPHA:2512	
4.2	OMIM:614684	Hypertelorism and other facial dysmorphism, brachydactyly, genital abnormalities, impaired intellectual development, and recurrent inflammatory episodes	26	22	0	HP:0001156	—	
4.2	OMIM:610204	Pontocerebellar hypoplasia, type 5	5	2	0	HP:0000252;HP:0001250	ORPHA:166068	
4.2	OMIM:608874	Orofacial cleft 5	3	2	2	HP:0000175	ORPHA:141291,ORPHA:199302,ORPHA:199306	
4.2	OMIM:306950	Hernia, anterior diaphragmatic	2	2	0	HP:0000776;HP:0003811	ORPHA:2140	
4.2	OMIM:265430	Pulmonary hypoplasia, primary	3	2	0	HP:0002089;HP:0003811	ORPHA:2257	
4.2	OMIM:236600	Hydrocephalus, nonsyndromic, autosomal recessive 1	6	2	0	HP:0000238;HP:0001250	ORPHA:2185,ORPHA:269510	
4.2	OMIM:176400	Precocious puberty, central	6	2	0	HP:0000821;HP:0004322	ORPHA:650097	
4.2	OMIM:135950	Finger locking, recurrent, with intrauterine growth retardation andproportionate short stature	3	2	0	HP:0001511;HP:0004322	ORPHA:1937	
4.1	OMIM:620398	Glycine encephalopathy 2	10	1	2	HP:0001250	ORPHA:289857,ORPHA:289860,ORPHA:289863,ORPHA:407	
4.1	OMIM:619580	Neurodevelopmental disorder with impaired language and ataxia and with or without seizures	55	21	0	HP:0000252	ORPHA:528084	dans syndromes
4.1	OMIM:619092	Neurodevelopmental disorder with microcephaly, impaired language, epilepsy, and gait abnormalities, autosomal dominant	38	21	0	HP:0000252	ORPHA:528084,ORPHA:730327	dans syndromes
4.1	OMIM:618914	Neurodevelopmental, jaw, eye, and digital syndrome	35	21	0	HP:0001156	ORPHA:528084	dans syndromes
4.1	OMIM:618604	Snijders Blok-Fisher syndrome	21	11	1	HP:0001250	ORPHA:656135	
4.1	OMIM:618535	Ectodermal dysplasia 15, Hypohidrotic/hair type	14	11	3		ORPHA:248	
4.1	OMIM:618484	Arthrogryposis multiplex congenita 3, myogenic type	31	21	0	HP:0001558	ORPHA:319332	
4.1	OMIM:618482	Generalized epilepsy with febrile seizures plus, type 10	10	1	0	HP:0000252;HP:0001250	ORPHA:36387	
4.1	OMIM:618321	Encephalopathy, progressive, early-onset, with brain edema and/or leukoencephalopathy, 2	46	21	0	HP:0001250	ORPHA:555402	
4.1	OMIM:617773	Intellectual developmental disorder, autosomal recessive 61	50	31	1		—	
4.1	OMIM:617235	Myoclonus, intractable, neonatal	24	11	1	HP:0000252	—	
4.1	OMIM:616367	Mandibulofacial dysostosis with alopecia	26	21	0	HP:0000175	ORPHA:443995	
4.1	OMIM:615474	Primary aldosteronism, seizures, and neurologic abnormalities	23	11	1	HP:0001629	ORPHA:369929	
4.1	OMIM:615381	Mandibular hypoplasia, deafness, progeroid features, and lipodystrophy syndrome	27	21	0	HP:0002240	ORPHA:363649	
4.1	OMIM:610913	Surfactant metabolism dysfunction, pulmonary, 2	29	11	1	HP:0002093	ORPHA:217566,ORPHA:440392	
4.1	OMIM:602771	Rigid spine muscular dystrophy 1	37	21	0	HP:0004322	ORPHA:324604,ORPHA:598,ORPHA:84132,ORPHA:97244	
4.1	OMIM:256540	Galactosialidosis	15	11	1	HP:0001250	ORPHA:351	dans syndromes
4.1	OMIM:217200	Convulsive disorder, familial, with prenatal or early onset	5	1	0	HP:0001250;HP:0001522	—	
4.1	OMIM:193220	Vitreoretinochoroidopathy	20	11	3		ORPHA:263347,ORPHA:3086	
4.1	OMIM:185480	Suprabulbar paresis, congenital	8	1	0	HP:0000252;HP:0001250	ORPHA:3465	
4.1	OMIM:185070	Stormorken syndrome	28	21	0	HP:0004322	ORPHA:3204	
4.1	OMIM:158310	Mucoepithelial dysplasia, hereditary	32	21	0	HP:0002090	ORPHA:1839	
4.1	OMIM:154230	46,xy sex reversal 4	28	21	0	HP:0000175	ORPHA:242,ORPHA:251510	dans syndromes
4.0	OMIM:621535	Spinocerebellar ataxia 52	72	20	0	HP:0004322	—	
4.0	OMIM:621237	Cardiomyopathy, dilated, 2L	33	20	0	HP:0002240	—	
4.0	OMIM:620233	Respiratory infections, recurrent, and failure to thrive with or without diarrhea	43	20	0	HP:0002240	ORPHA:714484	
4.0	OMIM:620089	Neurodegeneration, childhood-onset, with multisystem involvement due to mitochondrial dysfunction	36	20	0	HP:0001250	—	
4.0	OMIM:619065	Mitochondrial complex IV deficiency, nuclear type 21	20	10	1	HP:0004322	ORPHA:70472	
4.0	OMIM:618918	Periventricular nodular heterotopia 9	35	20	0	HP:0000252	ORPHA:98892	
4.0	OMIM:618890	Neurodevelopmental disorder and structural brain anomalies with or without seizures and spasticity	20	10	1	HP:0000252	ORPHA:528084	dans syndromes
4.0	OMIM:618851	Combined oxidative phosphorylation deficiency 43	14	10	1	HP:0001511	—	
4.0	OMIM:618282	Hyper-IgE recurrent infection syndrome 3, autosomal recessive	31	20	0	HP:0001631	ORPHA:641368	
4.0	OMIM:618154	Hennekam lymphangiectasia-lymphedema syndrome 3	15	10	1	HP:0001561	ORPHA:2136	dans syndromes
4.0	OMIM:616803	Lamb-Shaffer syndrome	28	20	0	HP:0002007	ORPHA:313884,ORPHA:313892,ORPHA:530983	
4.0	OMIM:616455	Zimmermann-Laband syndrome 2	25	20	0	HP:0004322	ORPHA:3473	
4.0	OMIM:615828	Vulto-van Silfout-de Vries syndrome	31	20	0	HP:0002007	ORPHA:714385	
4.0	OMIM:615516	Intellectual developmental disorder, autosomal recessive 38	24	10	1	HP:0001250	ORPHA:329195	
4.0	OMIM:614520	Encephalomyopathy, mitochondrial, due to voltage-dependent anion channel deficiency	24	20	0	HP:0001250	—	
4.0	OMIM:614034	Heme oxygenase-1 deficiency	24	20	0	HP:0002240	ORPHA:562509	
4.0	OMIM:612954	Myopathy, myofibrillar, 6	36	20	0	HP:0002093	ORPHA:199340	
4.0	OMIM:612731	Faciocardiomelic syndrome	24	20	0	HP:0000252	—	
4.0	OMIM:612291	Joubert syndrome 8	20	10	1	HP:0002240	ORPHA:475	
4.0	OMIM:611755	Leber congenital amaurosis 10	4	0	2	HP:0001250	ORPHA:65	
4.0	OMIM:609616	Spondylomegaepiphyseal dysplasia with upper limb mesomelia, punctatecalcifications, and deafness	25	20	0	HP:0001156	—	
4.0	OMIM:607855	Muscular dystrophy, congenital, merosin deficient or partially deficient	18	10	1	HP:0001250	ORPHA:258	
4.0	OMIM:607091	Congenital disorder of glycosylation, type IID	13	10	1	HP:0000238	ORPHA:79332	
4.0	OMIM:300919	Intellectual developmental disorder, X-linked 99	18	10	1	HP:0001511	ORPHA:777	dans syndromes
4.0	OMIM:263800	Gitelman syndrome	39	20	0	HP:0001250	ORPHA:358	
4.0	OMIM:184705	Steinfeld syndrome	22	20	0	HP:0001627	ORPHA:3186	
3.9	OMIM:620807	Immunodeficiency 121 with autoinflammation	29	19	0	HP:0002240	ORPHA:39041	
3.9	OMIM:620732	Neurodevelopmental disorder with hyperkinetic movements, seizures and structural brain abnormalities	40	19	0	HP:0000252	—	
3.9	OMIM:620632	Immunodeficiency 115 with autoinflammation	33	19	0	HP:0001744	ORPHA:329173	
3.9	OMIM:620240	Developmental delay with hypotonia, myopathy, and brain abnormalities	27	19	0	HP:0000252	—	
3.9	OMIM:620183	Microcephaly 30, primary, autosomal recessive	22	19	0	HP:0001511	ORPHA:2512	
3.9	OMIM:620047	Microcephaly 29, primary, autosomal recessive	19	9	1	HP:0001250	ORPHA:2512	
3.9	OMIM:619797	Neurodevelopmental disorder with central hypotonia and dysmorphic facies	38	19	0	HP:0001250	—	
3.9	OMIM:619178	Myofibrillar myopathy 11	24	9	1	HP:0001558	—	
3.9	OMIM:618733	Neuromuscular disease and ocular or auditory anomalies with or without seizures	33	19	0	HP:0001274	—	
3.9	OMIM:618618	Spondyloepiphyseal dysplasia, Nishimura type	31	19	0	HP:0001156	ORPHA:623695	
3.9	OMIM:618501	Cerebellar atrophy with seizures and variable developmental delay	22	9	1	HP:0001250	—	
3.9	OMIM:617762	Leukodystrophy, progressive, early childhood-onset	26	19	0	HP:0004322	ORPHA:502444	
3.9	OMIM:617186	Encephalopathy, progressive, early-onset, with brain edema and/or leukoencephalopathy, 1	42	19	0	HP:0001250	ORPHA:555407	
3.9	OMIM:616974	Combined oxidative phosphorylation deficiency 30	29	19	0	HP:0001522	ORPHA:478042	
3.9	OMIM:616430	Combined oxidative phosphorylation deficiency 25	27	19	0	HP:0004322	ORPHA:447954	
3.9	OMIM:615926	Webb-Dattani syndrome	28	19	0	HP:0004322	ORPHA:370006	
3.9	OMIM:612916	Zechi-Ceide syndrome	23	19	0	HP:0000175	ORPHA:217017	
3.9	OMIM:609441	Acromesomelic dysplasia, Demirhan type	25	19	0	HP:0001156	—	
3.9	OMIM:608710	Granulomatosis with polyangiitis	35	19	0	HP:0002093	ORPHA:900	
3.9	OMIM:313420	Spondylometaphyseal dysplasia, X-linked	28	19	0	HP:0002093	ORPHA:168544	
3.9	OMIM:301026	Keipert syndrome	23	19	0	HP:0001156	ORPHA:2662	
3.9	OMIM:212350	Sengers syndrome	37	19	0	HP:0002093	ORPHA:1369	
3.9	OMIM:210200	3-Methylcrotonyl-CoA carboxylase 1 deficiency	60	19	0	HP:0001250	ORPHA:6	dans syndromes
3.9	OMIM:104350	Amastia, bilateral, with ureteral triplication and dysmorphism	22	19	0	HP:0000238	—	
3.8	OMIM:621409	Autoinflammation and autoimmunity, systemic, with immune dysregulation 2 	31	18	0	HP:0001250	—	
3.8	OMIM:621099	Spondyloepimetaphyseal dysplasia, Li-Shao-Li type	24	18	0	HP:0004322	—	
3.8	OMIM:620910	Otofacial neurodevelopmental syndrome	33	18	0	HP:0000175	—	
3.8	OMIM:620657	Amyloidosis, hereditary systemic 3	30	18	0	HP:0002240	—	
3.8	OMIM:620375	Muscular dystrophy, limb-girdle, autosomal recessive 28	38	18	0	HP:0002093	ORPHA:653725	
3.8	OMIM:619877	Dentici-Novelli neurodevelopmental syndrome	29	18	0	HP:0000252	ORPHA:528084	dans syndromes
3.8	OMIM:619736	Teebi hypertelorism syndrome 2	26	18	0	HP:0000175	—	
3.8	OMIM:618272	Global developmental delay, lung cysts, overgrowth, and wilms tumor	23	18	0	HP:0002007	ORPHA:404476	
3.8	OMIM:617854	Intellectual developmental disorder, autosomal dominant 56	42	18	0	HP:0001250	ORPHA:178469,ORPHA:442835	
3.8	OMIM:616654	Joubert syndrome 24	19	8	1	HP:0001321	ORPHA:475	
3.8	OMIM:616299	Lipoyltransferase 1 deficiency	26	18	0	HP:0001522	ORPHA:401862	
3.8	OMIM:616000	Analbuminemia	14	8	1	HP:0001562	ORPHA:86816	
3.8	OMIM:615760	Microcephaly, progressive, with seizures and cerebral and cerebellar atrophy	25	18	0	HP:0000252	ORPHA:404437	
3.8	OMIM:614838	Hypogonadotropic hypogonadism 9 with or without anosmia	13	8	1	HP:0000175	ORPHA:432,ORPHA:478	
3.8	OMIM:614669	Auriculocondylar syndrome 2	30	18	0	HP:0000175	ORPHA:137888	
3.8	OMIM:614069	Immunodeficiency-Centromeric instability-facial anomalies syndrome2	29	18	0	HP:0002090	ORPHA:2268	dans syndromes
3.8	OMIM:613328	Roifman-Chitayat syndrome	22	18	0	HP:0002090	ORPHA:221139	
3.8	OMIM:613205	LMNA-related congenital muscular dystrophy	37	18	0	HP:0001558	ORPHA:157973	
3.8	OMIM:609052	Spondylometaphyseal dysplasia, type A4	24	18	0	HP:0001156	ORPHA:168555	
3.8	OMIM:607426	Coenzyme Q10 deficiency, primary, 1	42	18	0	HP:0001250	—	
3.8	OMIM:605355	Nemaline myopathy 5, Amish type	16	8	1	HP:0002093	ORPHA:98902	
3.8	OMIM:602483	Auriculocondylar syndrome 1	26	18	0	HP:0000175	ORPHA:137888	
3.8	OMIM:601238	Cerebellar ataxia, Cayman type	21	8	1	HP:0001321	ORPHA:94122	
3.8	OMIM:276300	Mismatch repair cancer syndrome 1	23	18	0	HP:0001274	ORPHA:252202	
3.8	OMIM:266510	Peroxisome biogenesis disorder 3B	33	18	0	HP:0002240	ORPHA:44,ORPHA:772,ORPHA:79189	
3.8	OMIM:181405	Scapuloperoneal spinal muscular atrophy	33	18	0	HP:0002093	ORPHA:431255	
3.8	OMIM:176690	Progeroid short stature with pigmented nevi	31	18	0	HP:0004322	ORPHA:2959	
3.7	OMIM:620774	Developmental and epileptic encephalopathy 114	40	17	0	HP:0000238	ORPHA:1934	
3.7	OMIM:620535	Developmental delay, dysmorphic facies, and brain anomalies	26	17	0	HP:0000252	—	
3.7	OMIM:620149	Developmental and epileptic encephalopathy 110	30	17	0	HP:0000252	ORPHA:442835	
3.7	OMIM:619603	Galloway-Mowat syndrome 9	23	17	0	HP:0000252	ORPHA:2065	
3.7	OMIM:619599	Epidermolysis bullosa simplex 2D, generalized, intermediate or severe, autosomal recessive	14	7	1	HP:0001522	ORPHA:89838	
3.7	OMIM:619557	SIMHA syndrome	27	17	0	HP:0004322	—	
3.7	OMIM:619051	Mitochondrial complex IV deficiency, nuclear type 7	27	17	0	HP:0001511	ORPHA:254905	
3.7	OMIM:618512	O'donnell-Luria-Rodan syndrome	29	17	0	HP:0001250	ORPHA:528084	dans syndromes
3.7	OMIM:618167	Osteochondrodysplasia, brachydactyly, and overlapping malformed digits	22	17	0	HP:0001156	—	
3.7	OMIM:618124	Peripheral neuropathy, autosomal recessive, with or without impaired intellectual development	34	17	0	HP:0004322	—	
3.7	OMIM:618056	Neurodevelopmental disorder with cerebellar atrophy and with or without seizures	34	17	0	HP:0001250	ORPHA:435845	
3.7	OMIM:616819	Corpus callosum, agenesis of, with facial anomalies and cerebellar ataxia	23	17	0	HP:0001321	ORPHA:466688	
3.7	OMIM:616720	Myasthenic syndrome, congenital, 19	29	17	0	HP:0002093	ORPHA:590,ORPHA:98915	
3.7	OMIM:616606	Ring chromosome 14 syndrome	28	17	0	HP:0000252	ORPHA:1440	
3.7	OMIM:616393	Intellectual developmental disorder, autosomal dominant 38	29	17	0	HP:0000252	ORPHA:528084	dans syndromes
3.7	OMIM:616351	Neurodevelopmental disorder with hypotonia, speech delay, and dysmorphic facies	26	17	0	HP:0001562	ORPHA:528084	dans syndromes
3.7	OMIM:616313	Myasthenic syndrome, congenital, 2A, slow-channel	27	17	2		ORPHA:590,ORPHA:716742,ORPHA:716765,ORPHA:98913	
3.7	OMIM:615710	Mitchell-Riley syndrome	20	17	0	HP:0001511	ORPHA:293864	
3.7	OMIM:615071	Alazami syndrome	23	17	0	HP:0000252	ORPHA:319671	
3.7	OMIM:615026	Riboflavin deficiency	11	7	3		ORPHA:411712	
3.7	OMIM:613192	Intellectual developmental disorder, autosomal recessive 13	26	17	0	HP:0001250	ORPHA:352530,ORPHA:88616	
3.7	OMIM:613095	Polycystic kidney disease 2	24	17	0	HP:0002240	ORPHA:730	
3.7	OMIM:611126	Mitochondrial complex I deficiency, nuclear type 20	22	17	0	HP:0001522	ORPHA:99901	
3.7	OMIM:609286	Progressive external ophthalmoplegia with mitochondrial DNA deletions, autosomal dominant 3	40	17	0	HP:0001250	ORPHA:254892	
3.7	OMIM:606071	Hereditary motor and sensory neuropathy, type IIC	35	17	0	HP:0004322	ORPHA:99937	
3.7	OMIM:267300	Distal renal tubular acidosis 2 with progressive sensorineural hearing loss	33	17	0	HP:0004322	ORPHA:18,ORPHA:402041	
3.7	OMIM:260920	Hyper-Igd syndrome	34	17	0	HP:0001744	ORPHA:309025,ORPHA:343	
3.7	OMIM:253700	Muscular dystrophy, limb-girdle, type 2C	22	17	0	HP:0002090	ORPHA:353	
3.7	OMIM:251110	Methylmalonic aciduria, vitamin B12-responsive, cblB type	34	17	0	HP:0002240	ORPHA:28,ORPHA:79311	
3.7	OMIM:230400	Galactosemia	31	17	0	HP:0002240	ORPHA:79239	
3.7	OMIM:218700	Hypothyroidism, congenital, nongoitrous, 2	29	17	0	HP:0000821	ORPHA:95712,ORPHA:95713,ORPHA:95719,ORPHA:95720	
3.7	OMIM:202200	Glucocorticoid deficiency 1	16	7	1	HP:0001250	ORPHA:361	
3.7	OMIM:200150	Choreoacanthocytosis	39	17	0	HP:0001250	ORPHA:2388	
3.7	OMIM:191900	Muckle-Wells syndrome	28	17	0	HP:0004322	ORPHA:575	
3.7	OMIM:186300	Syndactyly, type V	24	17	0	HP:0001156	ORPHA:93406	
3.7	OMIM:160565	Myopathy, tubular aggregate, 1	27	17	0	HP:0002093	ORPHA:2593	
3.7	OMIM:152700	Systemic lupus erythematosus	22	17	0	HP:0001250	—	
3.7	OMIM:123700	Cutis laxa, autosomal dominant 1	20	17	0	HP:0001629	ORPHA:90348	
3.7	OMIM:105210	Amyloidosis, hereditary, transthyretin-related	54	17	0	HP:0001250	ORPHA:271861,ORPHA:85447,ORPHA:85451	
3.6	OMIM:621277	Oculovertebral syndrome	29	16	0	HP:0000821	—	
3.6	OMIM:620393	Intellectual developmental disorder, autosomal recessive 79	25	16	0	HP:0001629	ORPHA:88616	
3.6	OMIM:618916	Epileptic encephalopathy, early infantile, 87	22	16	0	HP:0001250	ORPHA:442835	
3.6	OMIM:618752	Neutropenia, severe congenital, 8, autosomal dominant	13	6	1	HP:0004322	ORPHA:675767	
3.6	OMIM:618707	Neurodevelopmental disorder with absent language and variable seizures	30	16	0	HP:0001250	ORPHA:528084	dans syndromes
3.6	OMIM:618528	Mitochondrial DNA depletion syndrome 16 (hepatic type)	22	16	0	HP:0002240	—	
3.6	OMIM:618228	Mitochondrial complex I deficiency, nuclear type 6	32	16	0	HP:0002093	ORPHA:2609	
3.6	OMIM:617435	Lopes-Maciel-Rodan syndrome	33	16	0	HP:0001250	ORPHA:528084	dans syndromes
3.6	OMIM:616390	Trichothiodystrophy 2, photosensitive	10	6	1	HP:0004322	ORPHA:33364	
3.6	OMIM:616324	Myasthenic syndrome, congenital, 4B, fast-channel	16	6	1	HP:0002093	ORPHA:590,ORPHA:716742,ORPHA:716758,ORPHA:98913	
3.6	OMIM:616321	Myasthenic syndrome, congenital, 3A, slow-channel	15	6	1	HP:0002093	ORPHA:590,ORPHA:716742,ORPHA:716765,ORPHA:98913	
3.6	OMIM:614931	Ectodermal dysplasia 9, Hair/nail type	22	16	2		ORPHA:69084	
3.6	OMIM:612782	Immunodeficiency 9	27	16	0	HP:0001522	ORPHA:169090,ORPHA:317428	
3.6	OMIM:610967	Osteogenesis imperfecta, type V	20	16	0	HP:0004322	ORPHA:216828,ORPHA:666	dans syndromes
3.6	OMIM:608931	Myasthenic syndrome, congenital, 4C, associated with acetylcholine receptor deficiency	32	16	0	HP:0001558	ORPHA:590,ORPHA:716816,ORPHA:98913	
3.6	OMIM:606693	Kufor-Rakeb syndrome	42	16	0	HP:0001250	ORPHA:306674,ORPHA:314632	
3.6	OMIM:605274	Mesomelic dysplasia, Savarirayan type	20	16	0	HP:0004322	ORPHA:85170	
3.6	OMIM:600175	Neuronopathy, distal hereditary motor, type VIII	24	16	0	HP:0001558	ORPHA:1216	
3.6	OMIM:500009	Mitochondrial myopathy, infantile, transient	25	16	0	HP:0002240	ORPHA:254864	
3.6	OMIM:256300	Nephrotic syndrome, type 1	25	16	0	HP:0000821	ORPHA:839	
3.6	OMIM:174200	Polydactyly, postaxial, types A1 and B	21	16	0	HP:0100258	ORPHA:93334,ORPHA:93335	
3.6	OMIM:119500	Popliteal pterygium syndrome	21	16	0	HP:0000175	ORPHA:1300	
3.6	OMIM:101000	Neurofibromatosis, type II	31	16	0	HP:0001250	ORPHA:634475,ORPHA:637	
3.5	OMIM:620189	Mosaic variegated aneuploidy syndrome 7 with inflammation and tumor predisposition	21	15	0	HP:0000252	ORPHA:1052	
3.5	OMIM:619701	Yoon-Bellen neurodevelopmental syndrome	32	15	0	HP:0000252	—	
3.5	OMIM:619492	Cardiomyopathy, dilated, 2E	7	5	1	HP:0001522	ORPHA:154	
3.5	OMIM:619311	Hiatt-Neu-Cooper neurodevelopmental syndrome	24	15	0	HP:0001250	ORPHA:528084	dans syndromes
3.5	OMIM:619278	Microcephaly, epilepsy, and diabetes syndrome 2	9	5	1	HP:0000252	ORPHA:306558	
3.5	OMIM:619091	Neurodevelopmental disorder with microcephaly, impaired language, and gait abnormalities, autosomal recessive	28	15	0	HP:0000252	ORPHA:528084,ORPHA:730327	dans syndromes
3.5	OMIM:618658	Zimmermann-Laband syndrome 3	31	25	1		ORPHA:3473	
3.5	OMIM:618234	Mitochondrial complex I deficiency, nuclear type 11	22	15	0	HP:0002240	ORPHA:2609	
3.5	OMIM:618138	Muscular dystrophy, limb-girdle, autosomal recessive 23	28	15	0	HP:0001250	ORPHA:565837	
3.5	OMIM:617780	Combined immunodeficiency and megaloblastic anemia with or without hyperhomocysteinemia	25	15	0	HP:0001250	ORPHA:658813	
3.5	OMIM:617672	Neurodegeneration, childhood-onset, with brain atrophy	30	15	0	HP:0001250	ORPHA:500180	
3.5	OMIM:617537	Rahman syndrome	26	15	2		ORPHA:642763	
3.5	OMIM:617339	Epileptic encephalopathy, early infantile, 51	37	15	0	HP:0001250	—	
3.5	OMIM:616683	Leukodystrophy, hypomyelinating, 12	27	15	0	HP:0000252	ORPHA:466934	
3.5	OMIM:616680	Spastic paraplegia 75, autosomal recessive	32	15	2		ORPHA:459056	
3.5	OMIM:615959	Centronuclear myopathy 5	22	15	0	HP:0002093	ORPHA:169186	
3.5	OMIM:615833	Epileptic encephalopathy, early infantile, 21	13	5	1	HP:0001558	ORPHA:442835	
3.5	OMIM:614688	Pontine tegmental cap dysplasia	30	15	0	HP:0001250	ORPHA:269229	
3.5	OMIM:614195	Craniofacial anomalies and anterior segment dysgenesis syndrome	20	15	0	HP:0000238	—	
3.5	OMIM:610738	Neutropenia, severe congenital 3, autosomal recessive	15	5	1	HP:0001250	ORPHA:99749	
3.5	OMIM:609638	Epidermolysis bullosa, lethal acantholytic	17	15	0	HP:0003811	ORPHA:158687	
3.5	OMIM:301091	Epilepsy, X-linked 2, with or without impaired intellectual development and dysmorphic features	28	15	0	HP:0000175	—	
3.5	OMIM:300194	AMME complex	26	15	0	HP:0001511	ORPHA:86818	
3.5	OMIM:262190	Pineal hyperplasia, insulin-resistant diabetes mellitus, and somatic abnormalities	22	15	0	HP:0004322	ORPHA:769	
3.5	OMIM:242300	Ichthyosis, congenital, autosomal recessive 1	17	15	2		ORPHA:100976,ORPHA:281122,ORPHA:281127,ORPHA:313	
3.5	OMIM:210210	3-Methylcrotonyl-CoA carboxylase 2 deficiency	30	15	0	HP:0001250	ORPHA:6	dans syndromes
3.5	OMIM:202010	Adrenal hyperplasia, congenital, due to 11-beta-hydroxylase deficiency	21	15	0	HP:0004322	ORPHA:418,ORPHA:90795	dans syndromes
3.5	OMIM:142680	Periodic fever, familial, autosomal dominant	27	15	0	HP:0002240	ORPHA:32960	
3.4	OMIM:620292	Neurodevelopmental disorder with language delay and behavioral abnormalities, with or without seizures	37	14	0	HP:0001250	ORPHA:528084	dans syndromes
3.4	OMIM:619910	Intellectual developmental disorder, autosomal dominant 66	24	14	0	HP:0001250	ORPHA:528084	dans syndromes
3.4	OMIM:619824	Agammaglobulinemia 8B, autosomal recessive	26	14	0	HP:0001744	ORPHA:33110	
3.4	OMIM:619759	Tessadori-van Haaften neurodevelopmental syndrome 2	23	14	0	HP:0004322	ORPHA:717854	
3.4	OMIM:619446	Retinal dystrophy and microvillus inclusion disease	12	4	1	HP:0001522	ORPHA:2290,ORPHA:90349	
3.4	OMIM:619224	Mitochondrial complex II deficiency, nuclear type 4	30	14	0	HP:0000252	ORPHA:3208	
3.4	OMIM:618859	Neurodevelopmental disorder with or without autistic features and/or structural brain abnormalities	22	14	0	HP:0001250	ORPHA:528084	dans syndromes
3.4	OMIM:618702	Short stature and microcephaly with genital anomalies	23	14	0	HP:0000252	—	
3.4	OMIM:618598	Spastic tetraplegia and axial hypotonia, progressive	21	14	0	HP:0001561	—	
3.4	OMIM:618451	Neurodegeneration, early-onset, with choreoathetoid movements and microcytic anemia	32	14	0	HP:0001250	—	
3.4	OMIM:618323	Myasthenic syndrome, congenital, 25, presynaptic	25	14	0	HP:0001558	ORPHA:590,ORPHA:716899,ORPHA:716903,ORPHA:98914	
3.4	OMIM:618276	Neurodegeneration, childhood-onset, with cerebellar atrophy	34	14	0	HP:0000252	—	
3.4	OMIM:617337	Ectodermal dysplasia 12, Hypohidrotic/hair/tooth/nail type	18	14	0	HP:0000175	ORPHA:1810	
3.4	OMIM:617241	Lung disease, immunodeficiency, and chromosome breakage syndrome	21	14	2		—	
3.4	OMIM:616433	Immunodeficiency 40	25	14	0	HP:0002240	ORPHA:447737	
3.4	OMIM:616409	Developmental and epileptic encephalopathy 33	20	4	1	HP:0001250	ORPHA:442835	
3.4	OMIM:616314	Myasthenic syndrome, congenital, 2C, associated with acetylcholine receptor deficiency	10	4	1	HP:0002093	ORPHA:590,ORPHA:716816,ORPHA:98913	
3.4	OMIM:615560	Otofaciocervical syndrome 2	22	14	0	HP:0000107	ORPHA:2792,ORPHA:720357	
3.4	OMIM:614582	Combined oxidative phosphorylation deficiency 9	23	14	0	HP:0002240	ORPHA:319509	
3.4	OMIM:614381	Leukodystrophy, hypomyelinating, 8, with or without oligodontia and/or hypogonadotropic hypogonadism	40	14	0	HP:0004322	ORPHA:289494,ORPHA:85186,ORPHA:88637	
3.4	OMIM:613662	Mitochondrial DNA depletion syndrome 4B (mngie type)	32	14	0	HP:0001250	ORPHA:298	
3.4	OMIM:613561	Myopathy, lactic acidosis, and sideroblastic anemia 2	29	14	0	HP:0002240	ORPHA:2598	
3.4	OMIM:611936	Chromosome 3q29 duplication syndrome	18	14	0	HP:0000252	ORPHA:251038	
3.4	OMIM:610688	Joubert syndrome 6	22	14	0	HP:0001395	ORPHA:475	
3.4	OMIM:610131	Progressive external ophthalmoplegia with mitochondrial DNA deletions, autosomal dominant 4	32	14	0	HP:0001250	ORPHA:254892	
3.4	OMIM:608980	Bifid nose with or without anorectal and renal anomalies	18	14	0	HP:0000104	ORPHA:217266	
3.4	OMIM:608600	Lipodystrophy, familial partial, type 1	19	14	0	HP:0002240	ORPHA:79084	
3.4	OMIM:607078	Epiphyseal dysplasia, multiple, 5	19	14	0	HP:0004322	ORPHA:93311	
3.4	OMIM:602418	Weyers ulnar ray/oligodactyly syndrome	17	14	0	HP:0000175	—	
3.4	OMIM:601357	Brachial amelia, cleft lip, and holoprosencephaly	17	14	0	HP:0001629	—	
3.4	OMIM:601162	Spastic paraplegia 9A, autosomal dominant	35	14	0	HP:0004322	ORPHA:447753	
3.4	OMIM:301045	Congenital disorder of glycosylation, type IIr	17	14	0	HP:0002240	—	
3.4	OMIM:301029	Shukla-Vernon syndrome	28	14	0	HP:0001250	ORPHA:528084	dans syndromes
3.4	OMIM:300997	Intellectual developmental disorder, X-linked 106	20	14	0	HP:0000252	—	
3.4	OMIM:300861	Intellectual developmental disorder, X-linked syndromic, Chudley-Schwartz type	21	14	0	HP:0001250	—	
3.4	OMIM:300816	Combined oxidative phosphorylation deficiency 6	26	14	0	HP:0001250	ORPHA:238329	
3.4	OMIM:277410	Methylmalonic aciduria and homocystinuria, cblD type	32	14	0	HP:0001250	ORPHA:26,ORPHA:28,ORPHA:308380,ORPHA:308442,ORPHA:622,ORPHA:79283	
3.4	OMIM:275350	Transcobalamin II deficiency	27	14	0	HP:0002240	ORPHA:859	
3.4	OMIM:273900	Thrombocytopenia 3	19	14	0	HP:0001744	ORPHA:168629,ORPHA:268322,ORPHA:566192	dans syndromes
3.4	OMIM:272750	GM2-gangliosidosis, AB variant	27	14	0	HP:0001250	ORPHA:309246	
3.4	OMIM:264300	Pseudohermaphroditism, male, with gynecomastia	7	4	1	HP:0000821	ORPHA:752	
3.4	OMIM:248000	Macrocephaly/megalencephaly syndrome, autosomal recessive	27	14	0	HP:0000238	ORPHA:2477	
3.4	OMIM:227270	Faciocardiomelic dysplasia, lethal	16	14	0	HP:0003811	ORPHA:1972	
3.4	OMIM:217100	Constricting bands, congenital	16	14	0	HP:0000175	ORPHA:295000	
3.4	OMIM:153670	Bernard-Soulier syndrome, type A2, autosomal dominant	16	14	0	HP:0001744	ORPHA:274	dans syndromes
3.4	OMIM:137940	Hypotrichosis-Lymphedema-Telangiectasia-Renal defect syndrome	33	24	1		ORPHA:69735	
3.3	OMIM:621460	Neurodevelopmental disorder with spasticity, thin corpus callosum, and decreased brain white matter	45	13	0	HP:0001250	—	
3.3	OMIM:620816	MHC class II deficiency 3	22	13	0	HP:0001744	—	
3.3	OMIM:620674	Neutropenia, severe congenital, 11, autosomal dominant	25	13	0	HP:0002090	—	
3.3	OMIM:620294	Congenital heart defects, multiple types, 9	23	13	0	HP:0001511	ORPHA:3384	
3.3	OMIM:620166	Muscular dystrophy, congenital, with or without seizures	37	13	0	HP:0001558	—	
3.3	OMIM:619255	Baralle-Macken syndrome	26	13	0	HP:0000252	ORPHA:633035	
3.3	OMIM:618239	Mitochondrial complex I deficiency, nuclear type 17	26	13	0	HP:0001250	—	
3.3	OMIM:617757	Joubert syndrome 32	22	13	0	HP:0002007	ORPHA:475	
3.3	OMIM:616868	Diarrhea 8, secretory sodium, congenital	15	3	1	HP:0001561	ORPHA:103908	
3.3	OMIM:615468	Immunodeficiency 12	24	13	0	HP:0004322	ORPHA:397964	
3.3	OMIM:614559	Infantile cerebellar-retinal degeneration	25	13	0	HP:0000252	ORPHA:313850	
3.3	OMIM:613854	Congenital heart defects, multiple types, 6	15	13	0	HP:0001629	ORPHA:860	
3.3	OMIM:613456	Frontonasal dysplasia 3	15	13	0	HP:0000175	ORPHA:306542	
3.3	OMIM:613388	Fanconi renotubular syndrome 2	19	13	0	HP:0004322	ORPHA:3337	
3.3	OMIM:613087	Atrial septal defect 6	5	3	1	HP:0001631	ORPHA:1478	
3.3	OMIM:611762	Familial cold autoinflammatory syndrome 2	24	13	0	HP:0001744	ORPHA:247868	
3.3	OMIM:610217	Neurodegeneration with brain iron accumulation 2B	32	13	0	HP:0001250	ORPHA:35069	
3.3	OMIM:609893	Hypothyroidism, congenital, nongoitrous, 3	7	3	1	HP:0000821	—	
3.3	OMIM:608363	Chromosome 22q11.2 duplication syndrome	21	13	0	HP:0000252	ORPHA:1727	
3.3	OMIM:603896	Leukoencephalopathy with vanishing white matter	29	13	0	HP:0001250	ORPHA:135,ORPHA:157713,ORPHA:157716,ORPHA:157719,ORPHA:99853,ORPHA:99854	
3.3	OMIM:603543	Limb-Mammary syndrome	14	13	0	HP:0000175	ORPHA:69085	
3.3	OMIM:603034	Myasthenic syndrome, congenital, 5	29	13	0	HP:0002093	ORPHA:590,ORPHA:98915	
3.3	OMIM:601811	Premature aging syndrome, Okamoto type	14	13	0	HP:0000252	—	
3.3	OMIM:601427	Anterior chamber cleavage disorder, cerebellar hypoplasia, hypothyroidism, and tracheal stenosis	17	13	0	HP:0001321	ORPHA:2321	
3.3	OMIM:600561	Spondyloepiphyseal dysplasia with atlantoaxial instability	21	13	0	HP:0004322	ORPHA:163662	
3.3	OMIM:600204	Epiphyseal dysplasia, multiple, 2	22	13	0	HP:0002007	ORPHA:166002	
3.3	OMIM:310440	Myopathy, X-linked, with excessive autophagy	23	13	0	HP:0002093	ORPHA:25980	
3.3	OMIM:300983	Intellectual developmental disorder, X-linked 104	31	13	0	HP:0001250	ORPHA:777	dans syndromes
3.3	OMIM:300853	Immunodeficiency, X-linked, with magnesium defect, Epstein-Barr virus infection and neoplasia	27	13	0	HP:0001744	ORPHA:317476	
3.3	OMIM:275200	Hypothyroidism, congenital, nongoitrous, 1	6	3	1	HP:0000821	ORPHA:90673	
3.3	OMIM:254300	Myasthenia, limb-girdle, familial	21	13	0	HP:0001558	ORPHA:590,ORPHA:716825,ORPHA:98913	
3.3	OMIM:240800	Hypoglycemia of infancy, leucine-sensitive	13	3	1	HP:0001250	—	
3.3	OMIM:231200	Bernard-Soulier syndrome	16	13	2		ORPHA:274	dans syndromes
3.3	OMIM:228900	Fibular hypoplasia and complex brachydactyly	16	13	0	HP:0001156	ORPHA:2639	
3.3	OMIM:221820	Leukoencephalopathy, diffuse hereditary, with spheroids	35	13	0	HP:0001250	ORPHA:313808	
3.3	OMIM:215250	Chondroitin-6-Sulfaturia, defective cellular immunity, nephrotic syndrome	14	13	0	HP:0004322	—	
3.3	OMIM:214950	Bile acid synthesis defect, congenital, 4	18	13	0	HP:0002240	ORPHA:79095	
3.3	OMIM:193520	Watson syndrome	16	13	0	HP:0004322	ORPHA:3444	
3.3	OMIM:169550	Pelvis-Shoulder dysplasia	15	13	0	HP:0004322	ORPHA:2839	
3.3	OMIM:136300	Flynn-Aird syndrome	21	13	0	HP:0001250	ORPHA:2047	
3.3	OMIM:134600	Fanconi renotubular syndrome 1	18	13	0	HP:0004322	ORPHA:3337	
3.3	OMIM:123100	Craniosynostosis 1	17	13	0	HP:0002007	ORPHA:35093,ORPHA:35099	
3.3	OMIM:117000	Central core disease	25	13	2		ORPHA:178145,ORPHA:597,ORPHA:598	dans syndromes
3.2	OMIM:621386	Valence-Farazi cerebellar ataxia syndrome	24	12	0	HP:0001321	—	
3.2	OMIM:620952	Homocystinuria-megaloblastic anemia, cblD type	29	12	0	HP:0001250	—	
3.2	OMIM:620747	Neurodevelopmental disorder with early-onset parkinsonism and behavioral abnormalities	32	12	0	HP:0001250	—	
3.2	OMIM:620317	Neurodevelopmental disorder with microcephaly and speech delay, with or without brain abnormalities	27	12	0	HP:0001250	ORPHA:528084	dans syndromes
3.2	OMIM:620242	Neurodevelopmental disorder with poor growth and behavioral abnormalities	40	12	0	HP:0001250	ORPHA:528084	dans syndromes
3.2	OMIM:620071	Neurodevelopmental disorder with poor growth, spastic tetraplegia, and hearing loss	23	12	0	HP:0000252	—	
3.2	OMIM:620068	Charcot-Marie-Tooth disease, axonal, type 2II	27	12	0	HP:0001250	—	
3.2	OMIM:620007	Intellectual developmental disorder with muscle tone abnormalities and distal skeletal defects	23	12	0	HP:0004322	—	
3.2	OMIM:619902	Hepatorenocardiac degenerative fibrosis	21	12	0	HP:0000107	ORPHA:726824	
3.2	OMIM:619685	Neurodevelopmental disorder with microcephaly, seizures, and neonatal cholestasis	22	12	2		—	
3.2	OMIM:619606	Developmental and epileptic encephalopathy 99	33	12	0	HP:0000252	ORPHA:442835	
3.2	OMIM:619453	Microcephaly 28, primary, autosomal recessive	6	2	1	HP:0000252	ORPHA:2512	
3.2	OMIM:618959	Epileptic encephalopathy, early infantile, 88	17	12	0	HP:0001250	ORPHA:442835	
3.2	OMIM:618667	Hydrocephalus, congenital communicating, 1	5	2	1	HP:0001250	—	
3.2	OMIM:618654	Myopathy, congenital with structured cores and Z-line abnormalities	21	12	0	HP:0002093	—	
3.2	OMIM:618470	Intellectual developmental disorder with severe speech and ambulation defects	22	12	0	HP:0000252	ORPHA:528084	dans syndromes
3.2	OMIM:618436	Arthrogryposis, distal, type 2B3	13	12	0	HP:0004322	ORPHA:1147,ORPHA:97120	
3.2	OMIM:618120	Mitochondrial complex V (ATP synthase) deficiency nuclear type 5	23	12	0	HP:0004322	ORPHA:254913	
3.2	OMIM:616402	Microcephaly 14, primary, autosomal recessive	9	2	1	HP:0001250	ORPHA:2512	
3.2	OMIM:615236	Woods syndrome	17	12	0	HP:0001629	ORPHA:137658	
3.2	OMIM:613509	Chromosome 4q21 deletion syndrome	16	12	0	HP:0002007	ORPHA:238750	
3.2	OMIM:612098	Cardiomyopathy, familial hypertrophic, 11	23	12	0	HP:0001631	—	
3.2	OMIM:611590	Renal tubular acidosis, distal, with hemolytic anemia	17	12	0	HP:0004322	ORPHA:18,ORPHA:93610	
3.2	OMIM:610687	Nemaline myopathy 7	40	22	1		ORPHA:171436	
3.2	OMIM:610245	Spinocerebellar ataxia 23	21	12	0	HP:0001274	ORPHA:101108	
3.2	OMIM:609465	Al-Gazali syndrome	17	12	0	HP:0001561	ORPHA:2725	
3.2	OMIM:603471	Citrullinemia, type II, adult-onset	19	12	0	HP:0001395	ORPHA:247585	
3.2	OMIM:601957	Odontotrichoungual-Digital-Palmar syndrome	16	12	0	HP:0001156	ORPHA:69082	
3.2	OMIM:601216	Dental anomalies and short stature	16	12	0	HP:0004322	ORPHA:2899	
3.2	OMIM:310600	Norrie disease	22	12	0	HP:0001250	ORPHA:649	
3.2	OMIM:300623	Fragile X tremor/ataxia syndrome	36	12	0	HP:0000821	ORPHA:93256	
3.2	OMIM:300577	Intellectual developmental disorder, X-linked 91	19	12	0	HP:0001250	—	
3.2	OMIM:300423	Intellectual developmental disorder, X-linked syndromic, Hedera type	31	12	0	HP:0001250	ORPHA:2076,ORPHA:93952	
3.2	OMIM:270750	Spastic paraplegia 23	19	12	0	HP:0000252	ORPHA:101003	
3.2	OMIM:253270	Holocarboxylase synthetase deficiency	24	12	0	HP:0001250	ORPHA:79242	
3.2	OMIM:236270	Homocystinuria-megaloblastic anemia, cbl E type	25	12	0	HP:0001250	ORPHA:2169,ORPHA:622	
3.2	OMIM:204200	Ceroid lipofuscinosis, neuronal, 3	32	12	0	HP:0001250	ORPHA:699780,ORPHA:699796	
3.2	OMIM:182410	Sneddon syndrome	25	12	0	HP:0001250	ORPHA:820	
3.2	OMIM:156510	Metaphyseal dysplasia with maxillary hypoplasia and brachydactyly	15	12	0	HP:0004322	ORPHA:2504	
3.1	OMIM:620960	Multiple mitochondrial dysfunctions syndrome 10	26	11	0	HP:0002093	ORPHA:727296	
3.1	OMIM:620903	Polycystic kidney disease 8	22	11	0	HP:0004322	ORPHA:730	
3.1	OMIM:620679	Lipodystrophy, familial partial, type 8	14	11	0	HP:0002240	—	
3.1	OMIM:620501	Ziegler-Huang syndrome	17	11	0	HP:0001511	—	
3.1	OMIM:620367	Pulmonary fibrosis and/or bone marrow failure syndrome, telomere-related, 8	21	11	0	HP:0001744	—	
3.1	OMIM:620323	Spastic paraplegia 70, autosomal recessive	23	11	0	HP:0000252	ORPHA:401835	
3.1	OMIM:619692	Trichothiodystrophy 9, nonphotosensitive	17	11	0	HP:0001156	ORPHA:33364	
3.1	OMIM:619441	Encephalitis, acute, infection (viral)-induced, susceptibility to, 11	7	1	1	HP:0001511	—	
3.1	OMIM:619389	Spinocerebellar ataxia, autosomal recessive 29	25	11	0	HP:0001250	—	
3.1	OMIM:619218	ENDOVE syndrome, limb-brain type	22	11	0	HP:0000252	ORPHA:611223	
3.1	OMIM:619120	Combined osteogenesis imperfecta and Ehlers-Danlos syndrome 2	14	11	0	HP:0004322	ORPHA:230857	
3.1	OMIM:618951	Combined oxidative phosphorylation deficiency 45	20	11	0	HP:0001250	—	
3.1	OMIM:618863	Retinal dystrophy with leukodystrophy	19	11	0	HP:0000175	—	
3.1	OMIM:618416	Metabolic crises, recurrent, with variable encephalomyopathic features and neurologic regression	27	11	0	HP:0001250	—	
3.1	OMIM:618398	T-cell lymphoma, subcutaneous panniculitis-like	18	11	0	HP:0001744	ORPHA:86884	
3.1	OMIM:618394	Immunodeficiency 60	19	11	0	HP:0001744	ORPHA:714472	
3.1	OMIM:618250	Mitochondrial complex I deficiency, nuclear type 29	26	11	0	HP:0001627	ORPHA:2609	
3.1	OMIM:618240	Mitochondrial complex I deficiency, nuclear type 18	20	11	0	HP:0001522	ORPHA:2609	
3.1	OMIM:618236	Mitochondrial complex I deficiency, nuclear type 14	17	11	0	HP:0001250	ORPHA:2609	
3.1	OMIM:618225	Mitochondrial complex I deficiency, nuclear type 4	26	11	0	HP:0001250	ORPHA:2609	
3.1	OMIM:618184	Neuropathy, congenital hypomyelinating, 2	26	11	0	HP:0001558	ORPHA:64748	
3.1	OMIM:618155	Ophthalmoplegia, external, with rib and vertebral anomalies	14	11	2		—	
3.1	OMIM:617872	Combined oxidative phosphorylation deficiency 34	19	11	0	HP:0002240	ORPHA:457223	
3.1	OMIM:617207	Encephalopathy, progressive, with amyotrophy and optic atrophy	24	11	0	HP:0001250	ORPHA:496756	
3.1	OMIM:617105	Epileptic encephalopathy, early infantile, 41	35	11	0	HP:0000252	ORPHA:1934,ORPHA:442835	
3.1	OMIM:616863	Chromosome 16p13.2 deletion syndrome	25	11	0	HP:0001250	ORPHA:500055,ORPHA:643538,ORPHA:643549	
3.1	OMIM:616629	Senior-Loken syndrome 9	18	11	0	HP:0001395	ORPHA:3156	
3.1	OMIM:616583	Spondyloepiphyseal dysplasia, Stanescu type	17	11	0	HP:0004322	ORPHA:459051	
3.1	OMIM:616140	Leukodystrophy, hypomyelinating, 9	27	11	0	HP:0000252	ORPHA:438114	
3.1	OMIM:616108	Retinal dystrophy, juvenile cataracts, and short stature syndrome	17	11	0	HP:0004322	ORPHA:436245	
3.1	OMIM:615490	Charcot-Marie-Tooth disease, axonal, type 2R	20	11	0	HP:0002093	ORPHA:397968	dans syndromes
3.1	OMIM:615290	Spinal muscular atrophy, lower extremity-predominant, 2, autosomaldominant	43	21	1		ORPHA:363447,ORPHA:363454	
3.1	OMIM:615284	Charcot-Marie-Tooth disease, type 4B3	24	11	0	HP:0000252	ORPHA:363981	
3.1	OMIM:615033	Spastic paraplegia 54, autosomal recessive	28	11	0	HP:0004322	ORPHA:320380	
3.1	OMIM:614464	Joubert syndrome 15	16	11	0	HP:0100258	ORPHA:220493,ORPHA:475	
3.1	OMIM:612075	Mitochondrial DNA depletion syndrome 8A (encephalomyopathic type with renal tubulopathy)	26	11	0	HP:0001250	ORPHA:254803,ORPHA:255235,ORPHA:298	
3.1	OMIM:612016	Coenzyme Q10 deficiency, primary, 4	27	11	0	HP:0001250	ORPHA:139485	dans syndromes
3.1	OMIM:611773	Angiopathy, hereditary, with nephropathy, aneurysms, and muscle cramps	14	11	0	HP:0000107	ORPHA:73229	
3.1	OMIM:611555	Renal tubular acidosis, distal, with nephrocalcinosis, short stature, impaired intellectual development, and distinctive facies	15	11	0	HP:0004322	—	
3.1	OMIM:609924	Aminoacylase 1 deficiency	20	11	0	HP:0001250	ORPHA:137754	
3.1	OMIM:609324	Epiphyseal dysplasia, multiple, with severe proximal femoral dysplasia	15	11	0	HP:0004322	ORPHA:166029	
3.1	OMIM:609308	Muscular dystrophy-dystroglycanopathy (limb-girdle), type C, 1	20	11	0	HP:0000252	ORPHA:86812	
3.1	OMIM:609166	Branchiogenic-deafness syndrome	15	11	0	HP:0004322	ORPHA:50815	
3.1	OMIM:608804	Leukodystrophy, hypomyelinating, 2	32	11	0	HP:0001250	ORPHA:280270,ORPHA:280282	
3.1	OMIM:607371	Dystonia, juvenile-onset	22	11	0	HP:0000175	ORPHA:79107	dans syndromes
3.1	OMIM:602531	Grange syndrome	13	11	0	HP:0001156	ORPHA:79094	dans syndromes
3.1	OMIM:602032	Ectodermal dysplasia 4, hair/nail type	16	11	2		ORPHA:69084	
3.1	OMIM:601346	Martinez-Frias syndrome	12	11	0	HP:0001511	ORPHA:137862	
3.1	OMIM:601345	Ectodermal dysplasia with natal teeth, Turnpenny type	16	11	0	HP:0004322	ORPHA:69083	
3.1	OMIM:601338	Cerebellar ataxia, areflexia, pes cavus, optic atrophy, and sensorineural hearing loss	38	11	0	HP:0001250	ORPHA:1171	
3.1	OMIM:309620	Christianson syndrome	13	11	0	HP:0004322	ORPHA:1436	
3.1	OMIM:301134	Intellectual developmental disorder, X-linked 114	29	11	0	HP:0001274	—	
3.1	OMIM:300438	HSD10 mitochondrial disease	29	11	0	HP:0001250	ORPHA:391417,ORPHA:391428,ORPHA:391457,ORPHA:85295	
3.1	OMIM:300048	Intestinal pseudoobstruction, neuronal, chronic idiopathic, X-linked	21	11	0	HP:0001250	ORPHA:2301,ORPHA:2978	
3.1	OMIM:270300	Peeling skin syndrome 1	14	11	0	HP:0004322	ORPHA:263543,ORPHA:263553	
3.1	OMIM:268320	Rodrigues blindness	15	11	0	HP:0004322	ORPHA:1806	
3.1	OMIM:256730	Ceroid lipofuscinosis, neuronal, 1	33	11	0	HP:0001250	ORPHA:228329,ORPHA:699718,ORPHA:699734,ORPHA:699739,ORPHA:699745	
3.1	OMIM:217085	Congenital heart defects, hamartomas of tongue, and polysyndactyly	15	11	0	HP:0000202	ORPHA:1338	
3.1	OMIM:210745	Blepharophimosis with ptosis, syndactyly, and short stature	17	11	0	HP:0004322	ORPHA:2057	
3.1	OMIM:210500	Biliary atresia, extrahepatic	15	11	0	HP:0002240	ORPHA:30391	
3.1	OMIM:184840	Stickler syndrome, type III	14	11	0	HP:0000175	ORPHA:166100	
3.1	OMIM:150550	Periodic fever, immunodeficiency, and thrombocytopenia syndrome	17	11	0	HP:0001744	ORPHA:652522	
3.1	OMIM:118650	Chondrodysplasia punctata, autosomal dominantchondrodysplasia punctata due to vitamin K deficiency, included	14	11	0	HP:0002007	—	
3.0	OMIM:620815	MHC class II deficiency 2	23	10	0	HP:0002240	—	
3.0	OMIM:620502	Neurodevelopmental disorder with language delay and variable cognitive abnormalities	21	10	0	HP:0001250	ORPHA:178469	
3.0	OMIM:620430	Autoimmune disease, multisystem, infantile-onset, 3	22	10	0	HP:0000821	—	
3.0	OMIM:620285	Amyotrophic lateral sclerosis 27, juvenile	30	10	0	HP:0002093	ORPHA:300605	
3.0	OMIM:620106	Spastic paraplegia 88, autosomal dominant	23	10	0	HP:0001321	—	
3.0	OMIM:619854	Neurodevelopmental disorder with hypotonia, impaired speech, and behavioral abnormalities	25	10	0	HP:0001250	—	
3.0	OMIM:619844	Intellectual developmental disorder with or without peripheral neuropathy	20	10	2		ORPHA:694937	
3.0	OMIM:619719	Intellectual disability and myopathy syndrome	34	20	1		ORPHA:726782	
3.0	OMIM:619371	Cardiomyopathy, dilated, 2D	15	10	0	HP:0001522	ORPHA:154	
3.0	OMIM:619326	Intellectual developmental disorder and hypogonadotropic hypogonadism	24	10	0	HP:0001631	ORPHA:633028	
3.0	OMIM:618986	Immunodeficiency 73B with defective neutrophil chemotaxis and lymphopenia	29	20	1		ORPHA:692812	
3.0	OMIM:618963	Immunodeficiency 69, mycobacteriosis	16	10	0	HP:0001744	ORPHA:699618	
3.0	OMIM:618252	Mitochondrial complex I deficiency, nuclear type 32	18	10	0	HP:0001250	—	
3.0	OMIM:618247	Mitochondrial complex I deficiency, nuclear type 26	21	10	0	HP:0002093	ORPHA:2609	
3.0	OMIM:618230	Mitochondrial complex I deficiency, nuclear type 8	17	10	0	HP:0002093	ORPHA:2609	
3.0	OMIM:617964	Leukodystrophy, hypomyelinating, 16	38	10	0	HP:0001250	—	
3.0	OMIM:617933	Epileptic encephalopathy, early infantile, 61	19	10	0	HP:0001250	—	
3.0	OMIM:617862	Neurodevelopmental disorder with microcephaly, epilepsy, and brain atrophy	29	10	0	HP:0004322	—	
3.0	OMIM:617393	Neurodevelopmental disorder with epilepsy, cataracts, feeding difficulties, and delayed brain myelination	28	10	0	HP:0001250	ORPHA:500545	
3.0	OMIM:617219	Chromosome 19q13.11 deletion syndrome, proximal	18	10	0	HP:0001250	ORPHA:217346	
3.0	OMIM:617120	Joubert syndrome 27	17	10	0	HP:0002007	ORPHA:475	
3.0	OMIM:616457	Developmental and epileptic encephalopathy 50	25	10	0	HP:0001250	ORPHA:448010	
3.0	OMIM:616127	Spinocerebellar ataxia, autosomal recessive 17	33	10	0	HP:0001321	ORPHA:453521	
3.0	OMIM:616025	Glycosylphosphatidylinositol biosynthesis defect 11	20	10	0	HP:0001250	ORPHA:247262	
3.0	OMIM:615763	Cortical dysplasia, complex, with other brain malformations 5	18	10	0	HP:0001250	—	
3.0	OMIM:615607	Immunodeficiency 17	19	10	0	HP:0001522	ORPHA:169082	
3.0	OMIM:615362	Ceroid lipofuscinosis, neuronal, 13	25	10	0	HP:0001250	ORPHA:352709	
3.0	OMIM:615281	Hypomyelination with brainstem and spinal cord involvement and legspasticity	23	10	0	HP:0001250	ORPHA:363412	
3.0	OMIM:615238	Lipodystrophy, familial partial, type 5	13	10	0	HP:0002240	ORPHA:435651	
3.0	OMIM:614980	Congenital heart defects, multiple types, 2	13	10	0	HP:0001629	ORPHA:664401,ORPHA:664404	
3.0	OMIM:613953	Immunodeficiency 51	19	10	0	HP:0002090	ORPHA:1334	
3.0	OMIM:613811	Pontocerebellar hypoplasia, type 2D	20	10	0	HP:0001250	ORPHA:2524	
3.0	OMIM:613496	Immunodeficiency, common variable, 6	19	10	0	HP:0002240	ORPHA:696881	
3.0	OMIM:613312	Hypophosphatemic rickets, autosomal recessive, 2	15	10	0	HP:0004322	ORPHA:289176	dans syndromes
3.0	OMIM:610474	Camptodactyly, tall stature, and hearing loss syndrome	17	10	0	HP:0000252	ORPHA:85164	dans syndromes
3.0	OMIM:609284	Nemaline myopathy 1	22	10	0	HP:0002093	ORPHA:171433,ORPHA:171439,ORPHA:171881	
3.0	OMIM:609152	Hyperthyroidism, nonautoimmune	22	10	0	HP:0001622	ORPHA:424	
3.0	OMIM:607398	Glucocorticoid deficiency 2	21	10	0	HP:0000252	ORPHA:361	
3.0	OMIM:607313	Gaze palsy, familial horizontal, with progressive scoliosis, 1	19	10	0	HP:0001321	ORPHA:2744	
3.0	OMIM:604387	Nephronophthisis 3	18	10	0	HP:0001395	ORPHA:655,ORPHA:93589	dans syndromes
3.0	OMIM:604278	Renal tubular acidosis, proximal, with ocular abnormalities and mentalretardation	19	10	0	HP:0004322	ORPHA:47159,ORPHA:93607	
3.0	OMIM:604169	Left ventricular noncompaction 1	19	10	0	HP:0001629	ORPHA:54260	
3.0	OMIM:602484	Pelvic dysplasia - arthrogryposis of lower limbs	11	10	0	HP:0004322	ORPHA:2840	
3.0	OMIM:601492	Mucopolysaccharidosis type IX	21	10	0	HP:0004322	ORPHA:67041	
3.0	OMIM:600803	Gallbladder disease 1	15	10	0	HP:0001395	ORPHA:69663	
3.0	OMIM:600802	Scid, autosomal recessive, T-Negative/b-Positive type	22	10	0	HP:0002090	ORPHA:35078	
3.0	OMIM:600224	Spinocerebellar ataxia 5	28	10	0	HP:0001321	ORPHA:98766	
3.0	OMIM:598500	Wolfram syndrome, mitochondrial form	18	10	0	HP:0001250	ORPHA:3463	
3.0	OMIM:560000	Renal tubulopathy, diabetes mellitus, and cerebellar ataxia	25	10	0	HP:0002240	ORPHA:3390	
3.0	OMIM:301013	Intellectual developmental disorder, X-linked 107	21	10	0	HP:0001250	ORPHA:777	dans syndromes
3.0	OMIM:300908	Hemolytic anemia, G6PD deficient (favism)	22	10	0	HP:0001744	ORPHA:466026	
3.0	OMIM:300143	Intellectual developmental disorder, X-linked 21	19	10	0	HP:0001250	ORPHA:777	dans syndromes
3.0	OMIM:275630	Chanarin-Dorfman syndrome	17	10	0	HP:0002240	ORPHA:98907	
3.0	OMIM:268315	Rod-cone dystrophy, sensorineural deafness, and Fanconi-type renal dysfunction	19	10	0	HP:0004322	—	
3.0	OMIM:263300	Polycythemia vera	20	10	0	HP:0001744	ORPHA:729	
3.0	OMIM:255100	Lipid storage myopathy due to flavin adenine dinucleotide synthetase deficiency	17	10	0	HP:0002093	ORPHA:394529,ORPHA:394532	dans syndromes
3.0	OMIM:251255	Jawad syndrome	17	10	2		ORPHA:313795	
3.0	OMIM:251240	Microcephaly with chemotactic defect and transient hypogammaglobulinemia	13	10	0	HP:0000252	ORPHA:3132	
3.0	OMIM:250400	Metaphyseal chondrodysplasia, Spahr type	17	10	0	HP:0004322	ORPHA:2501	
3.0	OMIM:242100	Ichthyosis, congenital, autosomal recessive 2	25	20	1		ORPHA:281122,ORPHA:79394	
3.0	OMIM:238700	Hyperlysinemia, type I	25	10	0	HP:0001250	ORPHA:2203	
3.0	OMIM:233910	Hyperphenylalaninemia, BH4-deficient, B	29	10	0	HP:0001250	ORPHA:2102,ORPHA:238583	
3.0	OMIM:226700	Epidermolysis bullosa, junctional, Herlitz type	15	10	0	HP:0001522	ORPHA:79404	
3.0	OMIM:204000	Leber congenital amaurosis, type I	21	10	0	HP:0002240	ORPHA:65	
3.0	OMIM:193530	Weyers acrofacial dysostosis	13	10	0	HP:0001156	ORPHA:952	
3.0	OMIM:184900	Stiff skin syndrome	15	10	0	HP:0004322	ORPHA:2833	
3.0	OMIM:132450	Epiphyseal dysplasia, multiple, with myopia and conductive deafness	14	10	0	HP:0004322	ORPHA:166011	
3.0	OMIM:122000	Corneal dystrophy, posterior polymorphous, 1	14	10	2		ORPHA:98973,ORPHA:98975	
3.0	OMIM:121070	Arthrogryposis, distal, type 2E	12	10	0	HP:0000252	—	
2.9	OMIM:621468	Developmental and epileptic encephalopathy 120	43	9	0	HP:0000252	ORPHA:1934	
2.9	OMIM:621394	Brain small vessel disease 6 with leukoencephalopathy	30	9	0	HP:0002090	ORPHA:575553	
2.9	OMIM:621280	Retinitis pigmentosa 100	20	9	0	HP:0002007	—	
2.9	OMIM:620680	Lipodystrophy, congenital generalized, type 5	16	9	0	HP:0004322	—	
2.9	OMIM:620532	Hyper-IgE syndrome 6, autosomal dominant, with recurrent infections	17	9	0	HP:0004322	—	
2.9	OMIM:620282	Immunodeficiency 109 with lymphoproliferation	18	9	0	HP:0001744	ORPHA:664726	
2.9	OMIM:620152	Hypomagnesemia 7, renal, with or without dilated cardiomyopathy	17	9	0	HP:0001250	ORPHA:73224	
2.9	OMIM:619725	Neurodevelopmental disorder with or without variable movement or behavioral abnormalities	30	9	0	HP:0000252	—	
2.9	OMIM:619699	Ferguson-Bonni neurodevelopmental syndrome	17	9	0	HP:0000776	—	
2.9	OMIM:619605	Developmental and epileptic encephalopathy 98	25	9	0	HP:0001522	ORPHA:442835	
2.9	OMIM:619323	Neurodevelopmental disorder with seizures and gingival overgrowth	20	9	0	HP:0001250	—	
2.9	OMIM:619310	Leukodystrophy, hypomyelinating, 21	25	9	0	HP:0000252	—	
2.9	OMIM:619057	Combined oxidative phosphorylation deficiency 51	19	9	0	HP:0001511	—	
2.9	OMIM:618856	Diabetes, permanent neonatal 2, with or without neurologic features	14	9	2		ORPHA:99885	
2.9	OMIM:618549	Hepatitis, fulminant viral, susceptibility to	13	9	0	HP:0002240	—	
2.9	OMIM:618404	Leukodystrophy, hypomyelinating, 18	28	9	0	HP:0001250	—	
2.9	OMIM:618233	Mitochondrial complex I deficiency, nuclear type 10	25	9	0	HP:0001250	ORPHA:2609	
2.9	OMIM:618022	Humerofemoral hypoplasia with radiotibial ray deficiency	12	9	0	HP:0000776	—	
2.9	OMIM:618012	Developmental and epileptic encephalopathy 93	29	9	0	HP:0000252	ORPHA:442835	
2.9	OMIM:617974	Spondyloepimetaphyseal dysplasia, DI Rocco type	13	9	0	HP:0004322	—	
2.9	OMIM:617954	Multiple mitochondrial dysfunctions syndrome 6	27	9	0	HP:0001250	ORPHA:569290	
2.9	OMIM:617810	Glycosylphosphatidylinositol biosynthesis defect 15	29	9	0	HP:0001321	ORPHA:529665	
2.9	OMIM:617564	Meier-Gorlin syndrome 8	12	9	0	HP:0001511	—	
2.9	OMIM:616859	Spasticity, childhood-onset, with hyperglycinemia	22	9	0	HP:0001250	ORPHA:401866	
2.9	OMIM:616298	Singleton-Merten syndrome 2	16	9	0	HP:0004322	ORPHA:85191	dans syndromes
2.9	OMIM:616209	Myopathy, isolated mitochondrial, autosomal dominant	14	9	0	HP:0004322	ORPHA:457050	
2.9	OMIM:616192	Ataxia, combined cerebellar and peripheral, with hearing loss and diabetes mellitus	20	9	0	HP:0004322	ORPHA:445062	
2.9	OMIM:616069	Inflammatory skin and bowel disease, neonatal, 2	16	9	0	HP:0001561	—	
2.9	OMIM:616029	Ectodermal dysplasia/short stature syndrome	15	9	0	HP:0004322	ORPHA:423454	
2.9	OMIM:615905	Epileptic encephalopathy, early infantile, 25, with amelogenesis imperfecta	21	9	0	HP:0000252	ORPHA:442835	
2.9	OMIM:615605	Fanconi renotubular syndrome 3	13	9	0	HP:0004322	ORPHA:3337	
2.9	OMIM:615139	Facial dysmorphism, immunodeficiency, livedo, and short stature	15	9	0	HP:0004322	ORPHA:352712	
2.9	OMIM:614736	Glucocorticoid deficiency 4 with or without mineralocorticoid deficiency	15	9	0	HP:0001250	ORPHA:361	
2.9	OMIM:614199	Nephrotic syndrome, type 5, with or without ocular abnormalities	31	19	1		ORPHA:2670,ORPHA:306507	
2.9	OMIM:612247	Crouzon syndrome with acanthosis nigricans	10	9	0	HP:0000238	ORPHA:93262	
2.9	OMIM:612233	Leukodystrophy, hypomyelinating, 4	22	9	0	HP:0001250	ORPHA:280270,ORPHA:280288	
2.9	OMIM:611225	Spastic paraplegia 18, autosomal recessive	27	9	0	HP:0001250	ORPHA:209951	
2.9	OMIM:605676	Cardiomyopathy, dilated, with woolly hair and keratoderma	25	19	1		ORPHA:65282	
2.9	OMIM:603472	Neuronal intranuclear inclusion disease	26	9	0	HP:0001250	ORPHA:2289	
2.9	OMIM:601815	Phosphoglycerate dehydrogenase deficiency	16	9	0	HP:0001250	ORPHA:583595,ORPHA:79351	
2.9	OMIM:601457	Severe combined immunodeficiency, autosomal recessive, T cell-negative, B cell-negative, NK cell-positive	16	9	0	HP:0002090	ORPHA:331206	
2.9	OMIM:600501	Abcd syndrome	13	9	0	HP:0003811	ORPHA:918	
2.9	OMIM:520000	Diabetes and deafness, maternally inherited	15	9	0	HP:0001250	ORPHA:225	
2.9	OMIM:314050	Thrombocytopenia with beta-thalassemia, X-linked	12	9	0	HP:0001744	ORPHA:231393	
2.9	OMIM:309585	Wilson-Turner syndrome	16	9	0	HP:0000252	ORPHA:3459	
2.9	OMIM:300659	Intellectual developmental disorder, X-linked 93	15	9	0	HP:0002007	ORPHA:528084	dans syndromes
2.9	OMIM:277000	Mayer-Rokitansky-Kuster-Hauser syndrome	18	9	0	HP:0000107	ORPHA:247775,ORPHA:3109	
2.9	OMIM:275100	Hypothyroidism, congenital, nongoitrous, 4	18	9	0	HP:0000821	ORPHA:90674	
2.9	OMIM:272800	Tay-Sachs disease	16	9	0	HP:0001250	ORPHA:309178,ORPHA:309185,ORPHA:309192,ORPHA:845	dans syndromes
2.9	OMIM:255600	Myosclerosis, autosomal recessive	15	9	0	HP:0004322	ORPHA:289380	
2.9	OMIM:236792	L-2-hydroxyglutaric aciduria	23	9	0	HP:0001250	ORPHA:79314	dans syndromes
2.9	OMIM:235700	Hemolytic anemia, nonspherocytic, due to hexokinase deficiency	12	9	0	HP:0001744	ORPHA:90031	
2.9	OMIM:182255	Skeletal dysplasia with delayed epiphyseal and carpal bone ossification	10	9	0	HP:0004322	—	
2.9	OMIM:168605	Perry syndrome	30	9	0	HP:0002093	ORPHA:178509	
2.9	OMIM:155310	Visceral myopathy 1	20	9	0	HP:0001561	ORPHA:2604	
2.9	OMIM:139090	Gray platelet syndrome	15	9	0	HP:0001744	ORPHA:721	
2.9	OMIM:124480	Deafness, congenital, and onychodystrophy, autosomal dominant	19	9	0	HP:0001156	ORPHA:3231,ORPHA:79499	dans syndromes
2.9	OMIM:124200	Darier-White disease	15	9	0	HP:0001250	ORPHA:218	
2.8	OMIM:620825	Immunodeficiency 119	17	8	0	HP:0002090	ORPHA:695191	
2.8	OMIM:620457	Auriculocondylar syndrome 4	13	8	0	HP:0000175	—	
2.8	OMIM:620326	Congenital myopathy 21 with early respiratory failure	19	8	0	HP:0001511	—	
2.8	OMIM:620148	Ichthyosis, annular epidermolytic 2	10	8	2		ORPHA:281139	
2.8	OMIM:620045	Intestinal dysmotility syndrome	17	8	0	HP:0001561	—	
2.8	OMIM:619985	Glycosylphosphatidylinositol biosynthesis defect 25	12	8	0	HP:0004322	—	
2.8	OMIM:619264	Neurodevelopmental disorder with dysmorphic facies and variable seizures	20	8	0	HP:0002007	ORPHA:528084	dans syndromes
2.8	OMIM:618681	Lessel-Kubisch syndrome	11	8	0	HP:0004322	—	
2.8	OMIM:618567	Mitochondrial DNA depletion syndrome 17	18	8	0	HP:0001250	—	
2.8	OMIM:618497	Neurodevelopmental disorder with seizures and nonepileptic hyperkinetic movements	31	8	0	HP:0001250	ORPHA:442835	
2.8	OMIM:618458	Knobloch syndrome 2	20	8	0	HP:0001250	ORPHA:1571	
2.8	OMIM:618453	Intellectual developmental disorder with short stature and variable skeletal anomalies	15	8	0	HP:0004322	ORPHA:724143	
2.8	OMIM:618285	Developmental and epileptic encephalopathy 69	21	8	2		ORPHA:1934	
2.8	OMIM:617638	Immunodeficiency 11B with atopic dermatitis	14	8	0	HP:0002090	ORPHA:619972	
2.8	OMIM:617547	Retinal dystrophy with or without macular staphyloma	16	8	0	HP:0004322	ORPHA:653709	
2.8	OMIM:617532	Intellectual developmental disorder with neuropsychiatric features	15	8	0	HP:0001250	ORPHA:88616	
2.8	OMIM:617480	46,xx sex reversal 4	10	8	2		ORPHA:2138	
2.8	OMIM:617232	Muscular dystrophy, limb-girdle, type 2Z	15	8	0	HP:0002093	ORPHA:480682	
2.8	OMIM:617222	Sudden cardiac failure, infantile	12	8	0	HP:0001250	—	
2.8	OMIM:617086	Encephalopathy due to defective mitochondrial and peroxisomal fission 2	25	8	0	HP:0001250	ORPHA:485421,ORPHA:527276	
2.8	OMIM:616540	Epilepsy, progressive myoclonic, 9	20	8	0	HP:0001274	ORPHA:457265	
2.8	OMIM:616483	Infantile liver failure syndrome 2	13	8	0	HP:0001250	ORPHA:464724	
2.8	OMIM:616291	Lichtenstein-Knorr syndrome	21	8	0	HP:0004322	ORPHA:448251	
2.8	OMIM:616081	Pontocerebellar hypoplasia, type 1C	22	8	0	HP:0002093	ORPHA:2254	
2.8	OMIM:615744	Developmental and epileptic encephalopathy 19	34	8	0	HP:0000252	ORPHA:33069	
2.8	OMIM:615592	Immunodeficiency 15	13	8	0	HP:0001522	ORPHA:397787	
2.8	OMIM:615158	Mitochondrial complex III deficiency, nuclear type 3	11	8	0	HP:0002240	ORPHA:1460	
2.8	OMIM:614880	Hypogonadotropic hypogonadism 15 with or without anosmia	11	8	0	HP:0000175	ORPHA:432,ORPHA:478	
2.8	OMIM:614514	Thrombophilia due to protein S deficiency, autosomal recessive	14	8	0	HP:0001250	ORPHA:743	
2.8	OMIM:614328	Inflammatory skin and bowel disease, neonatal, 1	14	8	2		ORPHA:294023	
2.8	OMIM:613668	Microcephaly, postnatal progressive, with seizures and brain atrophy	18	8	0	HP:0001250	ORPHA:402364	
2.8	OMIM:613470	Hemolytic anemia, nonspherocytic, due to glucose phosphate isomerasedeficiency	14	8	0	HP:0001744	ORPHA:712	
2.8	OMIM:613206	Spastic paraplegia 44, autosomal recessive	26	8	0	HP:0001250	ORPHA:320401	
2.8	OMIM:610628	Hypogonadotropic hypogonadism 4 with or without anosmia	16	8	0	HP:0001250	ORPHA:432,ORPHA:478	
2.8	OMIM:609640	Frias syndrome	10	8	0	HP:0004322	ORPHA:264200	
2.8	OMIM:609128	Arthrogryposis, distal, type 4	25	18	1		ORPHA:65720	
2.8	OMIM:600093	Spondyloepiphyseal dysplasia tarda with characteristic facies	11	8	0	HP:0000252	—	
2.8	OMIM:302000	Bullous dystrophy, hereditary Macular type	11	8	0	HP:0000252	ORPHA:1867	
2.8	OMIM:301020	Mitochondrial complex I deficiency, nuclear type 12	29	8	0	HP:0001250	ORPHA:2609	
2.8	OMIM:300982	Intellectual developmental disorder, X-linked 103	15	8	0	HP:0001250	—	
2.8	OMIM:300653	Phosphoglycerate kinase 1 deficiency	21	8	0	HP:0001250	ORPHA:713	dans syndromes
2.8	OMIM:251950	Mitochondrial myopathy with lactic acidosis	20	8	0	HP:0001250	ORPHA:2597	
2.8	OMIM:245800	Laurence-Moon syndrome	14	8	0	HP:0004322	ORPHA:2377	
2.8	OMIM:241310	Hypomandibular faciocranial dysostosis	11	8	0	HP:0001631	ORPHA:1790	
2.8	OMIM:240200	Hypoadrenocorticism, familial	13	8	0	HP:0001250	ORPHA:85138	
2.8	OMIM:237310	N-ACETYLGLUTAMATE SYNTHASE DEFICIENCY	23	8	0	HP:0001250	ORPHA:927	
2.8	OMIM:218030	Apparent mineralocorticoid excess	12	8	0	HP:0004322	ORPHA:320	
2.8	OMIM:183700	Split-Foot deformity with mandibulofacial dysostosis	9	8	0	HP:0000175	ORPHA:2439	
2.8	OMIM:152800	Lymphangiectasia, intestinal	11	8	0	HP:0003826	ORPHA:90362	
2.8	OMIM:141300	Hemifacial atrophy, progressive	19	8	0	HP:0001250	ORPHA:1214	
2.7	OMIM:620991	Pancreatic agenesis 3	11	7	0	HP:0001622	—	
2.7	OMIM:620666	Spastic ataxia 10, autosomal recessive	26	7	0	HP:0001250	—	
2.7	OMIM:620201	Congenital disorder of glycosylation, type IIz	14	7	0	HP:0001250	—	
2.7	OMIM:620114	Neurodevelopmental disorder with speech impairment and with or without seizures	25	7	0	HP:0001250	ORPHA:178469	
2.7	OMIM:619232	Bile acid conjugation defect 1	11	7	0	HP:0002240	ORPHA:238475	
2.7	OMIM:619164	Immunodeficiency 76	15	7	0	HP:0001744	ORPHA:647804	
2.7	OMIM:619101	Mismatch repair cancer syndrome 4	9	7	0	HP:0001274	ORPHA:252202	
2.7	OMIM:618849	Bone marrow failure syndrome 6	14	7	0	HP:0000821	—	
2.7	OMIM:618793	Intellectual developmental disorder 62	14	7	0	HP:0001250	ORPHA:528084	dans syndromes
2.7	OMIM:618725	Intellectual developmental disorder with behavioral abnormalities and craniofacial dysmorphism with or without seizures	16	7	0	HP:0001250	—	
2.7	OMIM:618314	Hypomagnesemia, seizures, and impaired intellectual development 2	16	7	0	HP:0001250	ORPHA:564178	
2.7	OMIM:618251	Mitochondrial complex I deficiency, nuclear type 31	19	7	0	HP:0001250	ORPHA:2609	
2.7	OMIM:618201	Epileptic encephalopathy, early infantile, 68	17	7	0	HP:0000252	ORPHA:442835	
2.7	OMIM:618197	Myasthenic syndrome, congenital, 23, presynaptic	19	7	0	HP:0001274	ORPHA:590,ORPHA:716913,ORPHA:716917	
2.7	OMIM:617915	Hypotonia, ataxia, developmental delay, and tooth enamel defect syndrome	19	7	0	HP:0002007	ORPHA:714399	
2.7	OMIM:617873	Combined oxidative phosphorylation deficiency 35	22	7	0	HP:0000252	—	
2.7	OMIM:617805	Renal hypodysplasia/aplasia 3	10	7	0	HP:0000104	ORPHA:1848,ORPHA:93100	
2.7	OMIM:617800	Microcephaly 19, primary, autosomal recessive	15	7	0	HP:0000252	ORPHA:2512	
2.7	OMIM:617767	Joubert syndrome 33	12	7	0	HP:0001744	ORPHA:475	
2.7	OMIM:617239	Myasthenic syndrome, congenital, 21, presynaptic	19	7	0	HP:0002093	ORPHA:590,ORPHA:716893,ORPHA:98914	
2.7	OMIM:616873	Immunodeficiency, common variable, 13	16	7	0	HP:0001561	ORPHA:317473	
2.7	OMIM:616323	Myasthenic syndrome, congenital, 3C, associated with acetylcholine receptor deficiency	14	7	0	HP:0002093	ORPHA:590,ORPHA:716816,ORPHA:98913	
2.7	OMIM:615862	Nephronophthisis 18	13	7	0	HP:0000238	ORPHA:655	
2.7	OMIM:615779	Congenital heart defects, multiple types, 4	9	7	0	HP:0001629	ORPHA:98722,ORPHA:99067,ORPHA:99068	
2.7	OMIM:615722	Bosch-Boonstra-Schaaf optic atrophy syndrome	30	17	1		ORPHA:401777	
2.7	OMIM:615715	Bone marrow failure syndrome 2	10	7	0	HP:0000252	ORPHA:401764	
2.7	OMIM:615709	Sacral agenesis with vertebral anomalies	10	7	0	HP:0003811	ORPHA:397927	
2.7	OMIM:615686	Spastic paraplegia 63, autosomal recessive	15	7	0	HP:0004322	ORPHA:401805	
2.7	OMIM:615395	Combined oxidative phosphorylation deficiency 16	9	7	0	HP:0001522	ORPHA:352563	
2.7	OMIM:614963	Leptin receptor deficiency	17	7	0	HP:0004322	ORPHA:179494	
2.7	OMIM:614485	Trigonocephaly 2	9	7	0	HP:0000252	ORPHA:3366	
2.7	OMIM:614306	Cognitive impairment with or without cerebellar ataxia	23	7	0	HP:0001561	—	
2.7	OMIM:613550	Nephronophthisis 11	16	7	0	HP:0001395	ORPHA:84081	
2.7	OMIM:611638	Microphthalmia, isolated, with coloboma 5	11	7	0	HP:0000202	ORPHA:98938	
2.7	OMIM:610713	Brachydactyly-Syndactyly syndrome	7	7	0	HP:0001156	ORPHA:93409	
2.7	OMIM:609055	Ceroid lipofuscinosis, neuronal, 9	19	7	0	HP:0001250	—	
2.7	OMIM:605479	Cholestasis, benign recurrent intrahepatic, 2	8	7	0	HP:0002240	ORPHA:65682,ORPHA:99961	
2.7	OMIM:604802	Huntington disease-like 3	18	7	0	HP:0001250	ORPHA:157946	
2.7	OMIM:604381	Patent ductus arteriosus and bicuspid aortic valve with hand anomalies	9	7	0	HP:0001156	ORPHA:228190	
2.7	OMIM:604218	Encephalopathy, familial, with neuroserpin inclusion bodies	14	7	0	HP:0001250	ORPHA:530303,ORPHA:85110	
2.7	OMIM:601794	Coloboma-Obesity-Hypogenitalism-Impaired intellectual development syndrome	12	7	0	HP:0000238	ORPHA:363741	
2.7	OMIM:601438	Rhizomelic dysplasia, Patterson-Lowry type	9	7	0	HP:0001156	ORPHA:2831	
2.7	OMIM:601096	SPONDYLOEPIMETAPHYSEAL DYSPLASIA, MICROMELIC	8	7	0	HP:0001156	—	
2.7	OMIM:312863	Combined immunodeficiency, X-linked	14	7	0	HP:0002090	—	
2.7	OMIM:309549	Intellectual developmental disorder, X-linked 9	19	7	0	HP:0001250	ORPHA:777	dans syndromes
2.7	OMIM:308830	Keratosis follicularis, dwarfism, and cerebral atrophy	9	7	0	HP:0000252	ORPHA:2339	
2.7	OMIM:300076	Immunoneurologic disorder, X-linked	10	7	0	HP:0003811	ORPHA:2571	
2.7	OMIM:277450	VITAMIN K-DEPENDENT CLOTTING FACTORS, COMBINED DEFICIENCY OF, 1	20	17	1		ORPHA:98434	
2.7	OMIM:269600	Sea-Blue histiocyte disease	10	7	0	HP:0001744	—	
2.7	OMIM:266130	Glutathione synthetase deficiency	14	7	0	HP:0001250	ORPHA:289846,ORPHA:32	
2.7	OMIM:256731	Ceroid lipofuscinosis, neuronal, 5	25	7	0	HP:0001250	ORPHA:228360,ORPHA:699802,ORPHA:699807,ORPHA:699812	
2.7	OMIM:250800	Methemoglobinemia due to deficiency of methemoglobin reductase	16	7	0	HP:0000252	ORPHA:621	
2.7	OMIM:243300	Cholestasis, benign recurrent intrahepatic 1	9	7	0	HP:0002240	ORPHA:65682,ORPHA:99960	
2.7	OMIM:237300	Carbamoyl phosphate synthetase I deficiency, hyperammonemia due to	19	7	0	HP:0001250	ORPHA:147	dans syndromes
2.7	OMIM:223200	Disorganization, mouse, homolog of	11	7	0	HP:0000175	—	
2.7	OMIM:216820	Coloboma, ocular, autosomal recessive	11	7	2		ORPHA:98553	
2.7	OMIM:216800	Coloboma of macula and skeletal anomalies	11	7	0	HP:0000175	ORPHA:91494	
2.7	OMIM:211890	Campomelia, Cumming type	9	7	0	HP:0004322	ORPHA:1318	
2.7	OMIM:211180	Bowen-Conradi syndrome	8	7	0	HP:0000252	ORPHA:1270	
2.7	OMIM:206570	Angiomatosis, diffuse corticomeningeal, of divry and van bogaert	18	7	0	HP:0001250	—	
2.7	OMIM:193250	Volvulus of midgut	11	7	0	HP:0002007	—	
2.7	OMIM:193100	Hypophosphatemic rickets, autosomal dominant	13	7	0	HP:0004322	ORPHA:89937	
2.7	OMIM:155050	Maxillonasal dysplasia, Binder type	8	7	0	HP:0002000	ORPHA:1248	
2.7	OMIM:140350	Hawkinsinuria	13	7	0	HP:0000252	ORPHA:2118	
2.7	OMIM:120433	Coloboma, ocular, with or without hearing impairment, cleft lip/palate, and/or impaired intellectual development	11	7	0	HP:0000175	ORPHA:1473	
2.6	OMIM:620940	Methylmalonic aciduria and homocystinuria, cblL type 	13	6	0	HP:0001627	—	
2.6	OMIM:620512	Spastic paraplegia 18A, autosomal dominant	17	6	0	HP:0001250	ORPHA:209951	
2.6	OMIM:620461	Encephalopathy, acute, infection-induced, susceptibility to, 12	20	6	0	HP:0002093	—	
2.6	OMIM:620425	Cataracts, hearing impairment, nephrotic syndrome, and enterocolitis 2	10	6	0	HP:0001321	—	
2.6	OMIM:620247	Cardiomyopathy, dilated, 1OO	9	6	0	HP:0001631	—	
2.6	OMIM:620145	Developmental and epileptic encephalopathy 109	32	6	0	HP:0001511	ORPHA:442835	
2.6	OMIM:619786	Epidermolysis bullosa, junctional 3B, severe	8	6	0	HP:0001522	ORPHA:79404	
2.6	OMIM:619373	Neurodevelopmental disorder with infantile epileptic spasms	14	6	0	HP:0004322	ORPHA:88616	
2.6	OMIM:619058	Mitochondrial complex IV deficiency, nuclear type 14	11	6	0	HP:0004322	ORPHA:254905	
2.6	OMIM:619052	Mitochondrial complex IV deficiency, nuclear type 8	16	6	0	HP:0004322	ORPHA:254905	
2.6	OMIM:618901	46,XX sex reversal 5	8	6	0	HP:0001629	ORPHA:2138	
2.6	OMIM:618875	Seizures, early-onset, with neurodegeneration and brain calcification	9	6	0	HP:0001250	—	
2.6	OMIM:618559	Epileptic encephalopathy, early infantile, 79	18	6	0	HP:0001250	ORPHA:442835	
2.6	OMIM:618189	Cardiomyopathy, dilated, 2C	11	6	0	HP:0001522	ORPHA:154	
2.6	OMIM:617830	Developmental and epileptic encephalopathy 58	19	6	0	HP:0001250	ORPHA:442835	
2.6	OMIM:617271	Nephronophthisis 20	10	6	0	HP:0000107	ORPHA:655,ORPHA:93589	dans syndromes
2.6	OMIM:617100	Familial adenomatous polyposis 4	12	6	0	HP:0000107	ORPHA:480536,ORPHA:733	
2.6	OMIM:616779	Cerebral arteriopathy, autosomal dominant, with subcortical infarcts and leukoencephalopathy, type 2	17	6	0	HP:0001250	ORPHA:482077	
2.6	OMIM:616224	Myasthenic syndrome, congenital, 22	14	6	0	HP:0004322	ORPHA:590,ORPHA:716893,ORPHA:98914	
2.6	OMIM:614979	Splenomegaly, cytopenia, and vision loss	10	6	0	HP:0001744	ORPHA:313800	
2.6	OMIM:614615	Joubert syndrome 17	12	6	0	HP:0100258	ORPHA:475	
2.6	OMIM:614322	Spinocerebellar ataxia, autosomal recessive 12	22	6	0	HP:0000252	ORPHA:284282	
2.6	OMIM:614307	Alpha-methylacyl-CoA racemase deficiency	26	6	0	HP:0001250	ORPHA:79095	
2.6	OMIM:613977	Cyanosis, transient neonatal	8	6	0	HP:0002240	ORPHA:280615	
2.6	OMIM:613886	Obesity, hyperphagia, and developmental delay	14	6	0	HP:0001250	ORPHA:99704	
2.6	OMIM:613159	Nephronophthisis-Like nephropathy 1	15	6	0	HP:0001250	ORPHA:655,ORPHA:93589	dans syndromes
2.6	OMIM:613148	Inflammatory bowel disease 28, early onset, autosomal recessive	10	6	2		ORPHA:238569	
2.6	OMIM:610910	Pulmonary alveolar proteinosis, acquired	18	6	0	HP:0002090	ORPHA:747	
2.6	OMIM:610798	Immunodeficiency due to defect in mapbp-interacting protein	8	6	0	HP:0004322	ORPHA:90023	
2.6	OMIM:610140	Heart-hand syndrome, Slovenian type	7	6	0	HP:0001156	ORPHA:168796	
2.6	OMIM:609304	Epileptic encephalopathy, early infantile, 3	16	6	0	HP:0001250	ORPHA:1934	
2.6	OMIM:608611	Ribose 5-phosphate isomerase deficiency	25	6	0	HP:0001250	ORPHA:440706	
2.6	OMIM:608029	Spinocerebellar ataxia, autosomal recessive 6	17	6	0	HP:0004322	ORPHA:284332	
2.6	OMIM:605253	Neuropathy, congenital hypomyelinating, 1, autosomal recessive	15	6	0	HP:0002093	ORPHA:99951	
2.6	OMIM:604864	Osteoarthritis with mild chondrodysplasia	13	6	0	HP:0004322	ORPHA:93279	
2.6	OMIM:603233	Pseudohypoparathyroidism, type IB	10	6	0	HP:0001156	ORPHA:94089	
2.6	OMIM:603147	Congenital disorder of glycosylation, type Ic	13	6	0	HP:0001250	ORPHA:79320	
2.6	OMIM:602400	Ichthyosis, congenital, autosomal recessive 11	20	16	1		ORPHA:91132	
2.6	OMIM:602199	Medium chain 3-ketoacyl-coa thiolase deficiency	8	6	0	HP:0003811	—	
2.6	OMIM:601979	Hyperzincemia with functional zinc depletion	8	6	0	HP:0002240	ORPHA:251523	
2.6	OMIM:601453	Trichodental dysplasia	9	6	0	HP:0000252	ORPHA:3351	
2.6	OMIM:600363	Spastic paraplegia 6, autosomal dominant	19	6	0	HP:0001250	ORPHA:100988	
2.6	OMIM:600331	Parc syndrome	7	6	0	HP:0000175	ORPHA:2825	
2.6	OMIM:600251	Facial clefting, oblique, 1	10	6	0	HP:0000175	ORPHA:141258	
2.6	OMIM:309545	Intellectual developmental disorder, X-linked syndromic 12	13	6	0	HP:0001250	ORPHA:85290	
2.6	OMIM:300928	Intellectual developmental disorder, X-linked 101	14	6	0	HP:0001250	ORPHA:777	dans syndromes
2.6	OMIM:300850	Intellectual developmental disorder, X-linked 90	16	6	0	HP:0001250	ORPHA:777	dans syndromes
2.6	OMIM:277740	White forelock with malformations	8	6	0	HP:0001631	ORPHA:2475	
2.6	OMIM:273680	Thanatophoric dysplasia, glasgow variant	7	6	0	HP:0003811	ORPHA:93275	
2.6	OMIM:240900	Hypoinsulinemic hypoglycemia with hemihypertrophy	15	6	0	HP:0001561	ORPHA:293964	
2.6	OMIM:239500	Hyperprolinemia, type I	19	6	0	HP:0001250	ORPHA:419	
2.6	OMIM:231950	Glutathioninuria	19	6	0	HP:0001274	ORPHA:33573	
2.6	OMIM:225250	Hypothyroidism, congenital, nongoitrous, 5	14	6	0	HP:0000821	ORPHA:95712,ORPHA:95713,ORPHA:95720	
2.6	OMIM:224100	Anemia, dyserythropoietic congenital, type II	14	6	0	HP:0001744	ORPHA:85,ORPHA:98873	dans syndromes
2.6	OMIM:221900	Persistent hyperplastic primary vitreous, autosomal recessive	22	16	1		ORPHA:91495	
2.6	OMIM:220600	Split-Hand/foot malformation 1 with sensorineural hearing loss	9	6	0	HP:0002007	ORPHA:71271	
2.6	OMIM:209970	Beemer lethal malformation syndrome	7	6	0	HP:0000238	ORPHA:1237	
2.6	OMIM:190680	Triphalangeal thumbs with brachyectrodactyly	7	6	0	HP:0001156	ORPHA:2947	
2.6	OMIM:179830	Renal tubular acidosis, proximal	8	6	0	HP:0004322	ORPHA:47159	
2.6	OMIM:179280	Radial-Renal syndrome	8	6	0	HP:0004322	ORPHA:3015	
2.6	OMIM:155980	Membranous cranial ossification, delayed	7	6	0	HP:0002007	ORPHA:3034	
2.6	OMIM:153470	Macrocephaly, benign familial	8	6	0	HP:0002007	—	
2.6	OMIM:148800	Kleeblattschaedel syndrome	8	6	0	HP:0000238	—	
2.6	OMIM:147480	Cholestasis, intrahepatic, of pregnancy, 1	9	6	0	HP:0001622	ORPHA:69665	
2.6	OMIM:146350	Hypophosphatemic bone disease	7	6	0	HP:0004322	—	
2.6	OMIM:120400	Coloboma of macula with type B brachydactyly	7	6	0	HP:0000104	ORPHA:1471	
2.6	OMIM:114150	CAMPTOBRACHYDACTYLY	8	6	0	HP:0001156	ORPHA:1319	
2.5	OMIM:620978	Leukodystrophy, hypomyelinating, 28 	13	5	0	HP:0001250	—	
2.5	OMIM:620818	MHC class II deficiency 5	8	5	0	HP:0002090	—	
2.5	OMIM:620460	Oculopharyngeal muscular dystrophy 2	20	5	0	HP:0002093	—	
2.5	OMIM:620386	Nemaline myopathy 5B, autosomal recessive, childhood-onset	23	15	1		—	
2.5	OMIM:620368	Cerebroretinal microangiopathy with calcifications and cysts 3	12	5	0	HP:0001511	ORPHA:620368	
2.5	OMIM:620303	Pituitary hormone deficiency, combined or isolated, 8	16	5	0	HP:0004322	ORPHA:95496	
2.5	OMIM:620065	Developmental delay, behavioral abnormalities, and neuropsychiatric disorders	17	5	0	HP:0001250	ORPHA:528084	dans syndromes
2.5	OMIM:619911	Intellectual developmental disorder with language impairment and early-onset DOPA-responsive dystonia-parkinsonism	22	5	0	HP:0001250	ORPHA:660012,ORPHA:660017,ORPHA:98808	
2.5	OMIM:619874	Cholestasis, progressive familial intrahepatic, 11	8	5	0	HP:0002240	—	
2.5	OMIM:619784	Epidermolysis bullosa, junctional 2B, severe	8	5	0	HP:0001522	—	
2.5	OMIM:619688	Leukodystrophy, hypomyelinating, 23, with ataxia, deafness, liver dysfunction, and dilated cardiomyopathy	15	5	0	HP:0001250	—	
2.5	OMIM:619561	Developmental and epileptic encephalopathy 97	21	5	0	HP:0001250	ORPHA:442835	
2.5	OMIM:619291	Dystonia 30	22	5	0	HP:0001250	—	
2.5	OMIM:618960	Mitchell syndrome	14	5	0	HP:0001250	ORPHA:631248	
2.5	OMIM:618907	Silver-Russell syndrome 4	7	5	2		ORPHA:397590	
2.5	OMIM:618876	Epilepsy, progressive myoclonic, 11	17	5	0	HP:0001250	—	
2.5	OMIM:618855	Combined oxidative phosphorylation deficiency 44	13	5	0	HP:0001250	ORPHA:166105	
2.5	OMIM:618800	Spinocerebellar ataxia, autosomal recessive 28	15	5	0	HP:0004322	—	
2.5	OMIM:618496	Aortic valve disease 3	6	5	0	HP:0001631	ORPHA:402075	
2.5	OMIM:618360	Brain small vessel disease 3	12	5	0	HP:0001250	ORPHA:99810	
2.5	OMIM:618331	Encephalopathy, progressive, early-onset, with episodic rhabdomyolysis	16	5	0	HP:0001250	—	
2.5	OMIM:617836	Developmental delay and seizures with or without movement abnormalities	18	5	0	HP:0004322	ORPHA:442835	
2.5	OMIM:617771	Developmental and epileptic encephalopathy 57	18	5	0	HP:0001250	ORPHA:442835	
2.5	OMIM:617389	Epileptic encephalopathy, early infantile, 53	22	5	0	HP:0001250	ORPHA:1934	
2.5	OMIM:616944	Intellectual developmental disorder, autosomal dominant 41	13	5	0	HP:0001250	—	
2.5	OMIM:616490	Joubert syndrome 23	10	5	2		ORPHA:475	
2.5	OMIM:616452	B-cell expansion with NFKB and T-cell anergy	9	5	0	HP:0001744	ORPHA:464336	
2.5	OMIM:616330	Myasthenic syndrome, congenital, 18	15	5	0	HP:0001558	ORPHA:590,ORPHA:716899,ORPHA:716903,ORPHA:98914	
2.5	OMIM:616126	Immunodeficiency 38 with basal ganglia calcification	13	5	0	HP:0001250	ORPHA:319563	
2.5	OMIM:615768	Spinocerebellar ataxia, autosomal recessive 16	17	5	0	HP:0001321	ORPHA:412057	
2.5	OMIM:615683	Spastic paraplegia 64, autosomal recessive	14	5	0	HP:0000252	ORPHA:401810	
2.5	OMIM:615120	Myasthenic syndrome, congenital, 8	11	5	0	HP:0002093	ORPHA:590,ORPHA:716825,ORPHA:98913,ORPHA:98914	
2.5	OMIM:614972	Cholestasis, intrahepatic, of pregnancy 3	9	5	0	HP:0001622	ORPHA:69665	
2.5	OMIM:614845	Nephronophthisis 15	11	5	0	HP:0001250	ORPHA:3156	
2.5	OMIM:614807	Myopathy, centronuclear, 4	14	5	0	HP:0001250	ORPHA:319160	
2.5	OMIM:614650	Coenzyme Q10 deficiency, primary, 6	13	5	0	HP:0001250	ORPHA:280406	
2.5	OMIM:614561	Leukoencephalopathy, brain calcifications, and cysts	22	5	0	HP:0001250	ORPHA:542310	
2.5	OMIM:614113	Intellectual developmental disorder, autosomal dominant 2	12	5	0	HP:0001250	ORPHA:178469	
2.5	OMIM:612885	Premature ovarian failure 10	9	5	0	HP:0000821	—	
2.5	OMIM:612736	Cerebral creatine deficiency syndrome 2	32	5	0	HP:0001250	ORPHA:382	
2.5	OMIM:612304	Thrombophilia due to protein C deficiency, autosomal recessive	14	5	0	HP:0001250	ORPHA:745	
2.5	OMIM:611913	Chromosome 16p11.2 deletion syndrome, 593-kb	11	5	0	HP:0001250	ORPHA:261197	
2.5	OMIM:611804	Elliptocytosis 1	7	5	0	HP:0001744	ORPHA:288	
2.5	OMIM:611726	Epilepsy, progressive myoclonic 3, with or without intracellular inclusions	19	5	0	HP:0000252	ORPHA:263516,ORPHA:699708	
2.5	OMIM:609524	Filaminopathy, autosomal dominant	12	5	0	HP:0002093	ORPHA:171445	
2.5	OMIM:609241	Schindler disease, type I	19	5	0	HP:0001250	ORPHA:3137,ORPHA:79279,ORPHA:79281	
2.5	OMIM:608636	Chromosome 15q11-q13 duplication syndrome	26	5	0	HP:0001250	ORPHA:238446	
2.5	OMIM:606842	Cardioneuromyopathy with hyaline masses and nemaline rods	14	5	0	HP:0002093	—	
2.5	OMIM:605967	Acropectoral syndrome	7	5	0	HP:0100258	ORPHA:85203	
2.5	OMIM:602079	Trimethylaminuria	9	5	0	HP:0001744	ORPHA:468726	
2.5	OMIM:601379	Hunter-Mcalpine craniosynostosis syndrome	7	5	0	HP:0004322	ORPHA:97340	
2.5	OMIM:601344	Spinal dysplasia, Anhalt type	9	5	0	HP:0004322	—	
2.5	OMIM:601127	Fallot complex with severe mental and growth retardation	8	5	0	HP:0001629	ORPHA:3304	
2.5	OMIM:551500	Neuropathy, ataxia, and retinitis pigmentosa	15	5	0	HP:0001250	ORPHA:644	
2.5	OMIM:301107	Intellectual developmental disorder, X-linked 111	24	5	0	HP:0001250	—	
2.5	OMIM:300872	Autism, susceptibility to, X-linked 6	12	5	0	HP:0001250	—	
2.5	OMIM:300498	Intellectual developmental disorder, X-linked 45	7	5	0	HP:0004322	ORPHA:777	dans syndromes
2.5	OMIM:300428	Intellectual developmental disorder, X-linked 2	8	5	0	HP:0004322	ORPHA:777	dans syndromes
2.5	OMIM:300422	Fg syndrome 4	11	5	0	HP:0001250	—	
2.5	OMIM:300419	Intellectual developmental disorder, X-linked 29	13	5	0	HP:0001250	ORPHA:777	dans syndromes
2.5	OMIM:274400	Thyroid hormonogenesis, genetic defect in, 1	10	5	0	HP:0000821	ORPHA:95716	
2.5	OMIM:274190	Thumb agenesis, short stature, and immunodeficiency	8	5	0	HP:0004322	ORPHA:2951	
2.5	OMIM:267450	Respiratory distress syndrome in premature infants	12	5	0	HP:0001622	ORPHA:70587	
2.5	OMIM:251850	Diarrhea 2, with microvillous atrophy	9	5	0	HP:0001522	ORPHA:2290	
2.5	OMIM:247800	Lymphopenic hypergammaglobulinemia, antibody deficiency, autoimmunehemolytic anemia, and glomerulonephritis	7	5	0	HP:0002090	—	
2.5	OMIM:245450	D-lactic aciduria with susceptibility to gout	8	5	0	HP:0000252	—	
2.5	OMIM:224700	Ebstein anomaly	8	5	0	HP:0001631	ORPHA:1880	
2.5	OMIM:221750	Deafness, sensorineural, with pituitary dwarfism	10	5	0	HP:0004322	ORPHA:231720	
2.5	OMIM:220200	Dandy-Walker syndrome	11	5	0	HP:0000238	ORPHA:217	
2.5	OMIM:217150	Contractures, congenital, torticollis, and malignant hyperthermia	7	5	0	HP:0000175	ORPHA:2215	
2.5	OMIM:214450	Griscelli syndrome, type 1	14	5	0	HP:0001250	ORPHA:381,ORPHA:79476	
2.5	OMIM:206750	Aniridia, partial, with unilateral renal agenesis and psychomotorretardation	7	5	0	HP:0002007	ORPHA:1064	
2.5	OMIM:185700	Symphalangism, distal	9	5	0	HP:0001156	ORPHA:3248	
2.5	OMIM:178550	Pulmonary hemosiderosis	7	5	0	HP:0002093	ORPHA:99931	
2.5	OMIM:176090	Porphyria cutanea tarda, type I	8	5	0	HP:0001395	ORPHA:101330,ORPHA:443057	dans syndromes
2.5	OMIM:174050	Polycystic liver disease 1 with or without kidney cysts	11	5	0	HP:0000107	ORPHA:2924	
2.5	OMIM:154020	Hypomagnesemia 2, renal	9	5	0	HP:0001250	ORPHA:34528	
2.5	OMIM:153200	Lymphedema, hereditary, II	6	5	0	HP:0000175	ORPHA:90186	dans syndromes
2.5	OMIM:126320	Distichiasis with congenital anomalies of the heart and peripheral	8	5	0	HP:0001629	ORPHA:1683	
2.5	OMIM:123155	Craniosynostosis, sagittal, with dandy-walker malformation and hydrocephalus	6	5	0	HP:0000238	ORPHA:1538	
2.5	OMIM:121270	Copper deficiency, familial benign	9	5	0	HP:0001250	ORPHA:1551	
2.5	OMIM:113310	Brachydactyly-Ectrodactyly with fibular aplasia or hypoplasia	8	5	0	HP:0001156	ORPHA:1118	
2.5	OMIM:109130	Axial osteomalacia	8	5	0	HP:0000107	—	
2.5	OMIM:105835	Angel-Shaped phalangoepiphyseal dysplasia	6	5	0	HP:0004322	ORPHA:63442	
2.4	OMIM:621125	Ciliary dyskinesia, primary, 54	12	4	0	HP:0002090	—	
2.4	OMIM:621018	Basal ganglia calcification, idiopathic, 10, autosomal recessive	18	4	0	HP:0001250	—	
2.4	OMIM:620996	Retinitis pigmentosa 98	24	4	0	HP:0001250	—	
2.4	OMIM:620507	Ichthyosis with erythrokeratoderma	16	14	1		—	
2.4	OMIM:620427	Dystonia 37, early-onset, with striatal lesions	17	4	0	HP:0000252	ORPHA:225154	
2.4	OMIM:620359	Mitochondrial complex V (ATP synthase) deficiency, nuclear type 7	11	4	0	HP:0001250	ORPHA:254913	
2.4	OMIM:620203	Cardiomyopathy, dilated, 2H	9	4	0	HP:0003811	ORPHA:154	
2.4	OMIM:620173	Tooth agenesis, selective, 10	6	4	0	HP:0000252	ORPHA:99798	dans syndromes
2.4	OMIM:620011	Spinal muscular atrophy, distal, autosomal recessive, 6	29	14	1		ORPHA:140468	
2.4	OMIM:619647	Dyskinesia with orofacial involvement, autosomal recessive	11	4	0	HP:0000821	ORPHA:324588	
2.4	OMIM:619406	Hypokalemic tubulopathy and deafness	8	4	0	HP:0001250	—	
2.4	OMIM:618635	Siddiqi syndrome	13	4	0	HP:0001250	—	
2.4	OMIM:617983	Microcephaly 21, primary, autosomal recessive	9	4	0	HP:0004322	ORPHA:2512	
2.4	OMIM:617935	Epilepsy, familial focal, with variable foci 4	16	4	0	HP:0000252	ORPHA:98820	dans syndromes
2.4	OMIM:617690	Ovarian dysgenesis 5	10	4	0	HP:0004322	ORPHA:444048	
2.4	OMIM:617584	Spinocerebellar ataxia, autosomal recessive 25	13	4	0	HP:0001321	—	
2.4	OMIM:617441	Thrombocytopenia, anemia, and myelofibrosis	7	4	0	HP:0001744	ORPHA:728467	
2.4	OMIM:617270	Intellectual developmental disorder, autosomal recessive 58	18	4	0	HP:0004322	ORPHA:717795	
2.4	OMIM:617173	Intellectual developmental disorder with cardiac arrhythmia	13	4	0	HP:0001250	ORPHA:542306	
2.4	OMIM:616921	Dyskinesia, limb and orofacial, infantile-onset	16	4	0	HP:0001250	ORPHA:494526	
2.4	OMIM:616781	Joubert syndrome 25	9	4	0	HP:0001321	ORPHA:475	
2.4	OMIM:616335	Microcephaly and chorioretinopathy, autosomal recessive, 3	10	4	0	HP:0000252	ORPHA:2518	
2.4	OMIM:616185	Ovarian dysgenesis 4	8	4	0	HP:0004322	ORPHA:444048	
2.4	OMIM:616098	Immunodeficiency 37	10	4	0	HP:0001250	—	
2.4	OMIM:615721	Renal hypodysplasia/aplasia 2	7	4	0	HP:0002089	ORPHA:1848,ORPHA:411709	
2.4	OMIM:615593	Immunodeficiency 16	7	4	0	HP:0001744	ORPHA:431149	
2.4	OMIM:615198	Osteosclerotic metaphyseal dysplasia	14	4	0	HP:0001250	ORPHA:500548	
2.4	OMIM:614915	Lethal congenital contracture syndrome 4	7	4	0	HP:0002093	ORPHA:137783	
2.4	OMIM:614699	Immunodeficiency, common variable, 7	15	4	0	HP:0001744	ORPHA:696894	
2.4	OMIM:614558	Epileptic encephalopathy, early infantile, 13	31	4	0	HP:0000252	ORPHA:442835	
2.4	OMIM:614499	Intellectual developmental disorder, autosomal recessive 34, with variant lissencephaly	9	4	0	HP:0001250	ORPHA:88616	
2.4	OMIM:614435	Hypoplastic left heart syndrome 2	6	4	0	HP:0001629	ORPHA:2248	
2.4	OMIM:614370	Surfactant metabolism dysfunction, pulmonary, 5	10	4	0	HP:0002093	ORPHA:264675	
2.4	OMIM:614340	Intellectual developmental disorder, autosomal recessive 27	13	4	0	HP:0000252	ORPHA:88616	
2.4	OMIM:614212	Encephalopathy, acute, infection-induced, susceptibility to, 4	7	4	0	HP:0001250	ORPHA:263524	
2.4	OMIM:613674	Vesicoureteral reflux 3	10	4	0	HP:0001561	ORPHA:289365	
2.4	OMIM:613657	D-2-hydroxyglutaric aciduria 2	7	4	0	HP:0001250	ORPHA:79315	
2.4	OMIM:612781	Growth hormone deficiency, isolated, type IB	7	4	0	HP:0004322	ORPHA:231671,ORPHA:631	
2.4	OMIM:612703	Microcephaly 7, primary, autosomal recessive	12	4	0	HP:0001250	ORPHA:2512	
2.4	OMIM:612390	Pontocerebellar hypoplasia, type 2C	7	4	0	HP:0000252	ORPHA:2524	
2.4	OMIM:612290	Microtia, hearing impairment, and cleft palate	9	4	0	HP:0000175	ORPHA:140963	
2.4	OMIM:611107	Intellectual developmental disorder, autosomal recessive 4	7	4	0	HP:0000252	ORPHA:88616	
2.4	OMIM:610279	Pachygyria, frontotemporal	7	4	0	HP:0001250	—	
2.4	OMIM:608908	Myopia 6	17	4	0	HP:0001250	ORPHA:98619	
2.4	OMIM:607624	Griscelli syndrome, type 2	15	4	0	HP:0001250	ORPHA:381,ORPHA:79477	dans syndromes
2.4	OMIM:602014	Hypomagnesemia 1, intestinal	7	4	0	HP:0001250	ORPHA:30924	
2.4	OMIM:312190	Radial aplasia, X-linked	5	4	0	HP:0000238	ORPHA:3016	
2.4	OMIM:300619	Cataract, ataxia, short stature, and impaired intellectual development	10	4	0	HP:0004322	—	
2.4	OMIM:276710	Tyrosinemia, type III	11	4	0	HP:0001250	ORPHA:69723	
2.4	OMIM:274500	Thyroid hormonogenesis, genetic defect in, 2A	6	4	0	HP:0000821	ORPHA:95716	
2.4	OMIM:274240	Thyrocerebroretinal syndrome	10	4	0	HP:0001250	ORPHA:3327	
2.4	OMIM:268700	Saccharopinuria	10	4	0	HP:0004322	ORPHA:3124	
2.4	OMIM:256710	Elejalde disease	16	4	0	HP:0001250	ORPHA:33445	dans syndromes
2.4	OMIM:251220	MICROCEPHALY-CARDIOMYOPATHY	6	4	0	HP:0000252	ORPHA:2515	
2.4	OMIM:248300	Meleda disease	8	4	0	HP:0001156	ORPHA:87503	
2.4	OMIM:240600	Glycogen storage disease 0, liver	7	4	0	HP:0001250	ORPHA:2089	
2.4	OMIM:236660	Hydrocephalus, tall stature, joint laxity, and kyphoscoliosis	6	4	0	HP:0000238	ORPHA:2181	
2.4	OMIM:235750	Hirschsprung disease with ulnar polydactyly, polysyndactyly of bigtoes, and ventricular septal defect	5	4	0	HP:0001629	—	
2.4	OMIM:227150	Ethanolaminosis	5	4	0	HP:0001522	—	
2.4	OMIM:226850	EPILEPSY-TELANGIECTASIA	7	4	0	HP:0001250	ORPHA:1951	
2.4	OMIM:221350	Deafness, congenital, with vitiligo and achalasia	6	4	0	HP:0004322	ORPHA:3239	
2.4	OMIM:217700	Corneal endothelial dystrophy, autosomal recessive	5	4	2		ORPHA:293603	
2.4	OMIM:201400	Acth deficiency, isolated	9	4	0	HP:0001250	ORPHA:199296	
2.4	OMIM:200450	Achalasia-Microcephaly syndrome	6	4	0	HP:0000252	ORPHA:929	
2.4	OMIM:187950	Thrombocythemia 1	6	4	0	HP:0001744	ORPHA:3318,ORPHA:71493	
2.4	OMIM:185020	Cryohydrocytosis	6	4	0	HP:0001744	ORPHA:398088	
2.4	OMIM:179700	Red cell phospholipid defect with hemolysis	5	4	0	HP:0001744	—	
2.4	OMIM:176450	Currarino syndrome	27	14	1		ORPHA:1552	
2.4	OMIM:172880	Pierre Robin syndrome and oligodactyly	5	4	0	HP:0000175	ORPHA:3104	
2.4	OMIM:150260	Laryngeal abductor paralysis	11	4	0	HP:0000252	ORPHA:2808	
2.4	OMIM:140450	Heart-hand syndrome, Spanish type	6	4	0	HP:0001156	ORPHA:1342	
2.4	OMIM:122850	Cranioacrofacial syndrome	6	4	0	HP:0001629	—	
2.4	OMIM:109050	Auralcephalosyndactyly	7	4	0	HP:0002000	ORPHA:1219	
2.4	OMIM:109000	AURICULOOSTEODYSPLASIA	5	4	0	HP:0004322	ORPHA:114	
2.3	OMIM:620313	Leukoencephalopathy with vanishing white matter 3, with or without ovarian failure	9	3	0	HP:0001250	ORPHA:135	
2.3	OMIM:619887	Renal hypodysplasia/aplasia 4	8	3	0	HP:0002089	ORPHA:1848	
2.3	OMIM:619437	Immunodeficiency 84	7	3	0	HP:0001744	ORPHA:697385,ORPHA:699593,ORPHA:699596	
2.3	OMIM:619061	Mitochondrial complex IV deficiency, nuclear type 17	13	3	0	HP:0001250	ORPHA:254905,ORPHA:436271	
2.3	OMIM:619031	Intellectual developmental disorder with epilepsy, behavioral abnormalities, and coarse facies	15	3	0	HP:0001250	ORPHA:528084	dans syndromes
2.3	OMIM:618573	Hypothyroidism, congenital, nongoitrous, 7	8	3	0	HP:0004322	ORPHA:99832	
2.3	OMIM:618185	Periventricular nodular heterotopia 8	9	3	0	HP:0001250	ORPHA:98892	
2.3	OMIM:617985	Microcephaly 23, primary, autosomal recessive	6	3	0	HP:0000252	ORPHA:2512	
2.3	OMIM:617709	Neurodevelopmental disorder with microcephaly, ataxia, and seizures	11	3	0	HP:0000252	ORPHA:88616	
2.3	OMIM:617665	Epileptic encephalopathy, early infantile, 56	21	3	0	HP:0001250	ORPHA:442835	
2.3	OMIM:617601	Intellectual developmental disorder, autosomal dominant 46	17	3	0	HP:0001250	ORPHA:178469	
2.3	OMIM:617383	Avascular necrosis of femoral head, primary, 2	5	3	0	HP:0004322	ORPHA:86820	
2.3	OMIM:617350	Epileptic encephalopathy, early infantile, 52	16	3	0	HP:0001250	ORPHA:1934	
2.3	OMIM:617153	Epileptic encephalopathy, early infantile, 45	11	3	0	HP:0001250	ORPHA:442835	
2.3	OMIM:616080	Microcephaly 12, primary, autosomal recessive	7	3	0	HP:0001250	ORPHA:2512	
2.3	OMIM:615925	Growth hormone deficiency, isolated partial	7	3	0	HP:0004322	ORPHA:314811	
2.3	OMIM:615561	Complement factor B deficiency	8	3	0	HP:0002090	—	
2.3	OMIM:615328	Shaheen syndrome	9	3	0	HP:0000252	ORPHA:363523	
2.3	OMIM:614706	Ceroid lipofuscinosis, neuronal, 11	13	3	0	HP:0001250	ORPHA:314629	
2.3	OMIM:613002	Immunodeficiency 83, susceptibility to viral infections	14	3	0	HP:0001250	ORPHA:1930	
2.3	OMIM:612370	Hypogonadotropic hypogonadism 5 with or without anosmia	7	3	0	HP:0000175	ORPHA:432,ORPHA:478	
2.3	OMIM:610338	Right pulmonary artery, anomalous origin of, familial	6	3	0	HP:0001629	—	
2.3	OMIM:608049	Autism, susceptibility to, 3	16	3	0	HP:0001250	—	
2.3	OMIM:607822	Alzheimer disease 3	22	3	0	HP:0001250	ORPHA:1020	
2.3	OMIM:606664	GLYCINE N-METHYLTRANSFERASE DEFICIENCY	4	3	0	HP:0002240	ORPHA:289891	
2.3	OMIM:604536	Ectodermal dysplasia/skin fragility syndrome	15	13	1		ORPHA:158668	
2.3	OMIM:600257	Bor-Duane hydrocephalus contiguous gene syndrome	6	3	0	HP:0000238	—	
2.3	OMIM:600143	Ceroid lipofuscinosis, neuronal, 8	16	3	0	HP:0001250	ORPHA:228354	
2.3	OMIM:309530	Intellectual developmental disorder, X-linked 1	20	3	0	HP:0001250	—	
2.3	OMIM:309510	Partington syndrome	14	3	0	HP:0001250	ORPHA:94083	dans syndromes
2.3	OMIM:307700	Hypoparathyroidism, X-linked	5	3	0	HP:0001250	ORPHA:2238,ORPHA:2239	
2.3	OMIM:306300	Granulomas, congenital cerebral	3	3	0	HP:0003811	—	
2.3	OMIM:303400	Cleft palate, X-linked	4	3	0	HP:0000175	ORPHA:324601	
2.3	OMIM:301035	Hypothyroidism, congenital, nongoitrous, 9	7	3	0	HP:0004322	—	
2.3	OMIM:301008	Intellectual developmental disorder, X-linked syndromic, Houge type	14	3	0	HP:0001250	ORPHA:777	dans syndromes
2.3	OMIM:300851	Intellectual developmental disorder, X-linked 92	7	3	0	HP:0004322	ORPHA:777	dans syndromes
2.3	OMIM:300496	Autism susceptibility, X-linked 3	15	3	0	HP:0001250	—	
2.3	OMIM:300495	Autism, susceptibility to, X-linked 2	17	3	0	HP:0001250	—	
2.3	OMIM:276880	Urocanase deficiency	13	3	0	HP:0004322	ORPHA:210128	
2.3	OMIM:274900	Thyroid hormonogenesis, genetic defect in, 5	6	3	0	HP:0000821	ORPHA:95716	
2.3	OMIM:272150	Sugarman brachydactyly	6	3	0	HP:0001156	ORPHA:498602	
2.3	OMIM:269160	SCHIZENCEPHALY	3	3	0	HP:0001274	ORPHA:481986,ORPHA:485275,ORPHA:799	
2.3	OMIM:265850	PYGMY	5	3	0	HP:0004322	—	
2.3	OMIM:262710	Pituitary dwarfism with large sella turcica	6	3	0	HP:0000821	—	
2.3	OMIM:260530	Parana hard-skin syndrome	6	3	0	HP:0002093	ORPHA:2812	
2.3	OMIM:257100	Neutropenia, lethal congenital, with eosinophilia	4	3	0	HP:0003811	ORPHA:486	
2.3	OMIM:250900	Methionine malabsorption syndrome	9	3	0	HP:0001250	—	
2.3	OMIM:249240	Megalencephaly with dysmyelination	8	3	0	HP:0001250	—	
2.3	OMIM:241000	Hypogonadism with low-grade mental deficiency and microcephaly	7	3	0	HP:0000252	—	
2.3	OMIM:225280	Ectodermal dysplasia, ectrodactyly, and macular dystrophy syndrome	19	13	1		ORPHA:1897	
2.3	OMIM:223500	Dwarfism, low-birth-weight type, with unresponsiveness to growth hormone	7	3	0	HP:0001511	—	
2.3	OMIM:222800	Erythrocytosis, familial, 8	7	3	0	HP:0001744	ORPHA:714	
2.3	OMIM:222350	DIAMINOPENTANURIA	7	3	0	HP:0001250	—	
2.3	OMIM:219095	Cutaneous photosensitivity and colitis, lethal	6	3	0	HP:0001522	ORPHA:2881	
2.3	OMIM:219050	Cryptorchidism, unilateral or bilateral	4	3	0	HP:0000104	—	
2.3	OMIM:208600	Asthma, short stature, and elevated iga	4	3	0	HP:0004322	—	
2.3	OMIM:206400	Anemia, nonspherocytic hemolytic, possibly due to defect in porphyrinmetabolism	5	3	0	HP:0001744	—	
2.3	OMIM:190650	Triphalangeal thumbs and dislocation of patella	4	3	0	HP:0004322	—	
2.3	OMIM:188150	Thumb deformity and alopecia	7	3	0	HP:0004322	ORPHA:2251	
2.3	OMIM:183300	Splenogonadal fusion with limb defects and micrognathia	6	3	0	HP:0003826	ORPHA:2063	
2.3	OMIM:179400	Radius, aplasia of, with cleft lip/palate	3	3	0	HP:0000175	—	
2.3	OMIM:162830	Neutrophilia, hereditary	6	3	0	HP:0001744	ORPHA:279943	
2.3	OMIM:162350	Ceroid lipofuscinosis, neuronal, 4B, autosomal dominant	20	3	0	HP:0001250	ORPHA:228343	
2.3	OMIM:161480	Nasal bones, absence of	4	3	0	HP:0002000	—	
2.3	OMIM:155350	MEGALENCEPHALY	5	3	0	HP:0000238	ORPHA:2477	
2.3	OMIM:150600	Legg-Calve-Perthes disease	5	3	0	HP:0004322	ORPHA:2380	dans syndromes
2.3	OMIM:137215	Gastric cancer, hereditary diffuse	6	3	0	HP:0000175	ORPHA:26106	
2.3	OMIM:134750	Felty syndrome	4	3	0	HP:0001744	ORPHA:47612	
2.3	OMIM:122780	Coxoauricular syndrome	6	3	0	HP:0004322	ORPHA:1508	
2.3	OMIM:113400	Brachydactyly-Nystagmus-Cerebellar ataxia	8	3	0	HP:0001156	ORPHA:1246	
2.3	OMIM:112370	Brachmann-De lange-like facial changes with microcephaly, metatarsusadductus, and developmental delay	7	3	0	HP:0000252	—	
2.3	OMIM:106250	Ankyloblepharon filiforme adnatum and cleft palate	4	3	0	HP:0000175	ORPHA:1072	
2.2	OMIM:621311	Developmental dysplasia of the hip 4	4	2	2		—	
2.2	OMIM:620153	Mosaic variegated aneuploidy syndrome 4	4	2	0	HP:0000252	ORPHA:1052	
2.2	OMIM:620038	Neurodevelopmental disorder with microcephaly, hypotonia, and absent language	11	2	0	HP:0000252	—	
2.2	OMIM:619970	Developmental and epileptic encephalopathy 104	20	2	0	HP:0001250	ORPHA:442835	
2.2	OMIM:619639	Neurodevelopmental disorder with hypotonia and gross motor and seech delay	11	2	0	HP:0004322	ORPHA:88616	
2.2	OMIM:619226	Blistering, acantholytic, of oral and laryngeal mucosa	3	2	2		—	
2.2	OMIM:619180	Microcephaly 27, primary, autosomal dominant	20	12	1		ORPHA:2514	
2.2	OMIM:617929	Epileptic encephalopathy, early infantile, 60	16	2	0	HP:0001250	ORPHA:697160	
2.2	OMIM:617900	Encephalopathy, acute, infection-induced (herpes-specific), susceptibility to, 8	13	2	0	HP:0001250	ORPHA:1930	
2.2	OMIM:617875	Polycystic liver disease 4 with or without kidney cysts	4	2	0	HP:0000107	ORPHA:2924	
2.2	OMIM:617874	Polycystic liver disease 3 with or without kidney cysts	3	2	0	HP:0000107	ORPHA:2924	
2.2	OMIM:617520	Microcephaly 18, primary, autosomal dominant	4	2	0	HP:0000252	ORPHA:2514	
2.2	OMIM:617004	Polycystic liver disease 2	4	2	0	HP:0002240	ORPHA:2924	
2.2	OMIM:616460	Intellectual developmental disorder, autosomal recessive 50	6	2	0	HP:0000252	ORPHA:88616	
2.2	OMIM:616022	Neutropenia, severe congenital, 6, autosomal recessive	9	2	0	HP:0004322	ORPHA:423384	
2.2	OMIM:615752	Cortical dysplasia, complex, with other brain malformations 14B, (bilateral perisylvian)	8	2	0	HP:0001250	ORPHA:268940,ORPHA:98889	
2.2	OMIM:615705	Spinocerebellar ataxia, autosomal recessive 15	22	2	0	HP:0001250	ORPHA:404499	
2.2	OMIM:615544	Periventricular nodular heterotopia 6	10	2	0	HP:0001250	ORPHA:2149,ORPHA:98892	
2.2	OMIM:614433	Atrial septal defect 8	3	2	0	HP:0001631	ORPHA:1478	
2.2	OMIM:614409	Spastic paraplegia 46, autosomal recessive	37	12	1		ORPHA:320391	
2.2	OMIM:614342	Intellectual developmental disorder, autosomal recessive 30	5	2	0	HP:0000252	ORPHA:88616	
2.2	OMIM:613720	Epileptic encephalopathy, early infantile, 7	12	2	0	HP:0001250	ORPHA:439218	
2.2	OMIM:613678	Brachyolmia type 2	3	2	0	HP:0004322	ORPHA:93302	
2.2	OMIM:613291	Bile acid malabsorption, primary	8	2	2		—	
2.2	OMIM:611363	Atrial septal defect 4	4	2	0	HP:0001631	ORPHA:1478,ORPHA:99103	
2.2	OMIM:609446	Paroxysmal nonkinesigenic dyskinesia, 3, with or without generalized epilepsy	13	2	0	HP:0001250	ORPHA:79137	dans syndromes
2.2	OMIM:608864	Orofacial cleft 6, susceptibility to	5	2	0	HP:0000175	ORPHA:199306	
2.2	OMIM:607373	Autism, susceptibility to, 8	15	2	0	HP:0001250	—	
2.2	OMIM:607200	Thyroid dyshormonogenesis 6	3	2	0	HP:0000821	ORPHA:226316,ORPHA:95716	
2.2	OMIM:604364	Epilepsy, familial focal, with variable foci	11	2	0	HP:0001250	ORPHA:98820	dans syndromes
2.2	OMIM:601536	Athabaskan brainstem dysgenesis syndrome	8	2	0	HP:0001250	ORPHA:69737,ORPHA:69739	
2.2	OMIM:600625	Orofacial cleft 11	3	2	0	HP:0000175	ORPHA:199306	
2.2	OMIM:312910	Spastic paraparesis and deafness	8	2	0	HP:0004322	ORPHA:2815	dans syndromes
2.2	OMIM:306960	Hhhh syndrome	5	2	0	HP:0001250	—	
2.2	OMIM:305690	Genitourinary tract anomalies	3	2	0	HP:0003811	—	
2.2	OMIM:301031	Congenital disorder of glycosylation, type Icc	5	2	0	HP:0002240	—	
2.2	OMIM:300518	Intellectual developmental disorder, X-linked 82	7	2	0	HP:0001250	ORPHA:777	dans syndromes
2.2	OMIM:300505	Intellectual developmental disorder, X-linked 84	4	2	0	HP:0004322	ORPHA:777	dans syndromes
2.2	OMIM:300425	Autism susceptibility, X-linked 1	14	2	0	HP:0001250	—	
2.2	OMIM:300387	Intellectual developmental disorder, X-linked 63	11	2	0	HP:0000252	ORPHA:777	dans syndromes
2.2	OMIM:300062	Intellectual developmental disorder, X-linked 14	6	2	0	HP:0001250	ORPHA:777	dans syndromes
2.2	OMIM:275300	TRACHEOBRONCHOMEGALY	5	2	0	HP:0001522	ORPHA:3347	
2.2	OMIM:274800	Thyroid hormonogenesis, genetic defect in, 4	5	2	0	HP:0000821	ORPHA:95716	
2.2	OMIM:265950	Pyloric atresia	3	2	0	HP:0001561	—	
2.2	OMIM:265880	PYKNOACHONDROGENESIS	3	2	0	HP:0003826	ORPHA:3003	
2.2	OMIM:253590	Muscular dystrophy, adult-onset, with leukoencephalopathy	6	2	0	HP:0001250	—	
2.2	OMIM:239510	Hyperprolinemia, type II	10	2	0	HP:0001250	ORPHA:79101	
2.2	OMIM:238340	HYPERLEUCINE-ISOLEUCINEMIA	7	2	0	HP:0001250	—	
2.2	OMIM:236450	Hutterite cerebroosteonephrodysplasia syndrome	5	2	0	HP:0004322	—	
2.2	OMIM:232900	Glycoprotein storage disease	3	2	0	HP:0001744	—	
2.2	OMIM:229500	Fructose and galactose intolerance	5	2	0	HP:0001250	—	
2.2	OMIM:225700	Encephalomalacia, multilocular	5	2	0	HP:0000252	—	
2.2	OMIM:212360	Palmoplantar keratoderma and congenital alopecia 2	13	12	1		ORPHA:1366	
2.2	OMIM:212067	Congenital disorder of glycosylation, type I/IIx	6	2	0	HP:0001250	—	
2.2	OMIM:209850	Autism susceptibility 1	15	2	0	HP:0001250	—	
2.2	OMIM:204750	Alpha-aminoadipic and alpha-ketoadipic aciduria	9	2	0	HP:0000252	ORPHA:79154	
2.2	OMIM:204500	Ceroid lipofuscinosis, neuronal, 2	15	2	0	HP:0001250	ORPHA:228349,ORPHA:699751,ORPHA:699761,ORPHA:699769	
2.2	OMIM:191000	Trochlea of the humerus, aplasia of	3	2	0	HP:0000175	ORPHA:3383	
2.2	OMIM:190420	Triglyceride storage disease, type I	2	2	0	HP:0000252	—	
2.2	OMIM:178370	Pulmonary atresia with ventricular septal defect	3	2	0	HP:0001629	ORPHA:1207	
2.2	OMIM:167500	Palatopharyngeal incompetence	4	2	0	HP:0000175	ORPHA:2291	
2.2	OMIM:139600	Hairy elbows	4	2	0	HP:0004322	ORPHA:2220	
2.2	OMIM:139300	Aromatase excess syndrome	4	2	0	HP:0004322	ORPHA:178345	
2.2	OMIM:136630	Intellectual developmental disorder, autosomal dominant, FRA12A type	9	2	0	HP:0001250	—	
2.2	OMIM:119530	Orofacial cleft 1	4	2	0	HP:0000175	ORPHA:141291,ORPHA:199302,ORPHA:199306	
2.2	OMIM:118830	Chylomicronemia, familial, due to circulating inhibitor of lipoproteinlipase	5	2	0	HP:0001744	ORPHA:444490	
2.2	OMIM:118750	Choreoathetosis, familial inverted	8	2	0	HP:0001250	—	
2.1	OMIM:619931	Intellectual developmental disorder, autosomal recessive 76	13	1	0	HP:0001250	ORPHA:88616	
2.1	OMIM:619816	Epidermolysis bullosa, junctional 5A, intermediate	16	11	1		ORPHA:79402	
2.1	OMIM:618357	Epilepsy, idiopathic generalized, susceptibility to, 15	15	1	0	HP:0001250	—	
2.1	OMIM:618113	Encephalitis/encephalopathy, mild, with reversible myelin vacuolization	5	1	0	HP:0001250	—	
2.1	OMIM:618009	Intellectual developmental disorder 61	20	11	1		ORPHA:528084	dans syndromes
2.1	OMIM:617829	Epileptic encephalopathy, infantile or early childhood, 2	19	1	0	HP:0001250	ORPHA:442835	
2.1	OMIM:617816	Glycosylphosphatidylinositol biosynthesis defect 16	8	1	0	HP:0001250	ORPHA:88616	
2.1	OMIM:617787	Intellectual developmental disorder, autosomal dominant 50, with behavioral abnormalities	10	1	0	HP:0001250	ORPHA:528084	dans syndromes
2.1	OMIM:617671	Helix syndrome	16	11	1		ORPHA:528105	
2.1	OMIM:617118	Epilepsy, familial focal, with variable foci 3	5	1	0	HP:0001250	ORPHA:98820	dans syndromes
2.1	OMIM:617116	Epilepsy, familial focal, with variable foci 2	4	1	0	HP:0001250	ORPHA:98820	dans syndromes
2.1	OMIM:616902	Chromosome 11P13 deletion syndrome, distal	9	1	0	HP:0001250	—	
2.1	OMIM:616739	Intellectual developmental disorder, autosomal recessive 51	8	1	0	HP:0000252	ORPHA:88616	
2.1	OMIM:616640	Epilepsy, progressive myoclonic, 10	21	1	0	HP:0001250	ORPHA:324290	
2.1	OMIM:616532	Encephalopathy, acute, infection-induced (herpes-specific), susceptibility to, 7	7	1	0	HP:0001250	ORPHA:1930	
2.1	OMIM:616366	Epileptic encephalopathy, early infantile, 32	15	1	0	HP:0001250	ORPHA:442835	
2.1	OMIM:616001	Breasts and/or nipples, aplasia or hypoplasia of, 2	13	11	1		ORPHA:180188	
2.1	OMIM:614820	Alternating hemiplegia of childhood 2	15	1	0	HP:0001250	ORPHA:2131	
2.1	OMIM:614347	Intellectual developmental disorder, autosomal recessive 28	5	1	0	HP:0000252	ORPHA:88616	
2.1	OMIM:614345	Intellectual developmental disorder, autosomal recessive 24	6	1	0	HP:0000252	ORPHA:88616	
2.1	OMIM:614256	Intellectual developmental disorder, autosomal dominant 10	5	1	0	HP:0001250	ORPHA:178469	
2.1	OMIM:614208	Intellectual developmental disorder, autosomal recessive 16	4	1	0	HP:0001250	ORPHA:88616	
2.1	OMIM:611718	Hypomagnesemia 4, renal	5	1	0	HP:0001250	—	
2.1	OMIM:611093	Intellectual developmental disorder, autosomal recessive 7	6	1	0	HP:0000252	ORPHA:88616	
2.1	OMIM:608762	Epilepsy, idiopathic generalized, susceptibility to, 3	4	1	0	HP:0001250	—	
2.1	OMIM:605637	Myopathy, proximal, and ophthalmoplegia	21	11	1		ORPHA:363677,ORPHA:79091	
2.1	OMIM:605021	Myoclonic epilepsy, familial infantile	15	1	0	HP:0001250	ORPHA:352587,ORPHA:86909	
2.1	OMIM:604271	Growth hormone insensitivity, partial	3	1	0	HP:0004322	ORPHA:314802	
2.1	OMIM:601780	Ceroid lipofuscinosis, neuronal, 6	9	1	0	HP:0001250	ORPHA:228363,ORPHA:700467,ORPHA:700472	
2.1	OMIM:600627	Hypertryptophanemia	23	11	1		ORPHA:2224	
2.1	OMIM:300888	Hypothyroidism, central, and testicular enlargement	6	1	0	HP:0000821	ORPHA:329235	
2.1	OMIM:300643	Rolandic epilepsy, impaired intellectual development, and speech dyspraxia	6	1	0	HP:0001250	ORPHA:163721	
2.1	OMIM:300582	Short stature, idiopathic familial	2	1	0	HP:0004322	ORPHA:314795	
2.1	OMIM:300491	Epilepsy, X-linked, with variable learning disabilities and behavior disorders	8	1	0	HP:0001250	ORPHA:85294	
2.1	OMIM:274230	Thymoma, familial	5	1	0	HP:0002093	ORPHA:99867	
2.1	OMIM:273770	THREONINEMIA	5	1	0	HP:0001250	—	
2.1	OMIM:271110	Spinal muscular atrophy with microcephaly and mental subnormality	4	1	0	HP:0000252	—	
2.1	OMIM:267740	Retinal degeneration and epilepsy	3	1	0	HP:0001250	—	
2.1	OMIM:263610	Polyhydramnios, chronic idiopathic	2	1	0	HP:0001561	—	
2.1	OMIM:227260	Focal facial dermal dysplasia 3, Setleis type	14	11	1		ORPHA:1807,ORPHA:398166	
2.1	OMIM:222400	Diaphragmatic hernia 2	4	1	0	HP:0000776	ORPHA:2140	
2.1	OMIM:212550	Optic disc anomalies with retinal and/or macular dystrophy	15	11	1		ORPHA:435930	
2.1	OMIM:208700	Ataxia with myoclonic epilepsy and presenile dementia	7	1	0	HP:0001250	—	
2.1	OMIM:142340	Diaphragmatic hernia, congenital	2	1	0	HP:0000776	ORPHA:2140	
2.1	OMIM:119550	Cleft palate-lateral synechia syndrome	2	1	0	HP:0000175	ORPHA:2016	
2.0	OMIM:620755	Generalized epilepsy with febrile seizures plus, type 12	11	0	0	HP:0001250	ORPHA:36387	
2.0	OMIM:619562	Joubert syndrome 39	15	10	1		ORPHA:475	
2.0	OMIM:618364	Myoclonus, familial, 2	7	0	0	HP:0001250	ORPHA:86909	
2.0	OMIM:618075	Epilepsy, familial adult myoclonic, 7	4	0	0	HP:0001250	ORPHA:86814	
2.0	OMIM:617831	Intellectual developmental disorder, autosomal dominant 55, with seizures	19	0	0	HP:0001250	ORPHA:442835	
2.0	OMIM:617294	Epidermolysis bullosa simplex, generalized, with scarring and hair loss	12	10	1		ORPHA:508529	
2.0	OMIM:616887	Intellectual developmental disorder, autosomal recessive 52	6	0	0	HP:0001250	ORPHA:88616	
2.0	OMIM:616685	Epilepsy, idiopathic generalized, susceptibility to, 14	10	0	0	HP:0001250	—	
2.0	OMIM:615127	Epilepsy, familial adult myoclonic, 4	12	0	0	HP:0001250	ORPHA:86814	
2.0	OMIM:612899	Epilepsy idiopathic generalized, susceptibility to, 8	8	0	0	HP:0001250	—	
2.0	OMIM:612580	Intellectual developmental disorder, autosomal dominant 3	4	0	0	HP:0001250	ORPHA:178469	
2.0	OMIM:611096	Intellectual developmental disorder, autosomal recessive 10	4	0	0	HP:0001250	ORPHA:88616	
2.0	OMIM:607417	Intellectual developmental disorder, autosomal recessive 2	10	0	0	HP:0001250	ORPHA:88616	
2.0	OMIM:605055	Alzheimer disease, familial early-onset, with coexisting amyloid and prion pathology	6	0	0	HP:0001250	ORPHA:1020	
2.0	OMIM:604537	Leber congenital amaurosis 5	8	0	2		ORPHA:65	
2.0	OMIM:309300	Megalocornea 1, X-linked	16	10	1		ORPHA:91489	
2.0	OMIM:300852	Intellectual developmental disorder, X-linked 88	5	0	0	HP:0001250	ORPHA:777	dans syndromes
2.0	OMIM:300802	Intellectual developmental disorder, X-linked 96	3	0	0	HP:0001250	ORPHA:777	dans syndromes
2.0	OMIM:245180	Kifafa seizure disorder	4	0	0	HP:0001250	—	
2.0	OMIM:184460	Stapes ankylosis with broad thumb and toes	15	10	1		ORPHA:140917	
2.0	OMIM:132300	Epilepsy, reading	4	0	0	HP:0001250	ORPHA:166433	
2.0	OMIM:132090	Epilepsy, benign occipital	3	0	0	HP:0001250	—	
2.0	OMIM:128200	Episodic kinesigenic dyskinesia 1	8	0	0	HP:0001250	ORPHA:98809	
1.9	OMIM:619354	Deafness, cataract, impaired intellectual development, and polyneuropathy	16	9	1		—	
1.9	OMIM:618688	Leukodystrophy, hypomyelinating, 19, transient infantile	16	9	1		—	
1.9	OMIM:616470	Ullrich congenital muscular dystrophy 2	15	9	1		ORPHA:75840	
1.9	OMIM:613204	Muscular dystrophy, congenital, due to integrin alpha-7 deficiency	15	9	1		ORPHA:34520	
1.9	OMIM:601631	Anterior segment dysgenesis 3	15	9	1		ORPHA:91483,ORPHA:98978	
1.9	OMIM:135400	Hypertrichosis terminalis, generalized, with or without gingival hyperplasia	10	9	1		ORPHA:2026	
1.9	OMIM:133705	External auditory canal, bilateral atresia of, with congenital verticaltalus	11	9	1		ORPHA:3023	
1.8	OMIM:619062	Mitochondrial complex IV deficiency, nuclear type 18	13	8	1		ORPHA:254905	
1.8	OMIM:618917	Neurodevelopmental disorder with language impairment and behavioral abnormalities	25	8	1		—	
1.8	OMIM:618857	Diabetes mellitus, permanent neonatal 3, with or without neurologic features	14	8	1		ORPHA:99885	
1.8	OMIM:608390	Myotonia, potassium-aggravated	15	8	1		ORPHA:612,ORPHA:99734,ORPHA:99735,ORPHA:99736	
1.8	OMIM:219250	Cutis marmorata telangiectatica congenita	10	8	1		ORPHA:1556	
1.8	OMIM:202700	Neutropenia, severe congenital, 1, autosomal dominant	12	8	1		ORPHA:486	
1.8	OMIM:143400	Congenital anomalies of kidney and urinary tract 2	16	8	1		—	
1.7	OMIM:601705	T-CELL IMMUNODEFICIENCY, CONGENITAL ALOPECIA, AND NAIL DYSTROPHY	8	7	1		ORPHA:169095	
1.6	OMIM:620484	Thrombocytopenia 10	9	6	1		ORPHA:566192	
1.6	OMIM:618868	Neurodegeneration, childhood-onset, with ataxia, tremor, optic atrophy, and cognitive decline	20	6	1		—	
1.6	OMIM:615024	Ichthyosis, congenital, autosomal recessive 10	9	6	1		ORPHA:79394	
1.6	OMIM:614228	Charcot-marie-tooth disease, axonal, type 2O	14	6	1		ORPHA:284232	
1.6	OMIM:612965	46XY sex reversal 3	10	6	1		ORPHA:242,ORPHA:251510	dans syndromes
1.6	OMIM:610623	Cataract 11, multiple types	11	6	1		ORPHA:91492	
1.6	OMIM:274600	Pendred syndrome	9	6	1		ORPHA:705	
1.6	OMIM:246000	Leg, absence deformity of, with congenital cataract	11	6	1		ORPHA:2310	
1.6	OMIM:181600	Huriez syndrome	8	6	1		ORPHA:384	
1.6	OMIM:146550	Marie unna hereditary hypotrichosis 1	8	6	1		ORPHA:444	
1.5	OMIM:617526	Erythrokeratodermia variabilis et progressiva 4	7	5	1		ORPHA:317	
1.5	OMIM:615863	Diarrhea 7, protein-losing Enteropathy type	11	5	1		ORPHA:329242	
1.5	OMIM:615059	Hypotrichosis 11	6	5	1		ORPHA:55654	
1.5	OMIM:613235	Factor XIIIB deficiency	9	5	1		ORPHA:331	
1.5	OMIM:612260	Immunodeficiency 68	11	5	1		ORPHA:70592	
1.5	OMIM:245660	Laryngoonychocutaneous syndrome	11	5	1		ORPHA:2407	
1.5	OMIM:203655	Alopecia universalis congenita	7	5	1		ORPHA:701	
1.5	OMIM:131705	Transient bullous dermolysis of the newborn	8	5	1		ORPHA:79411	
1.5	OMIM:112800	Brachydactyly, type A4	7	5	1		ORPHA:93394	
1.4	OMIM:619724	Dystonia 34, myoclonic	15	4	1		—	
1.4	OMIM:619082	Microcornea, rod-cone dystrophy, cataract, and posterior staphyloma 1	7	4	1		ORPHA:263347	
1.4	OMIM:618760	Neurodevelopmental disorder with hypotonia and autistic features with or without hyperkinetic movements	17	4	1		—	
1.4	OMIM:614675	Bone marrow failure syndrome 1	6	4	1		ORPHA:314399	
1.4	OMIM:614338	Pancreatic lipase deficiency	6	4	1		ORPHA:309031,ORPHA:309108,ORPHA:309111	
1.4	OMIM:614053	Mitochondrial complex V (atp synthase) deficiency, nuclear type 3	7	4	1		ORPHA:254913	
1.4	OMIM:613611	Choanal atresia and lymphedema	5	4	1		ORPHA:99141	
1.4	OMIM:600881	Cataract, congenital zonular, with sutural opacities	6	4	1		ORPHA:441452,ORPHA:91492,ORPHA:98985,ORPHA:98991,ORPHA:98993	
1.4	OMIM:600790	Chorioretinal atrophy, progressive bifocal	8	4	1		ORPHA:75373	
1.4	OMIM:156600	Microcoria, congenital	7	4	1		ORPHA:566	
1.4	OMIM:130600	Elliptocytosis 2	5	4	1		ORPHA:288	
1.3	OMIM:619687	Dystonia 33	15	3	1		ORPHA:256	
1.3	OMIM:618415	Cataract 48	8	3	1		ORPHA:98994	
1.3	OMIM:618351	Microcephaly 25, primary, autosomal recessive	10	3	1		ORPHA:2512	
1.3	OMIM:618283	Visual impairment and progressive phthisis bulbi	7	3	1		—	
1.3	OMIM:617142	Aniridia 3	7	3	1		ORPHA:250923	
1.3	OMIM:616722	Retinal dystrophy and iris coloboma with or without congenital cataract	6	3	1		ORPHA:488197	
1.3	OMIM:615972	Nanophthalmos 4	7	3	1		ORPHA:35612	
1.3	OMIM:614896	Sinoatrial node dysfunction and deafness	7	3	1		ORPHA:324321	
1.3	OMIM:612900	Cerebral palsy, spastic quadriplegic, 2	9	3	1		ORPHA:210141	
1.3	OMIM:611544	Cataract 17, multiple types	10	3	1		ORPHA:91492	
1.3	OMIM:610092	Microphthalmia with coloboma 3	4	3	1		ORPHA:98938	
1.3	OMIM:609741	Cataract 22, multiple types	6	3	1		ORPHA:91492	
1.3	OMIM:608118	Zinc deficiency, transient neonatal	4	3	1		—	
1.3	OMIM:300779	Corneal dystrophy, endothelial, X-linked	4	3	1		ORPHA:293621	
1.3	OMIM:300299	Neutropenia, severe congenital, X-linked	8	3	1		ORPHA:86788	
1.3	OMIM:223000	Lactase deficiency, congenital	7	3	1		ORPHA:53690	
1.3	OMIM:149200	Bart-Pumphrey syndrome	6	3	1		ORPHA:2698	
1.3	OMIM:116200	Cataract 1, multiple types	6	3	1		ORPHA:1377,ORPHA:91492	
1.2	OMIM:619215	Oculomotor-abducens synkinesis	5	2	1		—	
1.2	OMIM:619081	Deafness, autosomal dominant 78	7	2	1		ORPHA:90635	
1.2	OMIM:614160	Muscle hypertrophy	3	2	1		—	
1.2	OMIM:613860	Immunodeficiency due to ficolin 3 deficiency	6	2	1		ORPHA:331190	
1.2	OMIM:613763	Cataract 16, multiple types	8	2	1		ORPHA:441452,ORPHA:91492,ORPHA:98992,ORPHA:98993,ORPHA:98995	
1.2	OMIM:610425	Cataract 23	4	2	1		ORPHA:91492	
1.2	OMIM:609975	Hyperinsulinemic hypoglycemia, familial, 4	9	2	1		ORPHA:71212	
1.2	OMIM:206800	Anonychia congenita	3	2	1		ORPHA:79143,ORPHA:94150	
1.2	OMIM:206500	Anencephaly	4	2	1		ORPHA:1048	
1.2	OMIM:179200	Radial heads, posterior dislocation of	5	2	1		—	
1.2	OMIM:115665	Cataract, congenital, Volkmann type	4	2	1		ORPHA:91492	
1.1	OMIM:618662	Diarrhea 11, malabsorptive, congenital	3	1	1		ORPHA:714490	
1.1	OMIM:618094	Deafness, autosomal recessive 110	4	1	1		ORPHA:90635	
1.1	OMIM:618013	Deafness, autosomal recessive 109	4	1	1		—	
1.1	OMIM:616851	Cataract 45	2	1	1		ORPHA:91492	
1.1	OMIM:614691	Cataract, autosomal recessive congenital 5	3	1	1		ORPHA:91492	
1.1	OMIM:613887	Cataract, autosomal recessive congenital 4	2	1	1		—	
1.1	OMIM:612794	Atrial septal defect 5	2	1	1		ORPHA:1478	
1.1	OMIM:611102	Deafness, sensorineural, and male infertility	9	1	1		ORPHA:94064	
1.1	OMIM:610612	Leber congenital amaurosis 12	4	1	1		ORPHA:65	
1.1	OMIM:601547	Cataract 3, multiple types	5	1	1		ORPHA:1377,ORPHA:91492,ORPHA:98994	
1.1	OMIM:302200	Cataract, congenital total, with posterior sutural opacities in heterozygotes	4	1	1		ORPHA:91492	
1.1	OMIM:236800	HYDROXYKYNURENINURIA	6	1	1		ORPHA:79155	
1.1	OMIM:208300	Ascites, chylous	3	1	1		ORPHA:1160	
1.1	OMIM:150270	Laryngeal adductor paralysis	3	1	1		—	
1.1	OMIM:144050	HYPERHEPARINEMIA	2	1	1		—	
1.1	OMIM:116400	Cataract, nuclear total	2	1	1		ORPHA:91492,ORPHA:98991,ORPHA:98992,ORPHA:98995	
1.1	OMIM:116100	Cataract 20, multiple types	6	1	1		ORPHA:441452,ORPHA:91492,ORPHA:98985	
1.0	OMIM:617039	Patent ductus arteriosus 3	2	0	1		ORPHA:466729	
1.0	OMIM:614826	Nystagmus 7, congenital, autosomal dominant	2	0	1		—	
1.0	OMIM:612642	Deafness, autosomal dominant 59	3	0	1		ORPHA:90635	
1.0	OMIM:601868	Deafness, autosomal dominant nonsyndromic sensorineural 13	2	0	1		ORPHA:90635	
1.0	OMIM:304500	Deafness, X-linked 1	2	0	1		ORPHA:90625	dans syndromes
1.0	OMIM:300914	Deafness, X-linked 6	4	0	1		ORPHA:90625	dans syndromes
1.0	OMIM:221500	Deafness, neural, congenital moderate	2	0	1		—	
1.0	OMIM:121201	Epilepsy, benign neonatal, 2	7	0	1		ORPHA:1949	
1.0	OMIM:107200	Anosmia, congenital	2	0	1		ORPHA:88620	
