id	label_fr	referentiel	entite	role	stade	conforme	label_propose	ancre	verbatim_verifie	source	verbatim	probleme
FOETO:PP.AMN-NOR-000	Amnios normal	BENIRSCHKE	Anatomie normale des membranes extraplacentaires — amnios	structure		oui		oui	oui	khong2019 ch2	The amnion is closely related to the epidermis; rounded foci of squamous metaplasia are common in the mature placenta.	
FOETO:PP.AUP-INF-001	Artérite déciduale	AMSTERDAM	MVM — artériopathie déciduale	manifestation		non_standard	Périvascularite chronique déciduale (manifestation d'artériopathie déciduale)	oui	oui	benirschke ch19	Perivascular chronic vasculitis is also one of the features of decidual arteriopathy and likely plays a role in at least some conditions associated with atherosis.	Libellé imprécis : ni temporalité ni type d'infiltrat, alors que le corpus ne décrit qu'une périvascularite chronique lymphocytaire ; risque de confusion avec une artérite infectieuse.
FOETO:PP.AUP-NOR-000	Artères utéro-placentaires normales (remodelage physiologique)	BENIRSCHKE	Anatomie/physiologie normale des artères utéroplacentaires — conversion physiologique des artères spiralées	structure		oui		oui	oui	benirschke ch9	During conversion, the smooth muscle and elastic tissue within the arterial walls disappear and are replaced by a fibrinoid deposit [117, 232].	
FOETO:PP.AUP-VAS-001	Défaut de remodelage des artères spiralées	AMSTERDAM	MVM — artériopathie déciduale (défaut de transformation physiologique)	manifestation		non_standard	Transformation physiologique incomplète des artères spiralées	oui	oui	khong2019 ch32	The diagnosis of incomplete transformation of the spiral arteries is problematic. Not all basal plate spiral arteries remodel, even in an entirely normal pregnancy.	« Défaut/absence de remodelage » est jugé imprécis par le corpus (le remodelage vasculaire a lieu, c'est la transformation médiée par le trophoblaste extravilleux qui est incomplète) ; doublon de contenu avec AUP-VAS-002.
FOETO:PP.AUP-VAS-002	Défaut de transformation physiologique des artères utéro-placentaires	AMSTERDAM	MVM — artériopathie déciduale (défaut de transformation physiologique)	manifestation		oui		oui	oui	khong2019 ch32	Decidual vasculopathy can have a range of appearances, including incomplete loss of the muscular wall, acute atherosis, and fibrinoid necrosis.	Recouvre exactement le même contenu que AUP-VAS-001 (deux entrées pour une seule manifestation).
FOETO:PP.AUP-VAS-003	Athérose aiguë des artères spiralées	AMSTERDAM	MVM — artériopathie déciduale (athérose aiguë)	manifestation		oui		oui	oui	khong2019 ch32	Acute atherosis or atherosis is defined by the presence of foamy macrophages within the wall of a uterine vessel.	
FOETO:PP.AUP-VAS-004	MVM — Artériopathie déciduale spiralée	AMSTERDAM	MVM — artériopathie déciduale	synonyme		non_standard	Artériopathie déciduale	oui	oui	khong2019 ch32	Maternal vasculopathy (or arteriopathy) is often referred to as decidual vasculopathy.	Libellé composite : préfixe de pattern (MVM) accolé au chapeau lésionnel, et qualificatif « spiralée » redondant alors que l'artériopathie déciduale concerne aussi les artérioles membranaires.
FOETO:PP.AUP-VAS-005	Nécrose fibrinoïde pariétale des artères spiralées	AMSTERDAM	MVM — artériopathie déciduale (nécrose fibrinoïde pariétale)	manifestation		oui		oui	oui	khong2019 ch32	Fibrinoid necrosis is an alteration of the uterine vascular wall characterized by a waxy or glassy, brightly eosinophilic degeneration in the absence of extravillous trophoblast (EVT) invasion.	
FOETO:PP.AUP-VAS-006	Thrombose des artères utéro-placentaires	AMSTERDAM	MVM — artériopathie déciduale (thrombose artérielle)	manifestation		oui		oui	oui	khong2019 ch1	Maternal uteroplacental vascular thrombosis	
FOETO:PP.CHO-NOR-000	Chorion laeve normal	BENIRSCHKE	Anatomie normale des membranes extraplacentaires — chorion laeve	structure		oui		oui	oui	benirschke ch15	the primary chorionic plate, the obliterated intervillous space together with its villous remnants, and the trophoblastic shell fuse (see Fig. 5.2) form a multilayered compact lamella, the smooth chorion [174] (also known as chorion laeve)	
FOETO:PP.COR-INF-003	FIR Stage 1 — Phlébite ombilicale / vasculite choriale	AMSTERDAM	AI — réponse inflammatoire fœtale (FIR)	stade	FIR stade 1	non_standard	FIR stade 1 — vascularite choriale ou phlébite ombilicale	oui	oui	amsterdam ch1	Stage 1—chorionic vasculitis or umbilical phlebitis	Libellé anglicisé (« Stage ») et réunion de deux sièges distincts, conforme toutefois à la définition d'Amsterdam ; le grade, axe orthogonal, n'est pas porté par le libellé.
FOETO:PP.COR-INF-004	FIR Stage 2 — Vascularite ombilicale (veine + ≥ 1 artère)	AMSTERDAM	AI — réponse inflammatoire fœtale (FIR)	stade	FIR stade 2	non_standard	FIR stade 2 — vascularite ombilicale (veine et ≥ 1 artère)	oui	oui	amsterdam ch1	Stage 2—involvement of the umbilical vein and one or more umbilical arteries	Libellé anglicisé (« Stage ») ; le grade de sévérité, axe orthogonal, doit être codé séparément.
FOETO:PP.COR-INF-005	FIR Stage 3 — Funiculite nécrosante	AMSTERDAM	AI — réponse inflammatoire fœtale (FIR)	stade	FIR stade 3	non_standard	FIR stade 3 — funisite nécrosante	oui	oui	amsterdam ch1	Stage 3—necrotizing funisitis	Orthographe non retenue (« funiculite » au lieu de « funisite ») et libellé anglicisé (« Stage »).
FOETO:PP.COR-INF-006	Funiculite aiguë (réponse fœtale à l'infection)	AMSTERDAM	AI — réponse inflammatoire fœtale (FIR)	manifestation		non_standard	Funisite aiguë	oui	oui	khong2019 ch55	Acute funisitis is an acute inflammatory response in the umbilical cord, characterized by infiltration of fetal neutrophils into the umbilical vein	Orthographe non retenue (« funiculite » au lieu de « funisite ») ; libellé chapeau sans stade ni grade, avec une parenthèse étiologique qui mêle description lésionnelle et interprétation physiopathologique.
FOETO:PP.COR-INF-007	Vascularite ombilicale	AMSTERDAM	AI — réponse inflammatoire fœtale (FIR)	critere		oui		oui	oui	khong2019 ch55	While funisitis and phlebitis are established terms, the pattern of inflammation seen reflects neutrophil migration, rather than a true primary vasculitis.	Élément non stadifié : recouvre indistinctement la phlébite isolée (stade 1) et l'atteinte artérielle (stade 2), qui doivent être distinguées.
FOETO:PP.COR-MAL-001	Insertion vélamenteuse du cordon ombilical	AMSTERDAM	Anomalies du cordon ombilical — insertion vélamenteuse	manifestation		oui		oui	oui	benirschke ch16	Velamentously inserted cords are associated with twinning and single umbilical artery (SUA).	
FOETO:PP.COR-MAL-002	Artère ombilicale unique	AMSTERDAM	Anomalies du cordon ombilical — artère ombilicale unique	manifestation		oui		oui	oui	vogel ch3	A SUA is an umbilical cord with a single artery. The diagnosis is made by sampling the cord at 1–2 cm intervals to confirm the absence of one of the two arteries.	
FOETO:PP.COR-NOR-000	Cordon normal	BENIRSCHKE	Anatomie normale du cordon ombilical	structure		oui		oui	oui	khong2019 ch2	The normal mature cord has two arteries and one vein. Coiling of the umbilical cord is noted as early as 8-week gestation.	
FOETO:PP.COR-RET-001	Hémorragie périvasculaire dans la gelée de Wharton (artefact)	BENIRSCHKE	Hématome / extravasation sanguine dans la gelée de Wharton	manifestation		oui		oui	oui	vogel ch3	Hematomas without vessel compression occur more often in the umbilical cord next to the child and are caused by tension on the umbilical cord, mechanical compression and rupture during delivery.	Le qualifieur « artefact » (interprétation) est fondu dans le libellé descriptif de la lésion.
FOETO:PP.COR-RET-002	Nécrose myocytes cordon (rétention >6j Genest)	BENIRSCHKE	Modifications post-mortem du placenta — datation de la mort fœtale	manifestation		non_standard	Nécrose des myocytes de la paroi vasculaire ombilicale, post-mortem	non	non			Libellé composite : lésion, délai de rétention chiffré et éponyme (Genest) mêlés dans le nom.
FOETO:PP.COR-TUM-001	Hémangiome funiculaire	BENIRSCHKE	Tumeurs du cordon ombilical — angiome (hémangiome)	manifestation		oui		oui	oui	benirschke ch16	only two true tumors occur in the umbilical cord: angiomas of great variety and significance and, much more rarely, teratomas	
FOETO:PP.COR-VAS-001	MAVM (meconium associated vascular myonecrosis)	AMSTERDAM	Méconium — myonécrose des vaisseaux ombilicaux	manifestation		oui	Myonécrose vasculaire ombilicale associée au méconium (MAVM)	oui	oui	khong2019 ch54	prolonged exposure to high levels of meconium may lead to necrosis of the umbilical vascular smooth muscle (myonecrosis)	Le sigle anglais placé en tête du libellé français nuit à la lisibilité.
FOETO:PP.COR-VAS-002	Thrombose vasculaire ombilicale	AMSTERDAM	FVM — malperfusion vasculaire fœtale (thrombose des vaisseaux ombilicaux)	manifestation		oui		oui	oui	vogel ch3	Partial thrombosis of umbilical cord vessels was often seen in cases of inflammation.	Le libellé ne précise ni le vaisseau atteint (artère/veine) ni l'ancienneté du thrombus.
FOETO:PP.DBA-NOR-000	Décidue basale normale	BENIRSCHKE	Anatomie normale de la plaque basale / décidue basale	structure		oui		oui	oui	vogel ch1	The Decidua basalis (De) contains stromal cells, macrophages, leucocytes and multinucleated Giant Cells (GC) of the extravillous and Intermediate trophoblast (Itr) types.	
FOETO:PP.DME-NOR-000	Décidue des membranes normale	BENIRSCHKE	Anatomie normale des membranes — décidue (capsulaire/pariétale)	structure		oui		oui	oui	benirschke ch15	The decidual layer that is attached to the membranes after birth is largely derived from stroma of the parietal decidua	
FOETO:PP.EIV-NOR-000	Espace intervilleux normal	BENIRSCHKE	Anatomie normale — espace intervilleux	structure		oui		oui	oui	khong2019 ch2	In addition to maternal blood, other elements in the normal intervillous space include septa and cell islands.	
FOETO:PP.EVI-NOR-000	Espace villeux normal	VOGEL	Compartiment villositaire normal (villous compartment)	structure		non_standard	Compartiment villositaire normal	oui	oui	vogel ch1	The space between the chorionic and basal plates is filled with villi that are organized in villous bundles, each measuring 2 cm in diameter; these bundles form the cotyledons of the placental lobes.	« Espace villeux » n'est pas une structure canonique : confusion possible avec l'espace intervilleux.
FOETO:PP.IAC-NOR-000	Interface amnios/chorion normale	BENIRSCHKE	Anatomie normale des membranes — interface amnio-choriale (couche spongieuse)	structure		oui		oui	oui	benirschke ch15	Amnion epithelium (A) sits on a thin layer of connective tissue that is separable from chorionic connective tissue (C) in an ill-defined plane (P)	
FOETO:PP.ICD-NOR-000	Interface chorion/décidue normale	BENIRSCHKE	Anatomie normale des membranes — interface chorio-déciduale	structure		oui		oui	oui	khong2019 ch45	The choriodecidual junction represents a large interface between the mother and the fetus	
FOETO:PP.MEM-CLA-001	Amnios nodosum	AMSTERDAM	Amnion nodosum	manifestation		non_standard	Amnion nodosum	oui	oui	khong2019 ch38	Deposits of cellular elements from the fetal skin on the surface of the amniotic epithelium.	Orthographe francisée « amnios » : le terme consacré est « amnion nodosum ».
FOETO:PP.MEM-CLA-002	Macrophages chargés de méconium (délai 24-48h)	AMSTERDAM	Méconium — macrophages chargés de méconium	manifestation		non_standard	Macrophages chargés de méconium (amnios)	oui	oui	benirschke ch15	Meconium-laden macrophages are large, ovoid, or round cells in amnion and later in the chorion that have a yellow-brown-green content	Libellé composite : la lésion est mêlée à une estimation chronologique (24-48 h) qui est une inférence de datation, non un critère diagnostique.
FOETO:PP.MEM-CLA-003	Nécrose laminaire des membranes	BENIRSCHKE	Nécrose laminaire des membranes (infarctus membranaire, lésion hypoxique)	manifestation		oui		oui	oui	benirschke ch26	Laminar necrosis of the membranes is a lesion that has been associated with diseases of hypertension during pregnancy [74], but this lesion does not include the presence of intramembranous thrombi.	
FOETO:PP.MEM-CLA-004	Séparation chorioamniotique	BENIRSCHKE	Séparation chorio-amniotique	manifestation		oui		oui	oui	benirschke ch15	A recent study identified a significantly higher rate of preterm delivery in placentas with chorioamniotic separation than those without it	
FOETO:PP.MEM-INF-001	Chorioamniotite aiguë modérée (stade 2)	AMSTERDAM	AI — réponse inflammatoire maternelle (MIR)	stade	MIR stade 2 grade 1	non_standard	Chorioamnionite aiguë — MIR stade 2 grade 1	oui	oui	amsterdam ch1	Stage 2—acute chorioamnionitis: polymorphonuclear leukocytes extend into fibrous chorion and/or amnion	Orthographe « chorioamniotite » non retenue ; le qualifieur « modérée » aplatit le grade dans le nom du stade alors que stade et grade sont deux axes distincts ; doublon de MIR Stage 2.
FOETO:PP.MEM-INF-002	Chorioamniotite aiguë sous-choriale (stade 1)	AMSTERDAM	AI — réponse inflammatoire maternelle (MIR)	stade	MIR stade 1	non_standard	Subchorionite / chorionite aiguë — MIR stade 1	oui	oui	amsterdam ch1	Stage 1—acute subchorionitis or chorionitis	Orthographe « chorioamniotite » non retenue ; nommer « chorioamniotite stade 1 » une subchorionite est impropre (le stade 1 précède l'atteinte de l'amnios) ; doublon de MIR Stage 1.
FOETO:PP.MEM-INF-003	Chorioamniotite chronique	AMSTERDAM	Chorioamnionite chronique	synonyme		non_standard	Chorioamnionite chronique	oui	oui	khong2019 ch45	Chronic chorioamnionitis is one of the chronic  inflammatory lesions of the placenta, the involved  placental compartment being the chorioamniotic  membranes (extraplacental membranes)	Orthographe : « chorioamnionite » et non « chorioamniotite » ; doublon du terme « Chorioamnionite chronique » du vocabulaire.
FOETO:PP.MEM-INF-004	Chorioamniotite nécrosante (stade 3)	AMSTERDAM	AI — réponse inflammatoire maternelle (MIR)	stade	MIR stade 3	non_standard	Chorioamnionite nécrosante — MIR stade 3	oui	oui	amsterdam ch1	Stage 3—necrotizing chorioamnionitis: karyorrhexis of polymorphonuclear leukocytes, amniocyte necrosis, and/or amnion basement membrane hypereosinophilia	Orthographe « chorioamniotite » non retenue ; doublon de MIR Stage 3.
FOETO:PP.MEM-INF-005	Chorioamniotite subaiguë	VOGEL	Inflammation de type amniotique — chorioamnionite chronique/subaiguë	manifestation		non_standard	Chorioamnionite subaiguë (infiltrat mononucléé de la plaque choriale)	oui	oui	vogel ch9	Chronic or subacute  chorioamnionitis is characterized by mononuclear cells in the chorionic plate and is  often seen with coexisting acute chorioamnionitis [22].	Entité non individualisée par Amsterdam ; libellé imprécis (ni type cellulaire ni topographie), recouvrement avec la chorioamnionite chronique.
FOETO:PP.MEM-INF-006	Déciduite aiguë	VOGEL	Inflammation de type amniotique — déciduite aiguë	manifestation		oui		oui	oui	vogel ch9	Some, for example, include isolated deciduitis in the definition [12,20]; however, according to Fox, this ‘acute deciduitis’ is of no pathological significance	Déciduite aiguë isolée non retenue comme entité par Amsterdam ; sa signification pathologique isolée est contestée.
FOETO:PP.MEM-INF-007	Déciduite chronique	AMSTERDAM	Déciduite chronique à plasmocytes	synonyme		oui		oui	oui	khong2019 ch33	Chronic deciduitis is diagnosed in the presence  of lymphoplasmacytic inflammation in the  decidua	Terme présent en double dans le vocabulaire (et recoupé par « Inflammation chronique déciduale »).
FOETO:PP.MEM-INF-010	MIR Stage 1 — Chorionite / subchorionite aiguë	AMSTERDAM	AI — réponse inflammatoire maternelle (MIR)	stade	MIR stade 1	oui		oui	oui	amsterdam ch1	Stage 1—acute subchorionitis or chorionitis	Le site facetté (« espace sous-chorial ») décrit l'accumulation de polynucléaires sous la plaque choriale, alors que ces polynucléaires sont d'origine décidualo-maternelle ; doublon de MEM-INF-002.
FOETO:PP.MEM-INF-011	MIR Stage 2 — Chorioamnionite aiguë	AMSTERDAM	AI — réponse inflammatoire maternelle (MIR)	stade	MIR stade 2	oui		oui	oui	amsterdam ch1	Stage 2—acute chorioamnionitis: polymorphonuclear leukocytes extend into fibrous chorion and/or amnion	Doublon de MEM-INF-001 ; le grade n'est pas porté par le libellé et doit rester un axe séparé.
FOETO:PP.MEM-INF-012	MIR Stage 3 — Chorioamnionite nécrosante	AMSTERDAM	AI — réponse inflammatoire maternelle (MIR)	stade	MIR stade 3	oui		oui	oui	amsterdam ch1	Stage 3—necrotizing chorioamnionitis: karyorrhexis of polymorphonuclear leukocytes, amniocyte necrosis, and/or amnion basement membrane hypereosinophilia	Doublon de MEM-INF-004 ; facettes redondantes (stade MIR 3 répété dans les qualifieurs).
FOETO:PP.MEM-NOR-001	Membranes normales	BENIRSCHKE	Anatomie normale — membranes extraplacentaires (amnios, chorion laeve, décidue)	structure		oui		oui	oui	benirschke ch15	In normal membranes, the amnion is fairly closely attached to the chorion; despite the hypotonic nature of amnionic fluid, it does not penetrate the amnion.	
FOETO:PP.MEM-VAS-001	Abruptio placentae — stade 1 (membranes)	AMSTERDAM	MVM — hématome rétroplacentaire / abruptio placentae	manifestation		non_standard	Hémorragie récente des membranes libres (extension membranaire d'un décollement placentaire)	non	non			Libellé composite : entité (abruptio) + gradation « stade 1 » qu'aucun référentiel ne définit pour les membranes ; la stadification 1/2 semble locale et non normalisée.
FOETO:PP.MEM-VAS-002	Abruptio placentae — stade 2 (membranes)	AMSTERDAM	MVM — hématome rétroplacentaire / hémorragie marginale	manifestation		non_standard	Hémorragie récente de la décidue des membranes (extension membranaire d'un hématome rétroplacentaire)	oui	oui	khong2019 ch9	additional retroplacental haematomas, villous	Gradation « stade 2 » aplatie dans le libellé alors qu'Amsterdam ne stade pas l'abruptio ; le nom mêle entité clinique (abruptio), compartiment et pseudo-stade.
FOETO:PP.PAR-CLA-001	Agglutination villositaire	AMSTERDAM	MVM — agglutination villositaire	manifestation		oui		oui	oui	khong2019 ch17	Villous agglutination is thought to occur when localised hypoxia leads to focal trophoblast degeneration and loss.	
FOETO:PP.PAR-CLA-002	Dépôt massif de fibrinoïde périvillositaire	AMSTERDAM	MPFD — dépôt massif de fibrinoïde périvillositaire	synonyme		oui		oui	oui	benirschke ch26	MPFD has been defined as the presence of PVFD in more than 50% of at least one slide histologically	
FOETO:PP.PAR-CLA-003	Macrophages pigmentés au méconium	AMSTERDAM	Méconium — macrophages chargés de méconium	critere		non_standard	Macrophages chargés de méconium	oui	oui	amsterdam ch1	A meconium-laden macrophage is seen in the amnion, whereas there is columnar metaplasia of the amniotic epithelium	Doublon fonctionnel avec les autres entrées « macrophages chargés de méconium » (membranes, décidue, délai 24-48 h) ; le rattachement au compartiment parenchyme est discutable, la lésion se décrivant dans les membranes.
FOETO:PP.PAR-DYS-001	Chorangiomatose placentaire	BENIRSCHKE	Chorangiomatose	synonyme		oui		oui	oui	benirschke ch30	Chorangiomatosis is defined as a focus of excessive capillary growth within and permeating stem villi	
FOETO:PP.PAR-DYS-002	Chorangiome placentaire	BENIRSCHKE	Chorangiome	synonyme		oui		oui	oui	benirschke ch30	the most common benign tumors of the placenta are vascular in nature	
FOETO:PP.PAR-DYS-003	Dysplasie mésenchymateuse placentaire	BENIRSCHKE	Dysplasie mésenchymateuse placentaire	synonyme		oui		oui	oui	khong2019 ch16	Placental mesenchymal dysplasia (PMD) is a rare placental lesion that can be mistaken for a molar gestation.	
FOETO:PP.PAR-INF-001	Intervillosite aiguë réactionnelle périinfarctus	BENIRSCHKE	Infarctus villositaire — réaction inflammatoire aiguë péri-infarctus	manifestation		oui		oui	oui	benirschke ch19	This reactive acute intervillositis is nonspecific and should	Réaction non spécifique décrite autour des infarctus, non codée comme lésion par Amsterdam ; à ne pas confondre avec l'intervillosite aiguë infectieuse.
FOETO:PP.PAR-INF-002	Intervillosite chronique histiocytaire	AMSTERDAM	CHI — intervillite chronique histiocytaire	synonyme		non_standard	Intervillite chronique histiocytaire (CHI)	oui	oui	khong2019 ch30	CHIV is an infiltrate of maternal mononuclear cells in the intervillous space	« Intervillosite » au lieu de « intervillite » ; doublons dans le vocabulaire (Intervillite chronique massive, Histiocytose intervillositaire chronique).
FOETO:PP.PAR-INF-003	Maladies inflammatoires chroniques du placenta	AMSTERDAM	Lésions inflammatoires chroniques	synonyme		non_standard	Lésions inflammatoires chroniques du placenta (catégorie de regroupement)	oui	oui	khong2019 ch45	Chronic chorioamnionitis is one of the chronic inflammatory lesions of the placenta	Libellé de regroupement, non diagnostique : aucune lésion élémentaire ni siège factorisables ; à réserver à un niveau de chapitre, pas à un item codable.
FOETO:PP.PAR-INF-004	Villite aiguë	BENIRSCHKE	Villite d'étiologie identifiée / placentite hématogène (villite aiguë)	manifestation		oui		oui	oui	khong2019 ch28	Isolated acute villitis is uncommon and much less frequently seen than chronic villitis.	Pattern morphologique le plus souvent infectieux (listériose, bactériémie) : hors périmètre VUE d'Amsterdam.
FOETO:PP.PAR-INF-005	Villite basale chronique	AMSTERDAM	VUE — villite chronique d'étiologie indéterminée (localisation basale)	manifestation		oui		oui	oui	amsterdam ch1	Parabasal and basal villitis is often associated with chronic deciduitis	
FOETO:PP.PAR-INF-006	Villite chronique	AMSTERDAM	VUE — villite chronique d'étiologie indéterminée	manifestation		non_standard	Villite chronique (préciser : d'étiologie indéterminée ou d'étiologie identifiée)	oui	oui	benirschke ch26	chronic villitis (CV) and chronic villitis of unknown etiology (CVUE) in the chorionic villi	Terme générique qui ne distingue pas la VUE (Amsterdam) de la villite à étiologie identifiée (Benirschke) : granularité insuffisante pour coder.
FOETO:PP.PAR-INF-007	Villite chronique d'étiologie inconnue (VCEI)	AMSTERDAM	VUE — villite chronique d'étiologie indéterminée	synonyme		non_standard	Villite chronique d'étiologie indéterminée (VUE)	oui	oui	khong2019 ch29	This enigmatic form of chronic villitis has been called villitis of unknown aetiology	Sigle VCEI non retenu ; le référentiel emploie VUE et « étiologie indéterminée ». La gradation (bas/haut grade) doit rester un axe séparé.
FOETO:PP.PAR-INF-008	Villite chronique lympho-plasmocytaire	BENIRSCHKE	Villite chronique à étiologie identifiée (CMV, syphilis)	manifestation		oui		oui	oui	benirschke ch26	which often has a lymphoplasmacytic villous infiltrate	La composante plasmocytaire oriente vers une étiologie identifiée (CMV, syphilis) : ce n'est pas une VUE, donc hors périmètre Amsterdam.
FOETO:PP.PAR-INF-009	Villite granulomateuse	BENIRSCHKE	Villite chronique d'étiologie identifiée (infectieuse)	manifestation		oui		oui	oui	benirschke ch25	Popek [515] described granulomatous villitis in an 18-week stillbirth with intensive chronic villitis; she also reviewed the literature on placental toxoplasma infection	Pattern morphologique sans étiologie précisée : n'est pas une VUE d'Amsterdam, oriente vers une villite infectieuse (toxoplasmose, varicelle, tuberculose)
FOETO:PP.PAR-INF-010	Villite nécrosante	BENIRSCHKE	Villite chronique d'étiologie identifiée (infectieuse)	manifestation		oui		oui	oui	benirschke ch25	A 16-week demise has also been reported showing necrotizing granulomatous villitis [516].	Pattern morphologique évoquant une étiologie infectieuse (CMV, HSV, varicelle) : hors périmètre de la VUE d'Amsterdam
FOETO:PP.PAR-INF-015	Déciduite chronique	AMSTERDAM	Déciduite chronique à plasmocytes	synonyme		oui		oui	oui	khong2019 ch33	Chronic deciduitis is diagnosed in the presence of lymphoplasmacytic inflammation in the decidua	Doublon avec les autres libellés de déciduite chronique / inflammation chronique déciduale du vocabulaire
FOETO:PP.PAR-MAL-001	Hypoplasie villositaire distale (déficience des villosités terminales)	AMSTERDAM	MVM — hypoplasie villositaire distale (DVH)	manifestation		non_standard	Hypoplasie villositaire distale	oui	oui	khong2019 ch15	Distal villous hypoplasia is sometimes referred to as terminal villous deficiency but the latter term is preferably not used	Le libellé véhicule un synonyme explicitement déconseillé (« déficience des villosités terminales ») ; doublon avec « MVM — Hypoplasie villositaire distale » et « Hypoplasie villositaire distale »
FOETO:PP.PAR-MAL-002	Lobe placentaire accessoire (succenturié)	BENIRSCHKE	Anomalies de forme placentaire (placenta bilobé / lobe succenturié)	manifestation		oui		oui	oui	benirschke ch17	In our experience, succenturiate lobes occur in 5–6% of routinely examined placentas.	Anomalie macroscopique de forme et non lésion histologique élémentaire ; hors périmètre d'Amsterdam
FOETO:PP.PAR-MAL-003	Placenta accreta spectrum	ACCRETA	Placenta accreta spectrum (PAS, FIGO 2019)	synonyme		oui		oui	oui	benirschke ch14	FIGO consensus guidelines on placenta accreta spectrum disorders: prenatal diagnosis and screening.	Libellé chapeau désignant un spectre (accreta/increta/percreta) sans grade FIGO ni lésion élémentaire ; à graduer (grade 1 / 2 / 3a-3b-3c)
FOETO:PP.PAR-MET-001	Accumulation de glycogène dans le syncytiotrophoblaste	BENIRSCHKE	Dépôts de glycogène placentaires	manifestation		oui		oui	oui	benirschke ch6	A positive crimson rim can be seen within the apical zone of the syncytiotrophoblast	Le libellé ne distingue pas le glycogène physiologique du premier trimestre d'une surcharge métabolique pathologique
FOETO:PP.PAR-MET-002	Accumulation lysosomale de glycogène dans le placenta	BENIRSCHKE	Surcharge lysosomale du placenta (glycogénose type II / Pompe)	manifestation		oui		oui	oui	benirschke ch24	Jones and her collaborators [34] made similar findings of lyso- somal glycogen accumulation.	Siège non précisé au-delà de l'organe entier alors que la topographie cellulaire (cytotrophoblaste, endothélium, fibrocytes) porte l'information diagnostique
FOETO:PP.PAR-MET-003	Athérose aiguë déciduale	AMSTERDAM	MVM — artériopathie déciduale (athérose aiguë)	manifestation		oui		oui	oui	khong2019 ch32	Acute atherosis or atherosis is defined by the presence of foamy macrophages within the wall of a uterine vessel.	Terme classé en compartiment « métabolique » alors qu'il s'agit d'une lésion vasculaire de MVM ; vaisseau atteint non nommé ; doublon avec « Athérose aiguë des artères spiralées » et « Athérose des vaisseaux déciduaux »
FOETO:PP.PAR-MET-004	Calcifications	BENIRSCHKE	Calcifications placentaires	manifestation		non_standard	Calcifications placentaires	oui	oui	khong2019 ch37	Deposition of calcification as coarse structureless deposits in the placenta or as stippled linear and particulate deposits in villi	Libellé fourre-tout sans siège ; doublon avec les nombreux autres libellés de calcification du vocabulaire
FOETO:PP.PAR-MET-005	Drépanocytose placentaire	BENIRSCHKE	Drépanocytose maternelle — falciformation érythrocytaire intervilleuse	manifestation		non_standard	Falciformation érythrocytaire maternelle dans l'espace intervilleux (drépanocytose maternelle)	oui	oui	benirschke ch21	This is characterized by the presence of sickle-shaped red blood cells in the intervillous space	Libellé attribuant au placenta une maladie maternelle ; le signe est la falciformation des érythrocytes maternels intervilleux
FOETO:PP.PAR-MET-006	Hémosidérine dans les macrophages chorioniques	BENIRSCHKE	Hémosidérose placentaire / choriodéciduale	manifestation		oui		oui	oui	khong2019 ch41	Haemosiderin deposition can be observed not only in the extraplacental membranes but also in the chorionic plate and basal plate.	Doublon partiel avec les libellés d'hémosidérine des membranes et l'hémosidérose chorioamniotique diffuse ; classé à tort en compartiment métabolique
FOETO:PP.PAR-MET-007	Vacuolisation des cellules de Hofbauer	BENIRSCHKE	Surcharge métabolique — vacuolisation cellulaire placentaire	manifestation		oui		oui	oui	benirschke ch24	Vacuolation of the placental Hofbauer cells in a case of mucopolysaccharidosis (MPS) VII	Doublon avec « Vacuolisation des macrophages stromaux villositaires »
FOETO:PP.PAR-MET-008	Vacuolisation des décidues (cellules déciduales)	BENIRSCHKE	Surcharge métabolique — vacuolisation cellulaire placentaire	manifestation		non_standard	Vacuolisation des cellules déciduales	non	non			Libellé fautif (« vacuolisation des décidues ») ; aucun extrait ne documente la vacuolisation des cellules déciduales dans les surcharges, décrite au trophoblaste, aux cellules de Hofbauer, fibroblastes et endothélium
FOETO:PP.PAR-MET-009	Vacuolisation du cytotrophoblaste villositaire	BENIRSCHKE	Surcharge métabolique — vacuolisation cellulaire placentaire	manifestation		oui		oui	oui	benirschke ch24	These were seen in the cyto- trophoblast, endothelium, fibrocytes, and pericytes.	Doublon avec « Vacuolisation du cytotrophoblaste extravilleux » et « Vacuolisation du syncytiotrophoblaste » : granularité par type cellulaire sans entité chapeau
FOETO:PP.PAR-MET-010	Vacuolisation du syncytiotrophoblaste	BENIRSCHKE	Maladies de surcharge lysosomale — vacuolisation du trophoblaste (syncytiotrophoblaste)	manifestation		oui		oui	oui	benirschke ch24	the Hofbauer cells, endothelium, and syncytium are packed with clear, membrane-bound vacuoles	
FOETO:PP.PAR-NOR-000	Parenchyme normal	VOGEL	Anatomie normale — compartiment villositaire / parenchyme placentaire	structure		oui		oui	oui	vogel ch2	full thickness sections from macroscopically normal parenchyma.	Libellé de normalité (absence de lésion) : sert de constat de référence, non factorisable en lésion élémentaire.
FOETO:PP.PAR-NOR-001	ANSCT augmentés	AMSTERDAM	MVM — nœuds syncytiaux augmentés (changement de Tenney-Parker)	manifestation		non_standard	Nœuds syncytiaux villositaires augmentés (changement de Tenney-Parker)	oui	oui	khong2019 ch17	denoted as increased syncytial knots, is one of the canonical findings that defines maternal vascular malperfusion in the placenta.	Sigle opaque (ANSCT) et siège villositaire absent du libellé ; doublonne les entrées « Nœuds syncytiaux (changement de Tenney-Parker) ».
FOETO:PP.PAR-NOR-002	Anastomose vasculaire fœto-fœtale (jumeaux monochorioniques)	GEMELLAIRE	Anastomoses vasculaires placentaires des jumeaux monochorioniques (A-A, V-V, A-V)	structure		oui		oui	oui	benirschke ch1	They take three forms: artery to artery (AA), vein to vein (VV), and artery to vein (AV).	Terme chapeau : le type d'anastomose (A-A, V-V, A-V) et le siège (plaque choriale / profond) ne sont pas portés par le libellé.
FOETO:PP.PAR-NOR-003	Autre (histo)	HORS_REFERENTIEL		hors		non_standard	Autre constatation histologique (champ libre, à préciser)	non	non			Libellé fourre-tout sans contenu descriptif : ne désigne aucune entité et n'est pas factorisable.
FOETO:PP.PAR-NOR-004	Autre (label)	HORS_REFERENTIEL		hors		non_standard	Autre (champ libre, à préciser)	non	non			Libellé fourre-tout non spécifique, aucune facette factorisable ; doublonne « Autre (histo) ».
FOETO:PP.PAR-NOR-005	Autre (région)	HORS_REFERENTIEL		hors		non_standard	Autre région placentaire (champ libre, à préciser)	non	non			Libellé fourre-tout désignant une région non précisée : axe topographique vide.
FOETO:PP.PAR-NOR-006	Condensation chromatinienne des noyaux syncytiaux	AMSTERDAM	MVM — nœuds syncytiaux augmentés (nœuds vrais)	critere		oui		oui	oui	khong2019 ch17	Their nuclei typically contain highly condensed chromatin and are thought to be aged and minimally functional [7].	Critère cytologique de définition du nœud syncytial vrai, non une lésion autonome.
FOETO:PP.PAR-NOR-007	Excès de trophoblaste multinucléé dans la basale	BENIRSCHKE	Plaque basale — augmentation des cellules géantes trophoblastiques du site d'implantation (implantation superficielle)	manifestation		non_standard	Augmentation des cellules trophoblastiques géantes du site d'implantation (plaque basale)	oui	oui	lherminecoulomb ch1	un trophoblaste extravilleux immature (Fig. 7A) et une augmentation du nombre de cellules géantes au site d’implantation	Doublon de « Augmentation des cellules trophoblastiques géantes du site d'implantation » ; formulation « excès » imprécise.
FOETO:PP.PAR-NOR-008	MVM — Maturation villositaire accélérée	AMSTERDAM	MVM — maturation villositaire accélérée	manifestation		oui		oui	oui	benirschke ch19	Accelerated villous maturation is clinically associated with early onset fetal growth restriction	Libellé composite : le pattern (MVM) est préfixé à la lésion élémentaire, ce qui mêle deux axes.
FOETO:PP.PAR-NOR-009	Nœuds syncytiaux (vrais)	AMSTERDAM	MVM — nœuds syncytiaux augmentés (nœuds vrais)	critere		oui		oui	oui	khong2019 ch17	True syncytial knots are small aggregates of syncytiotrophoblast nuclei that bulge slightly above the villous surface.	Le qualifieur « augmenté » figure en facette mais pas dans le libellé ; la distinction vrai/faux nœud relève de l'artéfact de coupe, non de la lésion.
FOETO:PP.PAR-NOR-010	Retard de maturation villositaire	AMSTERDAM	DVM — retard de maturation villositaire (immaturité villositaire distale)	synonyme		oui		oui	oui	amsterdam ch1	The use of the term delayed villous maturation is recommended.	
FOETO:PP.PAR-NOR-011	Sénescence placentaire (trophoblastique)	BENIRSCHKE	Sénescence / vieillissement du trophoblaste (syncytiotrophoblaste)	manifestation		oui		oui	oui	benirschke ch6	Therefore, a degree of senescence may be observed in all placentas at term, but as would be predicted to a much greater degree if the pregnancy extends post-term.	Notion descriptive globale, sans lésion élémentaire identifiable ni seuil diagnostique.
FOETO:PP.PAR-NOR-012	Épaississement de la membrane basale trophoblastique	BENIRSCHKE	Membrane basale trophoblastique — épaississement / duplication (diabète maternel, tabac, prééclampsie)	manifestation		oui		oui	oui	benirschke ch6	Thickening and increased duplication of the basement membrane has been reported in a number of pathologies, such as cigarette smoking [463], pre-eclampsia [245], and maternal diabetes	
FOETO:PP.PAR-RET-001	Autolyse villositaire placentaire	VOGEL	Modifications placentaires après mort fœtale — stades de rétention	manifestation		oui		oui	oui	vogel ch14	Table 14.2: Morphological placental changes following fetal demise-retention stages.	Phénomène post-mortem/artefactuel et non lésionnel ; la durée de rétention (stades I-III) n'est pas portée par le libellé.
FOETO:PP.PAR-RET-002	Cariolyse (rétention >48h)	VOGEL	Modifications placentaires post-mortem — stades de rétention (I–III)	manifestation		non_standard	Caryolyse villositaire (rétention intra-utérine > 48 h)	oui	oui	vogel ch14	Table 14.2: Morphological placental changes following fetal demise-retention stages.	Orthographe fautive (cariolyse) ; le seuil « > 48 h » n'appartient pas aux stades de rétention de Vogel (< 1 semaine / quelques semaines) et le siège n'est pas précisé.
FOETO:PP.PAR-RET-003	Effondrement post-mortem des sinusoïdes capillaires villositaires	BENIRSCHKE	Artéfacts post-partum de l'anatomie villositaire (sinusoïdes des villosités terminales)	manifestation		non_standard	Effondrement post-partum des sinusoïdes capillaires villositaires	oui	oui	benirschke ch7	the capillary sinusoids collapse within minutes of delivery, changing the villous proportions and membrane thickness	Temporalité discordante : il s'agit d'un artéfact post-délivrance (minutes après l'accouchement), non d'un phénomène post-mortem.
FOETO:PP.PAR-RET-004	Faux nœuds syncytiaux (artéfact de section)	BENIRSCHKE	Nœuds syncytiaux — faux nœuds (artéfact de section tangentielle)	structure		oui		oui	oui	benirschke ch6	False impressions of a syncytial knot can be generated by tangential sections passing through the syncytiotrophoblast.	
FOETO:PP.PAR-RET-005	Hyperplasie des cellules de Hofbauer	BENIRSCHKE	Hyperplasie des cellules de Hofbauer (infection virale placentaire)	manifestation		oui		oui	oui	benirschke ch25	This has been confirmed by Rosenberg et al. [449] who showed Hofbauer cell proliferation and hyperplasia in a 21-week placenta affected by Zika virus.	Siège villositaire implicite, non écrit dans le libellé.
FOETO:PP.PAR-RET-006	Érythroblastose placentaire (érythropoïèse extra-hépatique villositaire)	BENIRSCHKE	Hématopoïèse extramédullaire placentaire (stroma villositaire)	manifestation		non_standard	Hématopoïèse extramédullaire villositaire (érythropoïèse extramédullaire)	oui	oui	khong2019 ch22	Extramedullary haemopoiesis is defined as the formation and maturation of blood cells outside the medullary spaces in the bone marrow. In the placenta, they are found within the villous stroma.	Libellé impropre : « extra-hépatique » au lieu d'« extramédullaire », et confusion entre érythroblastose circulante (lumière vasculaire) et érythropoïèse extramédullaire (stroma villositaire) — la facette site indique à tort le capillaire villositaire.
FOETO:PP.PAR-RET-007	Œdème villositaire	BENIRSCHKE	Œdème villositaire	manifestation		oui		oui	oui	benirschke ch34	Severe villous edema has been associated with poor fetal outcome	
FOETO:PP.PAR-TUM-001	Placentomégalie avec villosités hydriques	BENIRSCHKE	Placenta hydropique (hydrops fetalis / hydrops placentae)	manifestation		non_standard	Villosités hydropiques (placenta hydropique)	oui	oui	benirschke ch23	The diagnosis of a hydropic placenta is rendered by the clinical context, as well as marked placentomegaly.	Libellé composite mêlant une donnée macroscopique (placentomégalie) et une lésion villositaire microscopique ; les deux axes devraient être codés séparément.
FOETO:PP.PAR-TUM-002	Érythroblastes fœtaux en excès dans la circulation placentaire	AMSTERDAM	Érythroblastes circulants augmentés	manifestation		oui		oui	oui	khong2019 ch26	When nucleated red blood cells (nRBCs) are released into the fetal circulation, the most mature lineage is released first	
FOETO:PP.PAR-VAS-001	Artériopathie déciduale	AMSTERDAM	MVM — artériopathie déciduale	synonyme		oui		oui	oui	benirschke ch19	Decidual arteriopathy is cur- rently an overarching term for abnormalities detectable in decidual vessels in the membrane roll and/or placental basal plate.	Chapeau lésionnel : ses manifestations (athérose aiguë, défaut de remodelage, nécrose fibrinoïde, hypertrophie pariétale) sont sœurs et coexistantes, à ne pas hiérarchiser en diagnostics différentiels.
FOETO:PP.PAR-VAS-002	Chorangiose	AMSTERDAM	Chorangiose	synonyme		oui		oui	oui	benirschke ch30	In contrast to chorangiomas and chorangiomatosis, chorangiosis arises in the terminal villi of the placenta.	Le qualifieur « multifocal » est discutable : la définition retenue (≥ 10 capillaires dans ≥ 10 villosités dans ≥ 10 champs) décrit une atteinte diffuse ; la forme focale est un terme distinct du vocabulaire.
FOETO:PP.PAR-VAS-003	Dépôts fibrinoïdes périvillositaires massifs (NIDF / maternal floor infarction)	AMSTERDAM	MPFD / MFI — dépôt massif de fibrinoïde périvillositaire	synonyme		non_standard	Dépôt massif de fibrinoïde périvillositaire (MPFD)	oui	oui	khong2019 ch8	authors feel that maternal floor infarction and massive perivillous fibrinoid deposition are final common pathways of different processes in the placenta.	Libellé composite fusionnant deux lésions définies distinctement (MPFD > 50 % du parenchyme vs infarctus du plancher maternel, ≥ 3 mm au-dessus de la plaque basale) ; le sigle « NIDF » n'est pas celui du corpus (MPFD/MPVFD).
FOETO:PP.PAR-VAS-004	Endovasculite hémorragique (VTF stade précoce)	AMSTERDAM	FVM — malperfusion vasculaire fœtale (caryorrhexie vasculo-stromale villositaire)	manifestation		obsolete	Caryorrhexie vasculo-stromale villositaire (FVM)	oui	oui	vogel ch6	It is often described as hemorrhagic endovasculitis, and some recommend that it be referred to as villous stromal vascular karyorrhexis	Terme abandonné par Amsterdam au profit de la caryorrhexie vasculo-stromale villositaire ; « VTF » est également obsolète et la stadification du libellé français (précoce) contredit l'anglais (intermediate).
FOETO:PP.PAR-VAS-005	FVM High grade — Thrombose gros vaisseaux	AMSTERDAM	FVM — malperfusion vasculaire fœtale	critere	FVM haut grade	non_standard	Thrombus de gros vaisseaux fœtaux (plaque choriale / villosités tronculaires) — critère de FVM haut grade	oui	oui	benirschke ch22	2 or more occlusive or nonocclusive thrombi in chorionic plate, or major stem villi, or multiple nonocclusive thrombi.	Gradation aplatie dans le nom de la lésion ; le haut grade exige ≥ 2 thrombus, alors que le libellé désigne une lésion élémentaire unique.
FOETO:PP.PAR-VAS-006	FVM Low grade — Villosités avasculaires focales	AMSTERDAM	FVM — malperfusion vasculaire fœtale	critere	FVM bas grade	non_standard	Villosités avasculaires en foyers focaux — critère de FVM bas grade	oui	oui	benirschke ch22	FVM is considered low grade when there is one large ves- sel thrombus (mural or occlusive) or five or more villi involved in less than three foci [58].	Gradation aplatie dans le nom ; les qualifieurs « focal | multifocal » redoublent l'information de grade et rendent la granularité incohérente.
FOETO:PP.PAR-VAS-007	Fibrine périvillositaire augmentée	AMSTERDAM	MPFD / MFI — dépôt de fibrinoïde périvillositaire	critere		non_standard	Dépôt de fibrinoïde périvillositaire augmenté (25–50 % d'une coupe)	oui	oui	khong2019 ch8	Increased perivillous fibrinoid deposition is when 25–50% of parenchyma of a single slide is involved by fibrinoid material.	« Fibrine » à remplacer par « fibrinoïde » (matériel mixte) ; le qualifieur « augmenté | diffus » n'exprime pas le seuil quantitatif qui définit la catégorie.
FOETO:PP.PAR-VAS-008	Hypercapillarisation des villosités terminales (chorangiose)	AMSTERDAM	Chorangiose	synonyme		non_standard	Chorangiose	oui	oui	khong2019 ch24	Chorioangiosis, increased villous vascularity, hypercapillarization, hypervascularization.	Libellé descriptif (hypercapillarisation des villosités terminales) redondant avec le terme d'entité « Chorangiose » déjà présent trois fois dans le vocabulaire.
FOETO:PP.PAR-VAS-009	Hématome rétroplacentaire	AMSTERDAM	MVM — malperfusion vasculaire maternelle	manifestation		oui		oui	oui	vogel ch7	Retroplacental hematomas are localized between the basal plate and the uterine wall and are adherent to the basal plate	Doublons dans le vocabulaire (« Hématome décidual basal (hématome rétroplacentaire) », « Hématome rétroplacentaire basal », « Hémorragie rétroplacentaire »).
FOETO:PP.PAR-VAS-010	Hémorragie intervilleuse	AMSTERDAM	Thrombus intervilleux	manifestation		oui		oui	oui	vogel ch7	Acute intervillous hemorrhage in a villous free zone is considered to be the precursor.	Hémorragie intervilleuse = stade précurseur du thrombus intervilleux, non lésion autonome : granularité chevauchante avec « Thrombus intervilleux ».
FOETO:PP.PAR-VAS-011	Hémorragie intravillositaire	AMSTERDAM	MVM — malperfusion vasculaire maternelle	manifestation		oui		oui	oui	amsterdam ch1	Intravillous hemorrhage accompanying retroplacental hemorrhage (hematoxylin-eosin, original magnification 310).	Signe non spécifique : accompagne l'hémorragie rétroplacentaire (MVM) mais aussi l'obstruction veineuse de la FVM et les manœuvres d'extraction.
FOETO:PP.PAR-VAS-012	Infarctus villositaire	AMSTERDAM	MVM — malperfusion vasculaire maternelle	manifestation		oui		oui	oui	vogel ch7	An infarct is a circumscribed area of parenchymal necrosis, caused by interrupted, maternal, arterial blood inflow.	Doublons multiples dans le vocabulaire (« MVM — Infarctus », « Infarctus villositaire placentaire »).
FOETO:PP.PAR-VAS-013	MVM — Artériopathie déciduale	AMSTERDAM	MVM — artériopathie déciduale	manifestation		oui		oui	oui	khong2019 ch32	Decidual vasculopathy can have a range of appearances, including incomplete loss of the muscular wall, acute atherosis, and fibrinoid necrosis.	Libellé composite : le préfixe de pattern « MVM — » est mêlé au nom de la lésion, et le terme fait doublon avec « Artériopathie déciduale » et « MVM — Artériopathie déciduale spiralée ».
FOETO:PP.PAR-VAS-014	MVM — Hypoplasie villositaire distale	AMSTERDAM	MVM — hypoplasie villositaire distale	manifestation		oui		oui	oui	amsterdam ch1	Distal villous hypoplasia: there is a paucity of villi, many of which are thin and elongated (hematoxylin-eosin, original magnification34).	Libellé composite (pattern accolé à la lésion) et doublon avec « Hypoplasie villositaire distale » et « Hypoplasie villositaire distale (déficience des villosités terminales) » (= DIV de Vogel).
FOETO:PP.PAR-VAS-015	MVM — Infarctus	AMSTERDAM	MVM — malperfusion vasculaire maternelle	manifestation		oui		oui	oui	vogel ch7	An infarct is a circumscribed area of parenchymal necrosis, caused by interrupted, maternal, arterial blood inflow.	Libellé composite (pattern MVM accolé à la lésion) et doublon strict avec « Infarctus villositaire ».
FOETO:PP.PAR-VAS-016	Malperfusion vasculaire fœtale segmentaire	AMSTERDAM	FVM — malperfusion vasculaire fœtale	manifestation		oui		oui	oui	benirschke ch22	The Amsterdam Consensus also established two patterns (segmental and global) and two grades of severity (low and high grade) of FVM [58].	Le caractère segmentaire est un PATTERN, orthogonal au grade (bas/haut grade) : ne pas confondre avec une gradation.
FOETO:PP.PAR-VAS-017	Nécrose fibrinoïde de la paroi artérielle déciduale	AMSTERDAM	MVM — artériopathie déciduale	manifestation		oui		oui	oui	amsterdam ch1	Fibrinoid necrosis of small maternal artery without an accompanying lipophage or lymphocytic component (hematoxylin-eosin, original magnification 340).	Doublon dans le vocabulaire (deux entrées identiques) et chevauchement avec « Nécrose fibrinoïde pariétale des artères spiralées » ; manifestation sœur de l'athérose aiguë, non son parent.
FOETO:PP.PAR-VAS-018	Nécrose fibrinoïde intravillositaire	BENIRSCHKE	Nécrose fibrinoïde villositaire (fibrinoïde intravillositaire)	manifestation		oui		oui	oui	khong2019 ch37	A condition where there is deposition of fibrinoid under the syncytiotrophoblast but external to the trophoblastic basement membrane [25].	La facette lésionnelle héritée (« nécrose fibrinoïde pariétale ») est erronée : il s'agit d'un dépôt fibrinoïde sous-syncytial intravillositaire, sans rapport avec l'artériopathie déciduale.
FOETO:PP.PAR-VAS-019	Thrombose sous-choriale massive (môle de Breus)	BENIRSCHKE	Thrombohématome sous-chorial massif (môle de Breus)	manifestation		non_standard	Thrombohématome sous-chorial massif	oui	oui	benirschke ch32	A large maternal blood clot that separates the chorionic plate from the villous chorion is also called massive subchorionic thrombohematoma (or “Breus” mole)	L'éponyme « môle de Breus » est déconseillé (risque de confusion avec la môle hydatiforme) ; terme dupliqué à l'identique dans le vocabulaire.
FOETO:PP.PAR-VAS-020	Thrombus de la plaque choriale	AMSTERDAM	FVM — malperfusion vasculaire fœtale	critere		oui		oui	oui	khong2019 ch25	Chorionic plate thrombus, organized, with residual fibrin fully incorporated within the neointima; there were multifocal FVM features elsewhere	Terme dupliqué à l'identique dans le vocabulaire ; critère de haut grade (≥ 2 thrombus) non porté par le libellé.
FOETO:PP.PAR-VAS-021	Thrombus intervilleux	AMSTERDAM	Thrombus intervilleux	manifestation		oui		oui	oui	vogel ch7	An intervillous thrombus shows coagulation and aggregation in the intervillous space and are found in 25 % of all placentas.	Doublon avec « Thrombose intervilleuse » et chevauchement avec « Hémorragie intervilleuse » dans le même vocabulaire.
FOETO:PP.PAR-VAS-022	NIDF — Travées (stade étendu)	AMSTERDAM	MPFD — dépôt massif de fibrinoïde périvillositaire	manifestation		non_standard	Dépôt massif de fibrinoïde périvillositaire — forme étendue (trabéculaire)	oui	oui	khong2019 ch8	Increased perivillous fibrinoid deposition is when 25–50% of parenchyma of a single slide is involved by fibrinoid material.	Acronyme NIDF non explicité et non standard ; l'extension est aplatie dans le nom (« travées / îlots ») alors qu'Amsterdam quantifie en pourcentage de coupe (25–50 % vs > 50 %).
FOETO:PP.PAR-VAS-023	VUE High grade	AMSTERDAM	VUE — villite chronique d'étiologie indéterminée	stade	VUE haut grade	oui		oui	oui	amsterdam ch1	High grade is deﬁned as the presence of multiple foci, on more than one section, at least one of which shows inﬂammation affecting more than 10 contiguous villi	libellé mixte français/anglais ; la gradation est intégrée au nom de l'entité plutôt que portée par un axe distinct
FOETO:PP.PAR-VAS-024	VUE Low grade	AMSTERDAM	VUE — villite chronique d'étiologie indéterminée	stade	VUE bas grade	oui		oui	oui	amsterdam ch1	Low grade is deﬁned as the presence of inﬂammation affecting fewer than 10 contiguous villi in any one focus	libellé mixte français/anglais ; gradation aplatie dans le nom de l'entité ; le qualifieur « multifocal » relève de la sous-classification focal/multifocal du bas grade
FOETO:PP.PAR-VAS-025	Vasculopathie thrombotique fœtale	AMSTERDAM	FVM — malperfusion vasculaire fœtale	synonyme		obsolete	Malperfusion vasculaire fœtale (FVM)	oui	oui	khong2019 ch25	FVM is the new preferred	terme abandonné par le consensus d'Amsterdam au profit de FVM, la majorité des patterns n'étant pas thrombotiques
FOETO:PP.PAR-VAS-026	Villosités avasculaires	AMSTERDAM	FVM — malperfusion vasculaire fœtale	critere		oui		oui	oui	vogel ch6	Avascular villi should be evaluated for their distribution in the parenchyma and subdivided into: small foci (3 or more foci of 2 to 4 terminal villi), intermediate foci (5 to 10 villi) and large foci (more than 10 villi)	critère qui doit être qualifié en distribution et en étendue ; le libellé nu ne porte ni le nombre de foyers ni le grade
FOETO:PP.PAR-VAS-027	NIDF — Îlots (stade focal)	AMSTERDAM	MPFD / MFI — dépôt massif de fibrinoïde périvillositaire / infarctus de la plaque basale	stade	focal (îlots)	non_standard	Dépôt de fibrinoïde périvillositaire — foyers focaux (îlots)	oui	oui	benirschke ch26	MPFD has been defined as the presence of PVFD in more than 50% of at least one slide histologically	acronyme NIDF non explicité et non retenu par le corpus ; l'étendue (îlots vs travées) est aplatie dans le nom, alors que le seuil consensuel est le pourcentage de coupe atteint
FOETO:PP.PAR-VAS-028	Abruptio placentae — stade 1 (plaque basale)	AMSTERDAM	MVM — malperfusion vasculaire maternelle (hématome rétroplacentaire)	stade	stade 1	non_standard	Hématome rétroplacentaire avec effraction limitée de la plaque basale	oui	oui	vogel ch7	RH with basal plate abruption, with hemorrhage from and into adjacent placental	stadification en 1/2 non définie par Amsterdam ni par les extraits ; libellé composite mêlant l'entité clinique (abruptio), le siège et une gradation locale
FOETO:PP.PAR-VAS-029	Abruptio placentae — stade 2 (plaque basale)	AMSTERDAM	MVM — malperfusion vasculaire maternelle (hématome rétroplacentaire)	stade	stade 2	non_standard	Hématome rétroplacentaire avec destruction étendue de la plaque basale	oui	oui	vogel ch7	be affected or even destroyed so that the bleeding involves the intervillous space.	stadification en 1/2 non définie par Amsterdam ; libellé composite mêlant entité clinique, siège et étendue
FOETO:PP.PBA-INF-001	Villite basale chronique	AMSTERDAM	VUE — villite chronique d'étiologie indéterminée (type basal)	manifestation		oui		oui	oui	khong2019 ch33	Chronic deciduitis is frequently seen with chronic chorioamnionitis [2] and VUE, particularly basal chronic villitis	la villite basale n'est pas par définition idiopathique : une étiologie infectieuse (CMV, syphilis, Listeria) doit être exclue avant rattachement à la VUE
FOETO:PP.PBA-INF-002	Abcès décidual	AMSTERDAM	AI — inflammation aiguë, réponse inflammatoire maternelle (déciduite aiguë)	manifestation		non_standard	Déciduite aiguë avec micro-abcès	oui	oui	khong2019 ch44	abscesses (Fig. 44.2a). There may also be acute inflammation in the parietal decidua.	« abcès décidual » n'est pas un terme consensuel ; il faut distinguer le micro-abcès de la réponse inflammatoire maternelle d'un abcès d'origine infectieuse (listériose, actinomycose)
FOETO:PP.PBA-MET-001	Dépôts de fibrinoïde dans la plaque basale	BENIRSCHKE	Anatomie normale de la plaque basale — fibrinoïde de Rohr et de Nitabuch	structure		oui		oui	oui	benirschke ch10	The deposition of fibrinoid at the maternal-fetal interface becomes more extensive as gestation advances	constituant normal de la plaque basale : ce n'est une lésion que si son abondance est qualifiée, ce que le libellé ne fait pas
FOETO:PP.PBA-MET-002	Vacuolisation des cellules déciduales basales	BENIRSCHKE	Vacuolisation placentaire des maladies de surcharge (surcharge lysosomale / glycogénose)	manifestation		oui		oui	oui	khong2019 ch20	prompted by trophoblast vacuolization on placental examination	les extraits documentent la vacuolisation trophoblastique et stromale des maladies de surcharge, pas spécifiquement celle des cellules déciduales basales
FOETO:PP.PBA-MET-003	Excès de trophoblaste extravilleux	BENIRSCHKE	Excès de trophoblaste extravilleux (réaction exagérée du site d'implantation / implantation superficielle)	manifestation		oui		oui	oui	khong2019 ch42	Increased amount of extravillous trophoblasts with MCM formation may be a chronic hypoxia-driven lesion of extravillous trophoblast dysfunction	siège absent du libellé (déduit du compartiment) et absence de seuil quantitatif : « excès » n'est pas défini dans le corpus
FOETO:PP.PBA-NOR-000	Plaque basale normale	BENIRSCHKE	Anatomie normale de la plaque basale	structure		oui		oui	oui	benirschke ch3	The basal plate is composed of an admixture of extravillous trophoblast cells, decidual cells, uteroplacental vessels	
FOETO:PP.PBA-NOR-001	Villosités d'ancrage dans la plaque basale	BENIRSCHKE	Anatomie normale — villosités d'ancrage et colonnes trophoblastiques	structure		oui		oui	oui	benirschke ch3	Anchoring villi are villi that are connected to the basal plate (Fig. 3.1h and i) via cell columns.	
FOETO:PP.PBA-VAS-001	Artériopathie déciduale de la plaque basale	AMSTERDAM	MVM — artériopathie déciduale	manifestation		oui		oui	oui	benirschke ch19	may occur either in the arteries of the placental basal plate or the extraplacental membranes.	libellé chapeau : il ne précise pas la manifestation observée (défaut de remodelage, nécrose fibrinoïde, athérose aiguë, hypertrophie pariétale), qui sont des manifestations sœurs coexistantes
FOETO:PP.PBA-VAS-002	Nécrose fibrinoïde de la paroi artérielle déciduale	AMSTERDAM	MVM — artériopathie déciduale	manifestation		oui		oui	oui	benirschke ch19	Fibrinoid necrosis (“fibrinoid medial necrosis”) may occur either in the arteries of the placental basal plate or the extraplacental membranes.	Terme dupliqué dans le vocabulaire (deux entrées identiques) ; manifestation sœur de l'athérose aiguë, à ne pas hiérarchiser sous elle.
FOETO:PP.PBA-VAS-003	Hématome rétroplacentaire basal	AMSTERDAM	MVM — hématome rétroplacentaire	manifestation		oui		oui	oui	vogel ch7	retroplacental hematoma (RH) with a well circumscribed impression on the basal plate	Redondant avec « Hématome rétroplacentaire », « Hématome décidual basal (hématome rétroplacentaire) » et « Hémorragie rétroplacentaire » : quatre libellés pour une même lésion.
FOETO:PP.PCH-INF-001	Chorionite subchoriale aiguë	AMSTERDAM	AI — réponse inflammatoire maternelle (MIR)	stade	MIR stade 1	oui		oui	oui	amsterdam ch1	Stage 1—acute subchorionitis or chorionitis	
FOETO:PP.PCH-INF-002	Chorioamniotite aiguë de la plaque choriale	AMSTERDAM	AI — réponse inflammatoire maternelle (MIR)	manifestation		non_standard	Chorioamnionite aiguë de la plaque choriale	oui	oui	khong2019 ch44	Acute chorioamnionitis (ACA) is an inflammatory response in the chorionic plate of the placenta and amniochorial membranes	Orthographe « chorioamniotite » non retenue ; le libellé fond le site (plaque choriale) dans le nom de l'entité alors que le stade MIR se lit sur l'extension amnios/chorion.
FOETO:PP.PCH-MET-001	Dépôts de fibrinoïde sous-choriaux	BENIRSCHKE	Anatomie normale — plaque choriale, fibrinoïde de Langhans sous-chorial	structure		oui		oui	oui	khong2019 ch2	this syncytiotrophoblast layer becomes progressively eroded approaching term and replaced by fibrin	Dépôt physiologique (fibrinoïde de Langhans) codé comme lésion ; frontière normal/pathologique non précisée par le libellé, et doublons avec « Dépôt de fibrine sous-choriale » et « Strie fibrinoïde de Langhans ».
FOETO:PP.PCH-NOR-000	Plaque choriale normale	BENIRSCHKE	Anatomie normale — plaque choriale	structure		oui		oui	oui	benirschke ch3	Toward the intervillous space, the surface is formed in the early stages by a layer of syncytiotrophoblast	
FOETO:PP.PCH-NOR-001	Coussinets myxoïdes intimaux des vaisseaux de la plaque choriale	BENIRSCHKE	Anatomie normale — vaisseaux de la plaque choriale (coussinets intimaux)	structure		oui		oui	oui	khong2019 ch2	The intima may appear focally prominent and bulge into the lumen. These changes have been termed endothelial cushions.	Variante normale sauf si l'endothélium est rompu avec dépôt de fibrine : le libellé n'en dit rien, d'où le niveau ambigu structure/lésion.
FOETO:PP.PCH-VAS-001	Thrombus de la plaque choriale	AMSTERDAM	FVM — malperfusion vasculaire fœtale segmentaire	critere		oui		oui	oui	benirschke ch22	2 or more occlusive or nonocclusive thrombi in chorionic plate, or major stem villi, or multiple nonocclusive thrombi	Libellé présent deux fois dans le vocabulaire.
FOETO:PP.PCH-VAS-002	Vaisseau de la plaque choriale à paroi épaisse et ectasique	AMSTERDAM	FVM — malperfusion vasculaire fœtale globale (ectasie vasculaire)	manifestation		non_standard	Ectasie vasculaire des vaisseaux de la plaque choriale	oui	oui	amsterdam ch1	Vascular ectasia: the luminal diameter of the chorionic vessel is more than four times that of the adjacent vessels	Libellé composite (épaississement pariétal + ectasie) : l'association paroi épaisse/vaisseau dilaté oriente aussi vers la dysplasie mésenchymateuse, entité de Benirschke.
FOETO:PP.PCH-VAS-003	Thrombose sous-choriale massive (môle de Breus)	BENIRSCHKE	Thrombohématome sous-chorial massif (môle de Breus)	synonyme		non_standard	Thrombohématome sous-chorial massif	oui	oui	benirschke ch32	A large maternal blood clot that separates the chorionic plate from the villous chorion is also called massive subchorionic thrombohematoma (or “Breus” mole)	Éponyme « môle de Breus » déconseillé (confusion avec môle hydatiforme) ; libellé présent deux fois dans le vocabulaire.
FOETO:PP.PCH-VAS-004	Asymétrie de la paroi des vaisseaux de la plaque choriale	BENIRSCHKE	Anatomie normale — vaisseaux de la plaque choriale	structure		oui		oui	oui	khong2019 ch2	The amniotic side of the vessel is often thinned in comparison to chorionic side.	Caractéristique normale décrite comme lésion dans les facettes ; doublon avec « Asymétrie de l'épaisseur pariétale des vaisseaux chorioniques de surface ».
FOETO:PP.PLA-CLA-001	Agglutination villositaire par fibrinoïde périvillositaire	AMSTERDAM	MVM — agglutination villositaire	manifestation		oui		oui	oui	khong2019 ch6	Villous agglutination is a form of placental parenchymal injury seen in MVM and consists of small foci of villi that clump together	Le libellé incorpore le mécanisme (fibrinoïde périvillositaire) dans le nom de la lésion ; doublon avec « Agglutination villositaire ».
FOETO:PP.PLA-CLA-002	Distorsion/perte des microvillosités syncytiales	BENIRSCHKE	Syncytiotrophoblaste — altérations de la surface microvillositaire	manifestation		oui		oui	oui	benirschke ch6	the microvilli are often highly distorted, being shorter, and with expanded bulbous tips	Constatation ultrastructurale (microscopie électronique), non évaluable en histologie de routine ; granularité incohérente avec les lésions diagnostiques.
FOETO:PP.PLA-CLA-003	Dégénérescence syncytiale	BENIRSCHKE	Syncytiotrophoblaste — lésions dégénératives et réparation	manifestation		non_standard	Lésion dégénérative du syncytiotrophoblaste	oui	oui	benirschke ch6	Areas of damage to the syncytial surface are observed in all pregnancies, and may be caused by inflammation	Terme fourre-tout sans définition ni seuil : observé dans toutes les grossesses, il ne discrimine rien tel quel.
FOETO:PP.PLA-CLA-004	Fibrose stromale des villosités souches	AMSTERDAM	FVM — malperfusion vasculaire fœtale segmentaire	manifestation		oui		oui	oui	vogel ch6	Late stage of stromal fibrosis. Villous groups with stromal fibrosis and cell poor	Ambiguïté majeure avec le stroma fibreux normal des villosités souches (maturation) : le libellé ne dit pas s'il s'agit d'une fibrose post-obstructive ou de l'architecture normale.
FOETO:PP.PLA-CLA-005	Fibrose stromale villositaire	VOGEL	Fibrose stromale villositaire (villous stromal fibrosis)	manifestation		oui		oui	oui	vogel ch6	Stromal fibrosis is an increase in the collagenous tissue content, and a reduction of the number of capillaries in the intermediate and terminal villi.	
FOETO:PP.PLA-CLA-006	Karyorrhexie stromale-vasculaire des villosités	AMSTERDAM	FVM — caryorrhexie stromale-vasculaire villositaire	critere		oui		oui	oui	amsterdam ch1	Villous stromal-vascular karyorrhexis is the term preferred to hemorrhagic endovasculitis.	
FOETO:PP.PLA-CLA-007	Lésion vasculaire de la surface chorionique après traumatisme par aiguille	BENIRSCHKE	Lésion iatrogène du placenta (ponction/cordocentèse) — plaie vasculaire de la plaque choriale	manifestation		oui		oui	oui	benirschke ch23	Midgestation placental surface 2 weeks after amniocentesis. The needle injured the chorionic vessel below. Fresh hematoma, with hemosiderin, and attempted repair of vascular wall	Le libellé mêle la lésion et son étiologie procédurale ; l'étiologie serait mieux placée en qualifieur de contexte.
FOETO:PP.PLA-CLA-008	Microfractures de l'amnios	BENIRSCHKE	Microfractures des membranes fœtales (remodelage / pPROM)	manifestation		oui		oui	oui	benirschke ch15	persistence of microfractures without remodeling of the site can contribute to premature weakening	Entité ultrastructurale/expérimentale, non diagnostique en routine histologique.
FOETO:PP.PLA-CLA-009	Modifications dégénératives de l'amnion	BENIRSCHKE	Dégénérescence de l'épithélium amniotique	manifestation		oui		oui	oui	benirschke ch15	Moreover, as discussed by Wynn and French [556], a certain structural diversity of the cells may result from degenerative processes.	Libellé descriptif générique : ni cause (méconium, oligoamnios, fixation) ni étendue ; recouvre en partie « Modifications réactives de l'épithélium amniotique ».
FOETO:PP.PLA-CLA-010	Nécrose déciduale	BENIRSCHKE	Nécrose déciduale (foyers de nécrose de la décidue attachée)	manifestation		oui		oui	oui	benirschke ch11	The attached decidual tissue may show small or large regions of necrosis, a finding without clear clinical signifi- cance.	Libellé générique : ni siège précis (basale / pariétale / membranes) ni étendue ; chapeau de plusieurs entités distinctes (nécrose laminaire, nécrose déciduale membraneuse).
FOETO:PP.PLA-CLA-011	Nécrose déciduale membraneuse	BENIRSCHKE	Nécrose déciduale membraneuse (findings apparentés à la MVM non retenus par Amsterdam)	manifestation		oui		oui	oui	benirschke ch19	Membranous decidual necrosis is a zone of coagulation necrosis between viable chorionic epithelium and viable decidua	Souvent citée dans le spectre MVM mais explicitement écartée par le consensus d'Amsterdam faute de preuves suffisantes.
FOETO:PP.PLA-CLA-012	Nécrose laminaire de la décidua des membranes	BENIRSCHKE	Nécrose laminaire des membranes (LN/LMN) — variante déciduale	manifestation		oui		oui	oui	khong2019 ch2	Frequently at term, the uppermost decidua under the cellular chorion becomes necrotic appearing, with loss of nuclear basophilia of the decidual cells and vessels, termed laminar decidual necrosis	Granularité redondante avec « Nécrose laminaire des membranes » du même vocabulaire : ici seule la variante déciduale (vs trophoblastique ou mixte) est visée.
FOETO:PP.PLA-CLA-013	Nécrose musculaire vasculaire ombilicale	AMSTERDAM	Méconium — myonécrose des vaisseaux ombilicaux	manifestation		oui		oui	oui	khong2019 ch54	Umbilical vascular myonecrosis has been associated with intra-amniotic infection, fetal growth restriction, low Apgar scores, fetal demise, and adverse prognoses	Doublon avec « MAVM », « Myonécrose vasculaire ombilicale induite par le méconium » et « Nécrose musculaire vasculaire méconique » ; l'étiologie méconiale n'est pas explicitée dans ce libellé.
FOETO:PP.PLA-CLA-014	Nécrose primaire du cytotrophoblaste	BENIRSCHKE	Nécrose primaire du cytotrophoblaste villeux (turnover trophoblastique)	manifestation		oui		oui	oui	benirschke ch6	Transmission electron micrograph of a cytotrophoblast cell undergoing the early stages of primary necrosis.	Constatation ultrastructurale de biologie cellulaire (≈6 % des cytotrophoblastes en début de grossesse), non un diagnostic histologique de routine.
FOETO:PP.PLA-CLA-015	Nécrose syncytiale focale	BENIRSCHKE	Nécrose / lésion focale du syncytiotrophoblaste	manifestation		oui		oui	oui	benirschke ch25	Focal syncytial cell necrosis was present, but there was no inflammation or obvious villous necrosis.	Lésion non spécifique observée dans toutes les grossesses ; recouvre « Dénudation focale du syncytiotrophoblaste » et « Dégénérescence syncytiale ».
FOETO:PP.PLA-CLA-016	Paucité des membranes vasculo-syncytiales	AMSTERDAM	DVM — retard de maturation villositaire (delayed villous maturation)	critere		oui		oui	oui	amsterdam ch1	with centrally placed capillaries and decreased vasculosyncytial membranes, recapitulating the histology in early pregnancy	Critère isolé d'une entité composite : n'a de valeur diagnostique qu'associé à la population villositaire monotone et au seuil de 30 % d'une coupe pleine épaisseur.
FOETO:PP.PLA-CLA-017	Villosités avasculaires avec dégénérescence (karyorrhexie, calcifications, ferrugination)	AMSTERDAM	FVM — villosités avasculaires	critere		non_standard	Villosités avasculaires (avec ou sans changements dégénératifs)	oui	oui	benirschke ch26	The avascular villi, with or without degenerative changes such as nuclear apoptosis, microcalcifications, and ferrugination, seen in fetal vascular malperfusion can mimic this form of CVUE	Libellé composite empilant en une chaîne la lésion et trois altérations élémentaires (karyorrhexie, microcalcifications, ferrugination) qui devraient être des qualifieurs.
FOETO:PP.PLA-CLA-018	Zones nécrotiques à la base des septa placentaires	BENIRSCHKE	Septa placentaires — zones nécrotiques et pseudokystes de la base septale	manifestation		oui		oui	oui	benirschke ch2	the basal central parts of the septa are often characterized by necrotic zones, clefts, and local	Constatation banale, de genèse en partie artefactuelle (déchirure lors de la délivrance) : à ne pas coder comme lésion.
FOETO:PP.PLA-DYS-001	Calcification vasculaire placentaire	BENIRSCHKE	Calcifications placentaires (calcification dystrophique des parois vasculaires fœtales)	manifestation		oui		oui	oui	khong2019 ch37	When they are seen in the walls of fetal blood vessels with thrombi, it provides pertinent information about the duration of those lesions	Doublon de granularité avec « Calcification dystrophique des vaisseaux fœtaux placentaires » et « Calcification vasculaire placentaire (veines choriales) ».
FOETO:PP.PLA-DYS-002	Citerne villeuse	BENIRSCHKE	Dysplasie mésenchymateuse placentaire (formation de citernes villositaires)	critere		oui		oui	oui	benirschke ch27	Massive enlargement of a stem villus with a large cistern	Signe non spécifique : critère partagé entre dysplasie mésenchymateuse et môle hydatiforme ; le libellé ne dit pas dans quel cadre il est relevé.
FOETO:PP.PLA-DYS-003	Cordon ombilical épaissi avec excès de gelée de Wharton	BENIRSCHKE	Anomalies de la gelée de Wharton (œdème / excès de gelée, cordon épaissi)	manifestation		non_standard	Œdème / excès de gelée de Wharton (cordon épais)	oui	oui	benirschke ch16	Edematous cords had a water content of 93.5%, and wrinkled cords had 89.2% water.	Libellé composite : mesure macroscopique (épaisseur du cordon) et substrat histologique (gelée de Wharton) mêlés, sans seuil quantitatif.
FOETO:PP.PLA-DYS-004	Dilatation vasculaire fœtale villositaire	AMSTERDAM	FVM — malperfusion vasculaire fœtale (ectasie vasculaire)	manifestation		non_standard	Ectasie vasculaire (vaisseaux fœtaux tronculaires)	oui	oui	amsterdam ch1	vessels that are four times the luminal diameter of the surrounding corresponding vessel	Ambigu : l'ectasie d'Amsterdam concerne les gros vaisseaux muscularisés, alors que « dilatation villositaire » évoque aussi la congestion capillaire de l'hydrops.
FOETO:PP.PLA-DYS-005	Distribution non périphérique des capillaires villositaires	AMSTERDAM	DVM — retard de maturation villositaire (capillaires de siège central)	critere		non_standard	Capillaires villositaires de siège central (critère de retard de maturation villositaire)	oui	oui	amsterdam ch1	with centrally placed capillaries and decreased vasculosyncytial membranes, recapitulating the histology in early pregnancy	Énoncé négatif (« non périphérique ») pour un critère qui se formule positivement (capillaires de siège central) ; doublon avec « Localisation centrale des capillaires villositaires ».
FOETO:PP.PLA-DYS-006	Défaut de remodelage des artères spiralées	AMSTERDAM	MVM — artériopathie déciduale (défaut de transformation physiologique)	manifestation		non_standard	Défaut de transformation physiologique des artères spiralées	oui	oui	khong2019 ch32	Incomplete vascular remodelling is an acceptable synonym for this finding.	Formulation en termes de « remodelage » critiquée comme imprécise ; doublon de contenu avec PP.PLA-DYS-007.
FOETO:PP.PLA-DYS-007	Défaut de transformation physiologique des artères utéroplacentaires	AMSTERDAM	MVM — artériopathie déciduale (défaut de transformation physiologique)	manifestation		oui		oui	oui	benirschke ch19	Spiral/basal artery in the junctional zone showing absent transformation (green arrows).	Doublon de contenu avec « Défaut de remodelage des artères spiralées » et « Défaut de transformation physiologique des artères utéro-placentaires ».
FOETO:PP.PLA-DYS-008	Extravasation érythrocytaire stromale villositaire	AMSTERDAM	FVM — caryorrhexie vasculo-stromale villositaire	critere		oui		oui	oui	khong2019 ch25	with extravasation and fragmentation of fetal red blood cells into the villous stroma	
FOETO:PP.PLA-DYS-009	Fibrine intramural vasculaire	AMSTERDAM	FVM — dépôt de fibrine intramural (ex-« intimal fibrin cushion »)	manifestation		non_standard	Dépôt de fibrine intramural des gros vaisseaux fœtaux	oui	oui	benirschke ch22	Stem villi showing fibrin deposited in intramural location	Libellé elliptique et fautif grammaticalement ; ne précise pas le lit vasculaire (fœtal chorial/tronculaire vs maternel).
FOETO:PP.PLA-DYS-010	Hyperplasie trophoblastique	BENIRSCHKE	Môle hydatiforme (hyperplasie trophoblastique)	critere		oui		oui	oui	benirschke ch28	The latter also had more trophoblastic hyperplasia and fewer remnants of capillaries	Terme fourre-tout : critère de môle mais aussi observé dans le chorangiome avec prolifération trophoblastique et le site d'implantation exagéré.
FOETO:PP.PLA-DYS-011	Hypertrophie murale des artérioles décidales	AMSTERDAM	MVM — artériopathie déciduale (hypertrophie pariétale des artérioles membranaires)	manifestation		non_standard	Hypertrophie pariétale des artérioles déciduales membranaires	oui	oui	khong2019 ch43	Mural hypertrophy of the parietal decidual arterioles was one of the lesions most consistently detected by each of the pathologists.	Faute d'orthographe (« décidales ») ; le site (décidue pariétale des membranes vs plaque basale) devrait être explicite car il change la signification.
FOETO:PP.PLA-DYS-012	Hypertrophie musculaire des vaisseaux des villosités-troncs	AMSTERDAM	FVM — oblitération / sclérose fibromusculaire des vaisseaux de villosités tronculaires	manifestation		non_standard	Épaississement fibromusculaire / oblitération des vaisseaux de villosités tronculaires	oui	oui	benirschke ch22	Muscular hypertrophy and old occlusions in several of many stem vessels	Le même aspect (vaisseaux tronculaires à paroi épaisse) est un critère de dysplasie mésenchymateuse : le libellé seul ne discrimine pas les deux cadres.
FOETO:PP.PLA-DYS-013	Hypertrophie placentaire	VOGEL	Placenta macrosomique / placentomégalie (corrélation clinico-pathologique, diabète)	manifestation		non_standard	Placentomégalie (poids placentaire > 90e percentile pour l'âge gestationnel)	oui	oui	vogel ch14	An enlarged macrosomic placenta is defined as a placental weight and basal plate	Anomalie de poids macroscopique et non lésion histologique ; doublon avec « Placentomégalie » et « Hypertrophie placentaire » du même vocabulaire.
FOETO:PP.PLA-DYS-014	Hypertrophie villositaire des vaisseaux fœtaux (hypervasculaire)	AMSTERDAM	Chorangiose / hypervascularité villositaire	manifestation		non_standard	Hypervascularité villositaire (spectre de la chorangiose)	oui	oui	khong2019 ch24	Chorioangiosis, increased villous vascularity, hypercapillarization, hypervascularization.	Libellé confus mêlant « hypertrophie » et « hypervascularisation » ; sans les seuils de la règle des dix il chevauche chorangiose et chorangiomatose.
FOETO:PP.PLA-DYS-015	Hypoplasie placentaire	AMSTERDAM	MVM — hypoplasie placentaire (poids < 10e percentile)	manifestation		oui		oui	oui	benirschke ch19	There are multiple causes of placental hypoplasia, both fetal and maternal, but MVM is an important one [308].	Critère macroscopique de poids, non spécifique de la MVM (intervillite, villite de haut grade, MPFD donnent aussi un petit placenta).
FOETO:PP.PLA-DYS-016	Hypoplasie villositaire distale	AMSTERDAM	MVM — hypoplasie villositaire distale (≡ DIV de Vogel)	manifestation		oui		oui	oui	benirschke ch19	Distal villous hypoplasia can be graded as focal (lesion in one full-thickness slide) or diffuse (present in two or more full-thickness slides sampled)	Granularité redondante : trois entrées du vocabulaire (« MVM — Hypoplasie villositaire distale », « Hypoplasie villositaire distale (déficience des villosités terminales) », celle-ci) désignent la même lésion.
FOETO:PP.PLA-DYS-017	Hémorragie fœto-maternelle à érythroblastes dans l'espace intervilleux	BENIRSCHKE	Hémorragie fœto-maternelle (transplacentaire)	manifestation		non_standard	Hémorragie fœto-maternelle (érythroblastes/hématies fœtales dans l'espace intervilleux)	oui	oui	benirschke ch34	fetal hemorrhage from villous capillaries may cause fetal blood to escape into the intervillous space	Libellé composite : mêle l'entité clinique (hémorragie fœto-maternelle, diagnostic par Kleihauer-Betke) et son signe histologique élémentaire (érythroblastes intervilleux).
FOETO:PP.PLA-DYS-018	Implantation superficielle du placenta	BENIRSCHKE	Implantation superficielle (déficit d'invasion trophoblastique de la plaque basale)	manifestation		oui		oui	oui	benirschke ch19	Superficial implantation is a deficiency of interstitial and endovascular trophoblast in the decidua basalis and basal plate arteries.	Décrite dans le spectre MVM mais explicitement écartée d'Amsterdam faute de preuves suffisantes ; ne pas la coder comme critère Amsterdam.
FOETO:PP.PLA-DYS-019	Infiltrat stromal Alcian blue positif	BENIRSCHKE	Dysplasie mésenchymateuse placentaire	critere		non_standard	Stroma villositaire dysplasique Alcian blue positif (acide hyaluronique)	oui	oui	benirschke ch27	Studies of dysplastic villous stroma in cases of PMD have revealed that it is largely composed of hyaluronic acid, per demonstration of strong Alcian blue histochemical staining	Libellé imprécis : il ne s'agit pas d'un « infiltrat » mais d'une positivité histochimique du stroma villositaire dysplasique ; la nature du matériel n'est pas nommée.
FOETO:PP.PLA-DYS-020	Karyorrhexie stromale villositaire	AMSTERDAM	FVM — caryorrhexie stromale-vasculaire villositaire	critere		non_standard	Caryorrhexie stromale-vasculaire villositaire	oui	oui	amsterdam ch1	3 or more foci of 2 to 4 terminal villi showing karyorrhexis of fetal cells (nucleated erythrocytes, leukocytes, endothelial cells, and/or stromal cells) with preservation of surrounding trophoblast	Le libellé ampute le terme consensuel de sa composante vasculaire ; doublon de fait avec les autres entrées « karyorrhexie stromale-vasculaire » du vocabulaire.
FOETO:PP.PLA-DYS-021	Kyste du chorion laeve	BENIRSCHKE	Kyste du chorion laeve	manifestation		oui		oui	oui	benirschke ch19	Chorion laeve cysts are fluid-filled lakes with irregular chorionic epithelial margins in the placental membranes	
FOETO:PP.PLA-DYS-022	Kyste septal placentaire	BENIRSCHKE	Kyste trophoblastique extravilleux (kyste septal)	manifestation		oui		oui	oui	khong2019 ch11	Extravillous trophoblast cysts are grossly visible cysts usually located in the subchorionic region or within the septa.	Granularité : kyste septal, kyste sous-chorial et kyste d'îlot cellulaire sont une même lésion différant par le siège.
FOETO:PP.PLA-DYS-023	Malperfusion vasculaire fœtale placentaire	AMSTERDAM	FVM — malperfusion vasculaire fœtale	synonyme		oui		oui	oui	vogel ch6	fetal vascular malperfusion (FVM) is to be graded as high (global) or low (segmental)	
FOETO:PP.PLA-DYS-024	Manchon mésenchymateux péri-vasculaire	BENIRSCHKE	Anatomie villositaire normale — gaine mésenchymateuse périvasculaire des villosités	structure		non_standard	Gaine mésenchymateuse (adventice) périvasculaire villositaire	non	non			Aucun extrait ne nomme ce « manchon » ; terme descriptif non standardisé, proche de l'adventice/gaine paravasculaire des villosités souches.
FOETO:PP.PLA-DYS-025	Métaplasie malpighienne de l'amnion	BENIRSCHKE	Métaplasie malpighienne de l'amnios	manifestation		oui		oui	oui	benirschke ch15	This so-called squamous metaplasia of the amnion is actually only the focal keratinization of the epithelium	Doublon avec « Métaplasie malpighienne de l'amnios » dans le vocabulaire ; variante physiologique du placenta mature, non lésionnelle.
FOETO:PP.PLA-DYS-026	Persistance de trophoblastes endovasculaires intramuraux au troisième trimestre	AMSTERDAM	MVM — artériopathie déciduale	manifestation		oui		oui	oui	benirschke ch19	persistence of intramural endovascular trophoblast (Fig. 19.20a, b) in the placental bed spiral arteries has been identified in the third trimester in placentas from gestations complicated by preeclampsia	Le vaisseau concerné (artère spiralée du lit placentaire) n'est pas nommé dans le libellé.
FOETO:PP.PLA-DYS-027	Perte d'expression de l'actine musculaire lisse dans le stroma villositaire	BENIRSCHKE	Dysplasie mésenchymateuse placentaire	critere		oui		oui	oui	benirschke ch27	immunohistochemical loss of alpha smooth muscle actin (SMA) expression, relative to age-matched norms, with preserved desmin and vimentin expression in stromal cells	
FOETO:PP.PLA-DYS-028	Perte d'expression de p57kip2 dans le stroma villositaire	BENIRSCHKE	Dysplasie mésenchymateuse placentaire	critere		oui		oui	oui	benirschke ch27	Absent p57kip2 expression in the stromal cells of some villi, with retention in trophoblast, supports the diagnosis of PMD	Libellé ambigu : sans mention de la rétention trophoblastique, il ne se distingue pas du profil p57 négatif de la môle hydatiforme complète.
FOETO:PP.PLA-DYS-029	Placentomégalie	VOGEL	Placenta macrosomique / placentomégalie (corrélation clinico-pathologique)	manifestation		non_standard	Placentomégalie (poids placentaire > 90e percentile pour l'âge gestationnel)	oui	oui	vogel ch14	An enlarged macrosomic placenta is defined as a placental weight and basal plate above the 90th percentile for a given gestational age	Anomalie macroscopique de poids sans seuil dans le libellé ; Amsterdam ne code que l'hypoplasie placentaire, pas la placentomégalie.
FOETO:PP.PLA-DYS-030	Prolifération de trophoblastes intermédiaires périvilleuse	BENIRSCHKE	Prolifération de trophoblaste intermédiaire périvillositaire (cellules X)	manifestation		oui		oui	oui	benirschke ch19	There is increased perivillous fibrin with intermediate trophoblast proliferation (green stars) because of the maternal circulatory disturbance and the ensuing local hypoxia.	Suggérée dans le spectre MVM mais non retenue par le consensus d'Amsterdam ; ne pas la coder comme critère Amsterdam.
FOETO:PP.PLA-DYS-031	Pseudo-inclusion trophoblastique	BENIRSCHKE	Môle hydatiforme partielle	critere		oui		oui	oui	benirschke ch27	Higher power view shows a trophoblastic “pseudoinclusion”. Fetal capillaries are present within terminal villi.	Signe non spécifique isolément : il n'a de valeur que dans le diagnostic différentiel des môles ; le vocabulaire contient aussi son énoncé négatif (« Absence de pseudo-inclusions trophoblastiques »).
FOETO:PP.PLA-DYS-032	Rétention trophoblastique de l'expression de p57kip2	BENIRSCHKE	Dysplasie mésenchymateuse placentaire	critere		oui		oui	oui	benirschke ch27	it is difficult to explain the selective loss of p57kip2 in stroma and retention in trophoblast	Le terme n'a de valeur qu'en couple avec la perte stromale de p57kip2 : isolé, il ne signe rien.
FOETO:PP.PLA-DYS-033	Sclérose fibromusculaire des vaisseaux tronculaires	AMSTERDAM	FVM — malperfusion vasculaire fœtale (oblitération des vaisseaux tronculaires)	synonyme		obsolete	Oblitération des vaisseaux des villosités-troncs (stem vessel obliteration)	oui	oui	benirschke ch22	Stem villous obliteration (previously referred to as fibromuscular sclerosis) is a lesion of larger stem	« Sclérose fibromusculaire » est le terme ancien ; Amsterdam retient « oblitération des vaisseaux tronculaires ».
FOETO:PP.PLA-DYS-034	Septation luminale vasculaire	AMSTERDAM	FVM — malperfusion vasculaire fœtale (oblitération des vaisseaux tronculaires)	manifestation		oui		oui	oui	benirschke ch22	septation of the endothelial lumen related to a recent stem villous thrombosis	Signe précoce/intermédiaire non spécifique : décrit aussi dans les gros vaisseaux dysplasiques de la dysplasie mésenchymateuse.
FOETO:PP.PLA-DYS-035	Stroma villositaire hyalinisé	BENIRSCHKE	Dysplasie mésenchymateuse placentaire	manifestation		oui		oui	oui	benirschke ch27	and hyalinized stroma with thick-walled, ectatic vessels surrounded by	Libellé ambigu : la même formule désigne le stroma hyalinisé tardif de la malperfusion vasculaire fœtale (villosités avasculaires) et le stroma dysplasique de la PMD.
FOETO:PP.PLA-DYS-036	Stroma villositaire hypercellulaire avec fibroblastes indifférenciés	BENIRSCHKE	Placenta du diabète maternel (« villosité diabétique »)	manifestation		oui		oui	oui	benirschke ch20	The connective tissues in the villi are often hypercellular with	Élément d'un pattern (villosité diabétique) et non lésion autonome ; à interpréter avec l'épaisseur du syncytiotrophoblaste et la paucité des membranes vasculo-syncytiales.
FOETO:PP.PLA-DYS-037	Stroma villositaire myxomateux	BENIRSCHKE	Dysplasie mésenchymateuse placentaire	critere		oui		oui	oui	khong2019 ch16	Myxomatous change of stem villi is common.	
FOETO:PP.PLA-DYS-038	Thrombohématome sous-chorial	BENIRSCHKE	Thrombohématome sous-chorial massif (môle de Breus)	synonyme		non_standard	Thrombohématome sous-chorial massif (môle de Breus)	oui	oui	benirschke ch32	A large maternal blood clot that separates the chorionic plate from the villous chorion is also called massive subchorionic thrombohematoma	Libellé sans critère de taille : ne distingue pas le thrombus sous-chorial banal (fréquent, sans portée) du thrombohématome massif (≥1 cm, ≥50 % de la plaque choriale).
FOETO:PP.PLA-DYS-039	Thrombus vasculaire placentaire fœtal	AMSTERDAM	FVM — malperfusion vasculaire fœtale (thrombus des gros vaisseaux fœtaux)	manifestation		oui		oui	oui	benirschke ch22	Thrombi may be present in large muscular vessels and they may be occlusive or mural	Siège et caractère occlusif non précisés, alors que la gradation de la FVM dépend du siège (plaque choriale / tronc villositaire) et du nombre de thrombus.
FOETO:PP.PLA-DYS-040	Vaisseau de la plaque choriale à paroi épaisse et ectasique	BENIRSCHKE	Dysplasie mésenchymateuse placentaire	critere		oui		oui	oui	benirschke ch27	By light microscopy, PMD is characterized by variably thick-walled and tortuous chorionic plate and stem villous vessels surrounded by abnormal stroma	Libellé composite (épaississement pariétal + ectasie luminale) dans un seul énoncé.
FOETO:PP.PLA-DYS-041	Vaisseau-tronc villositaire à paroi épaisse	BENIRSCHKE	Dysplasie mésenchymateuse placentaire	critere		oui		oui	oui	khong2019 ch16	The vessels are thick-walled, with fibromuscular hyperplasia	
FOETO:PP.PLA-DYS-042	Villosité choriale élargie et œdémateuse	BENIRSCHKE	Dysplasie mésenchymateuse placentaire	manifestation		oui		oui	oui	benirschke ch27	Enlarged, edematous stem villi containing thick-walled vessels	Libellé descriptif ambigu : recouvre aussi l'œdème villositaire simple et les villosités hydropiques d'un avortement hydropique.
FOETO:PP.PLA-DYS-043	Villosité hydropique diffuse sans vascularisation	BENIRSCHKE	Môle hydatiforme complète	critere		oui		oui	oui	benirschke ch27	In CHM, chorionic villi are diffusely distended and hydropic with the frequent formation of large central cisterns.	L'avascularité diffuse des villosités hydropiques oriente vers la môle complète, mais le libellé ne dit pas s'il y a hyperplasie trophoblastique, critère indispensable au diagnostic.
FOETO:PP.PLA-DYS-044	Villosités agrandies avec paucité vasculaire relative	BENIRSCHKE	Érythroblastose fœtale / maladie hémolytique du fœtus et du nouveau-né	manifestation		oui		oui	oui	benirschke ch23	The enlarged villi may have a relative paucity of vessels.	Phénotype très proche du retard de maturation villositaire : recouvrement de granularité avec les troubles de maturation.
FOETO:PP.PLA-INF-001	Cellules amniotiques infectées (inclusions virales amniotiques)	BENIRSCHKE	Villite / placentite à cytomégalovirus (villite à étiologie identifiée)	manifestation		oui		oui	oui	khong2019 ch29	The inclusions are identified in the nuclei (owl-eye cells), the cytoplasm of villous endothelial cells and stromal cells, and occasionally the amnion and the decidua	Agent viral non précisé alors que le rattachement suppose une étiologie identifiée (CMV, HSV) ; à qualifier par l'agent.
FOETO:PP.PLA-INF-002	Cellules avec hémophagocytose dans la circulation fœtale placentaire	BENIRSCHKE	Lymphohistiocytose hémophagocytaire familiale (anasarque fœto-placentaire non immune)	manifestation		oui		oui	oui	benirschke ch23	The fetal vasculature contained numerous mononuclear cells, including forms with hemophagocytosis.	
FOETO:PP.PLA-INF-003	Cellules géantes multinucléées de type Langhans dans les villosités	BENIRSCHKE	Villite chronique à étiologie identifiée (toxoplasmose / syphilis)	manifestation		oui		oui	oui	benirschke ch26	Langhans-type multinucleated giant cells (arrow) can be present in chronic villitis with and without a documented infectious cause.	Élément non spécifique : évocateur d'une villite infectieuse (toxoplasmose, syphilis) mais décrit aussi sans étiologie documentée.
FOETO:PP.PLA-INF-004	Chorioamnionite	AMSTERDAM	AI — infection amniotique / inflammation aiguë (voie ascendante)	manifestation		non_standard	Chorioamnionite aiguë	oui	oui	amsterdam ch1	There was agreement to emphasize that histologic chorioamnionitis may not be equivalent to clinical chorioamnionitis.	Libellé chapeau sans temporalité ni intensité : recouvre à la fois la chorioamnionite aiguë (MIR) et la chorioamnionite chronique, déjà présentes comme termes distincts.
FOETO:PP.PLA-INF-005	Chorioamnionite aiguë	AMSTERDAM	AI — réponse inflammatoire maternelle (MIR)	synonyme		oui		oui	oui	amsterdam ch1	Stage 2—acute chorioamnionitis: polymorphonuclear leukocytes extend into fibrous chorion and/or amnion	
FOETO:PP.PLA-INF-006	Chorioamnionite chronique	AMSTERDAM	Chorioamnionite chronique	synonyme		oui		oui	oui	khong2019 ch45	Chronic chorioamnionitis is one of the chronic inflammatory lesions of the placenta	
FOETO:PP.PLA-INF-007	Chorioamniotite aiguë	AMSTERDAM	AI — réponse inflammatoire maternelle (MIR)	synonyme		non_standard	Chorioamnionite aiguë	oui	oui	amsterdam ch1	Stage 2—acute chorioamnionitis: polymorphonuclear leukocytes extend into fibrous chorion and/or amnion	Orthographe déviante (« chorioamniotite ») et doublon strict de PP.PLA-INF-005.
FOETO:PP.PLA-INF-008	Dégénérescence de l'épithélium amniotique par le méconium	BENIRSCHKE	Lésions induites par le méconium (dégénérescence de l'épithélium amniotique)	manifestation		oui		oui	oui	benirschke ch15	The amnionic epithelium undergoes remarkable degenerative changes as the result of meconium-induced damage	Terme non inflammatoire (lésion toxique) classé dans le bloc inflammation ; Amsterdam ne code du méconium que les macrophages pigmentés et la myonécrose vasculaire.
FOETO:PP.PLA-INF-009	Dépôt de C4d dans les villosités (immunohistochimie)	HORS_REFERENTIEL		hors		oui		oui	oui	benirschke ch26	had significant amounts of villous C4d deposition by immunohistochemistry	Marqueur immunohistochimique d'activation du complément, non spécifique (décrit dans la VUE, la CHI et le MPFD) : aucun référentiel ne le code comme lésion autonome.
FOETO:PP.PLA-INF-010	Dépôt de méconium dans le chorion	AMSTERDAM	Méconium (macrophages chargés de méconium)	manifestation		oui		oui	oui	benirschke ch15	Meconium-laden macrophages are large, ovoid, or round cells in amnion and later in the chorion that have a yellow-brown-green content	Le siège chorial sert surtout à dater le passage méconial : information de temporalité aplatie dans un libellé topographique.
FOETO:PP.PLA-INF-012	Funiculite périphérique à micro-abcès (candidose)	BENIRSCHKE	Funisite à Candida (candidose placentaire)	synonyme		oui		oui	oui	benirschke ch25	With some infections, notably that with Candida albicans, small accumulations of PMNLs are seen on the cord surface.	
FOETO:PP.PLA-INF-013	Funisitis aiguë	AMSTERDAM	AI — réponse inflammatoire fœtale (FIR)	manifestation		non_standard	Funisite aiguë	oui	oui	khong2019 ch55	term neonates with acute funisitis are also more likely to have adverse clinical outcomes	Latinisme « funisitis » : l'orthographe retenue est « funisite ».
FOETO:PP.PLA-INF-014	Histiocytose intervillositaire chronique	AMSTERDAM	CHI — intervillite chronique histiocytaire	synonyme		non_standard	Intervillite chronique histiocytaire	oui	oui	khong2019 ch30	CHIV is an infiltrate of maternal mononuclear cells in the intervillous space, usually accompanied by an increase in perivillous fibrin.	« Histiocytose » suggère à tort une prolifération : il s'agit d'un infiltrat intervillositaire (intervillite).
FOETO:PP.PLA-INF-015	Hyperplasie histiocytaire chorionique	HORS_REFERENTIEL		hors		oui		oui	oui	khong2019 ch13	Chorionic histiocytic hyperplasia is a recently described lesion that has increased number of histiocytes at the base of the chorion	Lésion décrite après le consensus d'Amsterdam (Katzman 2017) et absente de sa liste des lésions inflammatoires chroniques ; elle ne relève pas non plus du périmètre borné de BENIRSCHKE.
FOETO:PP.PLA-INF-016	Inclusions cytomégalovirus placentaires (cellules en œil de hibou)	BENIRSCHKE	Villite / placentite à cytomégalovirus (étiologie identifiée)	critere		oui		oui	oui	khong2019 ch29	The owl-eye inclusions have pathognomonic value in the diagnosis of CMV infection.	Siège cellulaire et compartimental non précisé (noyaux des cellules stromales et endothéliales villositaires, parfois amnios et décidue) ; quasi-doublon de PP.PLA-INF-018.
FOETO:PP.PLA-INF-017	Inclusions herpétiques dans le trophoblaste/caduque	BENIRSCHKE	Placentite / villite à herpes simplex virus (étiologie identifiée)	critere		oui		oui	oui	benirschke ch25	An inflammatory reaction was absent, but inclusions were found in the placenta and fetus.	Libellé mêlant deux compartiments distincts (trophoblaste et décidue) ; « caduque » est un synonyme vieilli de décidue.
FOETO:PP.PLA-INF-018	Inclusions virales intranucléaires et intracytoplasmiques dans les villosités (CMV)	BENIRSCHKE	Villite / placentite à cytomégalovirus (étiologie identifiée)	critere		oui		oui	oui	khong2019 ch29	The inclusions are identified in the nuclei (owl-eye cells), the cytoplasm of villous endothelial cells and stromal cells	Quasi-doublon de PP.PLA-INF-016 (mêmes inclusions cytomégaliques) : granularité incohérente entre les deux libellés.
FOETO:PP.PLA-INF-019	Infiltrat neutrophilique intervillositaire et intravillositaire (microabcès)	BENIRSCHKE	Villite/intervillite aiguë d'origine hématogène (listériose, sepsis bactérien)	manifestation		oui		oui	oui	vogel ch9	Acute intervillitis (intervillous thromboangiitis) with focal aggregates and bands  of granulocytes, fibrin thrombosis in the intervillous space, chorionic epithelial  and stromal necrosis and inter- and intravillous microabscesses	Libellé descriptif mêlant deux sites (intervilleux et intravilleux) et une qualification lésionnelle (microabcès)
FOETO:PP.PLA-INF-020	Infiltrat plasmocytaire villositaire	BENIRSCHKE	Villite chronique d'étiologie identifiée (CMV) / villite plasmocytaire	manifestation		oui		oui	oui	khong2019 ch29	The presence of plasma cells and haemosiderin  deposits is a strong histological indicator of CMV  infection, even in cases in which typical inclusion  bodies are not found.	
FOETO:PP.PLA-INF-021	Inflammation chronique déciduale	AMSTERDAM	Déciduite chronique à plasmocytes	synonyme		non_standard	Déciduite chronique	oui	oui	khong2019 ch33	Chronic deciduitis is diagnosed in the presence  of lymphoplasmacytic inflammation in the  decidua or, in the absence of plasma cells, the  presence of diffuse and intense (>50/HPF) non-­ perivascular lymphocytic inflammation.	Libellé descriptif générique là où le référentiel nomme l'entité « déciduite chronique »
FOETO:PP.PLA-INF-022	Intervillite chronique massive	AMSTERDAM	CHI — intervillite chronique histiocytaire	synonyme		obsolete	Intervillite chronique histiocytaire	oui	oui	khong2019 ch30	Chronic histiocytic intervillositis (CHIV) was  described in 1987 [1] using the term “massive  chronic intervillositis”.	Terme historique de 1987, remplacé par intervillite chronique histiocytaire ; doublon avec PP.PLA-INF « Intervillosite chronique histiocytaire »
FOETO:PP.PLA-INF-023	Kystes toxoplasmiques placentaires	BENIRSCHKE	Villite/placentite toxoplasmique (Toxoplasma gondii)	critere		oui		oui	oui	benirschke ch25	Typical cysts were present in the subamniotic/chorionic tissues, and they were unaccompanied by inflammation. It is only when the cysts rupture that a local plasmacellular reaction and necro- sis take place.	
FOETO:PP.PLA-INF-024	Macrophages chargés de méconium (membranes)	AMSTERDAM	Méconium — macrophages chargés de méconium	critere		oui		oui	oui	khong2019 ch40	The duration of exposure to meconium has  been correlated with the depth of the pigment  macrophages starting at the amnion and pro- gressing to the chorion and decidua.	
FOETO:PP.PLA-INF-025	Micro-abcès placentaires en cocarde (listériose)	BENIRSCHKE	Listériose placentaire (Listeria monocytogenes)	critere		oui		oui	oui	benirschke ch25	The placenta in listeriosis has the following characteris- tic lesions: intervillous abscesses (Fig.  25.12), villous  necrosis, acute necrotizing villitis, and an abundance of  bacterial growth on the amniotic surface	Le qualificatif « en cocarde » n'est pas une formulation retrouvée dans le corpus
FOETO:PP.PLA-INF-026	Microabcès sous-amniotiques du cordon (Candida)	BENIRSCHKE	Funisite candidosique (Candida)	critere		oui		oui	oui	khong2019 ch55	Candida funisitis is characterized by triangu- lar subamnionic microabscesses containing neu- trophils and a variable number of budding yeasts  and pseudohyphae, generally identified in every  cord section	
FOETO:PP.PLA-INF-027	Modifications réactives de l'épithélium amniotique	BENIRSCHKE	Modifications dégénératives/réactives de l'épithélium amniotique	manifestation		non_standard	Modifications dégénératives de l'épithélium amniotique (vacuolisation, empilement, perte des noyaux basaux)	oui	oui	khong2019 ch40	The amnion epithelium shows loss of basilar  nuclei, a piled up appearance, and increased intercellular  space with focal goblet change from intercellular fluid  (arrow). These changes can be associated with meconium	Libellé fourre-tout, ne précise pas la nature des modifications ; recoupe « Modifications dégénératives de l'amnion »
FOETO:PP.PLA-INF-028	Myonécrose vasculaire ombilicale induite par le méconium	AMSTERDAM	Méconium — myonécrose des vaisseaux ombilicaux	manifestation		oui		oui	oui	khong2019 ch54	Meconium-associated myonecrosis is character- ized by damage and death of umbilical vascular  smooth muscle associated with prolonged meco- nium passage in utero.	Doublon strict avec « MAVM (meconium associated vascular myonecrosis) », « Nécrose musculaire vasculaire ombilicale » et « Nécrose musculaire vasculaire méconique »
FOETO:PP.PLA-INF-029	Méconium subamniotique	AMSTERDAM	Méconium	manifestation		oui		oui	oui	benirschke ch15	After meconium has been present on the placental sur- face for some time, it leads to an accumulation of a viscous fluid between amnion and chorion, which is readily appar- ent histologically	
FOETO:PP.PLA-INF-030	Métaplasie malpighienne de l'épithélium du cordon ombilical	BENIRSCHKE	Métaplasie malpighienne de l'amnion	manifestation		oui		oui	oui	benirschke ch15	Metaplastic processes are frequent in the amnionic epithe- lium. They are present in at least one-fourth of mature pla- centas, most prominently around the umbilical cord insertion	Doublon avec « Métaplasie malpighienne de la surface du cordon » ; lésion non inflammatoire classée dans le bloc INF
FOETO:PP.PLA-INF-031	Nécrose musculaire vasculaire méconique (cordon/surface placentaire)	AMSTERDAM	Méconium — myonécrose des vaisseaux ombilicaux	manifestation		non_standard	Myonécrose vasculaire associée au méconium (cordon et plaque choriale)	oui	oui	benirschke ch15	Fig. 15.24  Degenerating muscle of umbilical cord blood vessel after chronic meconium exposure.	Doublon de PP.PLA-INF-028 avec extension de site ajoutée au libellé
FOETO:PP.PLA-INF-032	Placentite hématogène	BENIRSCHKE	Infection placentaire par voie hématogène	synonyme		non_standard	Infection placentaire hématogène (placentite du type parenchymateux)	oui	oui	benirschke ch25	Infections may ascend from the  endocervical canal, or they may reach the placenta hematog- enously through the maternal blood.	Chapeau étiologique très large (voie de contamination) plutôt qu'entité lésionnelle définie
FOETO:PP.PLA-INF-033	Périvasculite chronique déciduale	AMSTERDAM	MVM — artériopathie déciduale	manifestation		oui		oui	oui	benirschke ch19	Chronic perivasculitis is characterized by lymphocytic infiltrate in and around arteries of the membranous decidua [300] (Fig. 19.18), but chronic perivasculitis is also identifi- able in the decidua basalis.	Classé dans le bloc inflammatoire alors qu'il s'agit d'un élément de l'artériopathie déciduale de la MVM
FOETO:PP.PLA-INF-034	Réaction à corps étranger au vernix (décidua/myomètre)	BENIRSCHKE	Dissection / accumulation de vernix caseosa et réaction à corps étranger	manifestation		oui		oui	oui	benirschke ch15	In one case, it had elicited a foreign-body giant cell reaction.	
FOETO:PP.PLA-INF-035	Stroma villositaire œdémateux avec augmentation des cellules de Hofbauer	BENIRSCHKE	Placenta du diabète maternel / de l'obésité (« villosité diabétique »)	manifestation		oui		oui	oui	benirschke ch20	but contain large and increased numbers of Hofbauer cells in	Libellé composite associant deux constatations (œdème stromal + hyperplasie des cellules de Hofbauer) sans nommer le contexte étiologique.
FOETO:PP.PLA-INF-036	Structures mycéliennes et spores fongiques (candida) dans le placenta	BENIRSCHKE	Candidose placentaire (Candida albicans) — chorioamniotite / funisite candidosique	critere		oui		oui	oui	benirschke ch25	granules with inflammatory cells and fungi is characteristic	Infection à étiologie identifiée : hors périmètre d'Amsterdam.
FOETO:PP.PLA-INF-037	Vascularite choriale éosinophilique à cellules T	AMSTERDAM	Vascularite fœtale éosinophile / à cellules T (ETCV)	synonyme		oui		oui	oui	amsterdam ch1	Eosinophilic/T-cell vasculitis in a chorionic plate vessel.	Doublon strict avec FOETO:PP.PLA-INF-039 (même entité, libellés variants).
FOETO:PP.PLA-INF-039	Vasculite chorionique éosinophilique/à cellules T	AMSTERDAM	Vascularite fœtale éosinophile / à cellules T (ETCV)	synonyme		oui		oui	oui	khong2019 ch13	The prevalence of eosinophilic T-cell/chorionic vasculitis is estimated to be 0.37%	Doublon strict avec FOETO:PP.PLA-INF-037.
FOETO:PP.PLA-INF-040	Vasculite des vaisseaux chorioniques et ombilicaux	AMSTERDAM	Réponse inflammatoire fœtale (FIR) de l'infection amniotique ascendante	manifestation		non_standard	FIR — vascularite choriale et/ou ombilicale (préciser stade et grade)	oui	oui	khong2019 ch15	Stage 1—chorionic vasculitis or umbilical phlebitis	Libellé regroupant deux sites (plaque choriale, cordon) sans distinguer stade (extension) et grade (sévérité) de la FIR.
FOETO:PP.PLA-INF-041	Villite d'étiologie inconnue	AMSTERDAM	Villite chronique d'étiologie indéterminée (VUE)	synonyme		oui		oui	oui	amsterdam ch1	Villitis of unknown etiology (synonymous with villitis of	Le libellé ne porte pas la gradation (bas grade / haut grade) exigée par Amsterdam.
FOETO:PP.PLA-INF-042	Villosite chronique	AMSTERDAM	Villite chronique d'étiologie indéterminée (VUE)	manifestation		non_standard	Villite chronique	oui	oui	khong2019 ch29	Differential diagnosis with chronic villitis of infectious origin is also important.	Orthographe fautive (« villosite ») et libellé chapeau : n'exclut pas une étiologie identifiée, qui relèverait de BENIRSCHKE.
FOETO:PP.PLA-INF-043	Érythroblastes à inclusion intranucléaire Parvovirus B19 (placentaire)	BENIRSCHKE	Infection placentaire à parvovirus B19	critere		oui		oui	oui	benirschke ch25	Many normoblast nuclei have smudged amphophilic, intranuclear inclusion bodies (arrows)	Siège précis (érythroblastes des capillaires villositaires fœtaux) non précisé dans le libellé.
FOETO:PP.PLA-MAL-001	Amnios nodosum (membrane de séparation gémellaire)	AMSTERDAM	Amnion nodosum	manifestation		oui		oui	oui	khong2019 ch38	Deposits of cellular elements from the fetal skin	Doublon potentiel avec « Amnios nodosum » : le site (membrane de séparation gémellaire) n'en fait pas une entité distincte.
FOETO:PP.PLA-MAL-002	Anastomose artério-artérielle (placenta gémellaire)	GEMELLAIRE	Anastomose artério-artérielle (A-A) du placenta monochorionique	manifestation		oui		oui	oui	vogel ch13	Arterial (A-A) and venous (V-V) anastomoses close to the chorionic plate enable	
FOETO:PP.PLA-MAL-003	Anastomose artério-veineuse profonde (placenta gémellaire)	GEMELLAIRE	Anastomose artério-veineuse (A-V) profonde du placenta monochorionique	manifestation		oui		oui	oui	vogel ch13	Fig. 13.11: Deep arteriovenous anastomoses (A-V) in stem, intermediate and terminal villi with red	
FOETO:PP.PLA-MAL-004	Anastomose veino-veineuse (placenta gémellaire)	GEMELLAIRE	Anastomose veino-veineuse (V-V) du placenta monochorionique	manifestation		oui		oui	oui	vogel ch13	Superficial venous-venous (V-V) anastomoses are rare.	
FOETO:PP.PLA-MAL-005	Artère ombilicale unique (grossesse gémellaire)	AMSTERDAM	Artère ombilicale unique	manifestation		oui		oui	oui	vogel ch3	Although it occurs more often in twins	Doublon de « Artère ombilicale unique » : le qualifieur gémellaire est un contexte clinique, pas une entité distincte.
FOETO:PP.PLA-MAL-006	Calcification vasculaire placentaire (veines choriales)	BENIRSCHKE	Calcification placentaire (calcification pariétale des vaisseaux de surface)	manifestation		oui		oui	oui	benirschke ch18	Calcification of the vascular wall and an old thrombus in	Les calcifications ne sont pas une entité codée par Amsterdam ; souvent secondaires à un thrombus ancien (à distinguer d'une FVM).
FOETO:PP.PLA-MAL-007	Calcifications du cordon ombilical	BENIRSCHKE	Calcifications vasculaires des vaisseaux ombilicaux	manifestation		oui		oui	oui	khong2019 ch52	Vascular calcification of the cord may involve the arteries or the vein and may, as indicated above, lead to sclerosis of the wall of obliteration of the lumen.	Libellé générique : ne distingue pas sclérose pariétale et oblitération luminale, ni la calcification de la gelée de Wharton
FOETO:PP.PLA-MAL-008	Canal allantoïque patent (ouraque)	BENIRSCHKE	Reliquats embryonnaires du cordon — canal allantoïque (ouraque)	structure		oui		oui	oui	benirschke ch16	Rarely is the allantoic tissue accompanied by muscle, and even more uncommonly is the duct patent.	
FOETO:PP.PLA-MAL-009	Capillaires villositaires congestifs (jumeau receveur, TTTS)	GEMELLAIRE	Syndrome transfuseur-transfusé (TTTS) — territoire du receveur	manifestation		oui		oui	oui	vogel ch13	Villous maturation disorders with increased vessel proliferation and congestion are typical in the recipient placenta.	Libellé composite : signe histologique + attribution au jumeau receveur + contexte syndromique dans un même nom
FOETO:PP.PLA-MAL-010	Capillaires villositaires vides (jumeau donneur, TTTS)	GEMELLAIRE	Syndrome transfuseur-transfusé (TTTS) — territoire du donneur	manifestation		oui		oui	oui	vogel ch13	Donor placental villi may show typical secondary changes, such as: collapse sclerosis of the stem villous vessels	Libellé composite : signe histologique + attribution au jumeau donneur + contexte syndromique dans un même nom
FOETO:PP.PLA-MAL-011	Cordon ombilical court	BENIRSCHKE	Anomalie de longueur du cordon ombilical — cordon court	manifestation		oui		oui	oui	khong2019 ch46	Short cords are defined as those less than 35 cm in total length at term gestation.	Le libellé ne porte pas le seuil (< 35 cm à terme) qui définit l'anomalie
FOETO:PP.PLA-MAL-012	Cotylédon partagé (placenta gémellaire monochorionique)	GEMELLAIRE	Cotylédon partagé (anastomose artério-veineuse profonde, placenta monochorionique)	structure		oui		oui	oui	benirschke ch18	The shared cotyledon here was injected with water; it appears blanched.	
FOETO:PP.PLA-MAL-013	Discordance de coloration du parenchyme placentaire (jumeaux monochorioniques)	GEMELLAIRE	Discordance placentaire des jumeaux monochorioniques (TTTS / TAPS)	manifestation		oui		oui	oui	benirschke ch32	Another observation is the striking difference in color between the plethoric placental share of the recipient and the pale placental share of the donor	Signe purement macroscopique, non spécifique, mêlant description et contexte gémellaire
FOETO:PP.PLA-MAL-014	Déficit en gelée de Wharton	BENIRSCHKE	Déficience de la gelée de Wharton (coarctation / sténose du cordon)	manifestation		oui		oui	oui	benirschke ch16	Hersh and Buchino [209], who observed two successive deaths in one family from torsion of the cord, also believed that primary absence of Wharton’s jelly is the cause of this lesion.	Ne précise pas si le déficit est segmentaire ou diffus, ni s'il est primitif ou secondaire à la torsion
FOETO:PP.PLA-MAL-015	Funisitis	AMSTERDAM	FIR — réponse inflammatoire fœtale (funisite aiguë)	manifestation		non_standard	Funisite aiguë	oui	oui	khong2019 ch55	While funisitis and phlebitis are established terms, the pattern of inflammation seen reflects neutrophil migration, rather than a true primary vasculitis.	Orthographe latine/anglaise; libellé sans stade (1-3) ni grade (1-2) alors que la FIR se code sur ces deux axes
FOETO:PP.PLA-MAL-016	Hyperenroulement du cordon ombilical	AMSTERDAM	Hyperspiralisation du cordon ombilical (> 3 spires / 10 cm)	manifestation		non_standard	Hyperspiralisation du cordon ombilical	oui	oui	amsterdam ch1	Hypocoiling (,1 coil per 10 cm) and hypercoiling (.3 coils per 10 cm) may be associated with adverse outcomes in some cases.	
FOETO:PP.PLA-MAL-017	Hypo-enroulement du cordon ombilical	AMSTERDAM	Hypospiralisation du cordon ombilical (< 1 spire / 10 cm)	manifestation		non_standard	Hypospiralisation du cordon ombilical	oui	oui	amsterdam ch1	Hypocoiling (,1 coil per 10 cm) and hypercoiling (.3 coils per 10 cm) may be associated with adverse outcomes in some cases.	
FOETO:PP.PLA-MAL-018	Hématopoïèse extra-médullaire du cordon ombilical	BENIRSCHKE	Hématopoïèse extramédullaire	manifestation		oui		oui	oui	benirschke ch16	Furthermore, around all these small vessels were numerous islands of extramedullary hematopoiesis.	
FOETO:PP.PLA-MAL-019	Infarctus villositaire superficiel post-ablation laser	GEMELLAIRE	Séquelles de photocoagulation laser (traitement du TTTS)	manifestation		oui		oui	oui	benirschke ch18	Small infarcted superficial cotyledon that has resulted from laser ablation many months earlier	Libellé composite : lésion + étiologie iatrogène dans le même nom
FOETO:PP.PLA-MAL-020	Insertion excentrée du cordon ombilical	BENIRSCHKE	Insertion du cordon centrale / excentrée (variante normale)	structure		oui		oui	oui	khong2019 ch50	Beyond this region, but not extending to within 1 cm of the edge of the placental disc, the cord is said to have an eccentric (or paracentral) insertion.	Classé comme lésion alors qu'il s'agit d'une insertion normale (facette lesion inadaptée)
FOETO:PP.PLA-MAL-021	Insertion furcate du cordon ombilical	AMSTERDAM	Insertion furcate du cordon ombilical	manifestation		oui		oui	oui	khong2019 ch50	A cord with a furcate insertion inserts normally onto the chorionic plate of the placental disc or velamentously in the membranes	
FOETO:PP.PLA-MAL-022	Insertion marginale du cordon ombilical (battledore)	AMSTERDAM	Anomalies d'insertion du cordon — insertion marginale	synonyme		oui		oui	oui	benirschke ch16	In nearly 7% of term placentas, it has a marginal insertion, which, in the English literature, is often referred to as a “battledore” placenta.	
FOETO:PP.PLA-MAL-023	Insertion vélamenteuse du cordon (grossesse multiple)	AMSTERDAM	Insertion vélamenteuse du cordon	manifestation		non_standard	Insertion vélamenteuse du cordon ombilical	oui	oui	benirschke ch16	In multiple (multichorionic) gestations, the velamentous cord insertion sometimes arises on the dividing membranes	Qualifieur contextuel (grossesse multiple) intégré au libellé : doublon du terme générique d'insertion vélamenteuse.
FOETO:PP.PLA-MAL-024	Kyste allantoïque du cordon ombilical	BENIRSCHKE	Reliquats embryonnaires du cordon ombilical — kyste allantoïdien (urachal)	manifestation		oui		oui	oui	vogel ch3	cysts representing allantois duct rests, lined by flat to cuboidal epithelium,	
FOETO:PP.PLA-MAL-025	Kyste de la gelée de Wharton	BENIRSCHKE	Pseudokystes du cordon ombilical (gelée de Wharton)	manifestation		non_standard	Pseudokyste de la gelée de Wharton (cordon ombilical)	oui	oui	benirschke ch32	Pseudocysts can be visualized at any location along the umbilical cord and are caused by degeneration or edema of Whartons jelly and not covered by epithelium [72].	Le corpus classe cette lésion comme pseudokyste (sans revêtement épithélial), à distinguer des kystes vrais du cordon.
FOETO:PP.PLA-MAL-026	Kyste omphalomésentérique du cordon ombilical	BENIRSCHKE	Reliquats embryonnaires du cordon ombilical — kyste omphalomésentérique (vitellin)	manifestation		oui		oui	oui	vogel ch3	cysts representing omphalomesenteric duct rests, lined by intestinal epithelium,	
FOETO:PP.PLA-MAL-027	Métaplasie malpighienne de la surface du cordon	BENIRSCHKE	Métaplasie malpighienne de l'épithélium amniotique	manifestation		oui		oui	oui	vogel ch3	Squamous epithelial metaplasia (isles of multiple-layered and partly keratinizing epithelium), this is without clinical significance.	
FOETO:PP.PLA-MAL-028	Nécrose de l'épithélium amniotique (membrane de séparation gémellaire)	BENIRSCHKE	Dégénérescence / nécrose de l'amnios de la membrane de séparation gémellaire (mort d'un jumeau)	manifestation		oui		oui	oui	benirschke ch15	twin pregnancy in which the ipsilateral amnion in the “dividing membrane” degenerated following the death of one fetus.	
FOETO:PP.PLA-MAL-029	Nécrose de la paroi artérielle ombilicale	BENIRSCHKE	Nécrose de la paroi vasculaire ombilicale	manifestation		oui		oui	oui	benirschke ch16	A typical example of meconium-induced necrosis of portions of the umbilical arterial wall is shown in Fig. 16.32.	Étiologie non précisée : la nécrose pariétale ombilicale relève soit du méconium (myonécrose vasculaire, Amsterdam), soit d'une thrombose ombilicale.
FOETO:PP.PLA-MAL-030	Placenta circummarginal	AMSTERDAM	Placentation extrachoriale — placenta circummarginé	manifestation		oui		oui	oui	benirschke ch15	Sickle-shaped circummarginate placenta with free villous tissue protruding beyond the membrane insertion.	
FOETO:PP.PLA-MAL-031	Placenta circumvallé	AMSTERDAM	Placentation extrachoriale — placenta circumvallé	manifestation		oui		oui	oui	khong2019 ch2	In circumvallate insertion, the membranes are folded inwards towards the centre of the disc and a fibrin ridge is palpable.	
FOETO:PP.PLA-MAL-032	Placenta fœtus papyraceus (portion infarcte)	BENIRSCHKE	Fœtus papyraceus	manifestation		non_standard	Fœtus papyraceus (entité) + infarctus du territoire placentaire du jumeau décédé (lésion), à séparer	oui	oui	benirschke ch18	Fig. 18.73  Typical fetus papyraceus with cord visibly attached to the infarcted twin placenta (DiMo). The surviving twin had scalp defects	Libellé composite : mêle une entité gémellaire (fœtus papyraceus) et la lésion (infarctus) de son territoire placentaire.
FOETO:PP.PLA-MAL-033	Remnant musculaire d'artère ombilicale atrophiée	AMSTERDAM	Artère ombilicale unique	critere		oui		oui	oui	khong2019 ch52	If atrophy of artery occurs late in pregnancy, it may be represented by a tiny muscular remnant with or without calcification.	
FOETO:PP.PLA-MAL-034	Séquence anémie-polycythémie gémellaire (TAPS) — aspect placentaire	GEMELLAIRE	TAPS — séquence anémie-polycythémie gémellaire	manifestation		non_standard	Séquence anémie-polycythémie gémellaire (TAPS) : anastomoses artério-veineuses < 1 mm et discordance de coloration des territoires	oui	oui	benirschke ch32	The traditional criteria for diagnosis include a difference in hemoglobin concentration between the twins of more than 8 g/dl and reticulocyte count ratio greater than 1.7 or small vascular anastomoses (<1 mm in diameter) in the placenta	Libellé fourre-tout (« aspect placentaire ») sans lésion élémentaire précisée ; la gradation TAPS n'est pas portée par le libellé.
FOETO:PP.PLA-MAL-035	Thrombose d'artère ombilicale	AMSTERDAM	FVM — malperfusion vasculaire fœtale (thrombus des vaisseaux ombilicaux)	manifestation		oui		oui	oui	khong2019 ch10	Thrombosis of an umbilical vessel is a rare find- ing; umbilical artery thrombosis occurs in approximately 1 in 1500 placentas submitted for pathologic examination.	
FOETO:PP.PLA-MAL-036	Thrombose de veine ombilicale	AMSTERDAM	FVM — malperfusion vasculaire fœtale (thrombus des vaisseaux ombilicaux)	manifestation		oui		oui	oui	khong2019 ch10	Umbilical vein throm- boses are reportedly more common [11, 12].	
FOETO:PP.PLA-MAL-037	Thrombose des veines de surface placentaire	AMSTERDAM	FVM — malperfusion vasculaire fœtale (thrombus de la plaque choriale)	critere		non_standard	Thrombus de la plaque choriale (veine de surface)	oui	oui	benirschke ch22	Dilated thrombosed vessels on the placental surface corresponded to remote thrombosis in chorionic vessels	Doublonne les termes « Thrombus de la plaque choriale » déjà présents ; le site (veine vs artère) n'est pas un axe distinct chez Amsterdam.
FOETO:PP.PLA-MAL-038	Tissu ectopique dans le cordon ombilical	BENIRSCHKE	Tissus ectopiques / reliquats embryonnaires du cordon ombilical	manifestation		non_standard	Tissu ectopique du cordon ombilical — préciser la nature (surrénalien, hépatique, naevique, intestinal)	oui	oui	benirschke ch16	Ectopic adrenal tissue, liver, and nevus cells were identified in umbilical cords by Sotelo et al. [488].	Libellé fourre-tout : la nature du tissu ectopique n'est pas précisée alors que les entités décrites sont distinctes.
FOETO:PP.PLA-MAL-039	Torsion / coarctation du cordon ombilical	AMSTERDAM	Sténose du cordon ombilical	synonyme		non_standard	Sténose du cordon ombilical (torsion / coarctation)	oui	oui	benirschke ch16	Significant reductions in the size of the umbilical cord are referred to as stricture, torsion, and coarctation (Figs. 16.40, 16.41).	Libellé composite réunissant deux dénominations (torsion, coarctation) d'une même lésion ; à ramener au terme socle « sténose ».
FOETO:PP.PLA-MAL-040	Tortuosité vasculaire choriale (placenta gémellaire)	BENIRSCHKE	Particularités vasculaires de la plaque choriale des placentas gémellaires	manifestation		oui		oui	oui	benirschke ch18	many more placentas with arterial and venous tortuosities	Qualifieur gémellaire intégré au libellé plutôt que porté par une facette de contexte.
FOETO:PP.PLA-MAL-041	Vasa aberrantia du cordon ombilical	BENIRSCHKE	Vasa aberrantia du cordon ombilical	manifestation		oui		oui	oui	benirschke ch16	Vasa aberrantia around the umbilical vein in the same case.	
FOETO:PP.PLA-MAL-042	Vasa praevia	BENIRSCHKE	Vasa praevia	manifestation		oui		oui	oui	benirschke ch16	Thromboses and disruptions are more often found when the membranous vessels course over the internal os (vasa previa) and are broken by the exiting fetal head	
FOETO:PP.PLA-MAL-043	Vasa praevia (grossesse gémellaire)	BENIRSCHKE	Vasa praevia	manifestation		non_standard	Vasa praevia (qualifieur : grossesse gémellaire)	oui	oui	benirschke ch18	Vasa previa can be present in the dividing membranes of DiDi twins.	Duplication de PP.PLA-MAL-042 avec un contexte gémellaire aplati dans le libellé.
FOETO:PP.PLA-MET-001	Accumulation de cholestérol et lipides dans le syncytiotrophoblaste	BENIRSCHKE	Maladie de surcharge lysosomale — déficit en lipase acide (maladie de Wolman / cholesterol ester storage disease)	manifestation		oui		oui	oui	benirschke ch24	massive lysosomal cholesterol and lipid accumulation demonstrated in fetal hepatocytes, adrenal cells, and syncytiotrophoblasts	
FOETO:PP.PLA-MET-002	Accumulation de macrophages placentaires (placenta maternel obèse)	BENIRSCHKE	Placenta de l'obésité maternelle	manifestation		non_standard	Accumulation de macrophages placentaires — préciser le compartiment (villositaire / intervilleux)	oui	oui	benirschke ch20	higher ratio of placenta to fetal weight and placental macrophage accumulation	Le siège intraplacentaire n'est pas spécifié et le contexte clinique (obésité maternelle) est intégré au libellé.
FOETO:PP.PLA-MET-003	Athérose des vaisseaux déciduaux	AMSTERDAM	MVM — artériopathie déciduale (athérose aiguë)	manifestation		non_standard	Athérose aiguë (artériopathie déciduale)	oui	oui	khong2019 ch32	Acute atherosis or atherosis is defined by the presence of foamy macrophages within the wall of a uterine vessel.	Triple doublon avec « Athérose aiguë déciduale » et « Athérose aiguë des artères spiralées » ; le qualificatif « aiguë » est perdu.
FOETO:PP.PLA-MET-004	Calcification dystrophique des vaisseaux fœtaux placentaires	BENIRSCHKE	Calcifications placentaires (minéralisation)	manifestation		oui		oui	oui	khong2019 ch37	When they are seen in the walls of fetal blood vessels with thrombi, it provides pertinent information about the duration of those lesions	Le qualifieur « dystrophique » est redondant avec la lésion nommée.
FOETO:PP.PLA-MET-005	Calcifications intraplacentaires	BENIRSCHKE	Calcifications placentaires (minéralisation)	manifestation		non_standard	Calcifications placentaires — préciser le siège (villosités, fibrine périvillositaire, paroi vasculaire)	oui	oui	khong2019 ch37	Calcification is seen on the maternal surface as small, hard, scattered tan-to-white flecks.	Terme fourre-tout sans siège précisé ; doublonne « Calcifications placentaires », « Calcifications » et « Calcifications intraplacentaires ».
FOETO:PP.PLA-MET-006	Calcifications placentaires dans les lésions fibrinoïdes	BENIRSCHKE	Calcifications placentaires (minéralisation)	manifestation		oui		oui	oui	benirschke ch10	A focal deposit of fibrin with central calcification (dark)	
FOETO:PP.PLA-MET-007	Dépôt d'hémosidérine dans les membranes	BENIRSCHKE	Hémosidérose choriodéciduale des membranes	manifestation		oui		oui	oui	khong2019 ch41	Haemosiderosis in the amniochorial membranes, chorionic plate and/or basal plate is seen in approximately 50% of delivered placentas if they are stained for iron.	Terme purement descriptif : ni l'extension (localisée/diffuse) ni la densité, pourtant graduées dans la source, ne sont portées par le libellé.
FOETO:PP.PLA-MET-008	Dépôts d'hémosidérine dans les membranes	BENIRSCHKE	Hémosidérose choriodéciduale des membranes	manifestation		non_standard	Dépôt d'hémosidérine dans les membranes (fusionner avec PP.PLA-MET-007)	oui	oui	vogel ch4	Pigmentation of the amnion may be caused by deposition of meconium pigment	Doublon quasi exact de PP.PLA-MET-007 (singulier/pluriel) : à fusionner.
FOETO:PP.PLA-MET-009	Dépôts de globotriaosylcéramide dans les cellules musculaires lisses du cordon	BENIRSCHKE	Maladie de Fabry (surcharge lysosomale — dépôts de globotriaosylcéramide)	manifestation		oui		oui	oui	benirschke ch24	Thurberg and Politei [70] found globotriaosylceramide deposits within multiple cell types of the placenta, cord, and membranes.	
FOETO:PP.PLA-MET-010	Dépôts de glycogène dans les capillaires placentaires	BENIRSCHKE	Dépôts de glycogène placentaires (glycogénose / diabète maternel)	manifestation		oui		oui	oui	benirschke ch20	Glycogen deposits greater than normal have also been found in the endothelium of placental capillaries in pregestational diabetes	« capillaires placentaires » recouvre en fait l'endothélium capillaire, les péricytes et les cellules stromales selon les sources
FOETO:PP.PLA-MET-011	Granules PAS-positifs intracytoplasmiques dans les vacuoles	BENIRSCHKE	Surcharge lysosomale (sialidose / mucolipidose) — vacuolisation du trophoblaste et des cellules de Hofbauer	critere		non_standard	Granules PAS-positifs dans les vacuoles du trophoblaste et des cellules de Hofbauer	oui	oui	benirschke ch24	PAS-diastase staining showed fine PAS-positive granules within the vacuolated cells.	Libellé sans siège ni type cellulaire : signe histochimique isolé, non rattachable seul à une entité
FOETO:PP.PLA-MET-012	Histiocytes de surcharge dans les tissus placentaires	BENIRSCHKE	Maladie de surcharge lysosomale (histiocytes de surcharge placentaires)	manifestation		oui		oui	oui	benirschke ch23	Storage histiocytes in placental tissues Lysosomal storage disorder	Siège très vague (« tissus placentaires ») et nature du matériel de surcharge non spécifiée : terme fourre-tout
FOETO:PP.PLA-MET-013	Hémosidérose membranaire placentaire	BENIRSCHKE	Hémosidérose choriodéciduale (choriodecidual haemosiderin staining)	synonyme		oui		oui	oui	khong2019 ch41	Choriodecidual haemosiderin staining is defined as the presence of iron, preferably confirmed by using histochemical stains, in the amniochorial membranes or the chorionic plate.	Quasi-doublon de « Macrophages chargés d'hémosidérine dans les membranes » et de « Dépôts d'hémosidérine dans les membranes »
FOETO:PP.PLA-MET-014	Inclusions lysosomales membraneuses dans le placenta	BENIRSCHKE	Surcharge lysosomale (inclusions membranaires en microscopie électronique)	critere		oui		oui	oui	benirschke ch24	Electron microscopy, however, showed typical membrane-bounded, glycogen-filled inclusions in capillary endothelial cells and in the villous stroma.	Type cellulaire non précisé ; lésion accessible seulement en microscopie électronique — la technique est mêlée à la lésion
FOETO:PP.PLA-MET-015	Infiltrat de cellules de Gaucher dans le stroma villositaire	BENIRSCHKE	Maladie de Gaucher (cellules de Gaucher villositaires)	manifestation		oui		oui	oui	benirschke ch24	Infiltration of villous stroma by characteristic Gaucher cells.	
FOETO:PP.PLA-MET-016	Macrophages avec hémosidérine dans la chorioamniotique	BENIRSCHKE	Hémosidérose choriodéciduale (choriodecidual haemosiderin staining)	manifestation		non_standard	Macrophages chargés d'hémosidérine dans les membranes chorio-amniotiques	oui	oui	benirschke ch23	One of the two cases had green surface staining with hemosiderin-laden macrophages in the chorioamnion.	Libellé français fautif (« dans la chorioamniotique ») et quasi-doublon de MET-013 et MET-018
FOETO:PP.PLA-MET-017	Macrophages avec pigment ferrique dans le cordon et les membranes	BENIRSCHKE	Hémosidérose choriodéciduale (choriodecidual haemosiderin staining)	manifestation		non_standard	Macrophages chargés d'hémosidérine dans les membranes (à scinder du siège funiculaire)	oui	oui	khong2019 ch41	Haemosiderin deposition can be observed not only in the extraplacental membranes but also in the chorionic plate and basal plate.	Siège composite (cordon + membranes) dans un même libellé ; doublon fonctionnel de MET-018
FOETO:PP.PLA-MET-018	Macrophages chargés d'hémosidérine dans les membranes	BENIRSCHKE	Hémosidérose choriodéciduale (choriodecidual haemosiderin staining)	manifestation		oui		oui	oui	vogel ch4	Siderophages (hemosiderin-containing macrophages) may indicate post inflammatory and fetal hemolytic diseases.	Quasi-doublon de MET-013, MET-016 et MET-017 : un seul terme devrait subsister
FOETO:PP.PLA-MET-019	Minéralisation segmentaire des villosités	BENIRSCHKE	Minéralisation de la membrane basale trophoblastique / minéralisation villositaire	manifestation		oui		oui	oui	benirschke ch22	Segmental villous mineralization in a totally sclerotic placenta of retained stillbirth may be useful in the differential diagnosis of etiology	Terme non couvert par Amsterdam ; à ne pas confondre avec les dépôts calciques de la membrane basale trophoblastique décrits séparément
FOETO:PP.PLA-MET-020	Pigment biliaire dans les macrophages des membranes (ictère fœtal)	BENIRSCHKE	Macrophages pigmentés des membranes (pigment biliaire, non ferrique)	manifestation		non_standard	Macrophages chargés de pigment biliaire dans les membranes	oui	oui	benirschke ch15	In other cases, bile vomiting may be the cause of such pigmented macrophages	La mention « ictère fœtal » est une interprétation clinique accolée au signe histologique
FOETO:PP.PLA-MET-021	Placentomégalie avec aspect pâle	BENIRSCHKE	Placenta hydropique / volumineux et pâle des maladies de surcharge et de l'hydrops	manifestation		oui		oui	oui	khong2019 ch20	Most cases present with either fetal hydrops or fetal growth restriction. The placenta may be pale and bulky in hydropic cases.	Signe macroscopique composite (poids + coloration) placé parmi des lésions histologiques élémentaires
FOETO:PP.PLA-MET-022	Produits de stockage anormaux dans le trophoblaste et les macrophages stromaux	BENIRSCHKE	Maladie de surcharge métabolique (produits de stockage anormaux placentaires)	manifestation		oui		oui	oui	benirschke ch11	Rarely the trophoblast and/or stromal macrophages may contain abnormal storage products in metabolic disorders.	Siège composite (trophoblaste + macrophages stromaux) et nature du matériel non précisée
FOETO:PP.PLA-MET-023	Vacuoles claires liées à une membrane dans les cellules placentaires (MEB)	BENIRSCHKE	Surcharge lysosomale (vacuoles limitées par une membrane en microscopie électronique)	critere		oui		oui	oui	benirschke ch24	Sialic acid storage disease: the Hofbauer cells, endothelium, and syncytium are packed with clear, membrane-bound vacuoles	Type cellulaire non précisé et technique d'observation (MEB) intégrée au libellé de la lésion
FOETO:PP.PLA-MET-024	Vacuolisation de l'endothélium capillaire villositaire	BENIRSCHKE	Vacuolisation du trophoblaste et du stroma — maladies héréditaires du métabolisme (surcharge lysosomale)	manifestation		oui		oui	oui	benirschke ch24	In routine examination of the placenta, the unusual finding is the cytoplasmic vacuolation of amnionic connective tissue cells and the villous capillary endothelial cells	
FOETO:PP.PLA-MET-025	Vacuolisation de l'épithélium amniotique	BENIRSCHKE	Vacuolisation du trophoblaste et du stroma — maladies héréditaires du métabolisme (surcharge lysosomale)	manifestation		oui		oui	oui	benirschke ch15	A possible distinctive vacuolar change of the amniotic epithelium associated with gastroschisis	Signe non spécifique : décrit à la fois dans les surcharges lysosomales et dans le gastroschisis, l'étiologie n'est pas portée par le libellé
FOETO:PP.PLA-MET-026	Vacuolisation des fibrocytes du cordon ombilical	BENIRSCHKE	Vacuolisation du trophoblaste et du stroma — maladies héréditaires du métabolisme (surcharge lysosomale)	manifestation		oui		oui	oui	benirschke ch24	including fibrocytes that appear as vacuoles in histologic study	
FOETO:PP.PLA-MET-027	Vacuolisation du cytotrophoblaste extravilleux	BENIRSCHKE	Vacuolisation du trophoblaste et du stroma — maladies héréditaires du métabolisme (surcharge lysosomale)	manifestation		oui		oui	oui	khong2019 ch20	extravillous chorion laeve trophoblast may be normally vacuolated, with large, clear cytoplasmic areas, corresponding to lipid droplets and pinocytotic vesicles	Le trophoblaste extravilleux du chorion laeve est normalement vacuolé : le terme mélange une variante normale et un signe de surcharge, sans critère de distinction
FOETO:PP.PLA-MET-028	Vacuolisation du stroma villositaire	BENIRSCHKE	Vacuolisation du trophoblaste et du stroma — maladies héréditaires du métabolisme (surcharge lysosomale)	manifestation		oui		oui	oui	khong2019 ch20	a placenta affected by sialic acid storage disease with marked trophoblast and stromal vacuolation	
FOETO:PP.PLA-MET-029	Épaississement de l'épithélium amniotique (diabète maternel)	BENIRSCHKE	Modifications placentaires du diabète maternel	manifestation		non_standard	Épaississement de l'épithélium amniotique (contexte clinique en qualifieur séparé)	non	non			Le libellé accole un contexte clinique (diabète maternel) à une lésion élémentaire ; aucun extrait du corpus ne documente un épaississement de l'épithélium amniotique dans le diabète
FOETO:PP.PLA-NOR-001	Absence de pseudo-inclusions trophoblastiques	BENIRSCHKE	Dysplasie mésenchymateuse placentaire (diagnostic différentiel avec la môle)	critere		non_standard	Pseudo-inclusions trophoblastiques — absentes (critère différentiel dysplasie mésenchymateuse / môle)	oui	oui	benirschke ch27	pseudoinclusions are typically absent	Énoncé négatif : constat d'absence utilisé comme critère différentiel, pas lésion observable en soi
FOETO:PP.PLA-NOR-002	Amas syncytiaux recouvrant les capillaires avec épaississement de la membrane basale	AMSTERDAM	DVM — retard de maturation villositaire (immaturité villositaire distale)	critere		non_standard	Scinder : « amas syncytiaux recouvrant les capillaires » et « épaississement de la membrane basale trophoblastique »	oui	oui	benirschke ch20	syncytial clumps overlying the capillaries with thickened basement membrane, paucity of vasculosyncytial membranes	Libellé composite combinant deux lésions élémentaires distinctes (amas syncytiaux ; épaississement de la membrane basale)
FOETO:PP.PLA-NOR-003	Amnion — épithélium pavimenteux à cubique simple	BENIRSCHKE	Anatomie normale des membranes — amnion	structure		oui		oui	oui	benirschke ch10	The amnion is a transparent non-vascularized membrane formed of three layers: a cuboidal or columnar epithelium, usually one cell thick, resting on a well-developed basement membrane	
FOETO:PP.PLA-NOR-004	Anneau sous-chorial de fermeture	BENIRSCHKE	Anatomie normale — zone marginale / anneau sous-chorial de fermeture	structure		oui		oui	oui	benirschke ch10	The zone between the two margins is referred to as the subchorial closing ring	
FOETO:PP.PLA-NOR-005	Apoptose du cytotrophoblaste	BENIRSCHKE	Trophoblaste villositaire normal — renouvellement et apoptose du cytotrophoblaste	structure		oui		oui	oui	benirschke ch6	Estimates of the apoptotic index in cytotrophoblast cells vary widely depending on the techniques used to identify the cells.	
FOETO:PP.PLA-NOR-006	Architecture générale du placenta	BENIRSCHKE	Anatomie macroscopique normale du placenta délivré	structure		non_standard	Placenta — architecture macroscopique normale (disque)	oui	oui	benirschke ch2	The full-term, delivered placenta is, in more than 90% of the cases, a disklike, flat, round to oval organ.	Libellé purement générique, fourre-tout : ne désigne ni une lésion ni un repère anatomique précis
FOETO:PP.PLA-NOR-007	Architecture lobulaire de l'arbre villositaire	BENIRSCHKE	Anatomie normale — organisation lobaire et lobulaire du disque placentaire	structure		oui		oui	oui	benirschke ch7	Radiograph of a mature placenta in which the fetal vasculature has been injected with a radiopaque medium to demonstrate the lobular architecture	
FOETO:PP.PLA-NOR-008	Architecture villositaire placentaire	VOGEL	Anatomie et maturation villositaire normales — types de villosités (ch. 1)	structure		non_standard	Arbre villositaire — architecture normale (types villositaires : mésenchymateuses, intermédiaires immatures et matures, terminales, souches)	oui	oui	vogel ch1	The villous tree is anatomically and functionally differentiated into several subtypes	Libellé générique : ne précise pas le niveau de l'arbre villositaire ni le type de villosité concerné
FOETO:PP.PLA-NOR-009	Artère ombilicale unique isolée	AMSTERDAM	Anomalies du cordon ombilical — artère ombilicale unique	manifestation		non_standard	Artère ombilicale unique (qualifieur « isolée » = sans malformation associée, à porter hors du libellé lésionnel)	oui	oui	benirschke ch32	SUA is more often seen in association with a range of congenital malformations, fetal growth restriction, and aneuploidy. Isolated SUA generally has a good prognosis.	Le qualifieur « isolée » est un constat clinico-malformatif fœtal, pas une caractéristique placentaire ; redondance avec le terme « Artère ombilicale unique »
FOETO:PP.PLA-NOR-010	Artère ombilicale — double couche musculaire lisse	BENIRSCHKE	Anatomie normale du cordon ombilical — vaisseaux ombilicaux	structure		non_standard	Artère ombilicale — média musculaire lisse (couches croisées spiralées)	oui	oui	benirschke ch16	The muscular coat of the arteries consists of a system of crossing spiraled fibers	Le libellé « double couche musculaire lisse » ne correspond pas à la description du corpus (fibres spiralées croisées, média interne/externe), risque de description inexacte.
FOETO:PP.PLA-NOR-011	Artère utéroplacentaire (artère spiralée)	BENIRSCHKE	Anatomie normale — artère utéroplacentaire (artère spiralée) de la plaque basale	structure		oui		oui	oui	benirschke ch9	An opening of a spiral artery through the basal plate of a  term delivered placenta stained with (a) hematoxylin and eosin	
FOETO:PP.PLA-NOR-012	Artères des villosités souches	BENIRSCHKE	Anatomie normale — vaisseaux des villosités souches	structure		oui		oui	oui	benirschke ch7	Within trunci, rami, and large ramuli, the fetal vessels are composed of arteries and veins that are accompanied by smaller arterioles and venules as well as superficially located paravascular capillaries	
FOETO:PP.PLA-NOR-013	Aspect en mosaïque de villosités normales et dysplasiques	BENIRSCHKE	Dysplasie mésenchymateuse placentaire	manifestation		non_standard	Villosités dysplasiques intermêlées de villosités normales (dysplasie mésenchymateuse placentaire)	oui	oui	benirschke ch27	Higher  magnification view of a different region showing intermixed normal  and dysplastic villi.	Libellé descriptif d'un aspect panoramique ; la lésion élémentaire n'est pas précisée et l'entité de rattachement (PMD) n'apparaît pas dans le nom.
FOETO:PP.PLA-NOR-014	Asymétrie de l'épaisseur pariétale des vaisseaux chorioniques de surface	BENIRSCHKE	Dysplasie mésenchymateuse placentaire — anomalies des vaisseaux de la plaque choriale	manifestation		non_standard	Vaisseaux chorioniques de surface à paroi d'épaisseur irrégulière	oui	oui	benirschke ch27	markedly dilated and tortuous chorionic  plate and umbilical vessels with thickened walls and intramural fibrin	Terme non standard, non défini comme lésion autonome dans les référentiels ; doublon quasi exact de PP.PLA-NOR-015.
FOETO:PP.PLA-NOR-015	Asymétrie de la paroi des vaisseaux de la plaque choriale	BENIRSCHKE	Dysplasie mésenchymateuse placentaire — anomalies des vaisseaux de la plaque choriale	manifestation		non_standard	Amincissement segmentaire de la paroi d'un vaisseau de la plaque choriale	oui	oui	khong2019 ch52	Segmental thinning of the umbilical vein  showing abrupt transition from normal to thinned segment	Doublon quasi exact de PP.PLA-NOR-014 ; libellé mêlant asymétrie et amincissement, entité de rattachement incertaine.
FOETO:PP.PLA-NOR-016	Augmentation de l'index prolifératif des cytotrophoblastes villositaires	VOGEL	Corrélation clinico-pathologique — diabète maternel / obésité	manifestation		non_standard	Index prolifératif (Ki67) augmenté des cytotrophoblastes villositaires (diabète maternel)	oui	oui	benirschke ch20	showing an increased proliferative index in terminal villi (1–3 positive nuclei/ villous). Ki 67 immunohistochemistry, ×400	Critère immunohistochimique quantitatif rattaché à une corrélation clinique, sans entité lésionnelle propre.
FOETO:PP.PLA-NOR-017	Augmentation de la densité des cytotrophoblastes villositaires	VOGEL	Corrélation clinico-pathologique — diabète maternel / obésité	manifestation		non_standard	Densité augmentée des cytotrophoblastes villositaires (placenta diabétique)	oui	oui	benirschke ch20	increased numerical density of villous cytotrophoblast (white cytoplasm with blue  nuclei)	Manifestation descriptive non autonome, indissociable du tableau du placenta diabétique.
FOETO:PP.PLA-NOR-018	Augmentation de la surface villositaire totale	VOGEL	Corrélation clinico-pathologique — diabète maternel	manifestation		non_standard	Surface villositaire totale augmentée (diabète insulino-dépendant)	oui	oui	benirschke ch20	Increased villous surface area is seen in placentas from  women with insulin-dependent diabetes	Paramètre morphométrique global, non gradé, sans définition seuil dans les référentiels.
FOETO:PP.PLA-NOR-019	Augmentation des cellules trophoblastiques géantes du site d'implantation	BENIRSCHKE	Réaction exagérée du site d'implantation (exaggerated placental site)	manifestation		non_standard	Cellules trophoblastiques géantes du site d'implantation augmentées en nombre (réaction exagérée du site placentaire)	oui	oui	vogel ch12	mononuclear and intermediate tropho blastic giant cells with in creased number of giant cells	Le libellé décrit un critère isolé de l'EPS sans nommer l'entité, d'où un risque de granularité incohérente.
FOETO:PP.PLA-NOR-020	Augmentation des nœuds syncytiaux dans les villosités avasculaires	AMSTERDAM	FVM — malperfusion vasculaire fœtale (villosités avasculaires)	manifestation		non_standard	Nœuds syncytiaux augmentés au contact de villosités avasculaires	oui	oui	benirschke ch7	True knots are particularly common in the postmature placenta, and are also markedly increased in cases of stem villus artery thrombosis	Libellé composite associant un marqueur de MVM (nœuds syncytiaux) à un critère de FVM (villosités avasculaires) : deux axes lésionnels mêlés.
FOETO:PP.PLA-NOR-021	Bourgeon syncytial / bourgeon trophoblastique	BENIRSCHKE	Anatomie normale — sprouting villositaire (bourgeon syncytial / trophoblastique)	structure		non_standard	Bourgeon syncytial (stade initial du sprouting villositaire)	oui	oui	benirschke ch7	the typical sequence of structures repre- senting the process of villous sprouting is as follows: syn- cytial sprout, trophoblastic sprout with a central core of  cytotrophoblast, villous sprout with some connective tis- sue, and mesenchymal villus	Le libellé fusionne deux stades distincts et successifs du sprouting (bourgeon syncytial puis trophoblastique) sous une double dénomination.
FOETO:PP.PLA-NOR-022	Bourgeons syncytiaux	BENIRSCHKE	Anatomie normale — bourgeons syncytiaux (syncytial sprouts)	structure		oui		oui	oui	benirschke ch6	Syncytial sprouts are most frequently seen during early pregnancy although they can still be observed in the mature placenta, particularly in the peripheral regions of a lobule and near the chorionic plate	Doublon partiel avec PP.PLA-NOR-021.
FOETO:PP.PLA-NOR-023	Bourgeons vasculaires endothéliaux villositaires	BENIRSCHKE	Anatomie normale — angiogenèse villositaire (bourgeons capillaires)	structure		non_standard	Bourgeons capillaires villositaires (capillary sprouts)	oui	oui	benirschke ch7	blind-ending cap- illary sprouts arising through “Y”-shaped bifurcation of the  vessels can protrude in a similar fashion	« Bourgeon vasculaire endothélial » n'est pas le terme du corpus, qui parle de capillary sprouts.
FOETO:PP.PLA-NOR-024	Bourgeons villositaires (villosité sprout)	BENIRSCHKE	Anatomie normale — sprouting villositaire (villous sprout)	structure		oui		oui	oui	benirschke ch7	The still unvascularized tips of mesenchymal villi are referred to as villous sprouts.	
FOETO:PP.PLA-NOR-025	Calcifications placentaires	BENIRSCHKE	Calcifications placentaires (minéralisation du parenchyme)	manifestation		oui		oui	oui	khong2019 ch37	Calcification in the placenta is a relatively frequent finding that has attracted the attention of placental pathologists and radiologists.	Redondant avec « Calcifications », « Calcifications intraplacentaires » et « Calcifications » du vocabulaire : granularité incohérente pour un même constat.
FOETO:PP.PLA-NOR-026	Calcifications placentaires absentes ou rares	BENIRSCHKE	Calcifications placentaires (minéralisation du parenchyme)	manifestation		non_standard	Calcifications placentaires — quantification : absentes ou rares	oui	oui	benirschke ch32	Calcifications are most often seen as echodensic “speckling” usually near the basal plate and septa and are a normal feature of placental maturation.	Énoncé négatif : le libellé code une absence/rareté, c'est-à-dire un qualifieur de quantité de la lésion « calcifications placentaires », non une entité distincte.
FOETO:PP.PLA-NOR-027	Canaux stromaux villeux	BENIRSCHKE	Anatomie normale — stroma villositaire (canaux stromaux des villosités intermédiaires immatures)	structure		oui		oui	oui	benirschke ch7	The rounded, vacuolated macrophages are located in stromal channels, which are devoid of connective tissue fibers and therefore appear as empty holes.	
FOETO:PP.PLA-NOR-028	Capillaires fœtaux villeux	BENIRSCHKE	Anatomie normale — vascularisation fœtale villositaire	structure		oui		oui	oui	benirschke ch7	Fetal vessels, such as capillaries, arterioles, and venules, together with scarce bundles of collagen fibers, are positioned between the channels	
FOETO:PP.PLA-NOR-029	Capillaires paravasculaires des villosités souches	BENIRSCHKE	Anatomie normale — réseau capillaire paravasculaire des villosités souches	structure		oui		oui	oui	benirschke ch9	The paravascular capillaries follow a straight course, mostly parallel to the longitudinal axis of the villus, connected to the arteries and veins by short arteriolar and venular segments.	
FOETO:PP.PLA-NOR-030	Capillaires sinusoïdaux villositaires dilatés	VOGEL	Maturation villositaire normale — villosités terminales (dilatation sinusoïdale des capillaires, membranes vasculo-syncytiales)	structure		oui		oui	oui	vogel ch1	and subepithelial sinusoidal dilatation of the capillaries	Libellé formulé comme une lésion (« dilatés ») alors qu'il décrit un trait de maturation normale des villosités terminales : statut normal/lésionnel ambigu.
FOETO:PP.PLA-NOR-031	Cartilage sous-amniotique (reliquat)	BENIRSCHKE	Reliquats et inclusions sous-amniotiques (cartilage, os, peau)	structure		oui		oui	oui	benirschke ch15	Subamnionic mature cartilage in normal placenta.	Frontière structure normale / inclusion non tranchée : Benirschke décrit ces nids comme non néoplasiques et sans conséquence clinique.
FOETO:PP.PLA-NOR-032	Cavité centrale du lobule (zone d'afflux artériel)	BENIRSCHKE	Anatomie normale — architecture lobulaire (cavité centrale du lobule, zone d'afflux artériel)	structure		oui		oui	oui	benirschke ch7	Each lobule has a hollow villus-free center (Fig. 7.19a), and corrosion casting has demonstrated that maternal blood from a spiral artery is directed into that space	
FOETO:PP.PLA-NOR-033	Cellules de Hofbauer — macrophages stromaux villositaires	BENIRSCHKE	Anatomie normale — macrophages villositaires (cellules de Hofbauer)	structure		oui		oui	oui	benirschke ch7	characterized by numerous macrophages (Hofbauer cells)	Doublon de contenu avec « Macrophage villositaire (cellule de Hofbauer) » et « Macrophages villeux (cellules de Hofbauer) ».
FOETO:PP.PLA-NOR-034	Cellules déciduales	BENIRSCHKE	Anatomie normale — décidue (cellules déciduales)	structure		oui		oui	oui	benirschke ch8	In humans, the endometrium transforms into decidua under the influence of progesterone, following estrogen priming, and the first signs become visible on day 23 of the menstrual cycle.	
FOETO:PP.PLA-NOR-035	Cellules musculaires lisses myométriales dans la décidua	ACCRETA	Placenta accreta spectrum — fibres myométriales de la plaque basale (BPMF)	manifestation		non_standard	Fibres myométriales de la plaque basale (BPMF)	oui	oui	khong2019 ch34	When the myometrial fibres are in contact with basal chorionic villi and/or Rohr’s fibrin, a diagnosis of “histologic accreta” can be made	Le libellé décrit une observation topographique (muscle lisse dans la décidue) sans dire qu'il s'agit de l'entité BPMF, dont la valeur diagnostique dépend de l'épaisseur de décidue résiduelle.
FOETO:PP.PLA-NOR-036	Cellules mésenchymateuses stromales villeuses	BENIRSCHKE	Anatomie normale — cellules mésenchymateuses / fibroblastes du stroma villositaire	structure		oui		oui	oui	benirschke ch6	The newly formed fibroblasts have elongated, stellate cell bodies that measure about 20 to 30 μm in length	
FOETO:PP.PLA-NOR-037	Chorion laeve (membranes libres)	BENIRSCHKE	Anatomie normale des membranes — chorion laeve (chorion lisse)	structure		oui		oui	oui	benirschke ch15	form a multilayered compact lamella, the smooth chorion [174] (also known as chorion laeve)	
FOETO:PP.PLA-NOR-038	Chorion laeve — architecture trophoblastique	BENIRSCHKE	Anatomie normale des membranes — couche trophoblastique extravillositaire du chorion laeve	structure		non_standard	Couche trophoblastique extravillositaire du chorion laeve	oui	oui	benirschke ch15	A highly variable layer of trophoblast cells persists until term. These cells are the only residues of the former villi of the chorion frondosum	Libellé de type rubrique (« — architecture trophoblastique ») : intitulé de section plutôt que signe observable, et redondant avec « Chorion laeve (membranes libres) ».
FOETO:PP.PLA-NOR-039	Collagène péri-vasculaire de la plaque choriale	BENIRSCHKE	Anatomie normale — plaque choriale (tissu conjonctif paravasculaire)	structure		oui		oui	oui	vogel ch1	paravascular connective tissue fibers in a loose stroma	
FOETO:PP.PLA-NOR-040	Colonne cellulaire trophoblastique	BENIRSCHKE	Anatomie normale — colonnes trophoblastiques (cell columns) des villosités d'ancrage	structure		oui		oui	oui	benirschke ch8	In early pregnancy, the cells at the distal end of the column spread laterally to form the cytotrophoblast shell at the maternal-fetal interface, the forerunner of the basal plate	Doublon de granularité avec FOETO:PP.PLA-NOR-041 qui décrit la même structure (colonnes de cytotrophoblaste extravilleux des villosités d'ancrage).
FOETO:PP.PLA-NOR-041	Colonnes de cytotrophoblaste extravilleux (colonnes d'ancrage)	BENIRSCHKE	Anatomie normale — colonnes trophoblastiques (cell columns) des villosités d'ancrage	structure		oui		oui	oui	benirschke ch10	extravillous trophoblast cells at the tips of cytotrophoblast cell columns of anchoring villi extend laterally and merge together	Doublon avec FOETO:PP.PLA-NOR-040 ; libellé composite mêlant la colonne cellulaire et la villosité d'ancrage.
FOETO:PP.PLA-NOR-042	Contours villositaires lisses	BENIRSCHKE	Dysplasie mésenchymateuse placentaire / diagnostic différentiel des villosités molaires	critere		oui		oui	oui	benirschke ch27	smooth; pseudoinclusions are typically absent	Terme classé en structure normale alors qu'il ne prend sens que comme critère négatif de diagnostic différentiel (môle / dysplasie mésenchymateuse).
FOETO:PP.PLA-NOR-043	Cordon ombilical bifurqué (jumeaux MoMo)	GEMELLAIRE	Placenta monochorionique monoamniotique — variantes du cordon (cordon bifurqué/fourchu)	manifestation		oui		oui	oui	benirschke ch18	Monoamniotic twins may have a single or a forked umbilical cord (Fig. 18.50; see also [264] who reported live-born twins), or there may be two separate cords.	Libellé rangé dans l'architecture normale alors qu'il décrit une variante propre à la gémellité monoamniotique ; le contexte gémellaire est empaqueté dans le nom.
FOETO:PP.PLA-NOR-044	Cordon ombilical hyperenroulé	AMSTERDAM	Cordon ombilical — hyperspiralisation (hypercoiling)	manifestation		oui		oui	oui	amsterdam ch1	However, deep grooves between coils in hypercoiled cords have been associated with stillbirth35 and should be reported.	Doublon du terme « Hyperenroulement du cordon ombilical » du même vocabulaire ; terme lésionnel classé dans le bloc d'architecture normale.
FOETO:PP.PLA-NOR-045	Cordon ombilical long	BENIRSCHKE	Longueur anormale du cordon ombilical — cordon long (> 70 cm à terme)	manifestation		oui		oui	oui	benirschke ch16	An excessively long cord poses problems because the fetus may become entangled in it, or the cord may prolapse, especially after the membranes rupture.	Le seuil métrique (> 70 cm à terme) n'est pas porté par le libellé ; terme lésionnel classé dans le bloc d'architecture normale.
FOETO:PP.PLA-NOR-046	Cordon ombilical — architecture normale	BENIRSCHKE	Anatomie normale du cordon ombilical (vaisseaux, gelée de Wharton, spiralisation)	structure		oui		oui	oui	khong2019 ch47	The umbilical cord has a characteristic coiling pattern with both arteries coiling around the vein.	
FOETO:PP.PLA-NOR-047	Cotylédons fœtaux (arbres villeux)	BENIRSCHKE	Anatomie normale — arbres villositaires (lobules / cotylédons fœtaux)	structure		oui		oui	oui	benirschke ch2	One to three villous trees (fetal cotyledons) are projected on one lobe (maternal cotyledon)	Le terme « cotylédon » est déconseillé par Benirschke ch7 (préférer lobule ou placentone) au profit de « arbre villositaire ».
FOETO:PP.PLA-NOR-048	Cotylédons maternels (lobes placentaires)	BENIRSCHKE	Anatomie normale — lobes maternels de la plaque basale	structure		oui		oui	oui	benirschke ch2	An incomplete system of grooves subdivides the basal surface of the placenta into 10–40 slightly elevated areas called maternal lobes or cotyledons	Terminologie ambivalente : « cotylédon » désigne ici le lobe maternel, ailleurs l'arbre villositaire fœtal (cf. FOETO:PP.PLA-NOR-047).
FOETO:PP.PLA-NOR-049	Couche cytotrophoblastique quasi-complète	VOGEL	Maturation villositaire normale — proportion de cytotrophoblaste selon l'âge gestationnel	stade		oui		oui	oui	vogel ch1	The chorionic epithelium is continuously double-layered and has large nuclei.	Libellé quantitatif flou (« quasi-complète ») sans seuil ni âge gestationnel de référence.
FOETO:PP.PLA-NOR-050	Couche spongieuse (amnios-chorion)	BENIRSCHKE	Anatomie normale des membranes — couche spongieuse amnio-choriale	structure		oui		oui	oui	benirschke ch10	Spongy layer, separating amnion and chorion	Triple doublon avec FOETO:PP.PLA-NOR-051 et FOETO:PP.PLA-NOR-052 (même structure, trois libellés).
FOETO:PP.PLA-NOR-051	Couche spongieuse (intermédiaire) des membranes	BENIRSCHKE	Anatomie normale des membranes — couche spongieuse amnio-choriale	structure		oui		oui	oui	benirschke ch10	Toward term the contact becomes more even, but the spongy layer still represents a shear plane, allowing movement between the amnion and chorion.	Doublon de FOETO:PP.PLA-NOR-050 et FOETO:PP.PLA-NOR-052.
FOETO:PP.PLA-NOR-052	Couche spongieuse amnio-choriale	BENIRSCHKE	Anatomie normale des membranes — couche spongieuse amnio-choriale	structure		oui		oui	oui	benirschke ch10	The clefts separating the two membranes are partially lined by small, rounded cells	Doublon de FOETO:PP.PLA-NOR-050 et FOETO:PP.PLA-NOR-051.
FOETO:PP.PLA-NOR-053	Coussinets myxoïdes intimaux des vaisseaux de la plaque choriale	BENIRSCHKE	Anatomie normale de la plaque choriale — coussinets endothéliaux (intimaux) des vaisseaux chorioniques	structure		non_standard	Coussinet endothélial (intimal) des vaisseaux de la plaque choriale	oui	oui	khong2019 ch2	These changes have been termed endothelial cushions.	Libellé non standard (« myxoïde ») et ambigu : le coussinet endothélial n'est tenu pour pathologique que s'il s'accompagne d'une rupture endothéliale et d'un dépôt de fibrine (alors classable en dépôt de fibrine intramural de la FVM).
FOETO:PP.PLA-NOR-054	Cytotrophoblaste en voie de fusion (différenciation syncytiale)	BENIRSCHKE	Anatomie normale du trophoblaste villositaire — fusion cytotrophoblaste/syncytiotrophoblaste	structure		oui		oui	oui	benirschke ch6	Diagrammatic representation of the differentiation of a cytotrophoblast cell during the fusion process, and the progression of the resulting syncytial nucleus into a syncytial knot	Terme de biologie cellulaire ultrastructurale, non observable en routine sur coupe HES : granularité incohérente avec un vocabulaire diagnostique.
FOETO:PP.PLA-NOR-055	Cytotrophoblaste villeux (cellules de Langhans)	BENIRSCHKE	Cytotrophoblaste villeux (cellules de Langhans) — anatomie villositaire normale	structure		oui		oui	oui	benirschke ch6	Villous cytotrophoblast forms the germinative trophoblastic layer beneath the syncytiotrophoblast.	Doublon strict avec PP.PLA-NOR-056 (« villeux » / « villositaire »).
FOETO:PP.PLA-NOR-056	Cytotrophoblaste villositaire (cellules de Langhans)	BENIRSCHKE	Cytotrophoblaste villeux (cellules de Langhans) — anatomie villositaire normale	structure		oui		oui	oui	benirschke ch6	Villous cytotrophoblast forms the germinative trophoblastic layer beneath the syncytiotrophoblast.	Doublon strict avec PP.PLA-NOR-055 ; un seul libellé à conserver.
FOETO:PP.PLA-NOR-057	Dilatation des citernes du réticulum endoplasmique syncytial	BENIRSCHKE	Ultrastructure du syncytiotrophoblaste — dilatation des citernes du réticulum endoplasmique (stress du RE)	manifestation		oui		oui	oui	benirschke ch6	Under conditions of optimal fixation, the endoplasmic reticulum cisternae are narrow, 20–30 nm, and parallel [424], but delay in fixation rapidly leads to dilation, reflecting loss of ionic homeostasis	Signe purement ultrastructural (MET), non évaluable en microscopie optique et largement dépendant du délai de fixation (artéfact possible).
FOETO:PP.PLA-NOR-058	Dilatation sinusoïdale des capillaires fœtaux	VOGEL	Maturation villositaire normale — villosités intermédiaires matures et terminales (dilatation sinusoïdale des capillaires)	structure		oui		oui	oui	vogel ch1	The capillaries may show sinusoidal dilatation and be tightly connected to the epithelial surface, forming vasculosyncytial membranes.	Caractère normal de la maturation terminale libellé comme une lésion ; à ne pas coder comme anomalie isolée.
FOETO:PP.PLA-NOR-059	Discordance de maturité villositaire entre jumeaux monochorioniques	GEMELLAIRE	Grossesse monochorioniale — discordance placentaire entre jumeaux (partage inégal / TTTS)	manifestation		oui		non	non			Aucun extrait ne définit la discordance de maturité villositaire entre jumeaux d'un même placenta monochorionique ; rattachement jugé de mémoire.
FOETO:PP.PLA-NOR-060	Décidua capsulaire (membranes)	BENIRSCHKE	Décidue capsulaire — anatomie normale des membranes	structure		oui		oui	oui	benirschke ch15	This layer around the amniotic cavity (see below) containing the embryoblast is called the capsular decidua (decidua capsularis).	
FOETO:PP.PLA-NOR-061	Décidua pariétale — architecture vasculaire	BENIRSCHKE	Décidue pariétale (decidua vera) — anatomie normale des membranes	structure		oui		oui	oui	benirschke ch15	All those parts of the decidua that line the uterine cavity without being in contact with the blastocyst (i.e., at the opposing uterine wall) are called the parietal decidua (decidua vera).	Libellé « — architecture vasculaire » : repère anatomique sans lésion précisée ; les anomalies vasculaires de la décidue pariétale (hypertrophie murale, athérose) relèvent d'entités distinctes.
FOETO:PP.PLA-NOR-062	Dédifférenciation des cellules musculaires lisses artérielles villeuses	BENIRSCHKE	Artères des villosités souches — dédifférenciation des cellules musculaires lisses (prééclampsie / RCIU)	manifestation		oui		oui	oui	benirschke ch9	Dedifferentiation of the vascular smooth muscle cells and the adoption of a synthetic, proliferative phenotype typical of other vascular lesions are observed, as has been reported in placentas from pregnancies complicated by preeclampsia	Signe démontré par immunomarquage (perte myosine/actine/desmine), non appréciable en HES de routine.
FOETO:PP.PLA-NOR-063	Dégénérescence ballonnisante de l'épithélium amniotique	BENIRSCHKE	Modifications dégénératives de l'épithélium amniotique	manifestation		oui		oui	oui	benirschke ch15	Fig. 15.9  Ballooning degeneration of amnionic epithelium in a 20-week abortus after 3 weeks of bleeding. H&E, ×400	
FOETO:PP.PLA-NOR-064	Dénudation focale du syncytiotrophoblaste	BENIRSCHKE	Dénudation syncytiale focale de la surface villositaire	manifestation		oui		oui	oui	benirschke ch6	Their physiological and pathological significance lies in the fact that they may be avulsed at their point of attachment to the villous surface, creating a circular area of damage 10–20 μm in diameter.	Lésion fréquemment artéfactuelle (avulsion lors de la délivrance ou du traitement tissulaire) ; distinction in vivo / ex vivo non portée par le libellé.
FOETO:PP.PLA-NOR-065	Dépôt de fibrine sous-choriale	BENIRSCHKE	Fibrinoïde sous-chorial (strie de Langhans)	manifestation		oui		oui	oui	benirschke ch10	Fibrinoid at the intervillous surface of the chorionic plate (subchorial fibrinoid, Langhans’ stria)	Pas de seuil : dépôt sous-chorial physiologique et pseudo-infarctus sous-chorial pathologique portent le même libellé ; chevauche « Dépôts de fibrinoïde sous-choriaux » et « Strie fibrinoïde de Langhans ».
FOETO:PP.PLA-NOR-066	Dépôt de fibrinoïde placentaire	BENIRSCHKE	Fibrinoïde placentaire (fibrine-type / matrice-type)	manifestation		non_standard	Dépôt de fibrinoïde — préciser le siège (périvillositaire, intravillositaire, sous-chorial, plaque basale)	oui	oui	benirschke ch6	Fibrinoid is a term applied to any acellular, eosinophilic, largely homogeneous substance in the placenta.	Libellé fourre-tout : ni siège ni quantité, alors que la signification du fibrinoïde dépend entièrement de sa localisation et de son extension.
FOETO:PP.PLA-NOR-067	Dépôts calciques et ferriques dans la membrane basale trophoblastique	BENIRSCHKE	Minéralisation de la membrane basale trophoblastique	manifestation		non_standard	Minéralisation de la membrane basale trophoblastique	oui	oui	khong2019 ch19	implies a more limited connotation and denotes sedimentation of calcium as phosphate salts (hydroxyapatite) and iron as haemosiderin	Le terme préféré est « minéralisation » ; doublon avec « Minéralisation de la membrane basale villositaire trophoblastique » et « Dépôts calciques et ferriques ».
FOETO:PP.PLA-NOR-068	Dépôts de fibrine sur la surface villositaire	BENIRSCHKE	Fibrinoïde périvillositaire	manifestation		oui		oui	oui	benirschke ch10	Perivillous fibrin is seen in all normal placentas, even from early in gestation, and accounts for about 7% of the villous surface at term [53].	Constat physiologique dans tout placenta ; sans seuil de quantification il chevauche « Fibrinoïde périvillositaire » et le dépôt massif (MPFD) d'Amsterdam.
FOETO:PP.PLA-NOR-069	Dépôts de fibrinoïde dans la plaque basale	BENIRSCHKE	Plaque basale normale — fibrinoïde de Rohr et de Nitabuch	structure		oui		oui	oui	khong2019 ch2	On the side of the basal plate facing the intervillous space, fibrin deposition (Rohr’s fibrinoid) is common.	Terme présent en double dans le vocabulaire et redondant avec « Fibrine de Rohr et fibrine de Nitabuch ».
FOETO:PP.PLA-NOR-070	Espace intervilleux	BENIRSCHKE	Anatomie normale — espace intervilleux (éléments non villositaires : septa, îlots cellulaires)	structure		oui		oui	oui	khong2019 ch2	In addition to maternal blood, other elements in the normal intervillous space include septa and cell islands.	
FOETO:PP.PLA-NOR-071	Fibres collagènes du stroma villeux	BENIRSCHKE	Anatomie normale — stroma villositaire (fibres de collagène)	structure		oui		oui	oui	benirschke ch6	The distribution and orientation of collagen fibers varies according to the position in the villous tree.	
FOETO:PP.PLA-NOR-072	Fibrine de Rohr et fibrine de Nitabuch	BENIRSCHKE	Anatomie normale — plaque basale (stries fibrinoïdes de Rohr et de Nitabuch)	structure		non_standard	Fibrinoïde de Rohr (terme à scinder de « Fibrinoïde de Nitabuch »)	oui	oui	vogel ch1	Syncytiotrophoblast (sTr), Rohr-Fibrinoid (RoFi), extravillous Trophoblast (eTr), Nitabuch-Fibrinoid (NiFi), Decidua basalis (De)	Libellé regroupant deux couches fibrinoïdes topographiquement distinctes, déjà présentes séparément dans le vocabulaire (NOR-075, NOR-076) : doublon et granularité incohérente.
FOETO:PP.PLA-NOR-073	Fibrine périvilleuse — dépôt selon l'âge gestationnel	BENIRSCHKE	Anatomie normale — fibrinoïde périvillositaire physiologique	structure		non_standard	Fibrinoïde périvillositaire physiologique	oui	oui	benirschke ch10	Perivillous fibrin is seen in all normal placentas, even from early in gestation, and accounts for about 7% of the villous surface at term	Libellé paramétrique (« dépôt selon l'âge gestationnel ») sans seuil ni caractère lésionnel : mêle un élément structurel normal et une échelle de quantification implicite ; recouvre NOR-079.
FOETO:PP.PLA-NOR-074	Fibrine sous-choriale (fibrine de Langhans) — épaisseur selon l'âge gestationnel	BENIRSCHKE	Anatomie normale — couche fibrinoïde de Langhans (plaque choriale)	structure		non_standard	Fibrinoïde sous-chorial de Langhans	oui	oui	benirschke ch10	Langhans’ fibrinoid layer is a rather constant feature, and the thickness and structure increase continuously throughout pregnancy.	Le libellé accole une structure normale et un paramètre quantitatif (« épaisseur selon l'âge gestationnel ») ; recouvre « Strie fibrinoïde de Langhans » et « Dépôt de fibrine sous-choriale ».
FOETO:PP.PLA-NOR-075	Fibrinoïde de Nitabuch	BENIRSCHKE	Anatomie normale — strie de Nitabuch (plaque basale)	structure		oui		oui	oui	benirschke ch10	Nitabuch’s fibrinoid layer: It is an incomplete layer, and in many places, the layer may split and rejoin, with tro- phoblast cells, decidual cells, or endometrial connective tissue being interposed between the two.	
FOETO:PP.PLA-NOR-076	Fibrinoïde de Rohr	BENIRSCHKE	Anatomie normale — strie de Rohr (plaque basale)	structure		oui		oui	oui	benirschke ch10	In most places, Rohr’s fibrinoid shows immunohistochemical characteristics of fibrin-type fibrinoid	
FOETO:PP.PLA-NOR-077	Fibrinoïde de type fibrine	BENIRSCHKE	Anatomie normale — fibrinoïde de type fibrine	structure		oui		oui	oui	vogel ch1	Fibrin-type fibrinoid originating from coagulation processes and containing fibrin rich depositions and other maternal proteins.	
FOETO:PP.PLA-NOR-078	Fibrinoïde de type matriciel	BENIRSCHKE	Anatomie normale — fibrinoïde de type matriciel	structure		oui		oui	oui	benirschke ch26	Matrix-type fibrinoid, which contains fibronectin, collagen IV, laminin, and tenascin (but no fibrin), is a secretory product of extravillous trophoblast	
FOETO:PP.PLA-NOR-079	Fibrinoïde périvillositaire	BENIRSCHKE	Anatomie normale — fibrinoïde périvillositaire	structure		oui		oui	oui	benirschke ch10	Perivillous fibrinoid is laid down at any point where there is a defect in the integrity of the syncytiotrophoblast	Redondant avec NOR-073, « Dépôt périvillositaire de fibrinoïde » et « Fibrine périvillositaire augmentée » : la frontière normal/lésionnel (MPFD d'Amsterdam) n'est pas portée par le libellé.
FOETO:PP.PLA-NOR-080	Fibrose stromale villositaire progressive	BENIRSCHKE	Anatomie normale — villosités souches (fibrose stromale progressive au cours de la maturation)	structure		oui		oui	oui	benirschke ch7	Stromal fibrosis starts when the vessels acquire a distinct media and adventitia, the latter expanding in later stages over the entire villous thickness.	Libellé ambigu : la même formulation sert ailleurs de lésion (« Fibrose stromale villositaire », « Fibrose stromale villositaire diffuse (macération) ») sans que le caractère physiologique soit explicite.
FOETO:PP.PLA-NOR-081	Forme placentaire normale (discoïde)	BENIRSCHKE	Anatomie normale — morphologie macroscopique du disque placentaire (placenta discoïde)	structure		oui		oui	oui	benirschke ch2	The full-term, delivered placenta is, in more than 90% of the cases, a disklike, flat, round to oval organ.	
FOETO:PP.PLA-NOR-082	Fusion choriale (placentas gémellaires bichorioniques fusionnés)	GEMELLAIRE	Chorionicité — placenta bichorionique biamniotique fusionné (DiDi fused)	structure		oui		oui	oui	benirschke ch18	Dichorionic twin placentas may be fused into one mass (DiDi fused), or they may be separated (DiDi separate) organs	
FOETO:PP.PLA-NOR-083	Gelée de Wharton — aspect histologique	BENIRSCHKE	Anatomie normale — gelée de Wharton (cordon ombilical)	structure		non_standard	Gelée de Wharton normale	oui	oui	vogel ch3	a gelatinous substance containing polyglycans, large fibroblasts, collagen fibers, free connective tissue cells, mast cells and desmin and actin positive muscle cells	Doublon : trois libellés du vocabulaire (« Gelée de Wharton normale », « — aspect histologique », « — aspect normal ») désignent la même structure ; le qualifieur « aspect histologique » relève de la modalité d'examen, pas de l'entité.
FOETO:PP.PLA-NOR-084	Gelée de Wharton — aspect normal	BENIRSCHKE	Anatomie normale — gelée de Wharton (cordon ombilical)	structure		oui		oui	oui	benirschke ch16	The connective tissue of the cord, or Wharton’s jelly, is derived from the extraembryonic mesoblast.	Redondant avec NOR-083 et « Gelée de Wharton normale » : à fusionner en un seul terme.
FOETO:PP.PLA-NOR-085	Hypertrophie pariétale des vaisseaux déciduals membranaires	AMSTERDAM	MVM — artériopathie déciduale (hypertrophie pariétale des artérioles membranaires)	manifestation		non_standard	Hypertrophie pariétale des artérioles déciduales membranaires	oui	oui	benirschke ch19	showing mural hypertrophy of arterioles in the decidua parietalis.	Libellé fautif (« déciduals ») ; le siège pertinent est l'artériole de la décidue pariétale (membranes).
FOETO:PP.PLA-NOR-086	Hématies nucléées dans les vaisseaux villositaires	VOGEL	Maturation villositaire normale par tranche d'âge gestationnel (anatomie normale, ch. 1)	structure		oui		oui	oui	vogel ch1	fetal vessels containing nucleated red blood cells	Constat cytologique dont la signification (physiologique en début de grossesse, pathologique à terme) dépend de l'âge gestationnel non porté par le libellé.
FOETO:PP.PLA-NOR-087	Immaturité villositaire distale	AMSTERDAM	DVM — retard de maturation villositaire (immaturité villositaire distale)	synonyme		oui		oui	oui	benirschke ch20	It has been proposed that these immature villi are less efficient with respect to nutrient and gas exchange due to increased diffusion distance and lack of specialized vasculosyncytial membranes.	
FOETO:PP.PLA-NOR-088	Inclusions de glycogène dans les cellules cytotrophoblastiques	BENIRSCHKE	Maladies de surcharge — dépôts de glycogène placentaires (glycogénose type II / Pompe)	manifestation		oui		oui	oui	benirschke ch24	Electron microscopy, however, showed typical membrane-bounded, glycogen-filled inclusions in capillary endothelial cells and in the villous stroma.	Le niveau déclaré « maturation » est inadapté : il s'agit d'une surcharge métabolique, hors périmètre Amsterdam.
FOETO:PP.PLA-NOR-089	Insertion du cordon ombilical — centrale	BENIRSCHKE	Anatomie normale — insertion du cordon ombilical (centrale / excentrée)	structure		oui		oui	oui	khong2019 ch50	A central insertion inserts at the epicentre of  the fetal surface of the placental disc	
FOETO:PP.PLA-NOR-090	Invasion trophoblastique myométriale	BENIRSCHKE	Anatomie normale — lit placentaire, invasion du trophoblaste extravilleux	structure		oui		oui	oui	benirschke ch10	Multinucleated trophoblastic placental bed giant cells (arrowed) can be seen migrating through the decidua and close to the border with the myometrium (myo).	Phénomène de placentation physiologique, non lésionnel en soi ; ne devient pathologique que par excès (spectre accreta).
FOETO:PP.PLA-NOR-091	Kyste amniotique	VOGEL	Lésions kystiques de la plaque choriale — kyste amniotique (ch. 5)	manifestation		oui		oui	oui	vogel ch5	Amniotic cysts may develop following withdrawal and constriction of the amnion; these cysts are lined by epithelium and increase if fluid is secreted into the cyst.	
FOETO:PP.PLA-NOR-092	Kyste choriamniotique microscopique (membranes)	BENIRSCHKE	Kyste du cytotrophoblaste extravilleux (kyste chorionique microscopique / X-cell cyst)	synonyme		non_standard	Kyste chorionique microscopique des membranes (kyste du cytotrophoblaste extravilleux)	oui	oui	khong2019 ch11	Different terms have been given to these cysts based on their location within the placenta: placental surface cyst, subchorionic placental cyst, septal cyst and microscopic chorionic cyst.	Le qualificatif « chorioamniotique » est impropre : le kyste siège dans le chorion laeve, bordé de trophoblaste extravilleux, non dans l'amnios.
FOETO:PP.PLA-NOR-093	Kyste chorioniaque	BENIRSCHKE	Kyste du cytotrophoblaste extravilleux (kyste chorionique microscopique / X-cell cyst)	synonyme		erreur	Kyste chorionique (kyste du cytotrophoblaste extravilleux)	oui	oui	khong2019 ch11	It is a misnomer to label these cysts as chorionic cysts as they are neither part of a villus nor are they bound by a villous trophoblastic layer.	Libellé orthographiquement altéré (« chorioniaque ») et dénomination jugée impropre par la source ; doublon de sens avec les kystes trophoblastiques extravilleux.
FOETO:PP.PLA-NOR-094	Kyste d'îlot cellulaire trophoblastique	BENIRSCHKE	Kyste du cytotrophoblaste extravilleux (X-cell cyst)	manifestation		non_standard	Kyste du cytotrophoblaste extravilleux dans un îlot cellulaire	oui	oui	khong2019 ch11	An extravillous cytotrophoblast cyst located  within a cell island	
FOETO:PP.PLA-NOR-095	Kyste trophoblastique extravilleux	BENIRSCHKE	Kyste du cytotrophoblaste extravilleux (X-cell cyst)	synonyme		oui		oui	oui	khong2019 ch11	The cyst wall is composed of an irregular layer of  extravillous trophoblastic cells and is filled by an  amorphous eosinophilic proteinaceous fluid.	
FOETO:PP.PLA-NOR-096	Kystes des îlots cellulaires trophoblastiques	BENIRSCHKE	Kyste du cytotrophoblaste extravilleux (X-cell cyst)	manifestation		non_standard	Kyste du cytotrophoblaste extravilleux dans un îlot cellulaire	oui	oui	khong2019 ch2	Cell islands consist of  extravillous cytotrophoblast cells and fibrinoid matrix, often with cyst  formation	Doublon pluriel du terme PP.PLA-NOR-094 : la multiplicité n'est pas un axe distinct mais un qualifieur.
FOETO:PP.PLA-NOR-097	Lac sous-chorial	BENIRSCHKE	Anatomie normale — espace intervilleux, lac sous-chorial	structure		oui		oui	oui	benirschke ch9	the relatively villus-free subchorionic lake under the chorionic plate. From there it drains between the lobules into venous openings in the basal plate	
FOETO:PP.PLA-NOR-098	Largeur des pores intervilleux	BENIRSCHKE	Anatomie normale — espace intervilleux (pores intervilleux)	structure		non_standard	Pore intervilleux (largeur — paramètre morphométrique)	oui	oui	benirschke ch3	In early pregnancy, development of the villous trees is relatively sparse, and the mean width of the intervillous pores between neighboring villi is several hundred micrometers.	Paramètre morphométrique (une mesure) érigé en terme : ce n'est ni une lésion ni une structure ; à séparer en structure « pore intervilleux » + mesure.
FOETO:PP.PLA-NOR-099	Lit placentaire (site placentaire)	BENIRSCHKE	Anatomie normale — lit placentaire (site d'implantation)	structure		oui		oui	oui	benirschke ch8	The term “placental bed” was coined by Dixon and Robertson to refer to the area of the uterine wall underlying the placenta	
FOETO:PP.PLA-NOR-100	Localisation centrale des capillaires villositaires	AMSTERDAM	DVM — retard de maturation villositaire (delayed villous maturation)	critere		oui		oui	oui	khong2019 ch25	Delayed villous maturation, with relatively immature chorionic villi and centrally placed “hypoplastic” capillaries (i.e. of diminutive luminal calibre)	Terme classé au niveau « maturation/normal » alors qu'il s'agit d'un critère diagnostique du DVM, donc d'un signe lésionnel.
FOETO:PP.PLA-NOR-101	Macrophage villositaire (cellule de Hofbauer)	VOGEL	Anatomie et maturation villositaire normales (ch. 1) — cellules de Hofbauer du stroma villositaire	structure		oui		oui	oui	vogel ch1	Hofbauer cells are present in the stroma and surface antigens characterize them as a macrophage subpopulation.	Doublon strict de FOETO:PP.PLA-NOR-102 (singulier/pluriel).
FOETO:PP.PLA-NOR-102	Macrophages villeux (cellules de Hofbauer)	VOGEL	Anatomie et maturation villositaire normales (ch. 1) — cellules de Hofbauer du stroma villositaire	structure		oui		oui	oui	vogel ch1	The intermediate villi, with immature stroma and few Hofbauer cells, only represent 10 % of all villi.	Doublon strict de FOETO:PP.PLA-NOR-101 ; la facette « multiple » ne porte aucune information clinique.
FOETO:PP.PLA-NOR-103	Maturation villositaire (évaluation par rapport à l'âge gestationnel)	VOGEL	Maturation villositaire normale par tranche d'âge gestationnel (ch. 1)	structure		non_standard	Maturation villositaire normale pour l'âge gestationnel	oui	oui	vogel ch1	In the fetal period, villous maturation to term is characterized by:	Libellé désignant un acte d'évaluation et non un état morphologique observable ; redondant avec les termes 105 et 106.
FOETO:PP.PLA-NOR-104	Maturation villositaire accélérée	AMSTERDAM	MVM — malperfusion vasculaire maternelle (maturation villositaire accélérée)	critere		oui		oui	oui	amsterdam ch1	More cogently, it was felt that it was easier to conceptualize delayed villous maturation as being the opposite of accelerated villous maturation.	Rangé au niveau « maturation normale » alors qu'il s'agit d'un critère villeux de MVM.
FOETO:PP.PLA-NOR-105	Maturation villositaire adaptée à l'âge gestationnel	VOGEL	Maturation villositaire normale par tranche d'âge gestationnel (ch. 1)	structure		oui		oui	oui	vogel ch15	large for age placenta with appropriate maturity of the villi, or fibrosis	Quasi-synonyme de FOETO:PP.PLA-NOR-106 : granularité redondante.
FOETO:PP.PLA-NOR-106	Maturation villositaire normale	VOGEL	Maturation villositaire normale par tranche d'âge gestationnel (ch. 1)	structure		oui		oui	oui	vogel ch14	Normal mature villi according to gestational age were seen in 50 %.	Quasi-synonyme de FOETO:PP.PLA-NOR-105 et de FOETO:PP.PLA-NOR-103.
FOETO:PP.PLA-NOR-107	Maturation villositaire retardée	AMSTERDAM	DVM — retard de maturation villositaire (delayed villous maturation)	synonyme		oui		oui	oui	amsterdam ch1	The use of the term delayed villous maturation is recommended.	Lésion classée dans une branche « maturation normale » ; synonyme de « Retard de maturation villositaire » et « Immaturité villositaire distale » du même vocabulaire.
FOETO:PP.PLA-NOR-108	Membrane amniotique (amnios)	BENIRSCHKE	Anatomie normale des membranes — amnion	structure		oui		oui	oui	benirschke ch15	the amnion, a thin, avascular layer of cuboidal epithelial cells and connective tissue	
FOETO:PP.PLA-NOR-109	Membrane basale trophoblastique	BENIRSCHKE	Anatomie normale du villus — membrane basale trophoblastique	structure		oui		oui	oui	benirschke ch6	Beneath the trophoblast basement membrane is the villous core	
FOETO:PP.PLA-NOR-110	Membrane de séparation gémellaire DiDi (coupe histologique)	GEMELLAIRE	Chorionicité — membrane de séparation bichorionique biamniotique (DiDi)	structure		oui		oui	oui	benirschke ch18	Diamniotic, dichorionic “dividing membranes.” The right amnion is dislodged from the underlying chorion, a frequent artifact.	Doublon de FOETO:PP.PLA-NOR-112 ; le qualifieur « coupe histologique » mêle la technique de prélèvement à l'entité observée.
FOETO:PP.PLA-NOR-111	Membrane de séparation gémellaire DiMo (coupe histologique)	GEMELLAIRE	Chorionicité — membrane de séparation monochorionique diamniotique (DiMo)	structure		oui		oui	oui	benirschke ch18	Each twin is enclosed in its own amnionic sac, and the “dividing membranes” are composed of two amnions only	Doublon de FOETO:PP.PLA-NOR-113 ; le qualifieur « coupe histologique » relève de la technique, pas du signe.
FOETO:PP.PLA-NOR-112	Membrane séparatrice bichoriale biamniote	GEMELLAIRE	Chorionicité — membrane de séparation bichorionique biamniotique (DiDi)	structure		non_standard	Membrane de séparation gémellaire bichorionique biamniotique	oui	oui	benirschke ch18	The DiDi twin placenta may be composed of separate disks, or the two placental portions may be intimately fused.	Orthographe « bichoriale biamniote » non standard et doublon de FOETO:PP.PLA-NOR-110.
FOETO:PP.PLA-NOR-113	Membrane séparatrice monochoriale diamniote	GEMELLAIRE	Chorionicité — membrane de séparation monochorionique diamniotique (DiMo)	structure		non_standard	Membrane de séparation gémellaire monochorionique diamniotique	oui	oui	benirschke ch18	T-section of dividing membranes of monochorionic, diamniotic twins.	Orthographe « monochoriale diamniote » non standard et doublon de FOETO:PP.PLA-NOR-111.
FOETO:PP.PLA-NOR-114	Membrane vasculo-syncytiale	VOGEL	Anatomie et maturation villositaire normales (ch. 1) — membrane vasculo-syncytiale	structure		oui		oui	oui	vogel ch1	The capillaries may show sinusoidal dilatation and be tightly connected to the epithelial surface, forming vasculosyncytial membranes.	Structure normale servant d'indicateur de différenciation épithéliale : ne pas la confondre avec le critère « membranes vasculo-syncytiales raréfiées » du DVM.
FOETO:PP.PLA-NOR-115	Membranes basales distinctes des capillaires villositaires terminaux	BENIRSCHKE	Chorangiose (critère différentiel avec chorangiomatose / chorangiome)	critere		non_standard	Capillaires villositaires terminaux à membrane basale distincte (critère de chorangiose)	oui	oui	benirschke ch30	The capillaries have distinct basement membranes and a discontinuous layer of pericytes	Libellé présenté comme structure normale alors qu'il s'agit d'un critère histologique de distinction chorangiose / chorangiomatose.
FOETO:PP.PLA-NOR-116	Membranes extraplacentaires — architecture tricouche	BENIRSCHKE	Anatomie normale des membranes extraplacentaires (amnios, chorion laeve, décidue)	structure		oui		oui	oui	benirschke ch15	The placental membranes have three distinct layers	
FOETO:PP.PLA-NOR-117	Membranes vasculo-syncytiales	VOGEL	Maturation villositaire normale — villosités terminales (membranes vasculo-syncytiales)	structure		non_standard	Membrane vasculo-syncytiale	oui	oui	vogel ch1	Each terminal villus contains several vasculosyncytial membranes	Doublon de « Membrane vasculo-syncytiale » : simple variante de nombre pour un même repère architectural.
FOETO:PP.PLA-NOR-118	Microvilli du syncytiotrophoblaste	BENIRSCHKE	Anatomie normale du villus — syncytiotrophoblaste (surface microvillositaire)	structure		oui		oui	oui	benirschke ch6	The apical border carries a profuse covering of microvilli	
FOETO:PP.PLA-NOR-119	Myofibroblastes stromaux villeux	BENIRSCHKE	Anatomie normale du stroma villositaire (cellules conjonctives, myofibroblastes)	structure		oui		oui	oui	benirschke ch6	the myofibroblasts, characterizes the central parts of stem an anchoring villi	
FOETO:PP.PLA-NOR-120	Mésenchyme amniotique	BENIRSCHKE	Anatomie normale des membranes — mésenchyme (mésoderme) amniotique	structure		oui		oui	oui	benirschke ch16	the amnionic mesenchyme locally touches and finally fuses with the chorionic mesoderm	
FOETO:PP.PLA-NOR-121	Mésenchyme chorial (plaque choriale)	BENIRSCHKE	Anatomie normale de la plaque choriale — mésoderme chorial	structure		oui		oui	oui	benirschke ch10	During early pregnancy, the fibers within the chorionic mesoderm are relatively randomly disposed	
FOETO:PP.PLA-NOR-122	Mésoderme amniotique	BENIRSCHKE	Anatomie normale des membranes — mésenchyme (mésoderme) amniotique	structure		non_standard	Mésenchyme amniotique	oui	oui	benirschke ch15	which results from incomplete fusion of amnionic and chorionic mesoderm	Doublon strict de « Mésenchyme amniotique » (mésoderme = mésenchyme extra-embryonnaire) : un seul terme à retenir.
FOETO:PP.PLA-NOR-123	Mésoderme chorionique (chorion lisse)	BENIRSCHKE	Anatomie normale du chorion laeve — mésoderme chorial des membranes	structure		oui		oui	oui	benirschke ch15	The composition of the chorionic mesoderm is similar to that of the fibroblast layer of the amnion	
FOETO:PP.PLA-NOR-124	Métaplasie malpighienne de l'amnios	BENIRSCHKE	Métaplasie malpighienne de l'amnios (variante bénigne de maturité, sans signification pathologique)	manifestation		oui		oui	oui	khong2019 ch38	Squamous metaplasia has no prognostic clinical	Doublon orthographique avec « Métaplasie malpighienne de l'amnion » présent dans le vocabulaire.
FOETO:PP.PLA-NOR-125	Nœuds syncytiaux (changement de Tenney-Parker)	AMSTERDAM	MVM — nœuds syncytiaux augmentés (Tenney-Parker) / maturation villositaire accélérée	manifestation		non_standard	Nœuds syncytiaux augmentés (changement de Tenney-Parker)	oui	oui	benirschke ch19	The affected villi usually show an increase in syncytial knots (Tenney-Parker change)	Le libellé n'indique pas le caractère augmenté : des nœuds syncytiaux existent normalement, seul l'excès (>33 % des villosités) est lésionnel.
FOETO:PP.PLA-NOR-126	Nœuds syncytiaux (changements de Tenney-Parker)	AMSTERDAM	MVM — nœuds syncytiaux augmentés (Tenney-Parker) / maturation villositaire accélérée	manifestation		non_standard	Nœuds syncytiaux augmentés (changement de Tenney-Parker)	oui	oui	benirschke ch7	Their incidence is increased in pathological placentas, as was described by Tenney and Parker	Doublon de PP.PLA-NOR-125 (singulier/pluriel de « changement ») pour un contenu identique.
FOETO:PP.PLA-NOR-127	Nœuds syncytiaux — maturation villositaire	BENIRSCHKE	Maturation villositaire normale — nœuds syncytiaux comme marqueur de maturation	structure		non_standard	Nœuds syncytiaux — marqueur de maturation villositaire (physiologique)	oui	oui	benirschke ch7	The phenomenon is widely referred to as syncytial knotting, and is widely used as a marker of placental maturation and pathology.	Libellé composite : mêle l'axe lésionnel (nœuds syncytiaux) et l'axe maturation, sans dire s'il s'agit du repère physiologique ou de l'excès pathologique.
FOETO:PP.PLA-NOR-128	Parenchyme villeux — architecture générale	BENIRSCHKE	Anatomie normale — architecture des arbres villositaires et du parenchyme	structure		oui		oui	oui	benirschke ch3	The treelike placental villi arise from the chorionic plate and are suspended in the intervillous space	
FOETO:PP.PLA-NOR-129	Pattern vasculaire dispers de la surface placentaire	BENIRSCHKE	Anatomie normale — distribution des vaisseaux de la plaque choriale (type disperse / magistral)	structure		non_standard	Pattern vasculaire dispersé de la plaque choriale	oui	oui	benirschke ch22	pattern has a fine network of vessels that course from the cord insertion to the various placental cotyledons	Libellé anglicisé (« dispers ») ; variante anatomique normale à ne pas confondre avec une lésion.
FOETO:PP.PLA-NOR-130	Pattern vasculaire magistral de la surface placentaire	BENIRSCHKE	Distribution des vaisseaux de la surface placentaire (pattern disperse / magistral)	structure		oui		oui	oui	benirschke ch22	The “magistral” pattern has arteries that course across the placental surface nearly to the edge without diminishing their diameters	
FOETO:PP.PLA-NOR-131	Persistance de la couche cytotrophoblastique (couche de Langhans)	VOGEL	RVM — retard de maturation villositaire (retardation of villous maturation)	manifestation		oui		oui	oui	benirschke ch23	They enumerated syncytial degeneration, persistence of Langhans’ layer, prominence of Hofbauer cells, presence of erythropoietic cells in the vascular spaces, and stromal edema of villi.	Signe microscopique d'immaturité villositaire, non entité autonome : à rattacher au trouble de maturation, pas coté isolément
FOETO:PP.PLA-NOR-132	Placenta bichorionique biamniotique	GEMELLAIRE	Chorionicité — placenta bichorionique biamniotique (DiDi)	structure		oui		oui	oui	benirschke ch18	Dichorionic twin placentas may be fused into one mass (DiDi fused), or they may be separated (DiDi separate) organs	
FOETO:PP.PLA-NOR-133	Placenta bichorionique biamniотique (architecture membranaire)	GEMELLAIRE	Chorionicité — placenta bichorionique biamniotique (DiDi)	structure		non_standard	Placenta bichorionique biamniotique — architecture de la membrane de séparation	oui	oui	vogel ch13	Dichorionic placentas show a separating membrane which is macroscopically thick and adherent to the chorionic plate. Histological examination proves fusion with the identification of two chorionic and two amniotic membranes.	Libellé contenant des caractères cyrilliques (« biamniотique ») et redondant avec PP.PLA-NOR-132 : même entité vue sous l'axe membranaire
FOETO:PP.PLA-NOR-134	Placenta bilobé	BENIRSCHKE	Anomalies de forme placentaire (placenta bilobé / bipartita)	manifestation		oui		oui	oui	benirschke ch17	The most striking abnormality is the placenta bilobata, also referred to as bilobed, duplex, or bipartite placenta, in which two lobes are separated by a segment of membranes	Variante de forme, non lésionnelle : classée en architecture alors qu'il s'agit d'une anomalie morphologique macroscopique
FOETO:PP.PLA-NOR-135	Placenta membraneux	BENIRSCHKE	Anomalies de forme placentaire (placenta membranacea)	manifestation		oui		oui	oui	benirschke ch17	The placenta membranacea (diffusa) is an organ in which all, or nearly all, of the circumference of the fetal sac is covered by villous tissue.	Anomalie de forme placentaire non couverte par Amsterdam, rangée à tort au niveau « structure »
FOETO:PP.PLA-NOR-136	Placenta monochorionique diamniotique	GEMELLAIRE	Chorionicité — placenta monochorionique diamniotique (MoDi)	structure		oui		oui	oui	benirschke ch18	Each twin is enclosed in its own amnionic sac, and the “dividing membranes” are composed of two amnions only	
FOETO:PP.PLA-NOR-137	Placenta monochorionique diamniотique (architecture membranaire)	GEMELLAIRE	Chorionicité — placenta monochorionique diamniotique (MoDi)	structure		non_standard	Placenta monochorionique diamniotique — architecture de la membrane de séparation	oui	oui	vogel ch13	may show a dividing membrane with one chorionic layer and two amniotic layers monochorionic-diamniotic (MoDi)	Libellé contenant des caractères cyrilliques (« diamniотique ») et redondant avec PP.PLA-NOR-136
FOETO:PP.PLA-NOR-138	Placenta monochorionique monoamniotique	GEMELLAIRE	Chorionicité — placenta monochorionique monoamniotique (MoMo)	structure		oui		oui	oui	vogel ch13	Single placenta without a dividing membrane monochorionic-monoamniotic (MoMo) twin placenta with umbilical cords inserting close to one another.	
FOETO:PP.PLA-NOR-139	Plaque basale	BENIRSCHKE	Plaque basale (anatomie normale)	structure		oui		oui	oui	khong2019 ch2	The basal plate appears as a slight grey-tan sheen on the maternal surface of the more mature placenta	
FOETO:PP.PLA-NOR-140	Plaque basale — architecture materno-fœtale	BENIRSCHKE	Plaque basale (anatomie normale)	structure		non_standard	Plaque basale	oui	oui	khong2019 ch2	The basal plate contains numerous foci of necrotic-appearing vessels, decidua and regressed villi enmeshed in fibrinoid (Nitabuch’s fibrinoid)	Doublon de PP.PLA-NOR-139 : le qualifieur « architecture materno-fœtale » n'individualise aucune entité distincte
FOETO:PP.PLA-NOR-141	Plaque choriale	BENIRSCHKE	Plaque choriale (anatomie normale)	structure		oui		oui	oui	benirschke ch10	The chorionic plate of the placenta is the surface that faces the fetus and to which the umbilical cord is attached.	
FOETO:PP.PLA-NOR-142	Plaque choriale — architecture fœtale	BENIRSCHKE	Plaque choriale (anatomie normale)	structure		non_standard	Plaque choriale	oui	oui	vogel ch1	The chorionic plate consists of several layers that are easy to differentiate in early pregnancy.	Doublon de PP.PLA-NOR-141 : le qualifieur « architecture fœtale » ne crée pas d'entité distincte
FOETO:PP.PLA-NOR-143	Plica amniotique vestigiale (placenta MoMo)	GEMELLAIRE	Chorionicité — placenta monochorionique monoamniotique (MoMo)	structure		oui		oui	oui	benirschke ch18	A thin, falciform plica extended from the cords to the margin of the placenta. The tip of this plica, which consisted of two fused amnions, showed degenerative changes and scarring	
FOETO:PP.PLA-NOR-144	Ponts intervillositaires syncytiaux	BENIRSCHKE	Ponts intervillositaires (intervillous bridges)	structure		oui		oui	oui	benirschke ch6	Strands of syncytioplasm linking adjacent villi are frequently observed on paraffin sections of mature placentas, and are interpreted as intervillous bridges.	La majorité des images sont des artéfacts de section : élément non lésionnel, à ne pas confondre avec l'augmentation des nœuds syncytiaux de la MVM
FOETO:PP.PLA-NOR-145	Proportion de cytotrophoblaste villositaire selon l'âge gestationnel	VOGEL	Maturation villositaire normale par tranche d'âge gestationnel	structure		oui		oui	oui	vogel ch1	The villous epithelium is predominantly double-layered, has prominent nuclei and well defined cytotrophoblast cells.	Paramètre quantitatif dépendant de l'âge gestationnel, non lésionnel : décrit la maturation normale, pas un signe.
FOETO:PP.PLA-NOR-146	Précurseurs hématopoïétiques non érythroïdes circulants	BENIRSCHKE	Hématopoïèse placentaire / précurseurs hématopoïétiques circulants	manifestation		non_standard	Précurseurs hématopoïétiques non érythroïdes circulants dans les vaisseaux fœtaux villositaires	non	non			Siège vasculaire fœtal implicite non précisé ; entité mal individualisée face aux érythroblastes circulants.
FOETO:PP.PLA-NOR-147	Pseudokystes des septa placentaires	BENIRSCHKE	Kyste trophoblastique extravilleux (kyste septal)	synonyme		non_standard	Kyste trophoblastique extravilleux septal	oui	oui	benirschke ch26	Some authors designate these structures as pseudocysts because it is not clear that the trophoblast are a true epithelial lining.	Doublon de « Kyste septal placentaire » ; « pseudokyste » n'est qu'une désignation alternative du même kyste trophoblastique extravilleux.
FOETO:PP.PLA-NOR-148	Péricytes MSA-positifs autour des vaisseaux villositaires proliférants	BENIRSCHKE	Chorangiome / chorangiomatose	critere		non_standard	Couche continue de péricytes MSA-positifs (critère de chorangiome / chorangiomatose)	oui	oui	benirschke ch30	The network of vessels is surrounded by pericytes within a collagenous stroma which contains variable numbers of fibroblasts and macrophages	Libellé immunohistochimique mêlant marqueur cellulaire et contexte de prolifération vasculaire, sans nommer l'entité dont il est le critère.
FOETO:PP.PLA-NOR-149	Rapport poids placentaire / poids fœtal	AMSTERDAM	Socle de terminologie macroscopique — poids placentaire	critere		oui		oui	oui	amsterdam ch1	The placental weight is a surrogate for placental function,8 and fetoplacental weight ratio has been suggested as a possible indicator of adequacy of placental reserve capacity in fetal growth restriction (FGR).9	Paramètre biométrique (rapport pondéral), non factorisable en lésion/site.
FOETO:PP.PLA-NOR-150	Reliquat allantoïdien dans le cordon ombilical	BENIRSCHKE	Reliquats embryonnaires du cordon — canal allantoïque (urachus)	structure		oui		oui	oui	benirschke ch16	The remains of the allantoic duct, a minute connection to the fetal bladder, are frequently found in the proximal portions of the umbilical cord.	
FOETO:PP.PLA-NOR-151	Reliquat de vésicule vitelline sous l'amnios	BENIRSCHKE	Reliquat du sac vitellin	structure		oui		oui	oui	benirschke ch16	The yolk sac remnant is almost invariably located near the margin of the term placenta. It lies underneath the amnion and has a somewhat pasty consistency.	Granularité redondante : trois libellés du vocabulaire (151, 154, 156) désignent le même reliquat vitellin.
FOETO:PP.PLA-NOR-152	Reliquat du canal omphalo-mésentérique (membranes)	BENIRSCHKE	Reliquats embryonnaires — canal omphalo-mésentérique (vitellin)	structure		oui		oui	oui	khong2019 ch51	Vitelline duct may also be referred to as omphalomesenteric or vitellointestinal duct.	La localisation membranaire du reliquat est peu documentée : les reliquats vitellins décrits siègent dans le cordon ou la plaque choriale.
FOETO:PP.PLA-NOR-153	Reliquat du canal vitellin (duct omphalo-mésentérique) dans le cordon	BENIRSCHKE	Reliquats embryonnaires du cordon — canal omphalo-mésentérique (vitellin)	structure		oui		oui	oui	benirschke ch16	As the embryo bends, it subdivides the yolk sac into an intraembryonic duct (the intestines) and an extraembryonic part (the omphaloenteric or omphalomesenteric duct), which is dilated peripherally to form the extraembryonic yolk sac vesicle.	Doublon partiel avec le reliquat du canal omphalo-mésentérique des membranes (152).
FOETO:PP.PLA-NOR-154	Reliquat du sac vitellin (placenta gémellaire)	BENIRSCHKE	Reliquat du sac vitellin	structure		non_standard	Reliquat du sac vitellin	oui	oui	benirschke ch18	DiMo placentas usually have two yolk sacs, but single yolk sacs are common	Qualifieur « gémellaire » accolé à une structure normale : doublon de « Remnant du sac vitellin » plutôt qu'entité distincte.
FOETO:PP.PLA-NOR-155	Reliquat vasculaire vitellin dans le cordon ombilical	BENIRSCHKE	Reliquats embryonnaires du cordon — vaisseaux vitellins	structure		oui		oui	oui	khong2019 ch51	Frequently, paired or clustered vitelline vessels (without muscular walls) will be associated with duct remnants.	
FOETO:PP.PLA-NOR-156	Remnant du sac vitellin	BENIRSCHKE	Reliquat du sac vitellin	structure		non_standard	Reliquat du sac vitellin	oui	oui	benirschke ch16	The yolk sac remnant is almost invariably located near the margin of the term placenta.	Anglicisme « remnant » ; doublon strict de 151 et 154.
FOETO:PP.PLA-NOR-157	Remodelage des artères spiralées — maturation de la plaque basale	BENIRSCHKE	Remodelage physiologique des artères utéro-placentaires (lit placentaire normal)	structure		non_standard	Remodelage physiologique des artères spiralées	oui	oui	benirschke ch19	Spiral Artery Remodeling and Updates in Other Processes Enabling Placental Development	Libellé composite associant remodelage artériel et « maturation de la plaque basale », deux axes distincts.
FOETO:PP.PLA-NOR-158	Remodelage physiologique des artères spiralées	BENIRSCHKE	Remodelage physiologique des artères utéro-placentaires (lit placentaire normal)	structure		oui		oui	oui	benirschke ch9	To reduce contractility and maternal vasomotor control in order to avoid diversion of maternal blood away from the placenta.	
FOETO:PP.PLA-NOR-159	Revêtement épithélial amniotique du cordon ombilical	BENIRSCHKE	Anatomie normale du cordon ombilical — revêtement amniotique	structure		oui		oui	oui	benirschke ch15	it is derived from the fetal ectoderm by cavitation within the embryonic knot [305] and is contiguous, over the umbilical cord, with the fetal skin.	
FOETO:PP.PLA-NOR-160	Régénération du syncytiotrophoblaste	BENIRSCHKE	Syncytiotrophoblaste — régénération et réparation (structure normale du villus)	structure		oui		oui	oui	benirschke ch6	Regeneration takes 2–4 days to complete, and the new layer is indistinguishable in terms of its morphology and endocrine and transport functions from the original.	Processus physiologique de réparation trophoblastique, pas une lésion élémentaire ; siège villositaire non précisé.
FOETO:PP.PLA-NOR-161	Réseau de réticuline en treillis dans les villosités capillaires anormales	BENIRSCHKE	Chorangiome	critere		non_standard	Réseau de réticuline en treillis (critère de chorangiome / chorangiomatose)	oui	oui	benirschke ch30	Reticulin stains highlight a lattice-like pattern of fibers (Redline 2000, Amer 2010).	Le libellé décrit une coloration spéciale sans nommer la lésion dont elle est le critère (chorangiome vs chorangiose).
FOETO:PP.PLA-NOR-162	Résidu du canal allantoïque	BENIRSCHKE	Vestiges embryonnaires du cordon — reliquat du canal allantoïque (urachus)	structure		oui		oui	oui	benirschke ch16	The remains of the allantoic duct, a minute connection to the fetal bladder, are frequently found in the proximal portions of the umbilical cord.	
FOETO:PP.PLA-NOR-163	Résidu du canal omphalomésentérique	BENIRSCHKE	Vestiges embryonnaires du cordon — reliquat du canal vitellin (omphalomésentérique)	structure		non_standard	Résidu du canal omphalomésentérique du cordon ombilical	oui	oui	khong2019 ch51	Vitelline (omphalomesenteric) duct remnants tend to be sited at the cord periphery.	Le siège (cordon ombilical) n'est explicité ni dans le libellé ni dans la facette site.
FOETO:PP.PLA-NOR-164	Sac amniotique contenu dans un autre (placenta gémellaire DiMo)	GEMELLAIRE	Chorionicité — placenta monochorionique diamniotique (DiMo)	structure		non_standard	Placenta monochorionique diamniotique — chaque jumeau dans son propre sac amniotique	oui	oui	benirschke ch18	Each twin is enclosed in its own amnionic sac, and the “dividing membranes” are composed of two amnions only	Libellé descriptif inexact : dans un DiMo les deux sacs amniotiques sont juxtaposés, non emboîtés l'un dans l'autre.
FOETO:PP.PLA-NOR-165	Septa placentaires	BENIRSCHKE	Septa placentaires (anatomie normale)	structure		oui		oui	oui	benirschke ch10	Placental septa are irregular protrusions of the basal plate into the intervillous space	
FOETO:PP.PLA-NOR-166	Septum chorioniaque	BENIRSCHKE	Septa placentaires (anatomie normale)	structure		non_standard	Septum chorionique	oui	oui	benirschke ch26	The chorionic septum (CS) is an extra-embryonic structure of the placenta that extends from the basal plate	Orthographe fautive (« chorioniaque ») ; quasi-doublon de « Septa placentaires ».
FOETO:PP.PLA-NOR-167	Stratification de la plaque basale	BENIRSCHKE	Plaque basale (anatomie normale)	structure		oui		oui	oui	benirschke ch3	showing a superficial stria of Rohr’s fibrinoid, followed by extravillous cytotrophoblast, a layer of Nitabuch’s fibrinoid, and a compact decidual layer.	
FOETO:PP.PLA-NOR-168	Strie fibrinoïde de Langhans	BENIRSCHKE	Plaque choriale — strie fibrinoïde de Langhans (anatomie normale)	structure		non_standard	Strie fibrinoïde de Langhans (fibrinoïde sous-chorial de la plaque choriale)	oui	oui	benirschke ch10	Fibrinoid at the intervillous surface of the chorionic plate (subchorial fibrinoid, Langhans’ stria)	La facette site=plaque basale est erronée : la strie de Langhans siège à la plaque choriale ; l'homologue basal est la strie de Rohr.
FOETO:PP.PLA-NOR-169	Stroma fibreux condensé des villosités souches	VOGEL	Anatomie villositaire normale — villosité souche (stroma fibreux condensé)	structure		oui		oui	oui	vogel ch1	Centripetally they are transformed into stem villi by the proliferation of tunica media containing fetal vessels and by condensation and differentiation of paravascular cells and fibers until gestational week 12.	
FOETO:PP.PLA-NOR-170	Stroma réticulaire villositaire	VOGEL	Anatomie villositaire normale — stroma réticulaire des villosités intermédiaires	structure		oui		oui	oui	vogel ch1	Intermediate villi of the mature peripheral type are elongated villi with a loose, reticular and moderately collagenous stroma that contains vimentin and desmin positive cells.	
FOETO:PP.PLA-NOR-171	Stroma villeux	VOGEL	Anatomie villositaire normale — stroma villositaire	structure		oui		oui	oui	vogel ch1	Vessels are irregularly distributed in the villous stroma and are predominantly thin walled capillaries.	Terme très générique, chapeau d'autres entrées plus précises (stroma réticulaire, stroma fibreux des villosités souches) : granularité incohérente.
FOETO:PP.PLA-NOR-172	Structure vasculaire artérielle ombilicale — architecture normale	BENIRSCHKE	Cordon ombilical — architecture normale des artères ombilicales	structure		oui		oui	oui	benirschke ch16	muscular coat of the arteries consists of a system of crossing spiraled fibers [173, 449, 535].	
FOETO:PP.PLA-NOR-173	Structure vasculaire veineuse ombilicale — architecture normale	BENIRSCHKE	Cordon ombilical — architecture normale de la veine ombilicale	structure		oui		oui	oui	benirschke ch16	The vein, on the other hand, has an elastic subintimal layer (Fig. 16.3).	
FOETO:PP.PLA-NOR-174	Surface basale (maternelle) du placenta	BENIRSCHKE	Plaque basale (anatomie normale)	structure		oui		oui	oui	khong2019 ch2	The basal plate appears as a slight grey-tan sheen on the maternal surface of the more mature placenta	Doublon de « Plaque basale » / « Plaque basale normale » ; le libellé mêle le repère macroscopique (face maternelle) et la structure histologique.
FOETO:PP.PLA-NOR-175	Surface choriale (face fœtale) du placenta	BENIRSCHKE	Plaque choriale (anatomie normale)	structure		oui		oui	oui	benirschke ch10	The chorionic plate of the placenta is the surface that faces the fetus and to which the umbilical cord is attached.	
FOETO:PP.PLA-NOR-176	Syncytiotrophoblaste	BENIRSCHKE	Syncytiotrophoblaste (anatomie normale du villus)	structure		oui		oui	oui	benirschke ch6	They are covered by syncytiotrophoblast, an epithelial surface layer that separates the villous interior from the maternal blood, which flows between the villi.	
FOETO:PP.PLA-NOR-177	Syncytiotrophoblaste villositaire	BENIRSCHKE	Syncytiotrophoblaste (anatomie normale du villus)	structure		oui		oui	oui	benirschke ch3	Syncytiotrophoblast is a terminally differentiated tissue that has lost the capacity to replicate.	Doublon de contenu avec « Syncytiotrophoblaste » : le qualificatif « villositaire » ne distingue pas une entité différente.
FOETO:PP.PLA-NOR-178	Trophoblaste extravilleux	BENIRSCHKE	Trophoblaste extravilleux (anatomie normale)	structure		oui		oui	oui	benirschke ch3	Extravillous trophoblast (Fig. 3.1k) is the generic term for all trophoblast cells located outside the villi: in the chorionic plate, cell islands, septa, basal plate, cell columns	
FOETO:PP.PLA-NOR-179	Trophoblaste extravilleux de la plaque basale	BENIRSCHKE	Plaque basale (anatomie normale) — trophoblaste extravilleux	structure		oui		oui	oui	benirschke ch3	The basal plate is composed of an admixture of extravillous trophoblast cells, decidual cells, uteroplacental vessels	
FOETO:PP.PLA-NOR-180	Trophoblaste extravilleux des membranes	BENIRSCHKE	Chorion laeve — couche trophoblastique (anatomie normale)	structure		oui		oui	oui	benirschke ch15	A highly variable layer of trophoblast cells persists until term. These cells are the only residues of the former villi of the chorion frondosum, intermingled with the trophoblastic residues of the primary chorionic plate and the trophoblastic shell.	
FOETO:PP.PLA-NOR-181	Trophoblaste extravillositaire dans le fibrinoïde	BENIRSCHKE	Fibrinoïde de type matriciel / fibrinoïde de Langhans — trophoblaste extravilleux inclus	structure		oui		oui	oui	benirschke ch10	Abundant scattered or aggregated extravillous trophoblast cells can be seen within the fibrinoid.	Constituant normal du fibrinoïde placé sur un axe lésionnel : ambiguïté entre repère architectural et lésion.
FOETO:PP.PLA-NOR-182	Trophoblaste intermédiaire de type chorionic des membranes	BENIRSCHKE	Trophoblaste extravilleux des membranes — type chorionique (intermédiaire)	structure		non_standard	Trophoblaste intermédiaire de type chorionique des membranes libres	oui	oui	horii2018 ch30	the extravillous trophoblasts in the fetal membranes are indeed often vacuolated and correspond to the chorionic or epithelioid type	Libellé hybride franco-anglais (« type chorionic ») ; terminologie « intermédiaire » supplantée par « extravilleux » dans le corpus.
FOETO:PP.PLA-NOR-183	Trophoblaste villositaire d'aspect normal sans hyperplasie	BENIRSCHKE	Trophoblaste villositaire normal (critère d'exclusion de la môle hydatiforme)	structure		non_standard	Trophoblaste villositaire d'aspect normal	oui	oui	horii2018 ch30	significant trophoblastic hyperplasia and atypia (involving cytotrophoblasts, syncytiotrophoblasts, and extravillous trophoblasts)	Énoncé négatif : « sans hyperplasie » décrit une absence de lésion, pas un objet observable ; à reformuler en constat de normalité.
FOETO:PP.PLA-NOR-184	Vacuolisation des macrophages stromaux villositaires	BENIRSCHKE	Surcharge métabolique placentaire (vacuolisation des cellules de Hofbauer)	manifestation		oui		oui	oui	khong2019 ch20	stromal Hofbauer cell vacuolation, often in association with fetal growth restriction or fetal hydrops	
FOETO:PP.PLA-NOR-185	Vaisseaux chorioniques de la plaque choriale	BENIRSCHKE	Vaisseaux de la plaque choriale (anatomie normale)	structure		oui		oui	oui	khong2019 ch2	The chorionic plate vasculature appears as muscular vessels within the connective tissue	
FOETO:PP.PLA-NOR-186	Vaisseaux vitellins résiduels du cordon	BENIRSCHKE	Reliquats embryonnaires du cordon — vaisseaux vitellins	structure		oui		oui	oui	khong2019 ch51	Frequently, paired or clustered vitelline vessels (without muscular walls) will be associated with duct remnants.	
FOETO:PP.PLA-NOR-187	Variabilité de forme placentaire (index de forme)	BENIRSCHKE	Forme placentaire — morphométrie macroscopique	structure		non_standard	Forme du disque placentaire — index de forme (rapport périmètre/aire)	oui	oui	khong2019 ch5	The chorionic surface shape is quantified by its area in cm2 and by the ratio of its perimeter to its area.	Paramètre morphométrique continu et non entité observable : ni lésion ni structure, granularité incohérente avec le reste du vocabulaire.
FOETO:PP.PLA-NOR-188	Veine ombilicale — lame élastique interne	BENIRSCHKE	Vaisseaux ombilicaux — architecture normale (veine ombilicale)	structure		oui		oui	oui	benirschke ch16	Elastic tissue stain (right) shows the internal elastica of the umbilical vein and absence in both arteries.	
FOETO:PP.PLA-NOR-189	Vernix caseosa sous-amniotique	BENIRSCHKE	Vernix dissecans (dissection sous-amniotique du vernix caseosa)	manifestation		oui		oui	oui	benirschke ch15	Vernix caseosa is a lipid-rich substance produced in part by fetal sebaceous glands in the fetal skin in the last trimester of pregnancy and often dissects underneath the amnion [205].	
FOETO:PP.PLA-NOR-190	Villi fantômes du chorion lisse	BENIRSCHKE	Anatomie normale des membranes — chorion laeve (ghost villi)	structure		non_standard	Villosités fantômes du chorion laeve	oui	oui	benirschke ch15	The following layer of extravillous trophoblast cells (T) is irregularly studded with atrophic “ghost villi” (V).	Libellé hybride latin/français ; vestige villositaire physiologique du chorion laeve, à décrire comme repère architectural et non comme lésion
FOETO:PP.PLA-NOR-191	Villosité d'ancrage	BENIRSCHKE	Anatomie normale — villosité d'ancrage et colonne cellulaire	structure		oui		oui	oui	benirschke ch3	Anchoring villi are villi that are connected to the basal plate (Fig. 3.1h and i) via cell columns. They stabilize the position of the villous trees in the maternal intervillous bloodstream.	
FOETO:PP.PLA-NOR-192	Villosité intermédiaire immature	VOGEL	Maturation villositaire normale — villosité intermédiaire immature	structure		oui		oui	oui	benirschke ch7	most of the villi measuring between 100 and 400 μm have the typical reticular appearance of immature intermediate villi	Doublon de granularité avec la forme plurielle « Villosités intermédiaires immatures »
FOETO:PP.PLA-NOR-193	Villosité intermédiaire mature	VOGEL	Maturation villositaire normale — villosité intermédiaire mature	structure		oui		oui	oui	benirschke ch9	Mature intermediate villi serve as junctional segments between peripheral stem villi and the majority of terminal villi. Their vessels are direct continuations of the smallest stem villous vessels	Doublon de granularité avec la forme plurielle « Villosités intermédiaires matures »
FOETO:PP.PLA-NOR-194	Villosité mésenchymateuse	VOGEL	Maturation villositaire normale — villosité mésenchymateuse	structure		oui		oui	oui	benirschke ch7	Mesenchymal villi (Fig. 7.2) are the most primitive. They are most common during the early stages of pregnancy, and are the forerunners of immature intermediate villi.	Doublon de granularité avec la forme plurielle « Villosités mésenchymateuses »
FOETO:PP.PLA-NOR-195	Villosité souche	VOGEL	Maturation villositaire normale — villosité souche	structure		oui		oui	oui	benirschke ch7	Stem villi serve to mechanically support the villous trees.	
FOETO:PP.PLA-NOR-196	Villosité terminale	VOGEL	Maturation villositaire normale — villosité terminale	structure		oui		oui	oui	benirschke ch9	The descriptive name “terminal villus” is used for those villi that contain no vessels other than capillaries and sinusoids and in which the vascular lumens comprise at least one-half of the stromal volume [160].	
FOETO:PP.PLA-NOR-197	Villosités d'ancrage dans la plaque basale	BENIRSCHKE	Anatomie normale — villosité d'ancrage et colonne cellulaire	structure		oui		oui	oui	benirschke ch3	Anchoring villi can be seen attached to the septa, and are likely formed by infolding of the basal plate.	Redondant avec « Villosité d'ancrage » : la localisation dans la plaque basale est constitutive de la définition, elle ne fonde pas un terme distinct
FOETO:PP.PLA-NOR-198	Villosités intermédiaires en proportion augmentée	AMSTERDAM	DVM — retard de maturation villositaire (immaturité villositaire distale)	manifestation		non_standard	Retard de maturation villositaire (villosités intermédiaires de type mature périphérique persistantes)	oui	oui	benirschke ch19	Delayed villous maturation is characterized by medium-sized intermediate villi of peripheral mature type along with stem villi.	Libellé quantitatif flou : ni le type de villosité intermédiaire (immature/mature) ni le seuil ni l'âge gestationnel de référence ne sont précisés
FOETO:PP.PLA-NOR-199	Villosités intermédiaires immatures	VOGEL	Maturation villositaire normale — villosité intermédiaire immature	structure		oui		oui	oui	khong2019 ch2	Immature intermediate villi are recognisable	Doublon singulier/pluriel avec « Villosité intermédiaire immature »
FOETO:PP.PLA-NOR-200	Villosités intermédiaires immatures — aspect histologique	VOGEL	Maturation villositaire normale — villosité intermédiaire immature	structure		non_standard	Villosités intermédiaires immatures	oui	oui	benirschke ch7	most of the villi measuring between 100 and 400 μm have the typical reticular appearance of immature intermediate villi	Le suffixe « aspect histologique » est purement descriptif et crée un triplet redondant avec les deux autres libellés du même concept
FOETO:PP.PLA-NOR-201	Villosités intermédiaires matures	VOGEL	Maturation villositaire normale — villosité intermédiaire mature	structure		oui		oui	oui	vogel ch1	Intermediate villi of the mature peripheral type are elongated villi with a loose,	Doublon singulier/pluriel avec « Villosité intermédiaire mature »
FOETO:PP.PLA-NOR-202	Villosités intermédiaires matures — aspect histologique	VOGEL	Maturation villositaire normale — villosité intermédiaire mature	structure		non_standard	Villosités intermédiaires matures	oui	oui	benirschke ch9	Mature intermediate villi serve as junctional segments between peripheral stem villi and the majority of terminal villi.	Le suffixe « aspect histologique » n'ajoute aucun contenu factorisable et duplique le terme sans suffixe
FOETO:PP.PLA-NOR-203	Villosités mésenchymateuses	VOGEL	Maturation villositaire normale — villosité mésenchymateuse	structure		oui		oui	oui	benirschke ch3	Mesenchymal villi (see Chap. 7) are numerous as they are the germinative zone of the placenta, and form as branches of the immature intermediate villi.	Doublon singulier/pluriel avec « Villosité mésenchymateuse »
FOETO:PP.PLA-NOR-204	Villosités mésenchymateuses — aspect histologique	VOGEL	Maturation villositaire normale — villosité mésenchymateuse	structure		non_standard	Villosités mésenchymateuses	oui	oui	benirschke ch7	Mesenchymal villi have a thick trophoblastic covering, and cytotrophoblast cells are interposed between syncytium and the trophoblastic basal lamina over 50–100% of the surface.	Le suffixe « aspect histologique » est descriptif et redondant avec le terme sans suffixe
FOETO:PP.PLA-NOR-205	Villosités souches (villi souches)	VOGEL	Villosité souche (maturation villositaire normale)	structure		oui		oui	oui	benirschke ch9	In larger immature intermediate villi, the adventitia of arteries and veins fuse, thereby forming a fibrosed stromal core within the villus.	
FOETO:PP.PLA-NOR-206	Villosités souches — aspect histologique	VOGEL	Villosité souche (maturation villositaire normale)	structure		non_standard	Villosité souche	oui	oui	benirschke ch9	In parallel, the superficial, subtrophoblastic capillary net becomes rarified into a few largely unbranched paravascular capillaries	Le qualifieur « aspect histologique » n'apporte aucun contenu factorisable : doublon descriptif de « Villosités souches ».
FOETO:PP.PLA-NOR-207	Villosités terminales	VOGEL	Villosité terminale (maturation villositaire normale)	structure		oui		oui	oui	benirschke ch3	Terminal villi are the grapelike side branches of the mature intermediate villi (see Chap. 7).	
FOETO:PP.PLA-NOR-208	Villosités terminales — aspect histologique	VOGEL	Villosité terminale (maturation villositaire normale)	structure		non_standard	Villosité terminale	oui	oui	benirschke ch3	The dominating structures within the loose stroma are sinusoidally dilated and highly coiled fetal capillaries.	Libellé génériquement descriptif (« aspect histologique »), redondant avec « Villosités terminales ».
FOETO:PP.PLA-NOR-209	Villosités élargies à aspect en patte	VOGEL	AVM — arrêt de maturation villositaire	manifestation		oui		oui	oui	vogel ch11	villous maturation arrest with paw-like villi (70 %),	Le libellé décrit un phénotype villositaire (villosités en patte) sans dire qu'il manifeste un arrêt de maturation ; se voit aussi dans la villosité diabétique.
FOETO:PP.PLA-NOR-210	Vésicules extracellulaires trophoblastiques (exosomes / microvésicules)	HORS_REFERENTIEL		hors		non_standard		oui	oui	benirschke ch31	Extracellular vesicles (EVs) are nonnucleated structures bound by a lipid bilayer and released from all cell types in an evolutionarily conserved process.	Entité de recherche ultrastructurale/biologique (biomarqueurs circulants), non observable en microscopie optique de routine : aucun référentiel diagnostique ne la code.
FOETO:PP.PLA-NOR-211	Zone d'altération morphologique des membranes (zone cervicale)	BENIRSCHKE	Zone d'altération morphologique des membranes (zone de faiblesse sus-cervicale)	structure		oui		oui	oui	benirschke ch15	absence of decidua, and edematous swelling of connective tissue (“zone of altered morphology”)	Le libellé reste vague sur la nature de l'altération (réduction du trophoblaste, absence de décidue, œdème du tissu conjonctif).
FOETO:PP.PLA-NOR-212	Zone jonctionnelle (zone de décollement placentaire)	BENIRSCHKE	Plaque basale / zone jonctionnelle (anatomie normale)	structure		oui		oui	oui	benirschke ch2	degenerative processes within the junctional zone that led to	
FOETO:PP.PLA-NOR-213	Épaississement de la membrane basale trophoblastique et vasculaire	BENIRSCHKE	Placenta du diabète maternel (« villosité diabétique »)	manifestation		oui		oui	oui	benirschke ch20	thicker trophoblastic and endothelial basal laminas (gray)	Libellé composite : réunit deux sites distincts (membrane basale trophoblastique et membrane basale vasculaire/endothéliale).
FOETO:PP.PLA-NOR-214	Épaississement du syncytiotrophoblaste	BENIRSCHKE	Placenta du diabète maternel (« villosité diabétique »)	manifestation		oui		oui	oui	benirschke ch20	thicker syncytiotrophoblast (Fig. 20.10), increased numerical	
FOETO:PP.PLA-NOR-215	Épithélium amniotique	BENIRSCHKE	Amnios (anatomie normale des membranes)	structure		oui		oui	oui	benirschke ch15	The amnionic epithelium is a highly variable tissue	
FOETO:PP.PLA-NOR-216	Épithélium amniotique cubique à cylindrique	BENIRSCHKE	Amnios (anatomie normale des membranes)	structure		oui		oui	oui	benirschke ch16	The latter continues developing into the simple columnar to cuboidal epithelium of the placental amnionic surface.	Redondant avec « Épithélium amniotique » : simple qualifieur descriptif de normalité.
FOETO:PP.PLA-NOR-217	Équateur vasculaire placentaire (jumeaux monochorioniques)	GEMELLAIRE	Chorionicité / équateur vasculaire du placenta monochorionique	structure		oui		oui	oui	benirschke ch18	Vascular equator of a DiMo twin placenta to show A-A and	
FOETO:PP.PLA-NOR-218	Érythroblastes dans les vaisseaux fœtaux villositaires	AMSTERDAM	Érythroblastes circulants augmentés	manifestation		non_standard	Érythroblastes circulants augmentés (vaisseaux villositaires fœtaux)	oui	oui	benirschke ch23	increased numbers of nucleated red blood cells in the fetal circulation	Énoncé de simple présence : l'entité codée est l'AUGMENTATION des érythroblastes circulants, le libellé n'en porte pas le seuil.
FOETO:PP.PLA-NOR-219	Érythrocytes nucléés dans la circulation villositaire fœtale	AMSTERDAM	Érythroblastes circulants augmentés	manifestation		non_standard	Érythroblastes circulants augmentés (vaisseaux villositaires fœtaux)	oui	oui	khong2019 ch26	Erythroblasts, normoblasts, or normocytes [5].	Doublon strict de PP.PLA-NOR-218 (érythroblaste = érythrocyte nucléé) ; de plus classé en axe maturation alors qu'il s'agit de la même observation hématologique.
FOETO:PP.PLA-NOR-220	Érythropoïèse extramédullaire stromale	BENIRSCHKE	Hématopoïèse extramédullaire placentaire (villosités)	manifestation		oui		oui	oui	benirschke ch23	Extramedullary erythropoiesis in the villous stroma.	Terme rangé en "placenta normal" alors que l'hématopoïèse extramédullaire villositaire à terme est un signe pathologique (anémie/hypoxie fœtale).
FOETO:PP.PLA-NOR-221	Îlot cellulaire trophoblastique	BENIRSCHKE	Îlot cellulaire trophoblastique (anatomie normale)	structure		oui		oui	oui	benirschke ch7	Cell islands are macroscopically round or irregularly shaped structures at the tips of floating villi or occasionally attached to the chorionic plate.	
FOETO:PP.PLA-NOR-222	Îlots cellulaires trophoblastiques	BENIRSCHKE	Îlot cellulaire trophoblastique (anatomie normale)	structure		non_standard	Îlot cellulaire trophoblastique	oui	oui	khong2019 ch2	Cell islands consist of extravillous cytotrophoblast cells and fibrinoid matrix, often with cyst formation	Doublon strict de PP.PLA-NOR-221 (simple variante de nombre) : à fusionner.
FOETO:PP.PLA-NOR-223	Îlots de fibrinoïde avec trophoblastes extravilleux augmentés	BENIRSCHKE	Îlots de fibrinoïde avec trophoblaste extravilleux augmentés (X-cells)	manifestation		oui		oui	oui	benirschke ch19	increased islands of fibrinoid with extravillous trophoblast (so-called X-cells), placental cysts, chorion laeve cysts, membranous decidual necrosis, and superficial implantation	Siège non précisé (plancher basal vs intraparenchymateux) ; lésion explicitement écartée des critères MVM par le consensus d'Amsterdam, d'où le rattachement hors Amsterdam.
FOETO:PP.PLA-NOR-224	Œdème de la gelée de Wharton	BENIRSCHKE	Œdème du cordon ombilical (gelée de Wharton)	manifestation		oui		oui	oui	benirschke ch16	Marked edema in the umbilical cord of a normal newborn infant.	Classé en "placenta normal" alors qu'il s'agit d'une anomalie funiculaire ; Amsterdam ne code pas l'œdème du cordon.
FOETO:PP.PLA-RET-001	Augmentation des nœuds syncytiaux post-mortem	BENIRSCHKE	Modifications placentaires post-mortem (rétention in utero)	manifestation		oui		non	non			Libellé composite : mêle une lésion d'Amsterdam (nœuds syncytiaux/Tenney-Parker, MVM) et un artefact de rétention post-mortem ; risque de faux positif de MVM.
FOETO:PP.PLA-RET-002	Augmentation des érythroblastes intravasculaires	AMSTERDAM	Érythroblastes circulants augmentés	manifestation		oui		oui	oui	benirschke ch23	Marked villous vascular distension and numerous erythroblasts in the fetal circulation	Siège vasculaire non précisé (circulation fœtale villositaire présumée) et redondance avec plusieurs termes du vocabulaire ("Hématies nucléées dans les vaisseaux villositaires", "Érythroblastes fœtaux en excès dans la circulation placentaire").
FOETO:PP.PLA-RET-003	Decoloration du cordon ombilical brun ou rouge (Genest)	BENIRSCHKE	Datation de la mort fœtale in utero (critères de Genest)	critere		non_standard	Décoloration brune ou rouge du cordon ombilical (critère de datation de Genest)	non	non			Faute d'accent ("Decoloration") et éponyme intégré au libellé ; critère macroscopique de datation, à séparer de l'axe lésionnel.
FOETO:PP.PLA-RET-004	Fibrose stromale villositaire diffuse (macération)	VOGEL	Fibrose stromale villositaire (troubles circulatoires fœtaux)	manifestation		oui		oui	oui	vogel ch6	Stromal fibrosis is an increase in the collagenous tissue content, and a reduction of the number of capillaries in the intermediate and terminal villi.	Libellé composite : associe la lésion (fibrose stromale diffuse) et son contexte causal (macération post-mortem), qui relèvent de deux axes distincts.
FOETO:PP.PLA-RET-005	Hémosidérose chorioamniotique diffuse chronique	BENIRSCHKE	Hémosidérose chorio-amniotique diffuse (décollement périphérique chronique)	manifestation		oui		oui	oui	khong2019 ch41	Haemosiderin deposition can be observed not only in the extraplacental membranes but also in the chorionic plate and basal plate.	Entité non codée par Amsterdam ; doublon partiel avec "Dépôts d'hémosidérine dans les membranes" et "Hémosidérose membranaire placentaire".
FOETO:PP.PLA-RET-006	Karyorrhexie stromale-vasculaire villositaire	AMSTERDAM	FVM — malperfusion vasculaire fœtale	critere		non_standard	Caryorrhexie vasculo-stromale villositaire	oui	oui	amsterdam ch1	Villous stromal-vascular karyorrhexis: karyorrhexis of fetal cells with preservation of surrounding trophoblast	Graphie non francisée ("Karyorrhexie") ; trois variantes du même critère coexistent dans le vocabulaire.
FOETO:PP.PLA-RET-007	Karyorrhexis intravasculaire villositaire	BENIRSCHKE	Datation de la mort fœtale in utero (critères de Genest)	critere		non_standard	Caryorrhexie intravasculaire villositaire (signe post-mortem)	oui	oui	khong2019 ch25	Genest and colleagues described the sequence and extent of stem villous and distal villous changes that correlate with the in utero demise to delivery interval.	Graphie "Karyorrhexis" non francisée ; sans mention du contexte post-mortem, confusion possible avec la caryorrhexie vasculo-stromale d'Amsterdam (FVM).
FOETO:PP.PLA-RET-008	Karyorrhexis intravasculaire villositaire (Genest)	BENIRSCHKE	Datation de la mort fœtale in utero (critères de Genest)	critere		non_standard	Caryorrhexie intravasculaire villositaire (signe post-mortem)	oui	oui	khong2019 ch25	Genest and colleagues described the sequence and extent of stem villous and distal villous changes that correlate with the in utero demise to delivery interval.	Doublon de PP.PLA-RET-007, l'éponyme étant simplement ajouté au libellé : à fusionner.
FOETO:PP.PLA-RET-009	Macrophages chargés de méconium dans la décidua maternelle	AMSTERDAM	Méconium (macrophages chargés de méconium)	manifestation		oui		oui	oui	amsterdam ch1	A meconium-laden macrophage is seen in the amnion, whereas there is columnar metaplasia of the amniotic epithelium	Le siège décidual encode implicitement une durée d'exposition (profondeur de migration des macrophages) : information de datation non explicitée dans le libellé.
FOETO:PP.PLA-RET-010	Minéralisation de la membrane basale villositaire trophoblastique	BENIRSCHKE	Minéralisation de la membrane basale trophoblastique	manifestation		oui		oui	oui	khong2019 ch19	Light microscopic examination reveals fine linear or stippled basophilic discolouration along the TBM.	Discordance français/anglais : le libellé anglais ajoute l'épaississement de la membrane basale, ce qui en fait un énoncé composite (deux lésions distinctes).
FOETO:PP.PLA-RET-011	Nécrose de l'épithélium amniotique (jumeau décédé)	BENIRSCHKE	Dégénérescence de l'amnios de la membrane de séparation après mort d'un jumeau	manifestation		oui		oui	oui	benirschke ch15	the ipsilateral amnion in the “dividing membrane” degenerated following the death of one fetus	Le contexte (mort du co-jumeau) est enchâssé dans le libellé ; le corpus décrit une dégénérescence plutôt qu'une nécrose vraie.
FOETO:PP.PLA-RET-012	Obliteration vasculaire villositaire et fibrose villeuse terminale (extensive) (Genest)	AMSTERDAM	FVM — malperfusion vasculaire fœtale	manifestation		non_standard	Oblitération des vaisseaux de villosités tronculaires + fibrose des villosités distales (étendue)	oui	oui	khong2019 ch25	Genest and colleagues described the sequence and extent of stem villous and distal villous changes that correlate with the in utero demise to delivery interval.	Libellé composite (deux lésions élémentaires distinctes), éponyme et extension aplatis dans le nom ; contexte post-mortem, où Amsterdam déconseille de retenir un diagnostic de FVM au-delà de 48 h de rétention.
FOETO:PP.PLA-RET-013	Oblitération luminale des vaisseaux villositaires de gros calibre	AMSTERDAM	FVM — malperfusion vasculaire fœtale	critere		non_standard	Oblitération des vaisseaux de villosités tronculaires (sclérose fibromusculaire)	oui	oui	amsterdam ch1	In stem vessel obliteration there is marked thickening of the vessel wall and resultant obliteration of the vascular lumen	« vaisseaux villositaires de gros calibre » est imprécis : le terme consensuel désigne les vaisseaux de villosités tronculaires (stem vessels).
FOETO:PP.PLA-RET-014	Prolifération cytotrophoblastique réactionnelle post-mortem	HORS_REFERENTIEL		hors		non_standard	Persistance / excès de cytotrophoblaste villositaire	oui	oui	khong2019 ch18	Given that hypoxia induces cytotrophoblast proliferation, it is not surprising that an excessive number of villous cytotrophoblastic cells,	Aucun référentiel ne code une prolifération cytotrophoblastique post-mortem ; il n'existe pas de définition consensuelle de l'excès de cytotrophoblaste, et le siège (villositaire ou extravilleux) n'est pas précisé.
FOETO:PP.PLA-RET-015	Pseudovasculite du cordon ombilical	BENIRSCHKE	Pseudovasculite (lésions dégénératives simulant une inflammation, Genest)	manifestation		oui		oui	oui	benirschke ch25	Genest et al. [21] introduced the term “pseudovasculitis” for lesions seen in early pregnancy that were, or might be, confused with real inflammation.	Libellé par analogie (aspect trompeur) : désigne un piège diagnostique dégénératif, non une lésion inflammatoire.
FOETO:PP.PLA-RET-016	Septation fibroblastique et obliteration luminale des vaisseaux villositaires souches (multifocal) (Genest)	AMSTERDAM	FVM — malperfusion vasculaire fœtale	manifestation		non_standard	Septation fibroblastique intraluminale des vaisseaux de villosités tronculaires (multifocale)	oui	oui	khong2019 ch25	Stem villous obliteration, intermediate, with intraluminal bland fibroblast ingrowth imparting septation that appears as “recanalization”	Éponyme (Genest) non factorisable et contexte post-mortem enchâssés dans le libellé ; doublon de forme avec PP.PLA-RET-017.
FOETO:PP.PLA-RET-017	Septoïsation fibroblastique villositaire multifocale	AMSTERDAM	FVM — malperfusion vasculaire fœtale	manifestation		non_standard	Septation fibroblastique des vaisseaux de villosités tronculaires (multifocale)	oui	oui	khong2019 ch25	luminal septation, giving the appearance of “recanalization”	« Septoïsation villositaire » est impropre : la septation siège dans la lumière des vaisseaux tronculaires, pas dans la villosité ; doublon de PP.PLA-RET-016.
FOETO:PP.PLA-TUM-001	Adénome hépatocellulaire placentaire	BENIRSCHKE	Hétérotopie hépatique placentaire (dite adénome hépatocellulaire)	synonyme		non_standard	Hétérotopie hépatique placentaire (« adénome hépatocellulaire »)	oui	oui	benirschke ch30	evidence of neoplastic growth is lacking and no malignant sequelae have been reported	Le libellé affirme une tumeur alors que le corpus retient une hétérotopie sans preuve de croissance néoplasique.
FOETO:PP.PLA-TUM-002	Calcification d'un chorangiome	BENIRSCHKE	Chorangiome	manifestation		oui		oui	oui	benirschke ch30	mother and infant did not suffer any known deleterious consequences from the 6.5 × 4.0 × 3.0 cm, focally calcified tumor	Modification secondaire d'une tumeur, non entité autonome : granularité inférieure à celle de l'entité chorangiome.
FOETO:PP.PLA-TUM-003	Cellules anormales dans l'espace intervillositaire	BENIRSCHKE	Métastase placentaire d'origine maternelle (infiltrat de l'espace intervilleux)	manifestation		non_standard	Cellules tumorales étrangères dans l'espace intervilleux (métastase maternelle)	oui	oui	khong2019 ch31	The tumour deposits lack vascularisation and can be confused with (intermediate) trophoblast	Libellé fourre-tout : la nature des cellules n'est pas précisée (métastase, leucémie, trophoblaste intermédiaire).
FOETO:PP.PLA-TUM-004	Cellules tumorales non hématopoïétiques dans la circulation fœtale placentaire	BENIRSCHKE	Métastase placentaire d'origine fœtale (cellules tumorales dans la circulation fœtale)	manifestation		oui		oui	oui	benirschke ch23	Circulating non-hematopoietic cells in fetal blood Neuroblastoma, hepatoblastoma, other fetal tumors	
FOETO:PP.PLA-TUM-005	Chorangiocarcinome placentaire	BENIRSCHKE	Chorangiocarcinome	synonyme		oui		oui	oui	benirschke ch30	Huang et al. [70] reported the first case of a chorangiocarcinoma with maternal metastasis documented by pulmonary CT scan and elevated serum beta-hCG.	
FOETO:PP.PLA-TUM-006	Chorangiome avec prolifération trophoblastique	BENIRSCHKE	Chorangiome — variantes	manifestation		oui		oui	oui	benirschke ch30	chorangioendothelioma, atypical chorangioma, cellular chorangioma, atypical cellular chorangioma, chorangioma with trophoblastic proliferation, and chorangiocarcinoma.	Variante de chorangiome à distinguer du chorangiocarcinome : le libellé n'indique pas l'absence d'atypies, qui fait toute la différence pronostique.
FOETO:PP.PLA-TUM-007	Chorangiome myxoïde	BENIRSCHKE	Chorangiome — variantes	manifestation		oui		oui	oui	benirschke ch30	When Wharton’s jelly-like material participates in the formation of the tumor, the appearance is that of a myxomatous neoplasm	Sous-type morphologique sans portée clinique reconnue : granularité plus fine que l'entité chorangiome.
FOETO:PP.PLA-TUM-008	Chorangiome à stroma fibreux	BENIRSCHKE	Chorangiome — variantes	manifestation		oui		oui	oui	benirschke ch30	At times, the stromal component will be abundant, and the lesion will consequently resemble a fibroma	Sous-type morphologique sans portée clinique reconnue ; recouvrement avec le « fibrome » placentaire.
FOETO:PP.PLA-TUM-009	Chorangiose focale	BENIRSCHKE	Chorangiose (focale)	manifestation		oui		oui	oui	benirschke ch30	We use the term “focal chorangiosis” to describe these cases [139].	
FOETO:PP.PLA-TUM-010	Chorangiose placentaire	AMSTERDAM	Chorangiose	synonyme		oui		oui	oui	benirschke ch30	He defined chorangiosis as more than 10 capillaries in more than 10 terminal villi in at least 10 different microscopic fields viewed with the 10× objective in three non-infarcted/ non-ischemic areas of the placenta.	
FOETO:PP.PLA-TUM-011	Chorioangiome	BENIRSCHKE	Chorangiome	synonyme		non_standard	Chorangiome placentaire	oui	oui	benirschke ch30	Chorangiomas arise within a single stem villus and thus are invariably covered by trophoblast	« Chorioangiome » est une variante orthographique ancienne du même terme ; doublon de « Chorangiome placentaire ».
FOETO:PP.PLA-TUM-012	Congestion villositaire	BENIRSCHKE	Congestion villositaire (diagnostic différentiel de la chorangiose)	manifestation		oui		oui	oui	benirschke ch30	Placental villous congestion is particularly prominent with uncontrolled diabetes and, in our experience, it may mask chorangiosis if one is not careful	Doublon de « Congestion vasculaire villositaire » (PP.PLA-VAS-002) ; terme classé à tort dans le groupe tumoral.
FOETO:PP.PLA-TUM-013	Hématopoïèse extramédullaire dans le tissu hépatique ectopique placentaire	BENIRSCHKE	Hétérotopie hépatique placentaire (tissu hépatique ectopique)	manifestation		oui		oui	oui	benirschke ch30	with cells resembling hepatocytes but without portal tracts, bile pigment, central veins, or bile duct structures (Fig. 30.14). Extramedullary hematopoiesis may be pres- ent, as noted above.	Libellé composite : associe une lésion élémentaire (hématopoïèse extramédullaire) à une hétérotopie tissulaire.
FOETO:PP.PLA-TUM-014	Hémosidérose stromale placentaire	BENIRSCHKE	Hémosidérose placentaire	manifestation		non_standard	Hémosidérose villositaire (granules d'hémosidérine dans les villosités)	oui	oui	khong2019 ch41	Placental hae- mosiderosis is a wider term than choriodecidual haemosiderosis as iron deposition can be revealed in mineralization of basement membranes of chorionic villi or haemosiderin granules in the villi.	Le libellé situe la lésion au « stroma placentaire » sans préciser villositaire ou membranaire : siège ambigu.
FOETO:PP.PLA-TUM-015	Infarctus de chorangiome	BENIRSCHKE	Chorangiome	manifestation		oui		oui	oui	benirschke ch30	Partially infarcted 1-cm chorangioma underneath the chori-­onic surface of an otherwise normal, mature placenta.	
FOETO:PP.PLA-TUM-016	Léiomyome placentaire	BENIRSCHKE	Léiomyome intraplacentaire (tumeur musculaire lisse)	synonyme		oui		oui	oui	benirschke ch30	There are two older reports of primary smooth muscle tumors of the placenta (Misselevich 1989, Tapia 1985). Both were benign leiomyomas, one of the fetal membranes, thought to be arising in the chorion	
FOETO:PP.PLA-TUM-017	Prolifération endothéliale intravasculaire dans les chorangiomes	BENIRSCHKE	Chorangiome — variantes (chorangioendothéliome)	critere		oui		oui	oui	benirschke ch30	numerous vascular spaces with endothelial lin- ing were present, often showing proliferation and budding into the lumina	
FOETO:PP.PLA-TUM-018	Thrombose intratumorale d'un chorangiome	BENIRSCHKE	Chorangiome	manifestation		oui		oui	oui	vogel ch10	necrosis, thrombosis, hemorrhage, hemosiderin deposition and calcification. Chor- angiomas spread and compress adjacent parenchyma.	
FOETO:PP.PLA-TUM-019	Thrombose vasculaire chronique dans les chorangiomes	BENIRSCHKE	Chorangiome	manifestation		oui		oui	oui	benirschke ch30	Chorangiomas have been associated with chronic vascu- lar thrombi and elevated NRBCs in the fetal circulation.	Doublon partiel de « Thrombose intratumorale d'un chorangiome », la seule différence étant le qualifieur chronique.
FOETO:PP.PLA-TUM-020	Tissu surrénalien cortical ectopique placentaire	BENIRSCHKE	Hétérotopie surrénalienne placentaire	structure		oui		oui	oui	benirschke ch30	Heterotopic adrenal cortical tissue has also been described. Guschmann et al. [62] described a 2-mm nodule in the twin placenta of a mosaic Turner syndrome patient and interpreted it as a heterotopic adrenal lesion.	Anomalie de siège tissulaire (hétérotopie) : ni lésion élémentaire ni entité tumorale.
FOETO:PP.PLA-TUM-021	Tératome placentaire	BENIRSCHKE	Tératome placentaire	synonyme		oui		oui	oui	benirschke ch30	Placental teratomas have also been rarely described, most recently in 2012 by Prashanth.	
FOETO:PP.PLA-VAS-001	Atrophie et fibrose villositaires par obstruction vasculaire fœtale	AMSTERDAM	FVM — malperfusion vasculaire fœtale (villosités avasculaires / atrophie villositaire d'aval)	manifestation		non_standard	Villosités avasculaires atrophiques et fibreuses (malperfusion vasculaire fœtale)	oui	oui	benirschke ch22	If the thrombi have been occlu- sive for a prolonged time, the entire downstream villous tree may become avascular and atrophy and undergo fibrosis	Libellé composite : deux lésions élémentaires (atrophie, fibrose stromale) plus un mécanisme causal désignant la FVM sans la nommer.
FOETO:PP.PLA-VAS-002	Congestion vasculaire villositaire	AMSTERDAM	Congestion vasculaire villositaire (diagnostic différentiel de l'hémorragie intravillositaire)	manifestation		oui		oui	oui	khong2019 ch23	It should not be confused with congestion of fetal vessels where there is no haemorrhage within the stroma (Fig. 23.2).	Doublon de « Congestion villositaire » (PP.PLA-TUM-012).
FOETO:PP.PLA-VAS-003	Congestion villositaire par obstruction vasculaire fœtale récente	AMSTERDAM	FVM — malperfusion vasculaire fœtale, pattern global	manifestation		non_standard	Congestion villositaire (malperfusion vasculaire fœtale globale)	oui	oui	benirschke ch34	a finding referred to as vascular ectasia and villous congestion respectively	Le libellé porte le mécanisme causal supposé et sa chronologie plutôt que la lésion observée ; la congestion villositaire est peu spécifique.
FOETO:PP.PLA-VAS-004	Dépôt de fibrine intramural dans les grands vaisseaux placentaires	AMSTERDAM	FVM — dépôt de fibrine intramural (pattern global)	critere		oui		oui	oui	amsterdam ch1	Intramural fibrin deposition in a large main stem vessel (hematoxylin-eosin, original magnification 34).	« Grands vaisseaux placentaires » ne distingue pas vaisseau de la plaque choriale et vaisseau de villosité tronculaire, distinction pourtant faite par le consensus.
FOETO:PP.PLA-VAS-005	Dépôt de fibrine périvillositaire massive (infarctus du plancher maternel)	AMSTERDAM	MPFD / MFI — dépôt massif de fibrinoïde périvillositaire / infarctus du plancher maternel	synonyme		non_standard	Dépôt massif de fibrinoïde périvillositaire (MPFD)	oui	oui	khong2019 ch8	authors feel that maternal floor infarction and massive perivillous fibrinoid deposition are final common pathways of different processes in the placenta.	Libellé composite : il fusionne deux entités définies séparément (MPFD, >50 % du parenchyme, et MFI, fibrinoïde sur ≥ 3 mm au-dessus de la plaque basale) et emploie « fibrine » pour « fibrinoïde ».
FOETO:PP.PLA-VAS-006	Dépôt périvillositaire de fibrinoïde	AMSTERDAM	Dépôt de fibrinoïde périvillositaire (spectre MPFD)	manifestation		oui		oui	oui	khong2019 ch8	Fibrinoid material occupies the perivillous space.	Terme non quantifié : un dépôt périvillositaire minime est physiologique, seule l'extension (25-50 %, >50 %) le rend pathologique.
FOETO:PP.PLA-VAS-007	Ectasie vasculaire des troncs villositaires (VTF stade précoce)	AMSTERDAM	FVM — ectasie vasculaire (pattern global)	manifestation		obsolete	Ectasie vasculaire des vaisseaux de villosités tronculaires (FVM globale)	oui	oui	amsterdam ch1	Vascular ectasia: the luminal diameter of the chorionic vessel is more than four times that of the adjacent vessels	Le sigle « VTF » (vasculopathie thrombotique fœtale) est obsolète depuis Amsterdam ; « stade précoce » aplatit une chronologie non codifiée dans le nom de la lésion.
FOETO:PP.PLA-VAS-008	Ectasie vasculaire fœtale placentaire	AMSTERDAM	FVM — ectasie vasculaire (pattern global)	manifestation		oui		oui	oui	amsterdam ch1	Vascular ectasia: the luminal diameter of the chorionic vessel is more than four times that of the adjacent vessels	Siège non précisé (plaque choriale ou villosité tronculaire) ; doublon de contenu avec PP.PLA-VAS-007.
FOETO:PP.PLA-VAS-009	Fibrine intervilleuse augmentée	AMSTERDAM	MVM — malperfusion vasculaire maternelle (dépôt de fibrine intervilleuse accompagnant la maturation accélérée)	manifestation		oui		oui	oui	amsterdam ch1	Accelerated villous maturation: there is a combination of areas with increased syncytial knots and intervillous fibrin deposition	Frontière floue avec le dépôt périvillositaire de fibrinoïde (PP.PLA-VAS-006) : « fibrine intervilleuse » et « fibrinoïde périvillositaire » sont utilisés de façon interchangeable dans la littérature.
FOETO:PP.PLA-VAS-010	Grands foyers de villosités avasculaires	AMSTERDAM	FVM — villosités avasculaires (pattern segmentaire)	critere	grands foyers (> 10 villosités)	non_standard	Villosités avasculaires — grands foyers (> 10 villosités)	oui	oui	amsterdam ch1	Intermediate foci are 5 to 10 villi, and large foci are more than 10 villi (Figure 22).	Gradation (extension des foyers) aplatie dans le nom de la lésion ; l'axe extension des foyers ne doit pas être confondu avec le grade bas/haut de la FVM.
FOETO:PP.PLA-VAS-011	Hématome d'infarction placentaire	AMSTERDAM	Infarction hematoma — hématome d'infarctus	synonyme		non_standard	Hématome d'infarctus (infarction hematoma)	oui	oui	amsterdam ch1	the proposed term infarction hematoma should be used.	« Infarction » est un anglicisme ; le terme consensuel désigne une hémorragie encastrée dans un infarctus, ce que le libellé actuel ne dit pas.
FOETO:PP.PLA-VAS-012	Hématome du cordon ombilical	BENIRSCHKE	Hématome du cordon ombilical	manifestation		oui		oui	oui	benirschke ch16	Hemorrhages into the cord substance are more common than complete rupture	
FOETO:PP.PLA-VAS-013	Hématome décidual basal (hématome rétroplacentaire)	AMSTERDAM	MVM — hématome / hémorragie rétroplacentaire	synonyme		oui		oui	oui	khong2019 ch9	A retroplacental haemorrhage occurs in the decidua beneath the functional placenta	Doublon de contenu avec PP.PLA-VAS-017 (« hémorragie rétroplacentaire ») ; « placental abruption » reste un diagnostic clinique et ne doit pas servir de synonyme.
FOETO:PP.PLA-VAS-014	Hématome décidual marginal	AMSTERDAM	MVM — hémorragie / hématome marginal	manifestation		oui		oui	oui	khong2019 ch9	A haemorrhage/haematoma may also occur in the decidua at the placental margin or beneath the reflected membranes	Doublon strict avec PP.PLA-VAS-015 (« hématome marginal placentaire »).
FOETO:PP.PLA-VAS-015	Hématome marginal placentaire	AMSTERDAM	MVM — hémorragie / hématome marginal	manifestation		oui		oui	oui	khong2019 ch9	A haemorrhage/haematoma may also occur in the decidua at the placental margin or beneath the reflected membranes	Doublon strict avec PP.PLA-VAS-014 (« hématome décidual marginal ») : un seul terme doit être retenu.
FOETO:PP.PLA-VAS-016	Hématome sous-chorionique	BENIRSCHKE	Hématome sous-chorial (spectre du thrombohématome sous-chorial / môle de Breus)	manifestation		oui		oui	oui	benirschke ch15	In general, subchorionic hematomas do not compromise the placental function as seen with retroplacental location of the hematoma.	Granularité : le terme ne distingue pas le petit hématome sous-chorial banal du thrombohématome sous-chorial massif (môle de Breus), lésion de tout autre portée.
FOETO:PP.PLA-VAS-017	Hémorragie rétroplacentaire	AMSTERDAM	MVM — hématome / hémorragie rétroplacentaire	synonyme		oui		oui	oui	amsterdam ch1	At least one sample of the area of retroplacental hemorrhage should be submitted for histology	Doublon de contenu avec PP.PLA-VAS-013.
FOETO:PP.PLA-VAS-018	Hémorragie sous-amniotique	VOGEL	Hématome / hémorragie sous-amniotique de la plaque choriale (Vogel 5.3.4 Hematomas)	manifestation		oui		oui	oui	vogel ch5	Subamniotic erythrocytes, fresh blood	Lésion non codée par Amsterdam ; le libellé mêle hémorragie fraîche et hématome organisé sans préciser l'ancienneté.
FOETO:PP.PLA-VAS-019	Infarctus du plancher maternel	AMSTERDAM	MPFD / MFI — dépôt massif de fibrinoïde périvillositaire / infarctus de la plaque basale	synonyme		oui		oui	oui	khong2019 ch8	Note that maternal floor infarction is not a true vascular infarction and was a misnomer that originates from the German word “Gitterinfarct.”	Libellé éponyme consacré mais impropre : la lésion n'est pas un infarctus vasculaire mais un dépôt fibrinoïde de la plaque basale.
FOETO:PP.PLA-VAS-020	Infarctus marginal	AMSTERDAM	MVM — infarctus	manifestation		oui		oui	oui	amsterdam ch1	Although marginal infarcts in a term placenta may have less meaning than in a preterm placenta, they should still be described.	
FOETO:PP.PLA-VAS-021	Infarctus maternel du plancher placentaire	AMSTERDAM	MPFD / MFI — dépôt massif de fibrinoïde périvillositaire / infarctus de la plaque basale	synonyme		non_standard	Infarctus du plancher maternel (MFI)	oui	oui	khong2019 ch6	It should be noted that “maternal floor infarct” is not an infarct but refers to a particular gross and microscopic pattern of deposition of fibrinoid material in the placental parenchyma above the basal plate	Doublon de PP.PLA-VAS-019 ; libellé éponyme qui nomme un infarctus alors que la lésion élémentaire est un dépôt fibrinoïde.
FOETO:PP.PLA-VAS-022	Infarctus villositaire ancien	AMSTERDAM	MVM — infarctus	manifestation		oui		oui	oui	amsterdam ch1	The suspected infarcts should also be qualiﬁed, where possible, as to whether they are recent or remote.	
FOETO:PP.PLA-VAS-023	Infarctus villositaire ancien (villosités fantomatiques)	AMSTERDAM	MVM — infarctus	manifestation		non_standard	Infarctus placentaire ancien (remote)	oui	oui	khong2019 ch6	In old infarcts, all nuclear staining is lost in the central areas of the infarct and the appearance becomes one of back-to-back “ghost villi”	Libellé composite : entité datée + critère microscopique entre parenthèses ; doublon de PP.PLA-VAS-022.
FOETO:PP.PLA-VAS-024	Infarctus villositaire placentaire	AMSTERDAM	MVM — infarctus	manifestation		non_standard	Infarctus placentaire	oui	oui	amsterdam ch1	Infarcts can be suspected by their generally pyramidal shape and usual involvement of the basal parenchyma or maternal ﬂoor of the placenta.	Granularité incohérente : terme générique redondant avec les infarctus datés (récent / subaigu / ancien).
FOETO:PP.PLA-VAS-025	Infarctus villositaire récent	AMSTERDAM	MVM — infarctus	manifestation		oui		oui	oui	benirschke ch19	Placental infarcts can be subdivided into recent (early or acute), subacute, or remote.	
FOETO:PP.PLA-VAS-026	Infarctus villositaire subaigu	BENIRSCHKE	Infarctus placentaire — datation (récent / subaigu / ancien)	manifestation		oui		oui	oui	benirschke ch19	Placental infarcts can be subdivided into recent (early or acute), subacute, or remote.	Amsterdam ne retient que « récent » et « ancien » ; le stade subaigu vient de la datation de Benirschke/Vogel.
FOETO:PP.PLA-VAS-027	Malperfusion vasculaire fœtale globale	AMSTERDAM	FVM — malperfusion vasculaire fœtale, pattern global	manifestation		oui		oui	oui	benirschke ch22	The Amsterdam Consensus also established two patterns (segmental and global) and two grades of severity (low and high grade) of FVM [58].	Pattern (global/segmentaire) et grade (bas/haut) sont deux axes distincts : le libellé n'en porte qu'un, le grade doit rester codé à part.
FOETO:PP.PLA-VAS-028	Oblitération des vaisseaux des villosités-troncs	AMSTERDAM	FVM — oblitération / sclérose fibromusculaire des vaisseaux de villosités tronculaires	critere		oui		oui	oui	amsterdam ch1	In stem vessel obliteration there is marked thickening of the vessel wall and resultant obliteration of the vascular lumen (Figure 26).	
FOETO:PP.PLA-VAS-029	Petits foyers de villosités avasculaires	AMSTERDAM	FVM — villosités avasculaires	critere		oui		oui	oui	amsterdam ch1	Small foci are the ﬁnding of 3 or more foci of 2 to 4 terminal villi showing total loss of villous capillaries and bland hyaline ﬁbrosis of the villous stroma.	L'étendue (petits / intermédiaires / grands foyers) est un axe de quantification servant au grade FVM : elle est ici aplatie dans le nom du terme.
FOETO:PP.PLA-VAS-030	Plétore placentaire	BENIRSCHKE	Pléthore placentaire (placenta du diabète / de l'obésité maternelle)	manifestation		non_standard	Pléthore placentaire	oui	oui	benirschke ch20	The plethora is thought to be the result of increased angiogenesis and congested capillaries [161].	Faute d'orthographe (« Plétore ») et libellé global peu spécifique : ni siège vasculaire ni versant fœtal/maternel précisés.
FOETO:PP.PLA-VAS-031	Pâleur villositaire diffuse	BENIRSCHKE	Pâleur placentaire de l'anémie fœtale / érythroblastose fœtale	manifestation		oui		oui	oui	benirschke ch23	The placentas of HDFN resulting in erythroblastosis fetalis are bulky and pale and appear very friable	Signe descriptif macroscopique non spécifique, à distinguer de l'œdème villositaire ; ne correspond à aucune entité d'Amsterdam.
FOETO:PP.PLA-VAS-032	Raréfaction du sang fœtal intravasculaire	BENIRSCHKE	Anémie fœtale / hémorragie fœto-maternelle — raréfaction du sang fœtal villositaire	manifestation		oui		oui	oui	benirschke ch23	Most fetal blood spaces showed a paucity of fetal blood, but focally nucleated red blood cells are increased.	Signe indirect d'anémie fœtale ; interprétation limitée après mort fœtale (involution villositaire).
FOETO:PP.PLA-VAS-033	Rupture syncytiale avec érythroblastes périvilleux (hémorragie de Kline)	BENIRSCHKE	Hémorragie fœto-maternelle transplacentaire (hémorragie de Kline)	manifestation		non_standard	Ruptures du syncytiotrophoblaste avec érythroblastes dans l'espace intervilleux (hémorragie fœto-maternelle)	oui	oui	benirschke ch23	small villous “breaks” of the syncytio- trophoblast membranes with nucleated red blood cells in the adjacent intervillous space (“Kline’s hemorrhages”	Éponyme ambigu : « hémorragie de Kline » désigne chez Khong le mécanisme (hémorragie fœtale) et sert aussi de synonyme du thrombus intervilleux, alors que le libellé décrit ici une lésion microscopique du syncytiotrophoblaste.
FOETO:PP.PLA-VAS-034	Squames amniotiques dans un thrombus vasculaire	BENIRSCHKE	Complication iatrogène de cordocentèse / transfusion intra-utérine	manifestation		oui		oui	oui	benirschke ch23	within this thrombotic material, typical squames were identified	Signe indirect d'introduction iatrogène de liquide amniotique dans un thrombus, non une lésion autonome ; hors périmètre d'Amsterdam.
FOETO:PP.PLA-VAS-035	Thrombose artérielle déciduale	AMSTERDAM	MVM — artériopathie déciduale	manifestation		oui		oui	oui	benirschke ch19	Atherosis and thrombosis are often evident in these vessels, but their absence may well reflect sampling limitations	
FOETO:PP.PLA-VAS-036	Thrombose d'un vaisseau ombilical après cordocentèse	BENIRSCHKE	Thrombose vasculaire ombilicale post-cordocentèse (complication iatrogène)	manifestation		non_standard	Thrombose vasculaire ombilicale (contexte : post-cordocentèse)	oui	oui	benirschke ch16	Thrombosis and arterial necrosis occasionally follow arterial spasm after cordocentesis, perhaps in response to the release of vasoactive substances	La mention étiologique iatrogène est un contexte clinique, pas une facette lésionnelle : elle devrait être portée par un axe « circonstance » distinct.
FOETO:PP.PLA-VAS-037	Thrombose de la veine ombilicale tributaire	AMSTERDAM	FVM — malperfusion vasculaire fœtale	critere		oui		oui	oui	benirschke ch22	Thrombosis of an umbilical vein tributary at arrows. Note the discoloration (hemolysis)	
FOETO:PP.PLA-VAS-038	Thrombose des vaisseaux allanto-choriaux	AMSTERDAM	FVM — malperfusion vasculaire fœtale	manifestation		non_standard	Thrombus des vaisseaux de la plaque choriale (vaisseaux allanto-choriaux)	oui	oui	amsterdam ch1	The location(s) of the thrombosis should be speciﬁed as to whether it is at the umbilical, chorionic plate, or stem vessel vascular level, or any combination thereof.	« Allanto-chorial » est un terme embryologique ancien ; Amsterdam nomme le siège « plaque choriale ».
FOETO:PP.PLA-VAS-039	Thrombose des vaisseaux fœtaux	AMSTERDAM	FVM — malperfusion vasculaire fœtale	critere		oui		oui	oui	khong2019 ch10	Vascular thrombi in the fetal circulation can be identified grossly and should always be part of a careful gross examination of the placenta.	Libellé chapeau générique, redondant avec « Thrombus dans les vaisseaux placentaires fœtaux » (VAS-045) : granularité incohérente avec les termes de siège précis.
FOETO:PP.PLA-VAS-040	Thrombose des vaisseaux membranaires	AMSTERDAM	FVM — malperfusion vasculaire fœtale	manifestation		oui		oui	oui	benirschke ch16	Thromboses and disruptions are more often found when the membranous vessels course over the internal os (vasa previa)	
FOETO:PP.PLA-VAS-041	Thrombose des vaisseaux ombilicaux	AMSTERDAM	FVM — malperfusion vasculaire fœtale	critere		oui		oui	oui	khong2019 ch10	umbilical artery thrombosis occurs in approximately 1 in 1500 placentas submitted for pathologic examination	
FOETO:PP.PLA-VAS-042	Thrombose intervilleuse	AMSTERDAM	Thrombus intervilleux	synonyme		non_standard	Thrombus intervilleux	oui	oui	vogel ch7	An intervillous thrombus shows coagulation and aggregation in the intervillous space and are found in 25 % of all placentas.	Doublon de libellé avec « Thrombus intervilleux » ; il s'agit d'une lésion de la circulation maternelle et non d'une thrombose vasculaire vraie.
FOETO:PP.PLA-VAS-043	Thromboses sous-choriales disséminées	AMSTERDAM	Thrombus intervilleux	manifestation		non_standard	Thrombus intervilleux sous-chorial, multiple	oui	oui	khong2019 ch7	Subchorionic intervillous thrombus is also known as subchorionic haematoma	Le qualifieur « disséminé » aplatit une notion d'extension dans le nom de la lésion.
FOETO:PP.PLA-VAS-044	Thrombus calcifié dans les vaisseaux fœtaux placentaires	AMSTERDAM	FVM — malperfusion vasculaire fœtale	manifestation		oui		oui	oui	khong2019 ch25	Remote thrombi are those that, in addition to organization, exhibit mural dystrophic calcification.	La calcification est un marqueur d'ancienneté (thrombus « remote ») : axe temporel intégré au libellé lésionnel.
FOETO:PP.PLA-VAS-045	Thrombus dans les vaisseaux placentaires fœtaux	AMSTERDAM	FVM — malperfusion vasculaire fœtale	critere		oui		oui	oui	amsterdam ch1	Whether the thrombosis is arterial or venous should be speciﬁed when possible.	Doublon de contenu avec « Thrombose des vaisseaux fœtaux » (VAS-039).
FOETO:PP.PLA-VAS-046	Thrombus des vaisseaux des villosités-troncs	AMSTERDAM	FVM — malperfusion vasculaire fœtale	critere		non_standard	Thrombus des vaisseaux de villosités tronculaires	oui	oui	amsterdam ch1	2 or more occlusive or nonocclusive thrombi in chorionic plate or major stem villi, or multiple nonocclusive thrombi.	« Villosités-troncs » est un calque ; Amsterdam retient « villosités tronculaires / stem villi ».
FOETO:PP.PLA-VAS-047	Thrombus en organisation dans les vaisseaux fœtaux placentaires	AMSTERDAM	FVM — malperfusion vasculaire fœtale	manifestation		oui		oui	oui	benirschke ch22	Organizing mural thrombi show strands of fibrin incorporation into the neointima.	Phase temporelle du thrombus (récent / en organisation / organisé / ancien) portée par le libellé plutôt que par un axe de datation.
FOETO:PP.PLA-VAS-048	Thrombus intramembraneux	BENIRSCHKE	Thrombus intramembraneux (lésions placentaires d'étiologie incertaine)	synonyme		oui		oui	oui	benirschke ch26	Intramembranous thrombi are common lesions that include a thrombus of variable thickness between the chorion laevae and underlying decidua parietalis.	Le doute de la passe 1 est levé : la lésion siège entre chorion laeve et décidua pariétale, elle n'est pas intravasculaire ; Amsterdam ne la code pas.
FOETO:PP.PLA-VAS-049	Thrombus organisé dans les vaisseaux fœtaux placentaires	AMSTERDAM	FVM — malperfusion vasculaire fœtale	manifestation		oui		oui	oui	khong2019 ch25	Fully organized thrombi are comprised of a neointima that fully envelops residual incorporated fibrin	Le qualifieur 'organisé' est une phase d'évolution temporelle du thrombus (récent / en organisation / organisé / ancien) : axe distinct du siège, à ne pas confondre avec une gradation.
FOETO:PP.PLA-VAS-050	Thrombus organisé dans un vaisseau chorioniaque	AMSTERDAM	FVM — malperfusion vasculaire fœtale	manifestation		non_standard	Thrombus organisé d'un vaisseau de la plaque choriale	oui	oui	khong2019 ch25	Chorionic plate thrombus, organized, with residual fibrin fully incorporated within the neointima	Orthographe 'chorioniaque' non standard ; libellés FR ('organisé') et EN ('organizing') désignent deux phases temporelles différentes ; recouvre en partie PP.PLA-VAS-049 (granularité incohérente).
FOETO:PP.PLA-VAS-051	Thrombus récent dans les vaisseaux fœtaux placentaires	AMSTERDAM	FVM — malperfusion vasculaire fœtale	manifestation		oui		oui	oui	benirschke ch22	Recent thrombi are characterized by intravascular fibrin that must be attached, at least focally, to the vessel wall with endothelial damage and red blood cell extravasation in the subendothelium.	
FOETO:PP.PLA-VAS-052	Thrombus sous-chorioniaque	AMSTERDAM	Thrombus intervilleux	manifestation		non_standard	Thrombus intervilleux sous-chorial	oui	oui	khong2019 ch7	Massive subchorionic thrombohaematoma is similar to a subchorionic intervillous thrombus but much larger in scale, forming a thick layer of laminated thrombus that lies immediately beneath the chorionic plate	Orthographe 'sous-chorioniaque' non standard ; variante topographique du thrombus intervilleux, à distinguer du thrombohématome sous-chorial massif (lésion de taille et de pronostic différents).
FOETO:PP.PLA-VAS-053	Vasculopathie fœtale oblitérante	AMSTERDAM	VUE — villite chronique d'étiologie indéterminée (variante tronculaire avec vasculopathie fœtale oblitérante)	manifestation		oui		oui	oui	benirschke ch22	Obliterative fetal vasculopathy is characterized by perivasculitis and varying degrees of true vasculitis involving stem villous and/or chorionic vessels.	Doublon de contenu avec PP.PLA-VAS-054 : les deux désignent la même lésion, l'un sans, l'autre avec mention du contexte de villite chronique.
FOETO:PP.PLA-VAS-054	Vasculopathie oblitérante fœtale (VCEI)	AMSTERDAM	VUE — villite chronique d'étiologie indéterminée (variante tronculaire avec vasculopathie fœtale oblitérante)	manifestation		non_standard	Villite chronique avec oblitération des vaisseaux tronculaires (VUE)	oui	oui	amsterdam ch1	When inﬂammatory cells damage vessels that have a muscular wall, the term villitis with stem vessel obliteration should be used.	Libellé composite mêlant la lésion vasculaire et le sigle d'entité (VCEI) ; doublon de PP.PLA-VAS-053 ; Amsterdam recommande la formule 'villite avec oblitération des vaisseaux tronculaires'.
FOETO:PP.PLA-VAS-055	Villosités avasculaires hyalinisées en clusters (VTF stade tardif)	AMSTERDAM	FVM — malperfusion vasculaire fœtale (villosités avasculaires)	manifestation		obsolete	Villosités avasculaires hyalinisées en amas (FVM)	oui	oui	benirschke ch22	Villi with VSK rapidly become hyalinized avascular villi (AV) when all of the vessels disappear, and the stroma becomes uniformly collagenized	Le sigle VTF (vasculopathie thrombotique fœtale) est obsolète, remplacé par FVM ; le libellé incorpore en outre un 'stade tardif' (axe temporel) qui devrait être un qualifieur séparé.
FOETO:PP.PLA-VAS-056	Villosités fantômes (ghosts villositaires)	BENIRSCHKE	Anatomie normale — villosités régressives (ghosts) du chorion laeve	structure		oui		oui	oui	benirschke ch7	Ultimately, they become villous “ghosts,” consisting of the stromal core enmeshed in a fibrin clot.	Homonymie : 'villosités fantômes' désigne ici la régression physiologique des villosités du chorion lisse, mais le vocabulaire emploie aussi 'villosités fantomatiques' pour l'infarctus ancien — deux réalités distinctes.
FOETO:PP.SAN-NOR-000	Sang circulant normal	VOGEL	Anatomie et maturation normales (ch. 1) — sang fœtal circulant	structure		oui		oui	oui	vogel ch1	it shows variation in nuclear density and nucleated erythrocytes can be seen in the fetal vessel lumen	Terme de normalité : le contenu érythroblastique du sang fœtal varie physiologiquement avec l'âge gestationnel, la 'normalité' n'est interprétable qu'en référence à cet âge.
FOETO:PP.VAC-NOR-000	Vaisseaux allanto-choriaux normaux	BENIRSCHKE	Anatomie normale — plaque choriale et ses vaisseaux	structure		oui		oui	oui	khong2019 ch2	Chorionic plate arteries typically cross over chorionic plate veins.	Libellé FR ('vaisseaux allanto-choriaux') et EN ('chorionic plate vessels') ne se recouvrent pas exactement : les vaisseaux allanto-choriaux incluent aussi les vaisseaux membranaires.
FOETO:PP.VAC-VAS-001	Thrombose des vaisseaux allanto-choriaux	AMSTERDAM	FVM — malperfusion vasculaire fœtale (thrombus de la plaque choriale)	critere		oui		oui	oui	amsterdam ch1	The location(s) of the thrombosis should be speciﬁed as to whether it is at the umbilical, chorionic plate, or stem vessel vascular level, or any combination thereof.	
FOETO:PP.VAC-VAS-002	Endovasculite hémorragique allanto-choriale	AMSTERDAM	FVM — malperfusion vasculaire fœtale (caryorrhexie stromale-vasculaire villositaire)	manifestation		obsolete	Caryorrhexie stromale-vasculaire villositaire (FVM)	oui	oui	amsterdam ch1	Hemorrhagic endovasculitis was not preferred because it connotes an inﬂammatory cause and is not clinically useful.	Terme obsolète et trompeur (il n'y a pas d'inflammation) ; le siège annoncé (vaisseaux allanto-choriaux) est en outre incohérent avec une lésion des villosités distales.
FOETO:PP.VAC-VAS-003	FVM — Ectasie vasculaire choriale	AMSTERDAM	FVM — malperfusion vasculaire fœtale globale (ectasie vasculaire)	critere		oui		oui	oui	amsterdam ch1	Vascular ectasia is characterized by the ﬁnding of vessels that are four times the luminal diameter of the surrounding corresponding vessel	Le préfixe 'FVM —' inscrit le pattern dans le nom de l'élément ; l'ectasie isolée ne suffit pas au diagnostic de FVM globale.
FOETO:PP.VDI-NOR-000	Villosité distale normale	VOGEL	Maturation villositaire normale (ch. 1) — villosité terminale	structure		oui		oui	oui	vogel ch1	Terminal villi contain capillaries and sinusoids which are separated by cell rich stromal bands.	Chevauchement avec les termes 'Villosité terminale' et 'Villosité terminale — aspect histologique' du même vocabulaire : granularité redondante.
FOETO:PP.VFU-NOR-000	Vaisseaux funiculaires normaux	BENIRSCHKE	Anatomie normale du cordon ombilical — vaisseaux ombilicaux (deux artères, une veine)	structure		oui		oui	oui	benirschke ch16	There are normally two arteries and one vein in the human umbilical cord (Fig. 16.2). An originally developed second umbilical vein atrophies during the second month of preg-nancy.	
FOETO:PP.VIL-NOR-000	Villosités normales	VOGEL	Anatomie et maturation villositaires normales (arbre villositaire)	structure		oui		oui	oui	vogel ch1	The villous tree is anatomically and functionally differentiated into several subtypes  of villis	Libellé générique : ne précise ni le type villositaire ni l'âge gestationnel de référence, alors que la normalité villositaire ne s'apprécie que par rapport au terme.
FOETO:PP.VIN-NOR-000	Villosité intermédiaire normale	VOGEL	Villosité intermédiaire (maturation villositaire normale)	structure		oui		oui	oui	vogel ch1	(1) stem villus, (2) intermediate villus of the  central immature type, (3) intermediate villus of the peripheral mature type, (4) terminal villi.	Granularité insuffisante : le corpus distingue villosité intermédiaire immature (centrale) et mature (périphérique), que ce libellé unique confond.
FOETO:PP.VSO-NOR-000	Villosité souche normale	VOGEL	Villosité souche (maturation villositaire normale)	structure		oui		oui	oui	vogel ch1	Stem villi are characterized by fetal blood vessels, branches of the chorionic plate  vessels, which contain a tunica media.	
FOETO:PP.WHA-NOR-000	Gelée de Wharton normale	BENIRSCHKE	Anatomie normale du cordon ombilical — gelée de Wharton	structure		oui		oui	oui	benirschke ch16	The connective tissue of the cord, or Wharton’s jelly, is derived from the extraembryonic mesoblast.	
