id	referentiel	entite	role	stade	conforme	label_propose	source	probleme	label_fr
FOETO:PP.PLA-MAL-023	AMSTERDAM	Anomalies du cordon — insertion vélamenteuse	synonyme		non_standard	Insertion vélamenteuse du cordon ombilical	Khong 2016, cordon ombilical (insertion vélamenteuse)	Doublon du terme générique avec un contexte clinique (grossesse multiple) mêlé à la lésion : la lésion est identique, seul le contexte diffère.	Insertion vélamenteuse du cordon (grossesse multiple)
FOETO:PP.PLA-MAL-024	BENIRSCHKE	Kystes et vestiges du cordon ombilical — kyste allantoïdien	synonyme		oui		Benirschke, Burton & Baergen, Umbilical cord — allantoic cysts		Kyste allantoïque du cordon ombilical
FOETO:PP.PLA-NOR-163	BENIRSCHKE	Vestiges embryonnaires du cordon ombilical — reliquat omphalo-mésentérique	structure		non_standard	Reliquat du canal omphalo-mésentérique du cordon ombilical	Benirschke, Burton & Baergen, Umbilical cord — vitelline/omphalomesenteric remnants	Siège non explicité dans le libellé (cordon vs membranes), alors que le vocabulaire distingue les deux localisations.	Résidu du canal omphalomésentérique
FOETO:PP.PLA-NOR-164	GEMELLAIRE	Chorionicité — placenta monochorionique diamniotique	structure		erreur	Membrane de séparation gémellaire monochoriale diamniotique (deux amnios accolés)	Lewi/Khalil, détermination de la chorionicité et de l'amnionicité	Description fausse : en monochorionique diamniotique les deux sacs amniotiques sont juxtaposés et séparés par une membrane à deux amnios, non emboîtés l'un dans l'autre.	Sac amniotique contenu dans un autre (placenta gémellaire DiMo)
FOETO:PP.PLA-NOR-165	BENIRSCHKE	Anatomie normale — septa placentaires	structure		oui		Benirschke, Burton & Baergen, anatomie normale (septa)		Septa placentaires
FOETO:PP.PLA-NOR-166	BENIRSCHKE	Anatomie normale — septa placentaires	structure		non_standard	Septum placentaire — composante choriale	Benirschke, Burton & Baergen, anatomie normale (septa)	Orthographe fautive (« chorioniaque ») et entité ambiguë : oscille entre septum placentaire décidual et membrane de séparation gémellaire.	Septum chorioniaque
FOETO:PP.PLA-NOR-167	BENIRSCHKE	Anatomie normale — plaque basale (couches de Rohr et de Nitabuch)	structure		oui		Benirschke, Burton & Baergen, anatomie normale (basal plate layers)		Stratification de la plaque basale
FOETO:PP.PLA-NOR-168	BENIRSCHKE	Anatomie normale — fibrine sous-choriale de Langhans	structure		erreur	Fibrine sous-choriale de Langhans (plaque choriale)	Benirschke, Burton & Baergen, anatomie normale (subchorionic Langhans fibrinoid)	Siège erroné : la couche fibrinoïde de Langhans est sous-choriale ; la plaque basale porte le fibrinoïde de Rohr et de Nitabuch.	Strie fibrinoïde de Langhans
FOETO:PP.PLA-NOR-169	VOGEL	Anatomie villositaire normale — villosité souche (tronculaire)	structure		oui		Vogel, morphologie villositaire normale (Stammvilli)		Stroma fibreux condensé des villosités souches
FOETO:PP.PLA-NOR-170	VOGEL	Anatomie villositaire normale — stroma réticulaire des villosités intermédiaires immatures	structure		oui		Vogel, stroma réticulaire villositaire		Stroma réticulaire villositaire
FOETO:PP.PLA-NOR-171	VOGEL	Anatomie villositaire normale — stroma villositaire	structure		oui		Vogel, morphologie villositaire normale (stroma)		Stroma villeux
FOETO:PP.PLA-NOR-172	BENIRSCHKE	Anatomie normale — artère ombilicale	structure		oui		Benirschke, Burton & Baergen, anatomie normale du cordon (umbilical arteries)		Structure vasculaire artérielle ombilicale — architecture normale
FOETO:PP.PLA-NOR-173	BENIRSCHKE	Anatomie normale — veine ombilicale	structure		oui		Benirschke, Burton & Baergen, anatomie normale du cordon (umbilical vein)		Structure vasculaire veineuse ombilicale — architecture normale
FOETO:PP.PLA-NOR-174	BENIRSCHKE	Anatomie normale — plaque basale (face maternelle)	structure		oui		Benirschke, Burton & Baergen, anatomie normale (maternal surface)		Surface basale (maternelle) du placenta
FOETO:PP.PLA-NOR-175	BENIRSCHKE	Anatomie normale — plaque choriale (face fœtale)	structure		oui		Benirschke, Burton & Baergen, anatomie normale (fetal/chorionic surface)		Surface choriale (face fœtale) du placenta
FOETO:PP.PLA-NOR-071	BENIRSCHKE	Stroma villositaire normal — trame collagène	structure		oui		Benirschke, Burton & Baergen, Pathology of the Human Placenta — architecture du stroma villositaire		Fibres collagènes du stroma villeux
FOETO:PP.PLA-NOR-072	BENIRSCHKE	Plaque basale normale — couches fibrinoïdes (Rohr, Nitabuch)	structure		non_standard	À scinder : « Fibrinoïde de Rohr » (sous-trophoblastique) et « Fibrinoïde de Nitabuch » (déciduo-trophoblastique)	Benirschke, Burton & Baergen, Pathology of the Human Placenta — plaque basale	Libellé composite regroupant deux couches anatomiquement distinctes, déjà présentes séparément dans le vocabulaire.	Fibrine de Rohr et fibrine de Nitabuch
FOETO:PP.PLA-INF-008	AMSTERDAM	Méconium — lésions associées à l'exposition méconiale	manifestation		oui		Khong 2016, méconium (macrophages chargés de méconium, altérations amniotiques)		Dégénérescence de l'épithélium amniotique par le méconium
FOETO:PP.PLA-INF-009	HORS_REFERENTIEL		manifestation		non_standard	Dépôt de C4d du syncytiotrophoblaste (marqueur immunohistochimique)		Marqueur immunohistochimique adjuvant (intervillite chronique histiocytaire, MPFD) : aucun référentiel ne le codifie comme lésion morphologique ; le libellé mêle l'axe technique à l'axe lésionnel.	Dépôt de C4d dans les villosités (immunohistochimie)
FOETO:PP.PLA-INF-010	AMSTERDAM	Méconium — lésions associées à l'exposition méconiale	manifestation		non_standard	Macrophages chargés de méconium (chorion des membranes)	Khong 2016, méconium	« Dépôt de méconium » est imprécis : le critère reconnu est la présence de macrophages chargés de pigment méconial.	Dépôt de méconium dans le chorion
FOETO:PP.PLA-INF-011	AMSTERDAM	AI — réponse inflammatoire fœtale (FIR) stade 3	stade	FIR stade 3	non_standard	Funisite nécrosante (FIR stade 3)	Khong 2016, infection amniotique — FIR stade 3	Orthographe retenue par le consensus : « funisite » et non « funiculite ».	Funiculite nécrosante (stade 3 réponse fœtale)
FOETO:PP.PLA-INF-012	BENIRSCHKE	Funisite candidosique (Candida albicans) à micro-abcès périphériques	synonyme		non_standard	Funisite périphérique à micro-abcès (candidose)	Benirschke, Burton & Baergen — infections fongiques du cordon (Candida)	Doublon de contenu avec « Microabcès sous-amniotiques du cordon (Candida) » ; orthographe « funisite ».	Funiculite périphérique à micro-abcès (candidose)
FOETO:PP.PLA-INF-013	AMSTERDAM	AI — réponse inflammatoire fœtale (FIR), funisite aiguë	synonyme		non_standard	Funisite aiguë	Khong 2016, infection amniotique — FIR (orthographe « funisite »)	Latinisme « funisitis » explicitement écarté par le consensus d'Amsterdam.	Funisitis aiguë
FOETO:PP.PLA-INF-014	AMSTERDAM	CHI — intervillite chronique histiocytaire	synonyme		non_standard	Intervillite chronique histiocytaire (CHI)	Khong 2016, lésions inflammatoires chroniques — CHI	« Histiocytose intervillositaire » n'est pas la forme retenue ; doublon de contenu avec les autres libellés de CHI du vocabulaire.	Histiocytose intervillositaire chronique
FOETO:PP.PLA-INF-015	BENIRSCHKE	Réaction histiocytaire chronique du chorion (hyperplasie histiocytaire chorionique)	manifestation		non_standard	Hyperplasie histiocytaire du chorion	Benirschke, Burton & Baergen — lésions inflammatoires chroniques des membranes	Lésion descriptive non codifiée par Amsterdam ; granularité et signification diagnostique incertaines.	Hyperplasie histiocytaire chorionique
FOETO:PP.PLA-INF-016	BENIRSCHKE	Villite à cytomégalovirus (CMV)	critere		non_standard	Inclusions virales cytomégaliques (cellules en œil de hibou) des cellules villositaires	Benirschke, Burton & Baergen — villites à étiologie identifiée, CMV	Siège placentaire non précisé ; recouvre le même contenu que « Inclusions virales intranucléaires et intracytoplasmiques dans les villosités (CMV) ».	Inclusions cytomégalovirus placentaires (cellules en œil de hibou)
FOETO:PP.PLA-INF-017	BENIRSCHKE	Placentite / villite herpétique (HSV)	critere		non_standard	Inclusions virales herpétiques dans le trophoblaste et la décidue	Benirschke, Burton & Baergen — villites à étiologie identifiée, HSV	« Caduque » est un terme vieilli ; libellé à deux sièges.	Inclusions herpétiques dans le trophoblaste/caduque
FOETO:PP.PLA-INF-018	BENIRSCHKE	Villite à cytomégalovirus (CMV)	critere		oui		Benirschke, Burton & Baergen — villites à étiologie identifiée, CMV		Inclusions virales intranucléaires et intracytoplasmiques dans les villosités (CMV)
FOETO:PP.PLA-INF-019	BENIRSCHKE	Villite aiguë / intervillite aiguë à micro-abcès d'origine hématogène (listériose)	critere		oui		Benirschke, Burton & Baergen — infections hématogènes bactériennes (Listeria monocytogenes)	Libellé additionnant deux sièges (intervilleux et intravillositaire) sans préciser l'étiologie ; recouvre en partie « Micro-abcès placentaires en cocarde (listériose) ».	Infiltrat neutrophilique intervillositaire et intravillositaire (microabcès)
FOETO:PP.PLA-INF-020	BENIRSCHKE	Villite chronique plasmocytaire (évocatrice de CMV)	critere		oui		Benirschke, Burton & Baergen — villites à étiologie identifiée, villite plasmocytaire à CMV	Doublon partiel avec « Villite chronique lympho-plasmocytaire » ; un contingent plasmocytaire exclut le cadre de la VUE.	Infiltrat plasmocytaire villositaire
FOETO:PP.PLA-NOR-041	BENIRSCHKE	Anatomie normale — colonnes trophoblastiques d'ancrage	structure		oui		Benirschke, Burton & Baergen, Pathology of the Human Placenta — cytotrophoblaste extravilleux, colonnes d'ancrage		Colonnes de cytotrophoblaste extravilleux (colonnes d'ancrage)
FOETO:PP.PLA-NOR-042	BENIRSCHKE	Anatomie villositaire normale — contour villositaire	structure		oui		Benirschke, Burton & Baergen, Pathology of the Human Placenta — morphologie villositaire normale		Contours villositaires lisses
FOETO:PP.PLA-INF-038	AMSTERDAM	FIR stade 1 — vascularite choriale / phlébite ombilicale	critere	FIR stade 1	non_standard	Vascularite choriale (FIR stade 1)	Khong 2016, inflammation aiguë — réponse inflammatoire fœtale	« Vaisseaux allanto-choriaux » n'est pas la dénomination Amsterdam (vaisseaux choriaux) ; le libellé accole la lésion et son stade.	Vascularite des vaisseaux allanto-choriaux (réponse fœtale stade 1)
FOETO:PP.PLA-INF-039	AMSTERDAM	Vascularite fœtale éosinophile / à cellules T (ETCV)	synonyme		oui		Khong 2016, lésions inflammatoires chroniques — eosinophilic/T-cell chorionic vasculitis		Vasculite chorionique éosinophilique/à cellules T
FOETO:PP.PLA-INF-040	AMSTERDAM	Réponse inflammatoire fœtale (FIR) — infection amniotique	critere		non_standard	Vascularite choriale et vascularite ombilicale (FIR)	Khong 2016, inflammation aiguë — réponse inflammatoire fœtale	Libellé composite réunissant deux sièges qui relèvent de stades FIR différents (choriale = stade 1, ombilicale artérielle = stade 2), donc non stadable tel quel.	Vasculite des vaisseaux chorioniques et ombilicaux
FOETO:PP.PLA-INF-041	AMSTERDAM	VUE — villite chronique d'étiologie indéterminée	synonyme		non_standard	Villite chronique d'étiologie indéterminée (VUE)	Khong 2016, lésions inflammatoires chroniques — VUE	Doublon de « Villite chronique d'étiologie inconnue (VCEI) » : une seule forme doit être retenue.	Villite d'étiologie inconnue
FOETO:PP.PLA-INF-042	AMSTERDAM	VUE — villite chronique d'étiologie indéterminée	critere		erreur	Villite chronique	Khong 2016, lésions inflammatoires chroniques — villite chronique	« Villosite » est une graphie fautive de villite ; de plus le terme générique sans étiologie ni grade fait doublon avec la VUE.	Villosite chronique
FOETO:PP.PLA-INF-043	BENIRSCHKE	Villite / infection placentaire à parvovirus B19	critere		oui		Benirschke, Burton & Baergen — infection à parvovirus B19 (inclusions intranucléaires des érythroblastes)	Le siège précis (érythroblastes des capillaires villositaires fœtaux) n'est pas explicité par le libellé.	Érythroblastes à inclusion intranucléaire Parvovirus B19 (placentaire)
FOETO:PP.PLA-MAL-001	AMSTERDAM	Amnios nodosum	synonyme		oui		Khong 2016, membranes — amnion nodosum	Duplique « Amnios nodosum » par simple ajout d'un siège (membrane de séparation gémellaire) ; le siège devrait rester une facette.	Amnios nodosum (membrane de séparation gémellaire)
FOETO:PP.PLA-MAL-002	GEMELLAIRE	Anastomoses vasculaires du placenta monochorionique — anastomose artério-artérielle	structure		oui		Lewi/Khalil, angioarchitecture monochorioniale ; Slaghekke (TAPS)		Anastomose artério-artérielle (placenta gémellaire)
FOETO:PP.PLA-MAL-003	GEMELLAIRE	Anastomoses vasculaires du placenta monochorionique — anastomose artério-veineuse profonde	structure		oui		Lewi/Khalil, angioarchitecture monochorioniale ; Quintero (TTTS)		Anastomose artério-veineuse profonde (placenta gémellaire)
FOETO:PP.PLA-MAL-004	GEMELLAIRE	Anastomoses vasculaires du placenta monochorionique — anastomose veino-veineuse	structure		oui		Lewi/Khalil, angioarchitecture monochorioniale		Anastomose veino-veineuse (placenta gémellaire)
FOETO:PP.PLA-MAL-005	AMSTERDAM	Artère ombilicale unique	synonyme		non_standard	Artère ombilicale unique	Khong 2016, cordon ombilical — single umbilical artery	Duplication d'un terme existant par ajout d'un contexte clinique (grossesse gémellaire) qui n'est pas un axe morphologique.	Artère ombilicale unique (grossesse gémellaire)
FOETO:PP.PLA-MAL-006	BENIRSCHKE	Calcifications placentaires (dépôts calciques dégénératifs)	manifestation		oui		Benirschke, Burton & Baergen — calcifications placentaires et vasculaires		Calcification vasculaire placentaire (veines choriales)
FOETO:PP.PLA-MAL-007	BENIRSCHKE	Calcifications du cordon ombilical	manifestation		oui		Benirschke, Burton & Baergen — cordon ombilical, calcifications dystrophiques		Calcifications du cordon ombilical
FOETO:PP.PLA-VAS-004	AMSTERDAM	FVM — malperfusion vasculaire fœtale, forme segmentaire	critere		oui		Khong 2016, FVM — intramural fibrin deposition	« grands vaisseaux placentaires » ne distingue pas vaisseaux de la plaque choriale et vaisseaux de villosités tronculaires, alors que le comptage des thrombus les sépare	Dépôt de fibrine intramural dans les grands vaisseaux placentaires
FOETO:PP.PLA-VAS-005	AMSTERDAM	MPFD / MFI — dépôt massif de fibrinoïde périvillositaire	synonyme		non_standard	Dépôt massif de fibrinoïde périvillositaire (MPFD)	Khong 2016, MPFD/MFI	Libellé composite : mêle la lésion élémentaire (fibrinoïde périvillositaire) et l'entité nommée « infarctus du plancher maternel », et écrit « fibrine » là où Amsterdam parle de fibrinoïde ; doublonne avec les autres entrées MPFD/NIDF du vocabulaire	Dépôt de fibrine périvillositaire massive (infarctus du plancher maternel)
FOETO:PP.PLA-RET-014	BENIRSCHKE	Altérations post-mortem du placenta (rétention in utero, datation de Genest)	manifestation		non_standard	Aspect pseudo-prolifératif du cytotrophoblaste villositaire après mort fœtale	Benirschke & Baergen, changements après mort fœtale in utero	« réactionnelle » et « post-mortem » sont contradictoires ; siège du cytotrophoblaste (villositaire vs extravilleux) non précisé et lésion non décrite comme telle dans la littérature de datation	Prolifération cytotrophoblastique réactionnelle post-mortem
FOETO:PP.PLA-RET-015	BENIRSCHKE	Altérations post-mortem du placenta (rétention in utero)	manifestation		oui		Fox & Sebire, pseudo-vasculitis du cordon après mort fœtale	Terme par analogie : désigne un artefact trompeur (caryorrhexie/débris pariétaux) et non une lésion inflammatoire ; à ne pas coder comme vascularite	Pseudovasculite du cordon ombilical
FOETO:PP.PLA-RET-016	BENIRSCHKE	Altérations post-mortem du placenta (datation de Genest)	manifestation		non_standard	Oblitération luminale fibroblastique multifocale des vaisseaux de villosités souches (rétention in utero)	Genest 1992, datation des lésions placentaires après mort fœtale	Libellé composite (deux lésions accolées) portant en outre une mention éponymique non factorisable ; fait doublon avec PP.PLA-RET-017	Septation fibroblastique et obliteration luminale des vaisseaux villositaires souches (multifocal) (Genest)
FOETO:PP.PLA-RET-017	BENIRSCHKE	Altérations post-mortem du placenta (datation de Genest)	manifestation		non_standard	Septation fibroblastique multifocale des vaisseaux de villosités souches (rétention in utero)	Genest 1992, datation des lésions placentaires après mort fœtale	« Septoïsation » est un néologisme ; le siège vasculaire est porté par la facette mais absent du libellé ; doublon de PP.PLA-RET-016	Septoïsation fibroblastique villositaire multifocale
FOETO:PP.PLA-TUM-001	BENIRSCHKE	Tumeurs placentaires non trophoblastiques — adénome hépatocellulaire	synonyme		oui		Benirschke, Burton & Baergen, tumeurs du placenta (tissu hépatique ectopique et adénome hépatocellulaire)		Adénome hépatocellulaire placentaire
FOETO:PP.PLA-TUM-002	BENIRSCHKE	Chorangiome	manifestation		oui		Benirschke, Burton & Baergen, chorangiome (remaniements dégénératifs : calcification, thrombose, infarctus)		Calcification d'un chorangiome
FOETO:PP.PLA-TUM-003	BENIRSCHKE	Métastases maternelles au placenta	manifestation		non_standard	Cellules tumorales maternelles dans l'espace intervilleux	Benirschke, Burton & Baergen, atteinte placentaire des néoplasies maternelles	Libellé fourre-tout : « cellules anormales » ne précise ni la nature ni l'origine (maternelle tumorale, histiocytaire, hématopoïétique)	Cellules anormales dans l'espace intervillositaire
FOETO:PP.PLA-TUM-004	BENIRSCHKE	Métastases fœtales au placenta	critere		oui		Benirschke, Burton & Baergen, tumeurs fœtales métastatiques au placenta (neuroblastome, leucémie exclue)		Cellules tumorales non hématopoïétiques dans la circulation fœtale placentaire
FOETO:PP.PLA-TUM-005	BENIRSCHKE	Chorangiocarcinome	synonyme		oui		Benirschke, Burton & Baergen, chorangiocarcinome		Chorangiocarcinome placentaire
FOETO:PP.PLA-TUM-006	BENIRSCHKE	Chorangiome — variante avec prolifération trophoblastique (chorangiocarcinome)	manifestation		oui		Benirschke, Burton & Baergen, chorangiome atypique / chorangiocarcinome	Granularité limite : recouvre partiellement l'entité chorangiocarcinome codée séparément (PP.PLA-TUM-005)	Chorangiome avec prolifération trophoblastique
FOETO:PP.PLA-TUM-007	BENIRSCHKE	Chorangiome	manifestation		oui		Benirschke, Burton & Baergen, variantes histologiques du chorangiome (cellulaire, myxoïde/dégénératif)		Chorangiome myxoïde
FOETO:PP.PLA-TUM-008	BENIRSCHKE	Chorangiome	manifestation		oui		Benirschke, Burton & Baergen, variantes histologiques du chorangiome (dégénérescence fibreuse du stroma)		Chorangiome à stroma fibreux
FOETO:PP.PLA-TUM-009	AMSTERDAM	Chorangiose	manifestation		oui		Khong 2016, chorangiose (seuil 10/10/10) ; Altshuler 1984, chorangiose focale / segmentaire / diffuse	Le qualifieur « focale » relève de la gradation d'Altshuler et non du seuil quantitatif diffus d'Amsterdam : granularité hétérogène avec l'entrée « Chorangiose placentaire »	Chorangiose focale
FOETO:PP.VAC-VAS-002	AMSTERDAM	FVM — malperfusion vasculaire fœtale	synonyme		obsolete	Malperfusion vasculaire fœtale (FVM), atteinte des vaisseaux allanto-choriaux	Khong 2016, FVM (remplace « endovasculite hémorragique »)	Terminologie explicitement abandonnée par le consensus d'Amsterdam au profit de FVM.	Endovasculite hémorragique allanto-choriale
FOETO:PP.VAC-VAS-003	AMSTERDAM	FVM — malperfusion vasculaire fœtale globale (obstruction partielle)	critere		oui		Khong 2016, FVM — global : ectasie vasculaire		FVM — Ectasie vasculaire choriale
FOETO:PP.PLA-INF-023	BENIRSCHKE	Villite/placentite à étiologie identifiée — toxoplasmose	critere		oui		Benirschke, Burton & Baergen, Infectious diseases — Toxoplasmosis (pseudokystes à bradyzoïtes)		Kystes toxoplasmiques placentaires
FOETO:PP.PLA-INF-024	AMSTERDAM	Méconium — macrophages chargés de méconium	critere		oui		Khong 2016, meconium-laden macrophages		Macrophages chargés de méconium (membranes)
FOETO:PP.PLA-INF-025	BENIRSCHKE	Placentite à étiologie identifiée — listériose	critere		oui		Benirschke, Burton & Baergen, Listeria monocytogenes (micro-abcès villositaires)		Micro-abcès placentaires en cocarde (listériose)
FOETO:PP.PLA-INF-026	BENIRSCHKE	Funisite candidosique (Candida albicans)	critere		oui		Benirschke, Burton & Baergen, Candida funisitis (micro-abcès périphériques du cordon)		Microabcès sous-amniotiques du cordon (Candida)
FOETO:PP.PLA-INF-027	HORS_REFERENTIEL		hors		non_standard	Modifications réactives/dégénératives de l'épithélium amniotique (préciser : méconium, dégénérescence ballonnisante, métaplasie)		Libellé fourre-tout non spécifique : la nature des modifications n'est pas précisée, aucun référentiel ne code un tel item générique.	Modifications réactives de l'épithélium amniotique
FOETO:PP.PLA-INF-028	AMSTERDAM	Méconium — myonécrose des vaisseaux ombilicaux (MAVM)	critere		oui		Khong 2016, meconium-associated vascular myonecrosis		Myonécrose vasculaire ombilicale induite par le méconium
FOETO:PP.PLA-INF-029	AMSTERDAM	Méconium — dépôt/pigment méconial	manifestation		oui		Khong 2016, meconium-associated changes		Méconium subamniotique
FOETO:PP.PLA-INF-030	BENIRSCHKE	Métaplasie malpighienne de l'amnios (variante non pathologique)	structure		oui		Benirschke, Burton & Baergen, amnion — squamous metaplasia		Métaplasie malpighienne de l'épithélium du cordon ombilical
FOETO:PP.PLA-INF-031	AMSTERDAM	Méconium — myonécrose des vaisseaux ombilicaux (MAVM)	critere		non_standard	Myonécrose vasculaire associée au méconium (MAVM)	Khong 2016, meconium-associated vascular myonecrosis	Doublon de PP.PLA-INF-028 / MAVM, avec un siège composite (cordon + plaque choriale) mêlant deux localisations dans un même libellé.	Nécrose musculaire vasculaire méconique (cordon/surface placentaire)
FOETO:PP.PLA-INF-032	BENIRSCHKE	Villite/placentite infectieuse par voie hématogène (étiologie identifiée)	synonyme		oui		Benirschke, Burton & Baergen, hematogenous (transplacental) infections		Placentite hématogène
FOETO:PP.PLA-INF-033	AMSTERDAM	Déciduite chronique	manifestation		oui		Khong 2016, chronic deciduitis (infiltrats lymphoplasmocytaires périvasculaires)		Périvasculite chronique déciduale
FOETO:PP.PLA-INF-034	BENIRSCHKE	Réaction giganto-cellulaire à corps étranger au vernix	manifestation		oui		Benirschke, Burton & Baergen, vernix (foreign body) reaction	Le siège inclut le myomètre, hors compartiment placentaire déclaré.	Réaction à corps étranger au vernix (décidua/myomètre)
FOETO:PP.PLA-INF-035	BENIRSCHKE	Villite infectieuse à étiologie identifiée (CMV, syphilis) — œdème stromal et hyperplasie des cellules de Hofbauer	manifestation		non_standard	Œdème du stroma villositaire / Hyperplasie des cellules de Hofbauer (deux items distincts)	Benirschke, Burton & Baergen, chronic infectious villitis — stromal edema, Hofbauer cell hyperplasia	Libellé composite associant deux lésions élémentaires distinctes (œdème stromal et hyperplasie histiocytaire) qui existent déjà séparément dans le vocabulaire.	Stroma villositaire œdémateux avec augmentation des cellules de Hofbauer
FOETO:PP.PLA-NOR-191	BENIRSCHKE	Anatomie normale — villosité d'ancrage (colonne trophoblastique)	structure		oui		Benirschke, Burton & Baergen, Anatomy of the normal placenta — anchoring villi		Villosité d'ancrage
FOETO:PP.PLA-NOR-192	VOGEL	Maturation villositaire normale — villosité intermédiaire immature	structure		oui		Vogel, Clinical Pathology of the Placenta — typologie villositaire (villosités intermédiaires immatures)	Doublon de forme avec « Villosités intermédiaires immatures » et « Villosités intermédiaires immatures — aspect histologique ».	Villosité intermédiaire immature
FOETO:PP.PLA-VAS-006	AMSTERDAM	MPFD — dépôt massif de fibrinoïde périvillositaire	manifestation		oui		Khong 2016, massive perivillous fibrin(oid) deposition	Terme non quantifié : seul le caractère massif (≥ 25-50 % d'une coupe) est diagnostique, un dépôt périvillositaire isolé étant physiologique.	Dépôt périvillositaire de fibrinoïde
FOETO:PP.PLA-VAS-007	AMSTERDAM	FVM — malperfusion vasculaire fœtale, forme globale (obstruction partielle)	critere		obsolete	FVM — ectasie vasculaire des vaisseaux de villosités tronculaires	Khong 2016, FVM (vascular ectasia ; remplace « vasculopathie thrombotique fœtale »)	Le libellé conserve l'acronyme obsolète VTF et une pseudo-gradation « stade précoce » qui n'existe dans aucun référentiel.	Ectasie vasculaire des troncs villositaires (VTF stade précoce)
FOETO:PP.PLA-VAS-008	AMSTERDAM	FVM — malperfusion vasculaire fœtale, forme globale (obstruction partielle)	critere		non_standard	FVM — ectasie vasculaire des vaisseaux fœtaux (préciser : plaque choriale ou villosité tronculaire)	Khong 2016, FVM (vascular ectasia)	Siège fœtal non précisé, ce qui empêche la distinction avec « FVM — ectasie vasculaire choriale » et « ectasie des troncs villositaires » présents par ailleurs dans le vocabulaire.	Ectasie vasculaire fœtale placentaire
FOETO:PP.PLA-VAS-009	AMSTERDAM	MPFD — dépôt massif de fibrinoïde périvillositaire	manifestation		non_standard	Fibrinoïde périvillositaire augmenté	Khong 2016, increased perivillous fibrin(oid)	« Fibrine intervilleuse » désigne en réalité le fibrinoïde périvillositaire ; doublon avec « Fibrine périvillositaire augmentée » et « Fibrinoïde périvillositaire ».	Fibrine intervilleuse augmentée
FOETO:PP.PLA-VAS-010	REDLINE	FVM haut grade — foyers de villosités avasculaires	critere		non_standard	Foyers étendus de villosités avasculaires (≥ 45 villosités par foyer)	Redline 2004 ; Khong 2016, FVM grading (haut grade : ≥ 45 villosités avasculaires en moyenne ou ≥ 2 foyers de ≥ 45)	Quantification qualitative (« grands foyers ») sans le seuil chiffré qui définit le grade ; granularité incohérente avec « Petits foyers de villosités avasculaires ».	Grands foyers de villosités avasculaires
FOETO:PP.PLA-VAS-011	AMSTERDAM	MVM — hématome intraplacentaire arrondi (« infarction hematoma »)	manifestation		obsolete	Hématome intraplacentaire arrondi (rounded intraplacental hematoma)	Khong 2016, gross lesions — rounded intraplacental hematoma (anciennement infarction hematoma)	Libellé composite hématome + infarctus, terminologie remplacée par « hématome intraplacentaire arrondi » ; ni siège ni ancienneté précisés.	Hématome d'infarction placentaire
FOETO:PP.PLA-VAS-012	BENIRSCHKE	Hématome du cordon ombilical	synonyme		oui		Benirschke, Burton & Baergen, Umbilical cord — cord hematoma		Hématome du cordon ombilical
FOETO:PP.PLA-VAS-013	AMSTERDAM	MVM — hématome rétroplacentaire (abruptio placentae)	critere		oui		Khong 2016, MVM — macroscopie (retroplacental hematoma)	Doublon avec « Hématome rétroplacentaire », « Hémorragie rétroplacentaire » et « Hématome décidual basal ».	Hématome décidual basal (hématome rétroplacentaire)
FOETO:PP.PLA-VAS-014	AMSTERDAM	Hématome marginal (décollement marginal)	manifestation		oui		Khong 2016, gross lesions — marginal hematoma	Doublon strict avec « Hématome marginal placentaire ».	Hématome décidual marginal
FOETO:PP.PLA-VAS-015	AMSTERDAM	Hématome marginal (décollement marginal)	manifestation		non_standard	Hématome marginal (décollement marginal)	Khong 2016, gross lesions — marginal hematoma	Doublon strict avec « Hématome décidual marginal » : un seul libellé doit être retenu.	Hématome marginal placentaire
FOETO:PP.PLA-VAS-016	AMSTERDAM	Hématome sous-chorionique	manifestation		oui		Khong 2016, gross lesions — subchorionic hematoma / massive subchorionic thrombohematoma	Recouvrement partiel avec « Thrombohématome sous-chorial » et « Thrombose sous-choriale massive (môle de Breus) » : la forme massive doit rester distincte.	Hématome sous-chorionique
FOETO:PP.PLA-VAS-017	AMSTERDAM	MVM — hématome rétroplacentaire (abruptio placentae)	critere		non_standard	Hématome rétroplacentaire	Khong 2016, MVM — macroscopie (retroplacental hematoma)	« Hémorragie rétroplacentaire » fait doublon avec les libellés d'hématome rétroplacentaire ; le terme consacré est hématome.	Hémorragie rétroplacentaire
FOETO:PP.PLA-VAS-018	BENIRSCHKE	Hématome / hémorragie sous-amniotique	manifestation		oui		Benirschke, Burton & Baergen, Subamniotic hematoma (le plus souvent traumatique, lié à la délivrance)	Lésion le plus souvent artefactuelle per-partum : l'absence de mention de ce caractère peut faire surinterpréter le signe.	Hémorragie sous-amniotique
FOETO:PP.PAR-VAS-011	BENIRSCHKE	Hémorragie intravillositaire	synonyme		oui		Benirschke, Burton & Baergen, Pathology of the Human Placenta — intravillous hemorrhage	Lésion non codée par Amsterdam ; à ne pas confondre avec le thrombus intervilleux.	Hémorragie intravillositaire
FOETO:PP.PAR-VAS-012	AMSTERDAM	MVM — infarctus	critere		oui		Khong 2016, MVM (villous infarct)		Infarctus villositaire
FOETO:PP.PLA-NOR-223	BENIRSCHKE	Îlots cellulaires trophoblastiques et fibrinoïde extravilleux	manifestation		non_standard	Îlots cellulaires trophoblastiques augmentés (trophoblaste extravilleux dans le fibrinoïde)	Benirschke, Burton & Baergen — cell islands, extravillous trophoblast	Siège non précisé (plancher basal vs intraparenchymateux) et doublon partiel de « Excès de trophoblaste extravilleux ».	Îlots de fibrinoïde avec trophoblastes extravilleux augmentés
FOETO:PP.PLA-NOR-224	BENIRSCHKE	Œdème du cordon ombilical (gelée de Wharton)	synonyme		oui		Benirschke, Burton & Baergen — umbilical cord edema	Terme funiculaire classé au compartiment « placenta » : incohérence de compartiment.	Œdème de la gelée de Wharton
FOETO:PP.PLA-RET-001	BENIRSCHKE	Modifications post-mortem placentaires (rétention in utero)	critere		oui		Genest 1992 ; Benirschke & Baergen, fetal death / macerated placenta	Homonyme lésionnel des nœuds syncytiaux de Tenney-Parker (MVM) : le qualifieur post-mortem est le seul discriminant.	Augmentation des nœuds syncytiaux post-mortem
FOETO:PP.PLA-RET-002	AMSTERDAM	Érythroblastes circulants augmentés	synonyme		oui		Khong 2016, increased circulating nucleated red blood cells	Siège vasculaire fœtal villositaire non écrit dans le libellé.	Augmentation des érythroblastes intravasculaires
FOETO:PP.PLA-RET-003	BENIRSCHKE	Modifications post-mortem placentaires (rétention in utero)	critere		non_standard	Décoloration brune ou rouge du cordon ombilical (critère de Genest)	Genest 1992, datation de la mort fœtale — gross findings	Critère macroscopique inséré dans un vocabulaire histologique ; accentuation fautive du libellé.	Decoloration du cordon ombilical brun ou rouge (Genest)
FOETO:PP.PLA-RET-004	BENIRSCHKE	Modifications post-mortem placentaires (rétention in utero)	critere		oui		Genest 1992, villous stromal fibrosis (≥ 2 semaines de rétention)	Doublon de « Fibrose stromale villositaire » lésionnelle : seul le qualifieur macération distingue.	Fibrose stromale villositaire diffuse (macération)
FOETO:PP.PLA-RET-005	BENIRSCHKE	Hémosidérose chorioamniotique diffuse (séquence hématome chronique–oligoamnios)	synonyme		oui		Ohyama 2004 ; Benirschke & Baergen — diffuse chronic chorioamniotic hemosiderosis		Hémosidérose chorioamniotique diffuse chronique
FOETO:PP.PLA-RET-006	AMSTERDAM	FVM — malperfusion vasculaire fœtale segmentaire	critere		oui		Khong 2016, FVM — villous stromal-vascular karyorrhexis		Karyorrhexie stromale-vasculaire villositaire
FOETO:PP.PLA-RET-007	BENIRSCHKE	Modifications post-mortem placentaires (rétention in utero)	critere		oui		Genest 1992, intravascular karyorrhexis (≥ 6 h)	Doublon de PP.PLA-RET-008 sans le qualifieur Genest, et confusion possible avec la caryorrhexie vasculo-stromale de la FVM.	Karyorrhexis intravasculaire villositaire
FOETO:PP.PLA-RET-008	BENIRSCHKE	Modifications post-mortem placentaires (rétention in utero)	critere		oui		Genest 1992, intravascular karyorrhexis (≥ 6 h)		Karyorrhexis intravasculaire villositaire (Genest)
FOETO:PP.PLA-RET-009	AMSTERDAM	Méconium — macrophages chargés de méconium	manifestation		oui		Khong 2016, meconium-laden macrophages (extension déciduale = exposition prolongée)	Terme de datation de l'exposition méconiale rangé dans le compartiment « placenta » alors que le siège est décidual.	Macrophages chargés de méconium dans la décidua maternelle
FOETO:PP.PLA-RET-010	BENIRSCHKE	Modifications post-mortem placentaires (rétention in utero)	critere		oui		Genest 1992, mineralization of the trophoblastic basement membrane	Discordance fr/en : la version anglaise associe l'épaississement de la membrane basale, ce qui mêle deux lésions distinctes.	Minéralisation de la membrane basale villositaire trophoblastique
FOETO:PP.PLA-RET-011	BENIRSCHKE	Mort fœtale in utero d'un jumeau — modifications post-mortem du sac	manifestation		oui		Benirschke & Baergen — single twin demise, amnionic epithelial necrosis	Contexte clinique (jumeau décédé) intégré au libellé lésionnel ; doublon de « Nécrose de l'épithélium amniotique (membrane de séparation gémellaire) ».	Nécrose de l'épithélium amniotique (jumeau décédé)
FOETO:PP.PLA-DYS-035	AMSTERDAM	FVM — malperfusion vasculaire fœtale, segmentaire (villosités avasculaires)	manifestation		oui		Khong 2016, FVM (villosités avasculaires / hyalinisation stromale)	Signe non spécifique : l'hyalinisation stromale s'observe aussi dans les infarctus anciens et la fibrose de macération, le libellé seul ne permet pas de trancher.	Stroma villositaire hyalinisé
FOETO:PP.PLA-DYS-036	VOGEL	Retard de maturation villositaire (immaturité villositaire distale)	manifestation		oui		Vogel, troubles de maturation villositaire (stroma immature hypercellulaire)		Stroma villositaire hypercellulaire avec fibroblastes indifférenciés
FOETO:PP.PLA-NOR-028	VOGEL	Anatomie villositaire normale — réseau capillaire fœtal	structure		oui		Vogel, anatomie et maturation villositaires normales		Capillaires fœtaux villeux
FOETO:PP.PLA-NOR-029	VOGEL	Anatomie villositaire normale — réseau capillaire paravasculaire des villosités souches	structure		oui		Vogel, anatomie villositaire normale (réseau paravasculaire des villosités souches)		Capillaires paravasculaires des villosités souches
FOETO:PP.PLA-NOR-030	AMSTERDAM	FVM — malperfusion vasculaire fœtale, pattern global (ectasie vasculaire)	critere		oui		Khong 2016, FVM global (vascular ectasia / dilatation sinusoïdale)	Terme lésionnel rangé dans la série des structures normales (code NOR) : statut normal/lésionnel incohérent avec le reste du vocabulaire ; doublon de « Dilatation sinusoïdale des capillaires fœtaux ».	Capillaires sinusoïdaux villositaires dilatés
FOETO:PP.PLA-NOR-031	BENIRSCHKE	Hétérotopies placentaires — tissu ectopique (cartilage sous-amniotique)	manifestation		oui		Benirschke & Baergen, tissus ectopiques / hétérotopies placentaires	Reliquat embryonnaire incidental classé dans la série des structures normales : ni lésion ni composant constant du placenta normal.	Cartilage sous-amniotique (reliquat)
FOETO:PP.PLA-NOR-032	BENIRSCHKE	Anatomie normale — architecture lobulaire de l'arbre villositaire (cavité centrale du lobule)	structure		oui		Benirschke & Baergen, architecture lobulaire et flux intervilleux		Cavité centrale du lobule (zone d'afflux artériel)
FOETO:PP.PLA-NOR-033	VOGEL	Anatomie villositaire normale — macrophages stromaux (cellules de Hofbauer)	structure		oui		Vogel, anatomie villositaire normale (cellules de Hofbauer)	Doublon des entrées « Macrophage villositaire (cellule de Hofbauer) » et « Macrophages villeux (cellules de Hofbauer) ».	Cellules de Hofbauer — macrophages stromaux villositaires
FOETO:PP.PLA-NOR-034	BENIRSCHKE	Anatomie normale — décidue (cellules déciduales)	structure		oui		Benirschke & Baergen, anatomie normale de la décidue		Cellules déciduales
FOETO:PP.PLA-NOR-035	BENIRSCHKE	Anatomie normale — zone jonctionnelle décidue/myomètre	structure		oui		Benirschke & Baergen, plaque basale et zone jonctionnelle myométriale	Constat de repère architectural dont la valeur diagnostique n'est pas explicitée : à distinguer de l'adhérence de fibres myométriales à la plaque basale, qui relève du spectre accreta.	Cellules musculaires lisses myométriales dans la décidua
FOETO:PP.PLA-NOR-036	VOGEL	Anatomie villositaire normale — stroma mésenchymateux villositaire	structure		oui		Vogel, anatomie et maturation villositaires normales (stroma mésenchymateux)		Cellules mésenchymateuses stromales villeuses
FOETO:PP.PLA-NOR-037	BENIRSCHKE	Anatomie normale — chorion laeve (membranes libres)	structure		oui		Benirschke & Baergen, anatomie normale des membranes extraplacentaires		Chorion laeve (membranes libres)
FOETO:PP.PLA-NOR-038	BENIRSCHKE	Anatomie normale — trophoblaste extravilleux du chorion laeve	structure		non_standard	Trophoblaste extravilleux du chorion laeve (aspect normal)	Benirschke & Baergen, anatomie normale des membranes (trophoblaste extravilleux)	Libellé de rubrique (« — architecture trophoblastique ») sans contenu factorisable, redondant avec « Trophoblaste extravilleux des membranes ».	Chorion laeve — architecture trophoblastique
FOETO:PP.PLA-NOR-039	BENIRSCHKE	Anatomie normale — plaque choriale (mésenchyme et collagène périvasculaire)	structure		oui		Benirschke & Baergen, anatomie normale de la plaque choriale		Collagène péri-vasculaire de la plaque choriale
FOETO:PP.PLA-NOR-040	BENIRSCHKE	Anatomie normale — colonnes trophoblastiques (colonnes d'ancrage)	structure		oui		Benirschke & Baergen, anatomie normale (colonnes trophoblastiques d'ancrage)	Doublon de « Colonnes de cytotrophoblaste extravilleux (colonnes d'ancrage) ».	Colonne cellulaire trophoblastique
FOETO:PP.PLA-NOR-116	BENIRSCHKE	Anatomie normale — membranes extraplacentaires (amnios / chorion laeve / décidue capsulaire)	structure		oui		Benirschke, Burton & Baergen, Pathology of the Human Placenta — anatomie des membranes		Membranes extraplacentaires — architecture tricouche
FOETO:PP.PLA-NOR-117	VOGEL	Maturation villositaire normale — membrane vasculo-syncytiale de la villosité terminale	structure		non_standard	Membrane vasculo-syncytiale	Vogel M., Clinical Pathology of the Placenta — maturation villositaire normale	Doublon au pluriel du terme singulier « Membrane vasculo-syncytiale » : une seule forme doit être retenue.	Membranes vasculo-syncytiales
FOETO:PP.PLA-MET-012	BENIRSCHKE	Maladies de surcharge lysosomale — atteinte placentaire	manifestation		non_standard	Macrophages de surcharge (cellules de Hofbauer vacuolisées) du stroma villositaire	Benirschke, Burton & Baergen — storage disorders of the placenta	Siège fourre-tout (« tissus placentaires ») et nature du matériel de surcharge non précisée.	Histiocytes de surcharge dans les tissus placentaires
FOETO:PP.PLA-MET-013	BENIRSCHKE	Hémosidérose chorio-amniotique diffuse (hémorragie chronique / séquence décollement chronique–oligoamnios)	synonyme		non_standard	Hémosidérose chorio-amniotique des membranes	Benirschke, Burton & Baergen — pigments placentaires ; Ohyama, chronic abruption–oligohydramnios sequence	Classé parmi les surcharges métaboliques alors qu'il s'agit d'un pigment post-hémorragique ; redondant avec les trois autres libellés « macrophages à hémosidérine des membranes ».	Hémosidérose membranaire placentaire
FOETO:PP.PLA-MET-014	BENIRSCHKE	Maladies de surcharge lysosomale — atteinte placentaire	critere		non_standard	Inclusions lysosomales membranaires (microscopie électronique)	Benirschke, Burton & Baergen — storage disorders, ultrastructure	Type cellulaire non précisé et lésion accessible seulement en microscopie électronique : granularité incohérente avec le reste du vocabulaire histologique.	Inclusions lysosomales membraneuses dans le placenta
FOETO:PP.PLA-MET-015	BENIRSCHKE	Maladie de Gaucher — atteinte placentaire	critere		oui		Benirschke, Burton & Baergen — storage disorders (Gaucher)		Infiltrat de cellules de Gaucher dans le stroma villositaire
FOETO:PP.PLA-MET-016	BENIRSCHKE	Hémosidérose chorio-amniotique diffuse (hémorragie chronique)	critere		non_standard	Macrophages chargés d'hémosidérine dans les membranes chorio-amniotiques	Benirschke, Burton & Baergen — pigments placentaires	Libellé grammaticalement incomplet (« dans la chorioamniotique ») et doublon de PP.PLA-MET-018.	Macrophages avec hémosidérine dans la chorioamniotique
FOETO:PP.PLA-MET-017	BENIRSCHKE	Hémosidérose chorio-amniotique diffuse (hémorragie chronique)	manifestation		non_standard	Macrophages chargés d'hémosidérine des membranes ; (à scinder : macrophages chargés d'hémosidérine du cordon ombilical)	Benirschke, Burton & Baergen — pigments placentaires	Siège composite : deux structures distinctes (cordon et membranes) réunies dans un même libellé.	Macrophages avec pigment ferrique dans le cordon et les membranes
FOETO:PP.PLA-MET-018	BENIRSCHKE	Hémosidérose chorio-amniotique diffuse (hémorragie chronique)	critere		oui		Benirschke, Burton & Baergen — pigments placentaires	Triple doublon avec PP.PLA-MET-013, -016 et -017 : un seul libellé doit être conservé.	Macrophages chargés d'hémosidérine dans les membranes
FOETO:PP.PLA-MET-019	BENIRSCHKE	Minéralisation de la membrane basale trophoblastique villositaire	synonyme		non_standard	Minéralisation segmentaire de la membrane basale trophoblastique villositaire	Benirschke, Burton & Baergen — calcifications et minéralisations placentaires	Redondant avec « Minéralisation de la membrane basale villositaire trophoblastique » déjà présent dans le vocabulaire.	Minéralisation segmentaire des villosités
FOETO:PP.PLA-MET-020	BENIRSCHKE	Pigments placentaires — pigment biliaire des macrophages	manifestation		non_standard	Macrophages chargés de pigment biliaire dans les membranes	Benirschke, Burton & Baergen — pigments placentaires	La mention « ictère fœtal » est une interprétation clinique accolée au signe morphologique.	Pigment biliaire dans les macrophages des membranes (ictère fœtal)
FOETO:PP.PLA-MET-021	BENIRSCHKE	Placentomégalie (placenta hydropique / anémie fœtale, surcharge)	manifestation		non_standard	Placentomégalie pâle (macroscopie)	Benirschke, Burton & Baergen — placentomegaly, hydrops	Libellé composite mêlant deux axes macroscopiques (poids et couleur) ; signe macroscopique placé au milieu d'items histologiques de surcharge.	Placentomégalie avec aspect pâle
FOETO:PP.PLA-MET-022	BENIRSCHKE	Maladies de surcharge lysosomale — atteinte placentaire	critere		non_standard	Matériel de surcharge dans le trophoblaste ; (à scinder : matériel de surcharge dans les macrophages stromaux villositaires)	Benirschke, Burton & Baergen — storage disorders of the placenta	Siège composite (trophoblaste + macrophages stromaux) et nature du matériel de stockage non précisée.	Produits de stockage anormaux dans le trophoblaste et les macrophages stromaux
FOETO:PP.PLA-MET-023	BENIRSCHKE	Maladies de surcharge lysosomale — atteinte placentaire	critere		non_standard	Vacuoles claires limitées par une membrane (microscopie électronique)	Benirschke, Burton & Baergen — storage disorders, ultrastructure	Type cellulaire non précisé et modalité technique (MEB) intégrée au libellé lésionnel.	Vacuoles claires liées à une membrane dans les cellules placentaires (MEB)
FOETO:PP.PLA-MET-024	BENIRSCHKE	Maladies de surcharge lysosomale — atteinte placentaire	manifestation		oui		Benirschke, Burton & Baergen — storage disorders of the placenta		Vacuolisation de l'endothélium capillaire villositaire
FOETO:PP.PLA-NOR-013	BENIRSCHKE	Dysplasie mésenchymateuse placentaire	critere		non_standard	Atteinte villositaire en mosaïque (villosités dysplasiques alternant avec villosités normales) — dysplasie mésenchymateuse placentaire	Benirschke, Burton & Baergen, Pathology of the Human Placenta, dysplasie mésenchymateuse placentaire	Libellé descriptif d'un aspect panoramique : la lésion villositaire élémentaire (villosités tronculaires élargies, myxoïdes, à vaisseaux dilatés) n'est pas précisée, et l'alternance mosaïque est un pattern, non une lésion.	Aspect en mosaïque de villosités normales et dysplasiques
FOETO:PP.PLA-NOR-014	BENIRSCHKE	Anatomie normale — vaisseaux de la plaque choriale (asymétrie pariétale physiologique)	structure		non_standard	Asymétrie pariétale physiologique des vaisseaux de la plaque choriale	Benirschke, Burton & Baergen, Pathology of the Human Placenta, chorionic plate vessels	Formulé comme une lésion (facette lesion=asymétrie) alors qu'il s'agit d'une variation architecturale normale de la média des vaisseaux choriaux ; doublon de PP.PLA-NOR-015.	Asymétrie de l'épaisseur pariétale des vaisseaux chorioniques de surface
FOETO:PP.PLA-NOR-015	BENIRSCHKE	Anatomie normale — vaisseaux de la plaque choriale (asymétrie pariétale physiologique)	structure		non_standard	Asymétrie pariétale physiologique des vaisseaux de la plaque choriale (amincissement segmentaire)	Benirschke, Burton & Baergen, Pathology of the Human Placenta, chorionic plate vessels	Doublon de PP.PLA-NOR-014 (même contenu, siège reformulé) ; variation anatomique normale codée comme lésion.	Asymétrie de la paroi des vaisseaux de la plaque choriale
FOETO:PP.PLA-NOR-016	VOGEL	Cytotrophoblaste villositaire — hyperplasie/prolifération réactionnelle (contexte hypoxique)	manifestation		non_standard	Prolifération accrue du cytotrophoblaste villositaire (index Ki-67 augmenté)	Vogel, Clinical Pathology of the Placenta, cytotrophoblaste villositaire et maturation	Paramètre immunohistochimique quantitatif (index prolifératif) et non un signe morphologique observable en routine ; granularité incohérente avec le reste du vocabulaire.	Augmentation de l'index prolifératif des cytotrophoblastes villositaires
FOETO:PP.PLA-NOR-017	VOGEL	Cytotrophoblaste villositaire — hyperplasie/prolifération réactionnelle (contexte hypoxique)	manifestation		oui		Vogel, Clinical Pathology of the Placenta, proportion de cytotrophoblaste villositaire selon l'âge gestationnel		Augmentation de la densité des cytotrophoblastes villositaires
FOETO:PP.PLA-NOR-018	VOGEL	Corrélation clinico-pathologique — placentomégalie / hypervascularisation villositaire (diabète, anémie fœtale)	manifestation		non_standard	Surface villositaire totale augmentée (morphométrie)	Vogel, Atlas der morphologischen Plazentadiagnostik, morphométrie villositaire	Paramètre morphométrique global, non évaluable en pratique diagnostique standard ; granularité hétérogène par rapport aux autres signes.	Augmentation de la surface villositaire totale
FOETO:PP.PLA-NOR-019	BENIRSCHKE	Lit placentaire — cellules trophoblastiques géantes multinucléées (site d'implantation exagéré)	manifestation		oui		Benirschke, Burton & Baergen, Pathology of the Human Placenta, implantation site / placental site giant cells		Augmentation des cellules trophoblastiques géantes du site d'implantation
FOETO:PP.PLA-NOR-020	AMSTERDAM	FVM — villosités avasculaires (malperfusion vasculaire fœtale segmentaire)	manifestation		non_standard	Nœuds syncytiaux augmentés au contact de villosités avasculaires	Khong 2016, FVM (villosités avasculaires) ; Tenney-Parker change (MVM)	Libellé composite mêlant deux axes lésionnels distincts : nœuds syncytiaux augmentés (marqueur de MVM/Tenney-Parker) et villosités avasculaires (FVM segmentaire).	Augmentation des nœuds syncytiaux dans les villosités avasculaires
FOETO:PP.PLA-NOR-021	VOGEL	Développement villositaire normal — bourgeons trophoblastiques (syncytial sprouts)	structure		non_standard	Bourgeon syncytial (sprout trophoblastique)	Vogel, Clinical Pathology of the Placenta, développement et maturation villositaires (Benirschke, villous sprouting)	Libellé à double dénomination par barre oblique pour un seul repère architectural ; doublon de PP.PLA-NOR-022.	Bourgeon syncytial / bourgeon trophoblastique
FOETO:PP.PLA-NOR-022	VOGEL	Développement villositaire normal — bourgeons trophoblastiques (syncytial sprouts)	structure		oui		Vogel, Clinical Pathology of the Placenta, développement et maturation villositaires		Bourgeons syncytiaux
FOETO:PP.PLA-NOR-023	VOGEL	Angiogenèse villositaire normale — bourgeons endothéliaux capillaires	structure		oui		Vogel, Clinical Pathology of the Placenta, vascularisation et maturation villositaires		Bourgeons vasculaires endothéliaux villositaires
FOETO:PP.PLA-NOR-024	VOGEL	Développement villositaire normal — bourgeons villositaires (mesenchymal/trophoblastic sprouts)	structure		non_standard	Bourgeon villositaire (sprout mésenchymateux)	Vogel, Clinical Pathology of the Placenta, développement villositaire (sprouting)	Chevauche PP.PLA-NOR-021/022 sans distinguer explicitement bourgeon mésenchymateux et bourgeon syncytial : granularité redondante.	Bourgeons villositaires (villosité sprout)
FOETO:PP.PLA-NOR-025	BENIRSCHKE	Calcifications placentaires (dépôts calciques physiologiques / dystrophiques)	manifestation		oui		Benirschke, Burton & Baergen, Pathology of the Human Placenta, placental calcification		Calcifications placentaires
FOETO:PP.PLA-NOR-026	HORS_REFERENTIEL		hors		non_standard	Calcifications placentaires : absentes ou rares (constat descriptif)		Énoncé négatif : l'absence ou la rareté de calcifications n'est pas une entité lésionnelle et n'est codée par aucun référentiel ; à traiter comme une modalité (degré) du signe « calcifications placentaires ».	Calcifications placentaires absentes ou rares
FOETO:PP.PLA-NOR-027	VOGEL	Anatomie villositaire normale — canaux stromaux villositaires	structure		oui		Vogel, Clinical Pathology of the Placenta, stroma villositaire normal (canaux stromaux, cellules de Hofbauer)		Canaux stromaux villeux
FOETO:PP.PLA-TUM-010	AMSTERDAM	Chorangiose	synonyme		oui		Khong 2016, autres lésions — chorangiose (≥10 capillaires dans ≥10 villosités dans ≥10 champs x10)	Classée en axe tumoral (TUM) alors qu'il s'agit d'une lésion d'hypercapillarisation adaptative, non néoplasique ; doublon avec « Chorangiose » et « Hypercapillarisation des villosités terminales (chorangiose) ».	Chorangiose placentaire
FOETO:PP.PLA-TUM-011	BENIRSCHKE	Chorangiome	synonyme		non_standard	Chorangiome placentaire	Benirschke, Burton & Baergen, Pathology of the Human Placenta — tumeurs placentaires, chorangiome	Variante orthographique doublonnant « Chorangiome placentaire » déjà présent dans le vocabulaire.	Chorioangiome
FOETO:PP.AUP-INF-001	AMSTERDAM	MVM — artériopathie déciduale	manifestation		non_standard	Vasculite déciduale (préciser : athérose aiguë ou infiltrat inflammatoire chronique)	Khong 2016, MVM — artériopathie déciduale	Libellé ambigu : sans temporalité ni type d'infiltrat, il recouvre indistinctement l'athérose aiguë (MVM) et une artérite de déciduite chronique.	Artérite déciduale
FOETO:PP.AUP-NOR-000	BENIRSCHKE	Anatomie normale — artères utéro-placentaires (artères spiralées) remodelées	structure		oui		Benirschke, Burton & Baergen — lit placentaire, remodelage physiologique des artères spiralées		Artères utéro-placentaires normales (remodelage physiologique)
FOETO:PP.AUP-VAS-001	AMSTERDAM	MVM — artériopathie déciduale	critere		oui		Khong 2016, MVM — défaut de transformation physiologique des artères spiralées	Doublon de contenu strict avec PP.AUP-VAS-002 (défaut de transformation physiologique des artères utéro-placentaires).	Défaut de remodelage des artères spiralées
FOETO:PP.AUP-VAS-002	AMSTERDAM	MVM — artériopathie déciduale	critere		oui		Khong 2016, MVM — défaut de transformation physiologique des artères spiralées	Doublon de contenu strict avec PP.AUP-VAS-001 et avec l'élément « Défaut de transformation physiologique des artères utéroplacentaires » : trois entrées pour une même lésion.	Défaut de transformation physiologique des artères utéro-placentaires
FOETO:PP.AUP-VAS-003	AMSTERDAM	MVM — artériopathie déciduale	critere		oui		Khong 2016, MVM — athérose aiguë (nécrose fibrinoïde pariétale + macrophages spumeux)	Doublon avec « Athérose aiguë déciduale » et « Athérose des vaisseaux déciduaux ».	Athérose aiguë des artères spiralées
FOETO:PP.AUP-VAS-004	AMSTERDAM	MVM — artériopathie déciduale	synonyme		non_standard	MVM — artériopathie déciduale	Khong 2016, MVM — artériopathie déciduale	Qualificatif « spiralée » surajouté au chapeau consensuel ; doublon avec « MVM — Artériopathie déciduale » et « Artériopathie déciduale ».	MVM — Artériopathie déciduale spiralée
FOETO:PP.AUP-VAS-005	AMSTERDAM	MVM — artériopathie déciduale	critere		oui		Khong 2016, MVM — athérose aiguë : nécrose fibrinoïde pariétale	Granularité infra-lésionnelle : composante de l'athérose aiguë codée séparément, et doublon avec « Nécrose fibrinoïde de la paroi artérielle déciduale ».	Nécrose fibrinoïde pariétale des artères spiralées
FOETO:PP.AUP-VAS-006	AMSTERDAM	MVM — artériopathie déciduale	manifestation		oui		Khong 2016, MVM — thrombose artérielle déciduale	Doublon avec « Thrombose artérielle déciduale ».	Thrombose des artères utéro-placentaires
FOETO:PP.COR-INF-001	AMSTERDAM	FIR grade 1	stade	FIR grade 1	oui		Khong 2016, réponse inflammatoire fœtale — grades 1 et 2	Libellé purement gradué : le grade Amsterdam n'a de sens qu'adossé à un stade FIR, il ne désigne aucune lésion ni siège par lui-même.	FIR Grade 1
FOETO:PP.COR-INF-002	AMSTERDAM	FIR stade 3	synonyme	FIR stade 3	erreur	FIR stade 3 — funisite nécrosante	Khong 2016, FIR stade 3 : funisite nécrosante ; grade 2 : polynucléaires intramuraux quasi confluents	Confond les axes stade et grade : la funisite nécrosante définit le STADE 3, alors que le grade 2 désigne la sévérité de l'infiltrat ; orthographe « funiculite » non retenue (funisite).	FIR Grade 2 — Funiculite nécrosante
FOETO:PP.COR-INF-003	AMSTERDAM	FIR stade 1	synonyme	FIR stade 1	non_standard	FIR stade 1 — phlébite ombilicale ou vascularite choriale	Khong 2016, FIR stade 1 : vascularite choriale ou phlébite ombilicale	Anglicisme « Stage » ; le libellé juxtapose deux sièges alternatifs (veine ombilicale / vaisseaux choriaux) conformément à la définition, mais reste non factorisable sur l'axe siège.	FIR Stage 1 — Phlébite ombilicale / vasculite choriale
FOETO:PP.COR-INF-004	AMSTERDAM	FIR stade 2	synonyme	FIR stade 2	non_standard	FIR stade 2 — vascularite ombilicale avec atteinte artérielle	Khong 2016, FIR stade 2 : vascularite ombilicale avec atteinte artérielle	Anglicisme « Stage » et orthographe « funiculite » (funisite retenue) ; « funisite » accolée au stade 2 est ambiguë car terme générique de toute inflammation du cordon.	FIR Stage 2 — Artérite ombilicale / funiculite
FOETO:PP.COR-INF-005	AMSTERDAM	FIR stade 3	synonyme	FIR stade 3	non_standard	FIR stade 3 — funisite nécrosante	Khong 2016, FIR stade 3 : funisite nécrosante	« Funiculite concentrique » est une description morphologique (anneaux périvasculaires) et non le libellé consensuel ; doublon avec « Funiculite nécrosante (stade 3 réponse fœtale) ».	FIR Stage 3 — Funiculite concentrique
FOETO:PP.PAR-INF-004	BENIRSCHKE	Villite aiguë (infection hématogène bactérienne — listériose, autres)	manifestation		oui		Benirschke, Burton & Baergen, infections hématogènes du placenta ; villites à étiologie identifiée	La villite aiguë n'est pas une VUE : elle relève des villites à étiologie identifiée et non du périmètre Amsterdam.	Villite aiguë
FOETO:PP.PAR-INF-005	AMSTERDAM	VUE — villite chronique d'étiologie indéterminée (variante basale)	manifestation		oui		Khong 2016, lésions inflammatoires chroniques — villite chronique basale / déciduite chronique associée		Villite basale chronique
FOETO:PP.PAR-INF-006	AMSTERDAM	VUE — villite chronique d'étiologie indéterminée	critere		oui		Khong 2016, lésions inflammatoires chroniques — VUE	Libellé non qualifié : ne distingue pas une VUE d'une villite à étiologie identifiée (référentiel Benirschke).	Villite chronique
FOETO:PP.PAR-INF-007	AMSTERDAM	VUE — villite chronique d'étiologie indéterminée	synonyme		oui		Khong 2016, lésions inflammatoires chroniques — VUE		Villite chronique d'étiologie inconnue (VCEI)
FOETO:PP.PAR-INF-008	BENIRSCHKE	Villite à étiologie identifiée — villite chronique lympho-plasmocytaire (CMV, syphilis, toxoplasmose)	manifestation		oui		Benirschke, Burton & Baergen, villites infectieuses ; Fox & Sebire	La composante plasmocytaire orientant vers une étiologie identifiée, ce terme ne doit pas être rattaché à la VUE.	Villite chronique lympho-plasmocytaire
FOETO:PP.PAR-INF-009	BENIRSCHKE	Villite à étiologie identifiée — villite granulomateuse (tuberculose, syphilis, listériose)	manifestation		oui		Benirschke, Burton & Baergen, villites infectieuses granulomateuses		Villite granulomateuse
FOETO:PP.PAR-INF-010	BENIRSCHKE	Villite à étiologie identifiée — villite nécrosante (HSV, listériose, toxoplasmose)	manifestation		oui		Benirschke, Burton & Baergen, villites nécrosantes infectieuses		Villite nécrosante
FOETO:PP.PAR-INF-011	AMSTERDAM	AI — réponse inflammatoire maternelle (MIR)	stade	MIR stade 1	non_standard	MIR stade 1 — chorionite / subchorionite aiguë	Khong 2016, inflammation aiguë — MIR stade 1	Le libellé désigne la subchorionite (chorion/espace sous-chorial) alors que la description microscopique associée décrit un infiltrat décidual : deux sièges différents ; « Stage » anglais mêlé au français.	MIR Stage 1 — Chorionite subchoriale aiguë
FOETO:PP.PAR-INF-012	AMSTERDAM	AI — réponse inflammatoire maternelle (MIR)	stade	MIR stade 2	non_standard	MIR stade 2 — chorioamnionite aiguë	Khong 2016, inflammation aiguë — MIR stade 2	Orthographe « chorioamniotite » non retenue ; « Stage » anglais mêlé au français.	MIR Stage 2 — Chorioamniotite aiguë
FOETO:PP.PAR-INF-013	AMSTERDAM	AI — réponse inflammatoire maternelle (MIR)	stade	MIR stade 3	non_standard	MIR stade 3 — chorioamnionite nécrosante	Khong 2016, inflammation aiguë — MIR stade 3	Orthographe « chorioamniotite » non retenue ; « Stage » anglais mêlé au français.	MIR Stage 3 — Chorioamniotite nécrosante
FOETO:PP.PAR-INF-014	AMSTERDAM	AI — réponse inflammatoire maternelle (MIR)	manifestation		erreur	Abcès décidual (inflammation aiguë de la décidue)	Khong 2016, inflammation aiguë — grading MIR (grade 1 léger à modéré, grade 2 sévère)	L'abcès décidual n'est pas le critère du grade 1 d'Amsterdam (grade 1 = infiltrat léger à modéré ; les microabcès traduisent au contraire la sévérité) : le libellé mêle une lésion et une gradation, à tort.	MIR Grade 1 — Abcès décidual
FOETO:PP.PAR-INF-015	AMSTERDAM	Déciduite chronique à plasmocytes	synonyme		oui		Khong 2016, lésions inflammatoires chroniques — déciduite chronique à plasmocytes	Terme dupliqué dans le vocabulaire (deux entrées « Déciduite chronique »).	Déciduite chronique
FOETO:PP.PAR-INF-016	AMSTERDAM	AI — réponse inflammatoire fœtale (FIR)	stade	FIR stade 1	non_standard	FIR stade 1 — vascularite choriale	Khong 2016, inflammation aiguë — FIR stade 1 (vascularite choriale ou phlébite ombilicale)	Acronyme « RIF1 » non standard et redondant avec l'entrée « FIR Stage 1 — Phlébite ombilicale / vasculite choriale ».	RIF1 — Vasculite choriale
FOETO:PP.PAR-MAL-001	AMSTERDAM	MVM — hypoplasie villositaire distale	critere		oui		Khong 2016, MVM — hypoplasie villositaire distale	Redondant avec les entrées « MVM — Hypoplasie villositaire distale » et « Hypoplasie villositaire distale ».	Hypoplasie villositaire distale (déficience des villosités terminales)
FOETO:PP.PAR-MAL-002	BENIRSCHKE	Anomalies de forme du placenta — lobe succenturié (accessoire)	structure		oui		Benirschke, Burton & Baergen, anomalies de forme et de lobulation placentaire	Variante macroscopique de forme et non lésion histologique élémentaire ; qualifieur « succenturié » dupliqué.	Lobe placentaire accessoire (succenturié)
FOETO:PP.PLA-CLA-010	BENIRSCHKE	Nécrose laminaire de la décidue (marqueur d'hypoxie utéro-placentaire chronique)	manifestation		non_standard	Nécrose laminaire de la décidue des membranes	Benirschke, Burton & Baergen, Pathology of the Human Placenta — décidue, nécrose laminaire	Libellé générique : ni siège (décidue basale vs pariétale/capsulaire) ni pattern (laminaire) précisé ; fait doublon avec PP.PLA-CLA-011/012.	Nécrose déciduale
FOETO:PP.PLA-CLA-011	BENIRSCHKE	Nécrose laminaire de la décidue (marqueur d'hypoxie utéro-placentaire chronique)	manifestation		non_standard	Nécrose laminaire de la décidue des membranes	Benirschke, Burton & Baergen, Pathology of the Human Placenta — décidue capsulaire, nécrose laminaire	Doublon strict de PP.PLA-CLA-012 avec un libellé moins précis (pattern laminaire omis).	Nécrose déciduale membraneuse
FOETO:PP.PLA-CLA-012	BENIRSCHKE	Nécrose laminaire de la décidue (marqueur d'hypoxie utéro-placentaire chronique)	manifestation		oui		Benirschke, Burton & Baergen, Pathology of the Human Placenta — nécrose laminaire de la décidua capsularis (Stanek)		Nécrose laminaire de la décidua des membranes
FOETO:PP.PLA-CLA-013	AMSTERDAM	Méconium — myonécrose des vaisseaux ombilicaux	manifestation		non_standard	Myonécrose vasculaire ombilicale associée au méconium (MAVM)	Khong 2016, méconium — meconium-associated vascular myonecrosis	Libellé descriptif sans l'étiologie qui fonde l'entité ; fait doublon avec « MAVM » et « Myonécrose vasculaire ombilicale induite par le méconium ».	Nécrose musculaire vasculaire ombilicale
FOETO:PP.PLA-CLA-014	HORS_REFERENTIEL		hors		non_standard	Nécrose du cytotrophoblaste villositaire		Aucun référentiel ne décrit une « nécrose primaire du cytotrophoblaste » comme entité ou critère ; le qualifieur « primaire » n'a pas de définition opposable et le terme relève d'une description ultrastructurale isolée.	Nécrose primaire du cytotrophoblaste
FOETO:PP.PLA-CLA-015	BENIRSCHKE	Lésions dégénératives du trophoblaste villositaire (nécrose syncytiale focale)	manifestation		oui		Benirschke, Burton & Baergen, Pathology of the Human Placenta — dégénérescence/nécrose focale du syncytiotrophoblaste		Nécrose syncytiale focale
FOETO:PP.PLA-CLA-016	AMSTERDAM	DVM — retard de maturation villositaire (immaturité villositaire distale)	critere		oui		Khong 2016, DVM — raréfaction des membranes vasculo-syncytiales		Paucité des membranes vasculo-syncytiales
FOETO:PP.PLA-CLA-017	AMSTERDAM	FVM — malperfusion vasculaire fœtale segmentaire (villosités avasculaires)	critere		non_standard	Villosités avasculaires	Khong 2016, FVM segmentaire — avascular villi	Libellé composite empilant plusieurs altérations élémentaires (karyorrhexie, microcalcifications, ferrugination) dans un seul terme ; à éclater ou à réduire au critère « villosités avasculaires ».	Villosités avasculaires avec dégénérescence (karyorrhexie, calcifications, ferrugination)
FOETO:PP.PLA-CLA-018	BENIRSCHKE	Septa placentaires — nécrose fibrinoïde basale (modification dégénérative usuelle)	manifestation		non_standard	Nécrose fibrinoïde de la base des septa placentaires	Benirschke, Burton & Baergen, Pathology of the Human Placenta — septa placentaires	Libellé topographique vague (« zones nécrotiques ») pour une modification dégénérative banale des septa, sans seuil ni signification lésionnelle définie.	Zones nécrotiques à la base des septa placentaires
FOETO:PP.PLA-DYS-001	BENIRSCHKE	Calcifications placentaires (dépôts calciques dystrophiques)	manifestation		oui		Benirschke, Burton & Baergen, Pathology of the Human Placenta — calcifications	Terme redondant avec « Calcification vasculaire placentaire (veines choriales) » et « Calcifications intraplacentaires » du même vocabulaire.	Calcification vasculaire placentaire
FOETO:PP.PLA-DYS-002	BENIRSCHKE	Dysplasie mésenchymateuse placentaire	critere		oui		Benirschke, Burton & Baergen, Pathology of the Human Placenta — placental mesenchymal dysplasia, citernes villositaires		Citerne villeuse
FOETO:PP.PLA-DYS-003	BENIRSCHKE	Excès de gelée de Wharton (cordon épais)	manifestation		oui		Benirschke, Burton & Baergen, Pathology of the Human Placenta — cordon ombilical, gelée de Wharton		Cordon ombilical épaissi avec excès de gelée de Wharton
FOETO:PP.PLA-DYS-004	AMSTERDAM	FVM — malperfusion vasculaire fœtale globale (ectasie vasculaire)	critere		oui		Khong 2016, FVM global — vascular ectasia		Dilatation vasculaire fœtale villositaire
FOETO:PP.PLA-DYS-005	AMSTERDAM	DVM — retard de maturation villositaire (immaturité villositaire distale)	critere		non_standard	Capillaires villositaires de siège central	Khong 2016, DVM — centrally placed capillaries	Énoncé négatif (« non périphérique ») là où le référentiel formule un critère positif (capillaires de siège central).	Distribution non périphérique des capillaires villositaires
FOETO:PP.PLA-DYS-006	AMSTERDAM	MVM — artériopathie déciduale	critere		oui		Khong 2016, MVM — défaut de transformation physiologique des artères spiralées / persistance du trophoblaste intramural endovasculaire	Doublon avec les entrées « Défaut de remodelage des artères spiralées [entite] » et « Défaut de transformation physiologique des artères utéro-placentaires » : granularité à unifier.	Défaut de remodelage des artères spiralées
FOETO:PP.VAC-NOR-000	BENIRSCHKE	Anatomie normale — vaisseaux de la plaque choriale (allanto-choriaux)	structure		oui		Benirschke, Burton & Baergen, Pathology of the Human Placenta — chorionic plate and its vessels		Vaisseaux allanto-choriaux normaux
FOETO:PP.VAC-VAS-001	AMSTERDAM	FVM — thrombus des vaisseaux de la plaque choriale	critere		non_standard	Thrombus de la plaque choriale (vaisseau allanto-chorial)	Khong 2016, FVM — chorionic plate vessel thrombus	Doublon de « Thrombose des vaisseaux allanto-choriaux » / « Thrombus de la plaque choriale » : même contenu sous deux libellés (terminologie anatomique ancienne vs terminologie Amsterdam).	Thrombose des vaisseaux allanto-choriaux
FOETO:PP.PLA-NOR-208	VOGEL	Maturation villositaire normale — villosités terminales	structure		non_standard	Villosité terminale	Vogel, Clinical Pathology of the Placenta — maturation villositaire (villosités terminales)	Suffixe « aspect histologique » non factorisable et doublon du terme « Villosités terminales ».	Villosités terminales — aspect histologique
FOETO:PP.PLA-NOR-209	VOGEL	Trouble de maturation villositaire — retard / arrêt de maturation (villosités intermédiaires immatures)	manifestation		non_standard	Villosités élargies d'aspect « en patte » (villosités intermédiaires immatures)	Vogel, Atlas der morphologischen Plazentadiagnostik — troubles de maturation	Descriptif morphologique imagé sans définition quantitative, non canonique dans la littérature francophone.	Villosités élargies à aspect en patte
FOETO:PP.PLA-NOR-210	HORS_REFERENTIEL		hors		erreur			Entité de biologie expérimentale (exosomes / microvésicules trophoblastiques), non observable en microscopie optique de routine : ne relève d'aucun référentiel diagnostique.	Vésicules extracellulaires trophoblastiques (exosomes / microvésicules)
FOETO:PP.PLA-NOR-211	HORS_REFERENTIEL		hors		non_standard			Concept de recherche (« zone of altered morphology » sus-cervicale, Malak & Bell) : nature de l'altération non précisée et périmètre non couvert par les référentiels diagnostiques.	Zone d'altération morphologique des membranes (zone cervicale)
FOETO:PP.PLA-NOR-212	BENIRSCHKE	Anatomie normale — décidua basale / plan de clivage (couche spongieuse)	structure		non_standard	Décidua spongieuse — plan de clivage du décollement placentaire	Benirschke, Burton & Baergen — basal plate, decidua spongiosa	Libellé composite mêlant un terme d'imagerie (zone jonctionnelle myométriale) et un plan anatomique de clivage décidual.	Zone jonctionnelle (zone de décollement placentaire)
FOETO:PP.PLA-NOR-213	VOGEL	Corrélation clinico-pathologique — diabète maternel (placenta diabétique)	manifestation		non_standard	Épaississement de la membrane basale trophoblastique	Vogel, Clinical Pathology of the Placenta — placenta et diabète maternel	Libellé regroupant deux sites distincts (membrane basale trophoblastique et membrane basale capillaire) et doublon de « Épaississement de la membrane basale trophoblastique ».	Épaississement de la membrane basale trophoblastique et vasculaire
FOETO:PP.PLA-NOR-214	VOGEL	Trouble de maturation villositaire — retard de maturation	manifestation		non_standard	Syncytiotrophoblaste épaissi (villosités immatures)	Vogel, Atlas der morphologischen Plazentadiagnostik — troubles de maturation villositaire	Critère purement descriptif, non défini ni quantifié dans la littérature de référence.	Épaississement du syncytiotrophoblaste
FOETO:PP.PLA-NOR-215	BENIRSCHKE	Anatomie normale — amnios (épithélium amniotique)	structure		oui		Benirschke, Burton & Baergen — amnion		Épithélium amniotique
FOETO:PP.PLA-NOR-216	BENIRSCHKE	Anatomie normale — amnios (épithélium amniotique)	structure		oui		Benirschke, Burton & Baergen — amnion, épithélium cubique à cylindrique près de l'insertion du cordon	Granularité redondante avec « Amnion — épithélium pavimenteux à cubique simple » et « Épithélium amniotique » (même structure décrite trois fois).	Épithélium amniotique cubique à cylindrique
FOETO:PP.PLA-NOR-217	GEMELLAIRE	Placenta monochorionique — équateur vasculaire et anastomoses inter-jumeaux	structure		oui		Lewi / Khalil, chorionicité et cartographie des anastomoses monochoriales		Équateur vasculaire placentaire (jumeaux monochorioniques)
FOETO:PP.PLA-NOR-218	AMSTERDAM	Érythroblastes circulants augmentés	synonyme		non_standard	Érythroblastes circulants augmentés (vaisseaux villositaires)	Khong 2016, increased circulating nucleated red blood cells	Le libellé omet le caractère quantitatif (augmentation) qui fonde l'entité.	Érythroblastes dans les vaisseaux fœtaux villositaires
FOETO:PP.PLA-NOR-219	AMSTERDAM	Érythroblastes circulants augmentés	synonyme		non_standard	Érythroblastes circulants augmentés (vaisseaux villositaires)	Khong 2016, increased circulating nucleated red blood cells	Doublon strict de FOETO:PP.PLA-NOR-218 (même observation, libellé variant) — à fusionner.	Érythrocytes nucléés dans la circulation villositaire fœtale
FOETO:PP.PLA-NOR-220	BENIRSCHKE	Hématopoïèse extramédullaire du stroma villositaire (anémie fœtale / hydrops)	manifestation		oui		Benirschke, Burton & Baergen — extramedullary hematopoiesis in villous stroma		Érythropoïèse extramédullaire stromale
FOETO:PP.PLA-CLA-008	BENIRSCHKE	Modifications dégénératives de l'amnios (microfractures épithéliales)	manifestation		oui		Benirschke, Burton & Baergen, Pathology of the Human Placenta, chap. Amnion (microfractures / dégénérescence amniotique)		Microfractures de l'amnios
FOETO:PP.PLA-CLA-009	BENIRSCHKE	Modifications dégénératives de l'amnios	manifestation		non_standard	Dégénérescence de l'épithélium amniotique	Benirschke, Burton & Baergen, Pathology of the Human Placenta, chap. Amnion	Libellé générique fourre-tout regroupant des altérations hétérogènes (vacuolisation, ballonnisation, nécrose, microfractures) sans critère défini.	Modifications dégénératives de l'amnion
FOETO:PP.PLA-DYS-007	AMSTERDAM	MVM — artériopathie déciduale	critere		oui		Khong 2016, MVM — decidual arteriopathy / failure of physiological transformation	Doublon de contenu avec « Défaut de remodelage des artères spiralées » et « Défaut de transformation physiologique des artères utéro-placentaires » du même vocabulaire.	Défaut de transformation physiologique des artères utéroplacentaires
FOETO:PP.PLA-DYS-008	BENIRSCHKE	Hémorragie intravillositaire (extravasation érythrocytaire du stroma villeux)	manifestation		oui		Benirschke, Burton & Baergen, Pathology of the Human Placenta, chap. Villous stromal hemorrhage		Extravasation érythrocytaire stromale villositaire
FOETO:PP.PLA-DYS-009	AMSTERDAM	FVM — malperfusion vasculaire fœtale segmentaire	critere		non_standard	Dépôt de fibrine intramural des vaisseaux fœtaux (plaque choriale / villosités tronculaires)	Khong 2016, FVM — intramural fibrin deposition	Libellé elliptique : le siège (vaisseaux fœtaux tronculaires/choriaux) n'est pas précisé, or c'est lui qui donne au signe sa valeur diagnostique.	Fibrine intramural vasculaire
FOETO:PP.PLA-DYS-010	BENIRSCHKE	Môle hydatiforme (complète ou partielle)	critere		oui		Benirschke, Burton & Baergen, Pathology of the Human Placenta, chap. Gestational trophoblastic disease	Terme non spécifique hors contexte môlaire : une hyperplasie trophoblastique focale réactionnelle n'a pas la même valeur.	Hyperplasie trophoblastique
FOETO:PP.PLA-DYS-011	AMSTERDAM	MVM — artériopathie déciduale	critere		non_standard	Hypertrophie pariétale des artérioles déciduales membranaires	Khong 2016, MVM — mural hypertrophy of decidual (membrane) arterioles	Orthographe fautive « décidales » ; le siège membranaire, qui fait la définition Amsterdam, n'est pas indiqué.	Hypertrophie murale des artérioles décidales
FOETO:PP.PLA-DYS-012	BENIRSCHKE	Hypertrophie musculaire de la paroi des vaisseaux de villosités souches	manifestation		oui		Benirschke, Burton & Baergen, Pathology of the Human Placenta, chap. Stem villous vessels / increased fetal vascular resistance		Hypertrophie musculaire des vaisseaux des villosités-troncs
FOETO:PP.PLA-DYS-013	VOGEL	Placentomégalie (poids > 90e percentile pour l'âge gestationnel)	synonyme		non_standard	Placentomégalie	Vogel M., Clinical Pathology of the Placenta — poids placentaire et corrélations (diabète, anasarque, anémie fœtale)	« Hypertrophie » est impropre pour un excès de poids/volume ; doublon avec « Placentomégalie » déjà présent dans le vocabulaire.	Hypertrophie placentaire
FOETO:PP.PLA-DYS-014	AMSTERDAM	Chorangiose	manifestation		non_standard	Hypervascularisation villositaire (à quantifier selon les critères de chorangiose)	Khong 2016, chorangiosis (≥10 capillaires dans ≥10 villosités sur ≥10 champs x10)	Libellé confus mêlant « hypertrophie » et « hypervascularité » ; recouvre la chorangiose sans en reprendre le seuil quantitatif.	Hypertrophie villositaire des vaisseaux fœtaux (hypervasculaire)
FOETO:PP.PLA-DYS-015	AMSTERDAM	MVM — malperfusion vasculaire maternelle	critere		oui		Khong 2016, MVM — placental hypoplasia (poids < 10e percentile)		Hypoplasie placentaire
FOETO:PP.PLA-DYS-016	AMSTERDAM	MVM — hypoplasie villositaire distale	critere		oui		Khong 2016, MVM — distal villous hypoplasia	Doublon avec l'entité « MVM — Hypoplasie villositaire distale » et avec « Immaturité villositaire distale » du même vocabulaire : granularité incohérente (élément vs entité).	Hypoplasie villositaire distale
FOETO:PP.PLA-DYS-017	BENIRSCHKE	Hémorragie fœto-maternelle	critere		non_standard	Érythroblastes fœtaux dans l'espace intervilleux	Benirschke, Burton & Baergen, Pathology of the Human Placenta, chap. Fetomaternal hemorrhage	Libellé composite mêlant l'entité clinique (hémorragie fœto-maternelle, affirmée par Kleihauer) et son signe histologique (érythroblastes intervilleux).	Hémorragie fœto-maternelle à érythroblastes dans l'espace intervilleux
FOETO:PP.PLA-DYS-018	HORS_REFERENTIEL		hors		non_standard	Défaut de remodelage des artères spiralées (si constaté histologiquement)		Concept physiopathologique de placentation profonde défectueuse, non observable ni codable sur le placenta délivré ; se traduit histologiquement par l'artériopathie déciduale.	Implantation superficielle du placenta
FOETO:PP.PLA-DYS-019	BENIRSCHKE	Surcharge métabolique placentaire — mucopolysaccharidose	manifestation		non_standard	Dépôts stromaux villositaires Alcian blue positifs (mucopolysaccharides)	Benirschke, Burton & Baergen, Pathology of the Human Placenta, chap. Metabolic storage disorders	« Infiltrat » est impropre pour un dépôt de matériel ; la nature du matériel et le siège précis ne sont pas énoncés, seul un résultat de coloration l'est.	Infiltrat stromal Alcian blue positif
FOETO:PP.PAR-RET-005	BENIRSCHKE	Hyperplasie des cellules de Hofbauer (réaction villositaire des infections / hydrops)	manifestation		oui		Benirschke, Burton & Baergen, Pathology of the Human Placenta — cellules de Hofbauer, réaction villositaire	Terme classé dans le groupe « rétention / macération » alors qu'il s'agit d'une réaction villositaire vitale (infection, hydrops), non d'un artefact post-mortem.	Hyperplasie des cellules de Hofbauer
FOETO:PP.PAR-RET-006	AMSTERDAM	Érythroblastes circulants augmentés	manifestation		non_standard	Érythroblastes circulants augmentés dans les capillaires villositaires	Khong 2016, érythroblastes circulants augmentés	Libellé composite : mêle l'érythroblastose circulante intravasculaire (facette retenue) et l'érythropoïèse extramédullaire stromale, qui est un constat distinct déjà présent dans le vocabulaire ; « extra-hépatique » est impropre.	Érythroblastose placentaire (érythropoïèse extra-hépatique villositaire)
FOETO:PP.PLA-NOR-118	BENIRSCHKE	Syncytiotrophoblaste villositaire — bordure en microvillosités (anatomie normale)	structure		oui		Benirschke, Burton & Baergen — ultrastructure du syncytiotrophoblaste		Microvilli du syncytiotrophoblaste
FOETO:PP.PLA-NOR-119	BENIRSCHKE	Stroma villositaire normal — cellules mésenchymateuses / myofibroblastes	structure		oui		Benirschke, Burton & Baergen — stroma villositaire, cellules myofibroblastiques		Myofibroblastes stromaux villeux
FOETO:PP.PLA-NOR-120	BENIRSCHKE	Amnios normal — couche mésenchymateuse	structure		oui		Benirschke, Burton & Baergen — anatomie normale des membranes (amnios)		Mésenchyme amniotique
FOETO:PP.PLA-NOR-121	BENIRSCHKE	Plaque choriale normale — mésenchyme chorial	structure		oui		Benirschke, Burton & Baergen — anatomie normale de la plaque choriale		Mésenchyme chorial (plaque choriale)
FOETO:PP.PLA-NOR-122	BENIRSCHKE	Amnios normal — couche mésenchymateuse	structure		non_standard	Mésenchyme amniotique	Benirschke, Burton & Baergen — anatomie normale des membranes (amnios)	Doublon strict de PP.PLA-NOR-120 : mésoderme extra-embryonnaire amniotique = mésenchyme amniotique ; un seul libellé doit être conservé.	Mésoderme amniotique
FOETO:PP.PLA-NOR-123	BENIRSCHKE	Chorion laeve normal — couche mésenchymateuse	structure		non_standard	Mésenchyme chorial (chorion laeve)	Benirschke, Burton & Baergen — anatomie normale des membranes (chorion laeve)	Incohérence de nomenclature interne : le vocabulaire emploie « mésenchyme » pour la plaque choriale et « mésoderme » ici pour la même couche.	Mésoderme chorionique (chorion lisse)
FOETO:PP.PLA-NOR-124	BENIRSCHKE	Métaplasie malpighienne de l'amnios (constat incidentel bénin)	synonyme		oui		Benirschke, Burton & Baergen — métaplasie squameuse amniotique	Doublon de « Métaplasie malpighienne de l'amnion » présent ailleurs dans le vocabulaire.	Métaplasie malpighienne de l'amnios
FOETO:PP.PLA-NOR-125	AMSTERDAM	MVM — nœuds syncytiaux augmentés (Tenney-Parker)	critere		non_standard	Nœuds syncytiaux augmentés (changements de Tenney-Parker)	Khong 2016, MVM — nœuds syncytiaux augmentés (Tenney-Parker)	Le libellé désigne une structure normale ; seule leur augmentation pour l'âge gestationnel constitue le critère de MVM. Doublon de PP.PLA-NOR-126 (singulier/pluriel).	Nœuds syncytiaux (changement de Tenney-Parker)
FOETO:PP.PLA-NOR-126	AMSTERDAM	MVM — nœuds syncytiaux augmentés (Tenney-Parker)	critere		non_standard	Nœuds syncytiaux augmentés (changements de Tenney-Parker)	Khong 2016, MVM — nœuds syncytiaux augmentés (Tenney-Parker)	Doublon strict de PP.PLA-NOR-125 ; le libellé ne précise pas le caractère augmenté qui seul fait critère.	Nœuds syncytiaux (changements de Tenney-Parker)
FOETO:PP.PLA-NOR-127	VOGEL	Maturation villositaire normale — nœuds syncytiaux selon l'âge gestationnel	structure		oui		Vogel, Clinical Pathology of the Placenta — maturation villositaire, nœuds syncytiaux physiologiques		Nœuds syncytiaux — maturation villositaire
FOETO:PP.PLA-NOR-128	BENIRSCHKE	Parenchyme villeux normal — architecture lobulaire	structure		non_standard	Parenchyme villeux normal (architecture lobulaire)	Benirschke, Burton & Baergen — architecture normale de l'arbre villositaire	Libellé fourre-tout redondant avec « Architecture villositaire placentaire », « Architecture lobulaire de l'arbre villositaire » et « Parenchyme normal » : granularité incohérente.	Parenchyme villeux — architecture générale
FOETO:PP.PLA-NOR-129	BENIRSCHKE	Plaque choriale normale — pattern vasculaire disperse (variante normale)	structure		non_standard	Pattern vasculaire disperse de la surface choriale	Benirschke, Burton & Baergen — vascularisation de la plaque choriale (patterns magistral et disperse)	« dispers » est un anglicisme fautif pour « disperse / dispersé ».	Pattern vasculaire dispers de la surface placentaire
FOETO:PP.PLA-NOR-130	BENIRSCHKE	Plaque choriale normale — pattern vasculaire magistral (variante normale)	structure		oui		Benirschke, Burton & Baergen — vascularisation de la plaque choriale (patterns magistral et disperse)		Pattern vasculaire magistral de la surface placentaire
FOETO:PP.PAR-INF-002	AMSTERDAM	CHI — intervillite chronique histiocytaire	synonyme		non_standard	Intervillite chronique histiocytaire (CHI)	Khong 2016, lésions inflammatoires chroniques — chronic histiocytic intervillositis	Variante orthographique (« intervillosite ») concurrente d'autres entrées du vocabulaire désignant la même entité (« Histiocytose intervillositaire chronique », « Intervillite chronique massive ») : à fusionner.	Intervillosite chronique histiocytaire
FOETO:PP.PAR-INF-003	AMSTERDAM	Lésions inflammatoires chroniques (chapeau)	synonyme		non_standard	Lésions inflammatoires chroniques du placenta (groupe)	Khong 2016, Chronic inflammatory lesions	Libellé de regroupement fourre-tout, sans lésion élémentaire ni siège : à réserver comme nœud de classement, non comme signe codable.	Maladies inflammatoires chroniques du placenta
FOETO:PP.PLA-VAS-036	BENIRSCHKE	Complications iatrogènes des gestes invasifs — thrombose vasculaire ombilicale post-cordocentèse	manifestation		oui		Benirschke, Burton & Baergen, Pathology of the Human Placenta — iatrogenic lesions / cordocentesis	Libellé composite : mêle la lésion (thrombose ombilicale) et un contexte étiologique iatrogène qui relève d'un axe « circonstance » distinct.	Thrombose d'un vaisseau ombilical après cordocentèse
FOETO:PP.PLA-VAS-037	AMSTERDAM	FVM — thrombus de la plaque choriale / des vaisseaux tronculaires	critere		non_standard	Thrombose d'une branche tributaire de la veine ombilicale (veine de la plaque choriale)	Khong 2016, FVM — segmental/global	« Veine ombilicale tributaire » est ambigu : il s'agit d'une veine de la plaque choriale, siège à nommer explicitement.	Thrombose de la veine ombilicale tributaire
FOETO:PP.PLA-VAS-038	AMSTERDAM	FVM — thrombus de la plaque choriale	critere		non_standard	Thrombose des vaisseaux de la plaque choriale	Khong 2016, FVM — chorionic plate vessel thrombus	Terminologie « allanto-choriale » d'école ancienne, non retenue par Amsterdam qui parle de vaisseaux de la plaque choriale.	Thrombose des vaisseaux allanto-choriaux
FOETO:PP.PLA-VAS-039	AMSTERDAM	FVM — thrombus des vaisseaux fœtaux	critere		oui		Khong 2016, FVM	Siège très générique, de granularité inférieure au reste du vocabulaire (plaque choriale, vaisseaux tronculaires, cordon) : redondant avec PP.PLA-VAS-045.	Thrombose des vaisseaux fœtaux
FOETO:PP.PLA-VAS-040	AMSTERDAM	FVM — thrombus des vaisseaux fœtaux	manifestation		oui		Khong 2016, FVM ; thrombose de vaisseau membranaire (insertion vélamenteuse)		Thrombose des vaisseaux membranaires
FOETO:PP.PLA-VAS-041	AMSTERDAM	FVM — thrombus des vaisseaux ombilicaux	manifestation		oui		Khong 2016, FVM — umbilical vessel thrombosis	Doublon de l'entrée « Thrombose vasculaire ombilicale » du compartiment cordon : à fusionner.	Thrombose des vaisseaux ombilicaux
FOETO:PP.PLA-VAS-042	AMSTERDAM	Thrombus intervilleux	synonyme		non_standard	Thrombus intervilleux	Khong 2016, intervillous thrombus	« Thrombose » suggère à tort une occlusion vasculaire alors que la lésion siège dans l'espace intervilleux (sang maternel coagulé) ; doublon de « Thrombus intervilleux ».	Thrombose intervilleuse
FOETO:PP.PLA-VAS-043	AMSTERDAM	Thrombus / hématome sous-chorial	manifestation		non_standard	Thrombus sous-choriaux multiples	Khong 2016, socle macroscopique — subchorionic thrombus/hematoma	Qualifieur « disséminé » non défini par la littérature ; à distinguer de la thrombose sous-choriale massive (môle de Breus) codée par ailleurs.	Thromboses sous-choriales disséminées
FOETO:PP.PLA-VAS-044	AMSTERDAM	FVM — thrombus des vaisseaux fœtaux	manifestation		oui		Khong 2016, FVM (thrombus ancien, calcifié)		Thrombus calcifié dans les vaisseaux fœtaux placentaires
FOETO:PP.PLA-VAS-045	AMSTERDAM	FVM — thrombus des vaisseaux fœtaux	critere		non_standard	Thrombus des vaisseaux fœtaux placentaires	Khong 2016, FVM	Doublon strict de PP.PLA-VAS-039 (simple inversion des mots) : à fusionner.	Thrombus dans les vaisseaux placentaires fœtaux
FOETO:PP.PLA-VAS-046	AMSTERDAM	FVM — thrombus des vaisseaux tronculaires	critere		non_standard	Thrombus des vaisseaux de villosités tronculaires	Khong 2016, FVM — stem villous vessel thrombus	« Villosités-troncs » est un calque ; harmoniser avec « villosités tronculaires » utilisé ailleurs dans le vocabulaire.	Thrombus des vaisseaux des villosités-troncs
FOETO:PP.PLA-VAS-047	AMSTERDAM	FVM — thrombus des vaisseaux fœtaux	manifestation		oui		Khong 2016, FVM (datation du thrombus : en organisation)		Thrombus en organisation dans les vaisseaux fœtaux placentaires
FOETO:PP.PLA-VAS-048	AMSTERDAM	FVM — thrombus des vaisseaux fœtaux	manifestation		non_standard	Thrombose d'un vaisseau membranaire	Khong 2016, FVM	Siège imprécis : « intramembraneux » ne dit pas s'il s'agit de la lumière d'un vaisseau des membranes ou du stroma membranaire ; doublon fonctionnel de PP.PLA-VAS-040.	Thrombus intramembraneux
FOETO:PP.PLA-NOR-101	BENIRSCHKE	Anatomie normale — cellule de Hofbauer (macrophage stromal villositaire)	structure		oui		Benirschke, Burton & Baergen, Pathology of the Human Placenta — villous stroma, Hofbauer cells		Macrophage villositaire (cellule de Hofbauer)
FOETO:PP.PLA-NOR-102	BENIRSCHKE	Anatomie normale — cellule de Hofbauer (macrophage stromal villositaire)	structure		non_standard	Cellule de Hofbauer (macrophage villositaire)	Benirschke, Burton & Baergen, Pathology of the Human Placenta — villous stroma, Hofbauer cells	Doublon strict de PP.PLA-NOR-101 (et de « Cellules de Hofbauer — macrophages stromaux villositaires ») ; le pluriel n'est pas un axe sémantique.	Macrophages villeux (cellules de Hofbauer)
FOETO:PP.PLA-NOR-133	GEMELLAIRE	Chorionicité — placenta bichorionique biamniotique (membrane de séparation à 4 couches)	structure		oui		Lewi / Khalil, détermination de la chorionicité sur la membrane de séparation		Placenta bichorionique biamniотique (architecture membranaire)
FOETO:PP.PLA-NOR-134	BENIRSCHKE	Variantes de forme placentaire — placenta bilobé (bipartita)	structure		oui		Benirschke, Burton & Baergen — abnormalities of placental shape (bilobed placenta)		Placenta bilobé
FOETO:PP.PLA-NOR-135	BENIRSCHKE	Anomalies de forme placentaire — placenta membranaceus	synonyme		oui		Benirschke, Burton & Baergen — placenta membranacea	Rangé avec les structures normales alors qu'il s'agit d'une anomalie de développement placentaire (risque hémorragique / accreta) : le niveau devrait être entité et non structure.	Placenta membraneux
FOETO:PP.PLA-NOR-136	GEMELLAIRE	Chorionicité — placenta monochorionique biamniotique	structure		oui		Lewi / Khalil, chorionicité et amnionicité		Placenta monochorionique diamniotique
FOETO:PP.PLA-NOR-137	GEMELLAIRE	Chorionicité — placenta monochorionique biamniotique (membrane de séparation à 2 couches)	structure		oui		Lewi / Khalil, détermination de la chorionicité sur la membrane de séparation	Redondant avec PP.PLA-NOR-136 : seul le siège d'observation (membrane vs placenta entier) diffère, ce qui relève de la facette site et non de deux termes distincts.	Placenta monochorionique diamniотique (architecture membranaire)
FOETO:PP.PLA-NOR-138	GEMELLAIRE	Chorionicité — placenta monochorionique monoamniotique	structure		oui		Lewi / Khalil, chorionicité et amnionicité		Placenta monochorionique monoamniotique
FOETO:PP.PLA-NOR-139	BENIRSCHKE	Anatomie normale — plaque basale	structure		oui		Benirschke, Burton & Baergen — basal plate		Plaque basale
FOETO:PP.PLA-NOR-140	BENIRSCHKE	Anatomie normale — plaque basale	structure		non_standard	Plaque basale	Benirschke, Burton & Baergen — basal plate	Doublon de PP.PLA-NOR-139 (et de « Plaque basale normale ») ; le qualifieur « architecture materno-fœtale » n'est pas discriminant et n'existe pas dans la littérature.	Plaque basale — architecture materno-fœtale
FOETO:PP.PLA-NOR-141	BENIRSCHKE	Anatomie normale — plaque choriale	structure		oui		Benirschke, Burton & Baergen — chorionic plate		Plaque choriale
FOETO:PP.PLA-NOR-142	BENIRSCHKE	Anatomie normale — plaque choriale	structure		non_standard	Plaque choriale	Benirschke, Burton & Baergen — chorionic plate	Doublon de PP.PLA-NOR-141 (et de « Plaque choriale normale ») ; le qualifieur « architecture fœtale » est descriptif et non discriminant.	Plaque choriale — architecture fœtale
FOETO:PP.PLA-NOR-143	GEMELLAIRE	Chorionicité — placenta monochorionique monoamniotique (reliquat de membrane de séparation)	structure		non_standard	Repli amniotique vestigial (placenta monochorionique monoamniotique)	Lewi / Khalil, chorionicité et amnionicité ; Benirschke, monoamniotic placenta		Plica amniotique vestigiale (placenta MoMo)
FOETO:PP.PLA-NOR-144	BENIRSCHKE	Anatomie villositaire normale — ponts syncytiaux (syncytial/villous bridges)	structure		oui		Benirschke, Burton & Baergen — syncytial (villous) bridges	Classé en element (lésion) alors qu'il s'agit d'une figure architecturale banale, souvent artefact de plan de coupe ; à aligner sur le niveau structure.	Ponts intervillositaires syncytiaux
FOETO:PP.PLA-NOR-145	VOGEL	Maturation villositaire normale — proportion de cytotrophoblaste villositaire selon l'âge gestationnel	structure		oui		Vogel M., Clinical Pathology of the Placenta — maturation villositaire par tranche d'âge gestationnel	Libellé formulé comme un paramètre d'évaluation (« selon l'âge gestationnel ») et non comme un signe observable, ce qui le rend non instanciable tel quel.	Proportion de cytotrophoblaste villositaire selon l'âge gestationnel
FOETO:PP.PAR-MAL-003	ACCRETA	Placenta accreta spectrum (PAS)	synonyme		oui		FIGO 2019, classification du placenta accreta spectrum	Libellé-chapeau désignant le spectre entier : inutilisable pour coder un cas sans le grade FIGO (1 adherenta / 2 increta / 3a-3b-3c percreta) ni le critère histologique (villosités au contact du myomètre, absence de décidue).	Placenta accreta spectrum
FOETO:PP.PAR-MET-001	BENIRSCHKE	Maladie métabolique / de surcharge — dépôts de glycogène placentaires	critere		oui		Benirschke, Burton & Baergen, Pathology of the Human Placenta — metabolic/storage diseases		Accumulation de glycogène dans le syncytiotrophoblaste
FOETO:PP.PAR-MET-002	BENIRSCHKE	Maladie métabolique / de surcharge — dépôts de glycogène placentaires (glycogénose, type II/Pompe)	critere		non_standard	Accumulation lysosomale de glycogène dans le trophoblaste villositaire	Benirschke, Burton & Baergen — storage diseases, glycogenoses	Siège limité à l'organe entier (« dans le placenta ») alors que le reste du vocabulaire précise le type cellulaire ; granularité incohérente et doublon partiel avec PP.PAR-MET-001.	Accumulation lysosomale de glycogène dans le placenta
FOETO:PP.PAR-MET-003	AMSTERDAM	MVM — artériopathie déciduale	critere		oui		Khong 2016, MVM — decidual arteriopathy / acute atherosis	Terme classé ici en « métabolique » alors qu'il s'agit d'une lésion de malperfusion vasculaire maternelle ; il fait de plus doublon avec « Athérose aiguë des artères spiralées » et « Athérose des vaisseaux déciduaux ».	Athérose aiguë déciduale
FOETO:PP.PAR-MET-004	HORS_REFERENTIEL		hors		non_standard	Calcifications placentaires (dystrophiques)		Libellé nu, sans siège ni support (villosités, plaque basale, vaisseaux, fibrinoïde) : constatation banale liée à l'âge gestationnel qu'aucun référentiel ne code comme lésion, et doublon de « Calcifications placentaires » / « Calcifications intraplacentaires ».	Calcifications
FOETO:PP.PAR-MET-005	VOGEL	Corrélation clinico-pathologique — hémoglobinopathie maternelle (drépanocytose)	manifestation		non_standard	Falciformation érythrocytaire dans l'espace intervilleux (drépanocytose maternelle)	Vogel M., Clinical Pathology of the Placenta — pathologie maternelle et placenta	Le libellé attribue au placenta une maladie maternelle ; l'observable est la falciformation érythrocytaire intervilleuse, pas une « drépanocytose placentaire ».	Drépanocytose placentaire
FOETO:PP.PAR-MET-006	BENIRSCHKE	Hémosidérose placentaire / hémorragie chronique (abruption chronique)	manifestation		oui		Benirschke, Burton & Baergen — placental hemorrhage, hemosiderosis	Classé en « métabolique » alors qu'il s'agit d'un pigment post-hémorragique ; doublon de contenu avec les nombreux items « hémosidérine dans les membranes / hémosidérose chorioamniotique ».	Hémosidérine dans les macrophages chorioniques
FOETO:PP.PAR-MET-007	BENIRSCHKE	Maladie de surcharge lysosomale — vacuolisation des cellules placentaires	critere		oui		Benirschke, Burton & Baergen — lysosomal storage diseases (mucopolysaccharidoses, Gaucher, sialidose)		Vacuolisation des cellules de Hofbauer
FOETO:PP.PAR-MET-008	BENIRSCHKE	Maladie de surcharge lysosomale — vacuolisation des cellules placentaires	critere		non_standard	Vacuolisation des cellules déciduales	Benirschke, Burton & Baergen — lysosomal storage diseases	« Vacuolisation des décidues » confond le tissu et le type cellulaire ; le parenthésage corrige le libellé au lieu de le remplacer, et l'item fait doublon avec « Vacuolisation des cellules déciduales basales ».	Vacuolisation des décidues (cellules déciduales)
FOETO:PP.PAR-MET-009	BENIRSCHKE	Maladie de surcharge lysosomale — vacuolisation des cellules placentaires	critere		oui		Benirschke, Burton & Baergen — lysosomal storage diseases		Vacuolisation du cytotrophoblaste villositaire
FOETO:PP.PAR-MET-010	BENIRSCHKE	Maladie de surcharge lysosomale — vacuolisation des cellules placentaires	critere		oui		Benirschke, Burton & Baergen — lysosomal storage diseases		Vacuolisation du syncytiotrophoblaste
FOETO:PP.PAR-NOR-000	BENIRSCHKE	Anatomie placentaire normale — parenchyme villeux	structure		oui		Benirschke, Burton & Baergen — normal placental anatomy	Énoncé de normalité (absence de lésion) : il ne se factorise pas en lésion/siège et n'a de sens que comme case de compte rendu, pas comme item lésionnel.	Parenchyme normal
FOETO:PP.PAR-NOR-001	AMSTERDAM	MVM — nœuds syncytiaux augmentés (changement de Tenney-Parker)	critere		non_standard	Nœuds syncytiaux villositaires augmentés (Tenney-Parker)	Khong 2016, MVM — increased syncytial knots	Abréviation « ANSCT » non lexicalisée dans la littérature et siège villositaire absent du libellé ; item rangé à tort dans la série « NOR » (normalité) alors qu'il s'agit d'un critère de MVM.	ANSCT augmentés
FOETO:PP.PAR-NOR-002	GEMELLAIRE	Anastomoses vasculaires inter-jumeaux du placenta monochorionique	structure		oui		Lewi / Khalil — chorionicité et anastomoses ; Slaghekke (TAPS), Quintero (TTTS)	Terme générique : il ne distingue pas les types (artério-artérielle, veino-veineuse, artério-veineuse) déjà présents ailleurs dans le vocabulaire, et le siège (plaque choriale / équateur vasculaire) n'est pas précisé.	Anastomose vasculaire fœto-fœtale (jumeaux monochorioniques)
FOETO:PP.PAR-NOR-003	HORS_REFERENTIEL		hors		non_standard	Autre lésion histologique non listée (champ libre)		Item fourre-tout de saisie, sans contenu descriptif ni facette : il ne désigne aucune entité et ne peut être rattaché à aucun référentiel.	Autre (histo)
FOETO:PP.PLA-DYS-020	AMSTERDAM	FVM — malperfusion vasculaire fœtale segmentaire	critere		non_standard	Caryorrhexie stromale-vasculaire villositaire	Khong 2016, FVM (villous stromal-vascular karyorrhexis)	Le libellé omet la composante vasculaire du critère d'Amsterdam et fait doublon avec les entrées « Karyorrhexie stromale-vasculaire villositaire ».	Karyorrhexie stromale villositaire
FOETO:PP.PLA-DYS-021	BENIRSCHKE	Kyste trophoblastique extravilleux (kyste chorionique du chorion laeve)	manifestation		oui		Benirschke, Burton & Baergen, kystes chorioniques / trophoblastiques extravilleux		Kyste du chorion laeve
FOETO:PP.PLA-MAL-040	BENIRSCHKE	Vascularisation de la plaque choriale — variantes de trajet des vaisseaux de surface	structure		non_standard	Tortuosité des vaisseaux de la plaque choriale	Benirschke, Burton & Baergen, plaque choriale et vaisseaux de surface	Constat descriptif non lésionnel, et le qualifieur gémellaire mêle un axe de contexte à la description morphologique.	Tortuosité vasculaire choriale (placenta gémellaire)
FOETO:PP.PLA-MAL-041	BENIRSCHKE	Vaisseaux aberrants (vasa aberrantia) de la plaque choriale et des membranes	manifestation		non_standard	Vasa aberrantia (vaisseaux fœtaux aberrants chorio-membranaires)	Benirschke, Burton & Baergen, anomalies vasculaires du cordon et de la plaque choriale	Le siège indiqué (cordon ombilical) est inexact : les vasa aberrantia cheminent dans la plaque choriale et les membranes.	Vasa aberrantia du cordon ombilical
FOETO:PP.PLA-MAL-042	BENIRSCHKE	Vasa praevia (vaisseaux fœtaux membranaires prééminents devant l'orifice cervical)	synonyme		oui		Benirschke, Burton & Baergen, anomalies d'insertion du cordon et vasa praevia		Vasa praevia
FOETO:PP.PLA-MAL-043	BENIRSCHKE	Vasa praevia (vaisseaux fœtaux membranaires prééminents devant l'orifice cervical)	synonyme		non_standard	Vasa praevia	Benirschke, Burton & Baergen, anomalies d'insertion du cordon et vasa praevia	Doublon du terme générique avec un simple qualifieur de contexte gémellaire : le contexte relève d'un axe séparé.	Vasa praevia (grossesse gémellaire)
FOETO:PP.PLA-MET-001	BENIRSCHKE	Surcharge lipidique placentaire (stéatose / accumulation de cholestérol trophoblastique)	manifestation		oui		Benirschke, Burton & Baergen, dépôts lipidiques et stéatose placentaire		Accumulation de cholestérol et lipides dans le syncytiotrophoblaste
FOETO:PP.PLA-MET-002	VOGEL	Corrélation clinico-pathologique — obésité maternelle	manifestation		non_standard	Infiltrat macrophagique placentaire (contexte d'obésité maternelle)	Vogel, Clinical Pathology of the Placenta, corrélations métaboliques maternelles	Siège intraplacentaire non précisé (villosité, espace intervilleux, décidue) et libellé mêlant constat histologique et contexte clinique.	Accumulation de macrophages placentaires (placenta maternel obèse)
FOETO:PP.PLA-MET-003	AMSTERDAM	MVM — artériopathie déciduale	critere		non_standard	Athérose aiguë déciduale	Khong 2016, MVM — artériopathie déciduale (athérose aiguë)	Le terme consacré est « athérose aiguë » ; le libellé fait doublon avec « Athérose aiguë déciduale » et « Athérose aiguë des artères spiralées ».	Athérose des vaisseaux déciduaux
FOETO:PP.PLA-MET-004	BENIRSCHKE	Calcifications placentaires (dépôts calciques dystrophiques non spécifiques)	manifestation		oui		Benirschke, Burton & Baergen, calcifications et minéralisations placentaires		Calcification dystrophique des vaisseaux fœtaux placentaires
FOETO:PP.PLA-MET-005	BENIRSCHKE	Calcifications placentaires (dépôts calciques dystrophiques non spécifiques)	manifestation		non_standard	Calcifications placentaires	Benirschke, Burton & Baergen, calcifications et minéralisations placentaires	Libellé fourre-tout sans siège précisé, redondant avec « Calcifications placentaires » et « Calcifications ».	Calcifications intraplacentaires
FOETO:PP.PLA-MET-006	BENIRSCHKE	Calcifications placentaires (dépôts calciques dystrophiques non spécifiques)	manifestation		oui		Benirschke, Burton & Baergen, calcifications au sein des dépôts fibrinoïdes		Calcifications placentaires dans les lésions fibrinoïdes
FOETO:PP.PLA-MET-007	AMSTERDAM	Hématome / décollement chronique — hémosidérose chorioamniotique diffuse	manifestation		oui		Khong 2016, lésions hémorragiques (hémosidérose chorioamniotique diffuse)		Dépôt d'hémosidérine dans les membranes
FOETO:PP.PLA-MET-008	AMSTERDAM	Hématome / décollement chronique — hémosidérose chorioamniotique diffuse	manifestation		non_standard	Dépôt d'hémosidérine dans les membranes	Khong 2016, lésions hémorragiques (hémosidérose chorioamniotique diffuse)	Doublon strict au pluriel du terme PP.PLA-MET-007 (et de « Macrophages chargés d'hémosidérine dans les membranes »).	Dépôts d'hémosidérine dans les membranes
FOETO:PP.PLA-MET-009	BENIRSCHKE	Maladies de surcharge lysosomale placentaires — maladie de Fabry	manifestation		oui		Benirschke, Burton & Baergen, maladies de surcharge (Fabry, dépôts de globotriaosylcéramide)		Dépôts de globotriaosylcéramide dans les cellules musculaires lisses du cordon
FOETO:PP.PLA-MET-025	BENIRSCHKE	Maladie de surcharge lysosomale — vacuolisation placentaire (amnios)	critere		oui		Benirschke, Burton & Baergen, Pathology of the Human Placenta — Metabolic/storage disorders		Vacuolisation de l'épithélium amniotique
FOETO:PP.PLA-MET-026	BENIRSCHKE	Maladie de surcharge lysosomale — vacuolisation placentaire (cordon)	critere		oui		Benirschke, Burton & Baergen, Pathology of the Human Placenta — Metabolic/storage disorders		Vacuolisation des fibrocytes du cordon ombilical
FOETO:PP.PLA-NOR-193	VOGEL	Maturation villositaire normale — villosité intermédiaire mature	structure		oui		Vogel, Atlas der morphologischen Plazentadiagnostik — types villositaires		Villosité intermédiaire mature
FOETO:PP.PLA-NOR-194	VOGEL	Maturation villositaire normale — villosité mésenchymateuse	structure		oui		Vogel, Atlas der morphologischen Plazentadiagnostik — types villositaires		Villosité mésenchymateuse
FOETO:PP.PLA-NOR-195	VOGEL	Anatomie villositaire normale — villosité souche (villus stem)	structure		oui		Vogel, Clinical Pathology of the Placenta — arbre villositaire		Villosité souche
FOETO:PP.PLA-NOR-196	VOGEL	Maturation villositaire normale — villosité terminale	structure		oui		Vogel, Atlas der morphologischen Plazentadiagnostik — types villositaires		Villosité terminale
FOETO:PP.PLA-NOR-197	BENIRSCHKE	Anatomie normale — villosités d'ancrage / colonnes trophoblastiques de la plaque basale	structure		oui		Benirschke, Burton & Baergen — normal anatomy, anchoring villi		Villosités d'ancrage dans la plaque basale
FOETO:PP.PLA-NOR-198	VOGEL	Trouble de maturation villositaire — retard de maturation (excès de villosités intermédiaires immatures)	critere		non_standard	Proportion augmentée de villosités intermédiaires immatures	Vogel, Atlas der morphologischen Plazentadiagnostik — troubles de maturation	Libellé quantitatif sans préciser le type de villosité intermédiaire (immature/mature) ni de seuil : ambigu entre normal et retard de maturation.	Villosités intermédiaires en proportion augmentée
FOETO:PP.PLA-NOR-199	VOGEL	Maturation villositaire normale — villosité intermédiaire immature	structure		oui		Vogel, Atlas der morphologischen Plazentadiagnostik — types villositaires		Villosités intermédiaires immatures
FOETO:PP.PLA-NOR-200	VOGEL	Maturation villositaire normale — villosité intermédiaire immature	structure		non_standard	Villosités intermédiaires immatures	Vogel, Atlas der morphologischen Plazentadiagnostik — types villositaires	Doublon de PP.PLA-NOR-199 : le suffixe « aspect histologique » n'ajoute aucun contenu factorisable.	Villosités intermédiaires immatures — aspect histologique
FOETO:PP.PLA-NOR-201	VOGEL	Maturation villositaire normale — villosité intermédiaire mature	structure		non_standard	Villosité intermédiaire mature	Vogel, Atlas der morphologischen Plazentadiagnostik — types villositaires	Doublon (pluriel) de PP.PLA-NOR-193 : granularité redondante singulier/pluriel.	Villosités intermédiaires matures
FOETO:PP.PLA-NOR-202	VOGEL	Maturation villositaire normale — villosité intermédiaire mature	structure		non_standard	Villosité intermédiaire mature	Vogel, Atlas der morphologischen Plazentadiagnostik — types villositaires	Doublon de PP.PLA-NOR-193/201 : le suffixe « aspect histologique » n'ajoute aucun contenu factorisable.	Villosités intermédiaires matures — aspect histologique
FOETO:PP.PLA-NOR-203	VOGEL	Maturation villositaire normale — villosité mésenchymateuse	structure		non_standard	Villosité mésenchymateuse	Vogel, Atlas der morphologischen Plazentadiagnostik — types villositaires	Doublon (pluriel) de PP.PLA-NOR-194.	Villosités mésenchymateuses
FOETO:PP.PLA-NOR-204	VOGEL	Maturation villositaire normale — villosité mésenchymateuse	structure		non_standard	Villosité mésenchymateuse	Vogel, Atlas der morphologischen Plazentadiagnostik — types villositaires	Doublon de PP.PLA-NOR-194/203 : le suffixe « aspect histologique » n'ajoute aucun contenu factorisable.	Villosités mésenchymateuses — aspect histologique
FOETO:PP.PLA-NOR-205	VOGEL	Anatomie villositaire normale — villosité souche (villus stem)	structure		non_standard	Villosité souche	Vogel, Clinical Pathology of the Placenta — arbre villositaire	Doublon de PP.PLA-NOR-195 ; la parenthèse « villi souches » est un hybride latin-français inutile.	Villosités souches (villi souches)
FOETO:PP.PLA-RET-012	BENIRSCHKE	Modifications post-mortem du placenta — datation de la rétention fœtale in utero (critères de Genest)	critere		non_standard	Oblitération vasculaire des villosités tronculaires avec fibrose des villosités terminales, étendue (critère de Genest, rétention ≥ 14 jours)	Genest 1992, datation histologique de la mort fœtale in utero ; Benirschke & Baergen, modifications post-mortem	Libellé composite associant deux lésions élémentaires distinctes (oblitération vasculaire tronculaire et fibrose villositaire terminale) et un qualifieur d'étendue ; le siège français dit « villositaire » là où le critère porte sur les villosités tronculaires.	Obliteration vasculaire villositaire et fibrose villeuse terminale (extensive) (Genest)
FOETO:PP.PLA-RET-013	BENIRSCHKE	Modifications post-mortem du placenta — datation de la rétention fœtale in utero (critères de Genest)	critere		non_standard	Oblitération luminale des vaisseaux de villosités tronculaires (critère de rétention, Genest)	Genest 1992, datation histologique de la mort fœtale in utero	Sans mention du contexte de rétention, le libellé est indiscernable de l'oblitération / sclérose fibromusculaire des vaisseaux tronculaires de la FVM segmentaire d'Amsterdam.	Oblitération luminale des vaisseaux villositaires de gros calibre
FOETO:PP.PLA-VAS-051	AMSTERDAM	FVM — thrombus des vaisseaux fœtaux (plaque choriale / villosités tronculaires)	critere		oui		Khong 2016, FVM (fetal vascular malperfusion)		Thrombus récent dans les vaisseaux fœtaux placentaires
FOETO:PP.PLA-VAS-052	BENIRSCHKE	Thrombohématome sous-chorial (môle de Breus dans sa forme massive)	manifestation		non_standard	Thrombus sous-chorial	Benirschke, Burton & Baergen, hématomes et thrombus placentaires	Orthographe « sous-chorioniaque » fautive ; le terme désigne une collection de sang maternel de l'espace sous-chorial et non une thrombose vasculaire, ce que la facette lésion=thrombose fait mal comprendre.	Thrombus sous-chorioniaque
FOETO:PP.PLA-VAS-053	AMSTERDAM	VUE — villite chronique tronculaire avec vasculopathie fœtale oblitérante	manifestation		oui		Khong 2016, chronic villitis of unknown etiology (variante tronculaire)		Vasculopathie fœtale oblitérante
FOETO:PP.PLA-VAS-054	AMSTERDAM	VUE — villite chronique tronculaire avec vasculopathie fœtale oblitérante	manifestation		non_standard	VUE — vasculopathie fœtale oblitérante	Khong 2016, chronic villitis of unknown etiology (variante tronculaire)	Doublon de PP.PLA-VAS-053, avec le pattern VUE recopié dans le libellé sous le sigle francisé VCEI alors que le vocabulaire retient VUE.	Vasculopathie oblitérante fœtale (VCEI)
FOETO:PP.PLA-VAS-055	AMSTERDAM	FVM segmentaire — villosités avasculaires	critere		obsolete	Villosités avasculaires hyalinisées en amas (FVM segmentaire)	Khong 2016, FVM remplace « vasculopathie thrombotique fœtale »	Le libellé conserve l'appellation obsolète VTF et y ajoute un « stade tardif » qui n'est pas une gradation définie (Amsterdam gradue en bas / haut grade sur le nombre de villosités avasculaires).	Villosités avasculaires hyalinisées en clusters (VTF stade tardif)
FOETO:PP.PLA-VAS-056	AMSTERDAM	MVM — infarctus villositaire ancien	manifestation		non_standard	Villosités fantômes (infarctus villositaire ancien)	Khong 2016, MVM — infarctus	Terme purement descriptif et non spécifique : les « villosités fantômes » s'observent aussi bien dans l'infarctus ancien que dans les villosités avasculaires de la FVM ou après macération, sans que le libellé tranche.	Villosités fantômes (ghosts villositaires)
FOETO:PP.SAN-NOR-000	BENIRSCHKE	Sang fœtal circulant intravillositaire — aspect normal	structure		non_standard	Sang fœtal circulant d'aspect normal	Benirschke, Burton & Baergen, circulation et sang fœtal placentaire	Libellé négatif / catégorie « normal » fourre-tout qui ne précise pas s'il s'agit du sang fœtal villositaire ou du sang maternel intervilleux.	Sang circulant normal
FOETO:PP.DBA-NOR-000	BENIRSCHKE	Décidue basale — anatomie normale	structure		oui		Benirschke, Burton & Baergen, anatomie normale de la plaque basale et de la décidue		Décidue basale normale
FOETO:PP.PBA-INF-001	AMSTERDAM	VUE — villite chronique d'étiologie indéterminée, forme basale	manifestation		oui		Khong 2016, chronic villitis of unknown etiology (basal villitis)		Villite basale chronique
FOETO:PP.PBA-INF-002	AMSTERDAM	AI — réponse inflammatoire maternelle (MIR), déciduite aiguë	manifestation		oui		Khong 2016, acute inflammatory lesions — maternal inflammatory response		Abcès décidual
FOETO:PP.PBA-MET-001	AMSTERDAM	MFI / MPFD — infarctus de la plaque basale / dépôt massif de fibrinoïde périvillositaire	manifestation		non_standard	Dépôt de fibrinoïde de la plaque basale (à quantifier)	Khong 2016, MPFD / maternal floor infarction	Sans seuil quantitatif, le libellé ne distingue pas le fibrinoïde physiologique de la plaque basale (Rohr, Nitabuch) du dépôt pathologique de l'infarctus du plancher maternel ; doublonne en outre un terme identique du vocabulaire.	Dépôts de fibrinoïde dans la plaque basale
FOETO:PP.PBA-MET-002	BENIRSCHKE	Maladies de surcharge lysosomale — vacuolisation des cellules déciduales	manifestation		oui		Benirschke, Burton & Baergen, storage disorders / metabolic diseases of the placenta		Vacuolisation des cellules déciduales basales
FOETO:PP.PBA-MET-003	BENIRSCHKE	Trophoblaste extravilleux du site d'implantation — excès / hyperplasie	manifestation		non_standard	Excès de trophoblaste extravilleux de la plaque basale	Benirschke, Burton & Baergen, trophoblaste extravilleux et site d'implantation	Siège absent du libellé (déduit du seul compartiment) et absence de critère quantitatif définissant l'« excès ».	Excès de trophoblaste extravilleux
FOETO:PP.PLA-INF-036	BENIRSCHKE	Candidose placentaire (funisite/chorioamnionite à Candida)	critere		oui		Benirschke, Burton & Baergen, Infectious diseases — Candida		Structures mycéliennes et spores fongiques (candida) dans le placenta
FOETO:PP.PLA-INF-037	AMSTERDAM	Vascularite fœtale éosinophile / à cellules T (ETCV)	synonyme		oui		Khong 2016, lésions inflammatoires chroniques — ETCV		Vascularite choriale éosinophilique à cellules T
FOETO:PP.PLA-MAL-025	BENIRSCHKE	Kyste (pseudokyste) de la gelée de Wharton du cordon ombilical	synonyme		oui		Benirschke, Burton & Baergen, Umbilical cord — cysts		Kyste de la gelée de Wharton
FOETO:PP.PLA-MAL-026	BENIRSCHKE	Reliquat omphalo-mésentérique (vitellin) du cordon — kyste	synonyme		oui		Benirschke, Burton & Baergen, Umbilical cord — omphalomesenteric remnants		Kyste omphalomésentérique du cordon ombilical
FOETO:PP.PLA-MAL-027	BENIRSCHKE	Métaplasie malpighienne de l'amnios / de l'épithélium du cordon	structure		oui		Benirschke, Burton & Baergen, Amnion — squamous metaplasia	Doublon de contenu avec « Métaplasie malpighienne de l'épithélium du cordon ombilical » : granularité redondante.	Métaplasie malpighienne de la surface du cordon
FOETO:PP.PLA-MAL-028	BENIRSCHKE	Mort fœtale in utero d'un jumeau — altérations dégénératives de l'amnios de la membrane de séparation	manifestation		oui		Benirschke, Burton & Baergen, Twin placenta / fetal death changes	Doublon de contenu avec « Nécrose de l'épithélium amniotique (jumeau décédé) » : deux libellés pour un même signe.	Nécrose de l'épithélium amniotique (membrane de séparation gémellaire)
FOETO:PP.PLA-MAL-029	AMSTERDAM	Méconium — myonécrose des vaisseaux ombilicaux	manifestation		non_standard	Myonécrose de la paroi artérielle ombilicale	Khong 2016, méconium — myonécrose vasculaire ombilicale	Libellé étiologiquement muet : recouvre indistinctement la myonécrose méconiale et la nécrose pariétale de la funisite nécrosante.	Nécrose de la paroi artérielle ombilicale
FOETO:PP.PLA-MAL-030	AMSTERDAM	Placentation extrachoriale — placenta circummarginé	synonyme		non_standard	Placenta circummarginé	Khong 2016, membranes — placentation extrachoriale		Placenta circummarginal
FOETO:PP.PLA-MAL-031	AMSTERDAM	Placentation extrachoriale — placenta circumvallé	synonyme		oui		Khong 2016, membranes — placentation extrachoriale		Placenta circumvallé
FOETO:PP.PLA-MAL-032	GEMELLAIRE	Fœtus papyraceus (mort in utero d'un jumeau)	manifestation		non_standard	Territoire placentaire du jumeau papyracé — involution/infarctus	Lewi/Khalil, pathologie gémellaire — fœtus papyraceus	Libellé composite : mêle l'entité gémellaire (fœtus papyraceus) et la lésion parenchymateuse de son territoire.	Placenta fœtus papyraceus (portion infarcte)
FOETO:PP.PLA-MAL-033	BENIRSCHKE	Artère ombilicale unique — reliquat de l'artère atrophiée	manifestation		oui		Benirschke, Burton & Baergen, Umbilical cord — single umbilical artery		Remnant musculaire d'artère ombilicale atrophiée
FOETO:PP.PLA-MAL-034	GEMELLAIRE	TAPS — séquence anémie-polycythémie gémellaire	synonyme		non_standard	Séquence anémie-polycythémie gémellaire (TAPS)	Slaghekke, TAPS — classification anténatale et post-natale	Libellé fourre-tout : « aspect placentaire » ne désigne aucune lésion élémentaire (anastomoses AV de petit calibre, discordance de coloration parenchymateuse) et ne porte pas le stade post-natal.	Séquence anémie-polycythémie gémellaire (TAPS) — aspect placentaire
FOETO:PP.PLA-MAL-035	AMSTERDAM	FVM — thrombose des vaisseaux ombilicaux	critere		oui		Khong 2016, FVM		Thrombose d'artère ombilicale
FOETO:PP.PLA-MAL-036	AMSTERDAM	FVM — thrombose des vaisseaux ombilicaux	critere		oui		Khong 2016, FVM		Thrombose de veine ombilicale
FOETO:PP.PLA-MAL-037	AMSTERDAM	FVM — thrombus de la plaque choriale	critere		oui		Khong 2016, FVM		Thrombose des veines de surface placentaire
FOETO:PP.PBA-NOR-000	BENIRSCHKE	Anatomie normale — plaque basale	structure		oui		Benirschke, Burton & Baergen, Pathology of the Human Placenta — basal plate (anatomie normale)		Plaque basale normale
FOETO:PP.PBA-NOR-001	BENIRSCHKE	Anatomie normale — villosités d'ancrage et colonnes trophoblastiques de la plaque basale	structure		oui		Benirschke, Burton & Baergen, Pathology of the Human Placenta — anchoring villi / trophoblastic cell columns		Villosités d'ancrage dans la plaque basale
FOETO:PP.MEM-INF-010	AMSTERDAM	AI — réponse inflammatoire maternelle (MIR) stade 1	stade	MIR stade 1	oui		Khong 2016, inflammation aiguë — MIR stade 1 (chorionite / subchorionite aiguë)	Discordance interne : le libellé situe l'infiltrat dans l'espace sous-chorial alors que la description associée le place dans la décidue.	MIR Stage 1 — Chorionite subchoriale aiguë
FOETO:PP.MEM-INF-011	AMSTERDAM	AI — réponse inflammatoire maternelle (MIR) stade 2	stade	MIR stade 2	non_standard	MIR stade 2 — chorioamnionite aiguë	Khong 2016, inflammation aiguë — MIR stade 2 (chorioamnionite aiguë)	Orthographe « chorioamniotite » non retenue par le consensus (chorioamnionite).	MIR Stage 2 — Chorioamniotite aiguë
FOETO:PP.PLA-NOR-103	VOGEL	Maturation villositaire selon l'âge gestationnel	structure		non_standard	Maturation villositaire — appréciation selon l'âge gestationnel	Vogel, Clinical Pathology of the Placenta — maturation villositaire par tranche d'âge gestationnel	Libellé générique désignant un axe d'évaluation et non une observation morphologique ; granularité incohérente avec les termes de maturation qui le suivent.	Maturation villositaire (évaluation par rapport à l'âge gestationnel)
FOETO:PP.PLA-NOR-104	VOGEL	Trouble de maturation — maturation villositaire accélérée	synonyme		oui		Vogel, troubles de maturation villositaire — maturation accélérée	Doublon de contenu avec « MVM — Maturation villositaire accélérée » (versant Amsterdam) du même vocabulaire.	Maturation villositaire accélérée
FOETO:PP.PLA-NOR-105	VOGEL	Maturation villositaire normale pour l'âge gestationnel	structure		oui		Vogel, maturation villositaire normale par tranche d'âge gestationnel	Doublon sémantique avec « Maturation villositaire normale ».	Maturation villositaire adaptée à l'âge gestationnel
FOETO:PP.PLA-NOR-106	VOGEL	Maturation villositaire normale pour l'âge gestationnel	structure		oui		Vogel, maturation villositaire normale par tranche d'âge gestationnel	Doublon sémantique avec « Maturation villositaire adaptée à l'âge gestationnel ».	Maturation villositaire normale
FOETO:PP.PLA-NOR-107	VOGEL	Trouble de maturation — retard de maturation villositaire	synonyme		oui		Vogel, troubles de maturation villositaire — retard de maturation	Recouvre le DVM d'Amsterdam et les entités « Retard de maturation villositaire » / « Immaturité villositaire distale » du même vocabulaire.	Maturation villositaire retardée
FOETO:PP.PLA-NOR-108	BENIRSCHKE	Anatomie normale — amnios	structure		oui		Benirschke, Burton & Baergen, anatomie normale des membranes (amnios)	Doublon avec « Amnios normal » et « Épithélium amniotique » du même vocabulaire.	Membrane amniotique (amnios)
FOETO:PP.PLA-NOR-109	BENIRSCHKE	Anatomie normale — membrane basale trophoblastique	structure		oui		Benirschke, Burton & Baergen, barrière villositaire — membrane basale trophoblastique		Membrane basale trophoblastique
FOETO:PP.PLA-NOR-110	GEMELLAIRE	Chorionicité — membrane de séparation bichorionique biamniotique	structure		oui		Lewi / Khalil, détermination histologique de la chorionicité	Doublon avec « Membrane séparatrice bichoriale biamniote » ; le qualifieur « coupe histologique » relève du mode d'observation, pas du terme.	Membrane de séparation gémellaire DiDi (coupe histologique)
FOETO:PP.PLA-NOR-111	GEMELLAIRE	Chorionicité — membrane de séparation monochorionique diamniotique	structure		oui		Lewi / Khalil, détermination histologique de la chorionicité	Doublon avec « Membrane séparatrice monochoriale diamniote » ; le qualifieur « coupe histologique » relève du mode d'observation.	Membrane de séparation gémellaire DiMo (coupe histologique)
FOETO:PP.PLA-NOR-112	GEMELLAIRE	Chorionicité — membrane de séparation bichorionique biamniotique	structure		oui		Lewi / Khalil, détermination histologique de la chorionicité	Doublon avec « Membrane de séparation gémellaire DiDi (coupe histologique) ».	Membrane séparatrice bichoriale biamniote
FOETO:PP.PLA-NOR-113	GEMELLAIRE	Chorionicité — membrane de séparation monochorionique diamniotique	structure		oui		Lewi / Khalil, détermination histologique de la chorionicité	Doublon avec « Membrane de séparation gémellaire DiMo (coupe histologique) ».	Membrane séparatrice monochoriale diamniote
FOETO:PP.PLA-NOR-114	VOGEL	Maturation villositaire normale — membrane vasculo-syncytiale des villosités terminales	structure		oui		Vogel, maturation villositaire normale ; cf. Khong 2016, DVM (raréfaction des membranes vasculo-syncytiales)	Doublon avec « Membranes vasculo-syncytiales » (singulier/pluriel) du même vocabulaire.	Membrane vasculo-syncytiale
FOETO:PP.PLA-NOR-115	VOGEL	Maturation villositaire normale — barrière des villosités terminales	structure		non_standard	Membranes basales capillaires villositaires non fusionnées au syncytiotrophoblaste (absence de membrane vasculo-syncytiale)	Vogel, maturation villositaire — formation des membranes vasculo-syncytiales	Granularité ultrastructurale isolée, formulée en creux (absence de fusion) et redondante avec « Membrane vasculo-syncytiale » ; incohérente avec le reste du vocabulaire.	Membranes basales distinctes des capillaires villositaires terminaux
FOETO:PP.PLA-NOR-161	BENIRSCHKE	Chorangiomatose	manifestation		non_standard	Réseau réticulinique en treillis péricapillaire villositaire (chorangiomatose)	Benirschke, Burton & Baergen, Pathology of the Human Placenta — chorangiomatosis (réticuline péricapillaire)	Libellé vague : la nature de l'anomalie capillaire n'est pas nommée et le terme mêle un résultat de coloration spéciale à un descripteur lésionnel.	Réseau de réticuline en treillis dans les villosités capillaires anormales
FOETO:PP.PLA-NOR-162	BENIRSCHKE	Anatomie normale du cordon ombilical — reliquat du canal allantoïque	structure		oui		Benirschke, Burton & Baergen — umbilical cord, allantoic duct remnant		Résidu du canal allantoïque
FOETO:PP.PLA-DYS-022	BENIRSCHKE	Kystes (pseudokystes) des septa placentaires — variante anatomique banale	structure		oui		Benirschke, Burton & Baergen — septal and subchorionic cysts		Kyste septal placentaire
FOETO:PP.PLA-DYS-023	AMSTERDAM	FVM — malperfusion vasculaire fœtale	synonyme		oui		Khong 2016, FVM		Malperfusion vasculaire fœtale placentaire
FOETO:PP.PLA-DYS-024	BENIRSCHKE	Dysplasie mésenchymateuse placentaire	manifestation		non_standard	Manchon mésenchymateux périvasculaire des villosités tronculaires	Benirschke, Burton & Baergen — placental mesenchymal dysplasia	Terme descriptif non consacré : son sens dépend du contexte (stroma périvasculaire immature vs myxoïde) et il n'est critère d'aucune entité.	Manchon mésenchymateux péri-vasculaire
FOETO:PP.PLA-DYS-025	BENIRSCHKE	Métaplasie malpighienne de l'amnios (variante banale sans signification pathologique)	structure		oui		Benirschke, Burton & Baergen — amnion, squamous metaplasia		Métaplasie malpighienne de l'amnion
FOETO:PP.PLA-DYS-026	AMSTERDAM	MVM — artériopathie déciduale	critere		oui		Khong 2016, MVM — persistance du trophoblaste intramural endovasculaire / défaut de transformation physiologique		Persistance de trophoblastes endovasculaires intramuraux au troisième trimestre
FOETO:PP.PLA-DYS-027	BENIRSCHKE	Dysplasie mésenchymateuse placentaire	manifestation		non_standard	Perte d'expression de l'actine musculaire lisse dans le stroma villositaire (immunohistochimie)	Benirschke, Burton & Baergen — placental mesenchymal dysplasia, stromal immunophenotype	Marqueur immunohistochimique de description, non critère diagnostique consensuel ; granularité (résultat d'IHC) hétérogène par rapport au reste du vocabulaire.	Perte d'expression de l'actine musculaire lisse dans le stroma villositaire
FOETO:PP.PLA-DYS-028	BENIRSCHKE	Môle hydatiforme complète	critere		oui		Benirschke, Burton & Baergen — hydatidiform mole, p57KIP2 immunostaining		Perte d'expression de p57kip2 dans le stroma villositaire
FOETO:PP.PLA-DYS-029	BENIRSCHKE	Placentomégalie (poids placentaire > 90e percentile : diabète maternel, anasarque, anémie fœtale)	synonyme		oui		Benirschke, Burton & Baergen — placental weight and dimensions	Critère macroscopique de poids sans seuil explicite dans le libellé, alors que le vocabulaire est majoritairement microscopique.	Placentomégalie
FOETO:PP.PLA-DYS-030	AMSTERDAM	MPFD / MFI — dépôt massif de fibrinoïde périvillositaire	manifestation		non_standard	Prolifération de trophoblaste extravilleux (intermédiaire) dans le fibrinoïde périvillositaire	Khong 2016, MPFD (extravillous trophoblast increased within perivillous fibrinoid)		Prolifération de trophoblastes intermédiaires périvilleuse
FOETO:PP.PLA-DYS-031	BENIRSCHKE	Môle hydatiforme partielle	critere		oui		Benirschke, Burton & Baergen — partial hydatidiform mole, trophoblastic pseudoinclusions		Pseudo-inclusion trophoblastique
FOETO:PP.PLA-DYS-032	BENIRSCHKE	Môle hydatiforme partielle / diagnostic différentiel des môles (exclusion de la môle complète)	critere		non_standard	Expression nucléaire conservée de p57KIP2 (cytotrophoblaste villositaire et stroma)	Benirschke, Burton & Baergen — hydatidiform mole, p57KIP2 immunostaining	Énoncé formulé comme la conservation d'un caractère normal (valeur d'exclusion), ce qui en fait un critère négatif difficile à coder comme lésion.	Rétention trophoblastique de l'expression de p57kip2
FOETO:PP.PLA-DYS-033	AMSTERDAM	FVM — malperfusion vasculaire fœtale segmentaire	critere		oui		Khong 2016, FVM — fibromuscular sclerosis / obliteration of stem villous vessels		Sclérose fibromusculaire des vaisseaux tronculaires
FOETO:PP.PLA-DYS-034	AMSTERDAM	FVM — malperfusion vasculaire fœtale segmentaire	manifestation		non_standard	Septation fibroblastique de la lumière des vaisseaux de villosités tronculaires	Khong 2016, FVM ; Genest, obliterative fetal vasculopathy	Libellé trop générique : le type de vaisseau (tronculaire, chorial, ombilical) n'est pas précisé, alors que le reste du vocabulaire distingue ces sièges.	Septation luminale vasculaire
FOETO:PP.PLA-INF-021	AMSTERDAM	Déciduite chronique à plasmocytes	synonyme		non_standard	Déciduite chronique (à plasmocytes)	Khong 2016, lésions inflammatoires chroniques — déciduite chronique à plasmocytes	Libellé périphrastique doublonnant l'entrée « Déciduite chronique » du même vocabulaire.	Inflammation chronique déciduale
FOETO:PP.PLA-INF-022	AMSTERDAM	CHI — intervillite chronique histiocytaire	synonyme		obsolete	Intervillite chronique histiocytaire (CHI)	Khong 2016, lésions inflammatoires chroniques — chronic histiocytic intervillositis	« Intervillite chronique massive » est l'ancienne dénomination, remplacée par intervillite chronique histiocytaire.	Intervillite chronique massive
FOETO:PP.PLA-DYS-037	BENIRSCHKE	Dysplasie mésenchymateuse placentaire	critere		oui		Benirschke, Burton & Baergen, placental mesenchymal dysplasia — myxoid villous stroma		Stroma villositaire myxomateux
FOETO:PP.PLA-DYS-038	BENIRSCHKE	Thrombohématome sous-chorial massif (môle de Breus)	synonyme		oui		Benirschke, Burton & Baergen, massive subchorial thrombohematoma (Breus mole)	Doublon de l'entrée « Thrombose sous-choriale massive (môle de Breus) » du même vocabulaire.	Thrombohématome sous-chorial
FOETO:PP.PLA-DYS-039	AMSTERDAM	FVM — malperfusion vasculaire fœtale	critere		non_standard	Thrombus des vaisseaux fœtaux (plaque choriale ou villosité tronculaire)	Khong 2016, FVM — thrombi of chorionic plate or stem villous vessels	Siège vasculaire fœtal non précisé, alors que la gradation FVM dépend du calibre et du siège du thrombus.	Thrombus vasculaire placentaire fœtal
FOETO:PP.PLA-DYS-040	AMSTERDAM	FVM — malperfusion vasculaire fœtale globale (obstruction partielle)	critere		non_standard	Ectasie vasculaire de la plaque choriale	Khong 2016, FVM global — vascular ectasia / thick-walled dilated chorionic plate vessels	Libellé composite associant deux axes lésionnels (épaississement pariétal et ectasie luminale) dans un même terme.	Vaisseau de la plaque choriale à paroi épaisse et ectasique
FOETO:PP.PLA-DYS-041	AMSTERDAM	FVM — malperfusion vasculaire fœtale segmentaire	manifestation		oui		Khong 2016, FVM — fibromuscular sclerosis / mural fibrin deposition des vaisseaux tronculaires		Vaisseau-tronc villositaire à paroi épaisse
FOETO:PP.PLA-DYS-042	BENIRSCHKE	Œdème villositaire (villous edema)	synonyme		non_standard	Œdème villositaire	Benirschke, Burton & Baergen, villous edema	Libellé descriptif redondant avec l'entrée « Œdème villositaire » déjà présente dans le vocabulaire.	Villosité choriale élargie et œdémateuse
FOETO:PP.PLA-DYS-043	BENIRSCHKE	Dégénérescence hydropique villositaire / môle hydatiforme	critere		oui		Benirschke, Burton & Baergen, hydatidiform mole — diffusely hydropic avascular villi		Villosité hydropique diffuse sans vascularisation
FOETO:PP.PLA-DYS-044	BENIRSCHKE	Dégénérescence hydropique villositaire / môle hydatiforme partielle	manifestation		non_standard	Villosités élargies à paucité vasculaire (dégénérescence hydropique)	Benirschke, Burton & Baergen, partial mole / hydropic villous change	Granularité descriptive largement recouverte par « Villosité hydropique diffuse sans vascularisation » ; qualifieur « relatif » non opérationnalisable.	Villosités agrandies avec paucité vasculaire relative
FOETO:PP.PLA-INF-001	BENIRSCHKE	Infection virale placentaire à étiologie identifiée (CMV, HSV) — inclusions virales	critere		oui		Benirschke, Burton & Baergen, viral infections of the placenta — amniotic epithelial viral inclusions		Cellules amniotiques infectées (inclusions virales amniotiques)
FOETO:PP.PLA-INF-002	BENIRSCHKE	Hémophagocytose intravasculaire fœtale (syndrome hémophagocytaire / infection congénitale)	manifestation		oui		Benirschke, Burton & Baergen, fetal hematologic disorders — intravascular hemophagocytosis		Cellules avec hémophagocytose dans la circulation fœtale placentaire
FOETO:PP.PLA-INF-003	BENIRSCHKE	Villite granulomateuse à étiologie identifiée (tuberculose, syphilis)	critere		oui		Benirschke, Burton & Baergen, granulomatous villitis — Langhans-type giant cells	« Langhans » prête à confusion avec le cytotrophoblaste villositaire (cellules de Langhans) présent ailleurs dans le vocabulaire.	Cellules géantes multinucléées de type Langhans dans les villosités
FOETO:PP.PLA-INF-004	AMSTERDAM	AI — infection amniotique / inflammation aiguë, réponse inflammatoire maternelle (MIR)	synonyme		non_standard	Chorioamnionite aiguë (réponse inflammatoire maternelle)	Khong 2016, acute chorioamnionitis — maternal inflammatory response	Terme sans temporalité ni stade : chapeau fourre-tout recouvrant à la fois la chorioamnionite aiguë et la chorioamnionite chronique.	Chorioamnionite
FOETO:PP.PLA-INF-005	AMSTERDAM	AI — chorioamnionite aiguë, réponse inflammatoire maternelle (MIR)	synonyme		oui		Khong 2016, acute chorioamnionitis — MIR stade 2	Doublonne l'entrée mal orthographiée « Chorioamniotite aiguë » du même vocabulaire (orthographe retenue : chorioamnionite).	Chorioamnionite aiguë
FOETO:PP.PLA-NOR-086	AMSTERDAM	Érythroblastes circulants augmentés	manifestation		non_standard	Érythroblastes circulants augmentés (hématies nucléées dans les vaisseaux villositaires)	Khong 2016, autres lésions — increased circulating nucleated red blood cells	Libellé purement descriptif sans notion d'augmentation ni de seuil : la signification (physiologique avant 32 SA, pathologique à terme) dépend de l'âge gestationnel non précisé ; fait doublon avec « Érythroblastes dans les vaisseaux fœtaux villositaires » et « Augmentation des érythroblastes intravasculaires ».	Hématies nucléées dans les vaisseaux villositaires
FOETO:PP.PLA-NOR-087	AMSTERDAM	DVM — retard de maturation villositaire (immaturité villositaire distale)	synonyme		oui		Khong 2016, delayed villous maturation / distal villous immaturity	Doublon de « Retard de maturation villositaire » et « Maturation villositaire retardée » présents dans le même vocabulaire.	Immaturité villositaire distale
FOETO:PP.PLA-NOR-043	GEMELLAIRE	Grossesse monochorionique monoamniotique — anomalies funiculaires (cordon commun / bifurqué)	manifestation		oui		Lewi/Khalil, chorionicité et placenta monoamniotique ; Benirschke, twin placenta — cord insertion anomalies	Classé en architecture normale alors qu'il s'agit d'une variante propre aux grossesses monoamniotiques ; libellé mêlant la structure et le contexte de chorionicité.	Cordon ombilical bifurqué (jumeaux MoMo)
FOETO:PP.PLA-NOR-044	AMSTERDAM	Hyperspiralisation du cordon (hypercoiling)	synonyme		oui		Khong 2016, umbilical cord — hypercoiling	Doublon strict de l'entité « Hyperenroulement du cordon ombilical » déjà présente dans le vocabulaire ; granularité incohérente (ici element, là entite).	Cordon ombilical hyperenroulé
FOETO:PP.PLA-NOR-045	BENIRSCHKE	Anomalie de longueur du cordon — cordon long	synonyme		oui		Benirschke, Burton & Baergen, Pathology of the Human Placenta — umbilical cord length	Aucun seuil métrique associé (habituellement > 70 cm à terme) ; à harmoniser avec « Cordon ombilical court » codé au niveau entite.	Cordon ombilical long
FOETO:PP.PLA-NOR-046	BENIRSCHKE	Cordon ombilical normal	structure		oui		Benirschke, Burton & Baergen — normal umbilical cord anatomy	Doublon fonctionnel de « Cordon normal » et « Vaisseaux funiculaires normaux ».	Cordon ombilical — architecture normale
FOETO:PP.PLA-NOR-047	BENIRSCHKE	Anatomie placentaire normale — cotylédon fœtal (arbre villositaire)	structure		oui		Benirschke, Burton & Baergen — villous tree / fetal cotyledon		Cotylédons fœtaux (arbres villeux)
FOETO:PP.PLA-NOR-048	BENIRSCHKE	Anatomie placentaire normale — cotylédon maternel (lobe placentaire)	structure		oui		Benirschke, Burton & Baergen — maternal cotyledon / placental lobe		Cotylédons maternels (lobes placentaires)
FOETO:PP.PLA-NOR-049	VOGEL	Maturation villositaire normale — persistance de la couche cytotrophoblastique (Langhans) au premier/deuxième trimestre	structure		oui		Vogel, Atlas der morphologischen Plazentadiagnostik — Zytotrophoblastschicht nach Gestationsalter	Quasi-doublon de « Persistance de la couche cytotrophoblastique (couche de Langhans) » ; l'interprétation n'a de sens que rapportée à l'âge gestationnel, non porté par le libellé.	Couche cytotrophoblastique quasi-complète
FOETO:PP.PLA-NOR-050	BENIRSCHKE	Membranes extraplacentaires normales — couche spongieuse (intermédiaire)	structure		oui		Benirschke, Burton & Baergen — fetal membranes, spongy layer	Trois libellés du vocabulaire (NOR-050, NOR-051, NOR-052) désignent la même structure : à fusionner.	Couche spongieuse (amnios-chorion)
FOETO:PP.PLA-NOR-051	BENIRSCHKE	Membranes extraplacentaires normales — couche spongieuse (intermédiaire)	structure		oui		Benirschke, Burton & Baergen — fetal membranes, spongy layer	Doublon de « Couche spongieuse (amnios-chorion) » et « Couche spongieuse amnio-choriale ».	Couche spongieuse (intermédiaire) des membranes
FOETO:PP.PLA-NOR-052	BENIRSCHKE	Membranes extraplacentaires normales — couche spongieuse (intermédiaire)	structure		oui		Benirschke, Burton & Baergen — fetal membranes, spongy layer	Doublon de « Couche spongieuse (amnios-chorion) » et « Couche spongieuse (intermédiaire) des membranes ».	Couche spongieuse amnio-choriale
FOETO:PP.PLA-NOR-053	BENIRSCHKE	Plaque choriale normale — coussinets myxoïdes intimaux des vaisseaux chorioniques	structure		oui		Benirschke, Burton & Baergen — chorionic plate vessels, intimal myxoid cushions	Variante anatomique incidentelle codée ici au niveau element alors que le même libellé figure ailleurs au niveau structure : granularité incohérente.	Coussinets myxoïdes intimaux des vaisseaux de la plaque choriale
FOETO:PP.PLA-NOR-054	VOGEL	Maturation villositaire normale — différenciation syncytiale du cytotrophoblaste	structure		oui		Vogel, Clinical Pathology of the Placenta — trophoblastic differentiation		Cytotrophoblaste en voie de fusion (différenciation syncytiale)
FOETO:PP.PLA-NOR-055	BENIRSCHKE	Villosité normale — cytotrophoblaste villositaire (cellules de Langhans)	structure		oui		Benirschke, Burton & Baergen — villous cytotrophoblast (Langhans cells)	Doublon strict de « Cytotrophoblaste villositaire (cellules de Langhans) ».	Cytotrophoblaste villeux (cellules de Langhans)
FOETO:PP.PAR-VAS-026	AMSTERDAM	FVM — malperfusion vasculaire fœtale (segmentaire)	critere		oui		Khong 2016, FVM — villosités avasculaires		Villosités avasculaires
FOETO:PP.PAR-VAS-027	AMSTERDAM	MPFD / MFI — dépôt massif de fibrinoïde périvillositaire	stade		non_standard	Dépôt de fibrinoïde périvillositaire — pattern en îlots (forme focale)	Khong 2016, MPFD/MFI	Acronyme NIDF non explicité et non usuel dans la littérature anglo-saxonne ; le libellé porte un pattern macro/architectural sans lésion élémentaire ni siège factorisables.	NIDF — Îlots (stade focal)
FOETO:PP.PLA-NOR-088	BENIRSCHKE	Anatomie normale — cytotrophoblaste villositaire (cellules de Langhans)	structure		oui		Benirschke, Burton & Baergen, Villous trophoblast (glycogène cytotrophoblastique physiologique)	Libellé ambigu : identique dans sa formulation aux dépôts de glycogène des surcharges métaboliques, alors qu'il désigne ici un contenu cytoplasmique physiologique.	Inclusions de glycogène dans les cellules cytotrophoblastiques
FOETO:PP.PLA-NOR-089	BENIRSCHKE	Anatomie normale — insertion du cordon ombilical	structure		oui		Benirschke, Burton & Baergen, Umbilical cord insertion		Insertion du cordon ombilical — centrale
FOETO:PP.PLA-NOR-090	BENIRSCHKE	Anatomie normale — trophoblaste extravilleux interstitiel / site d'implantation	structure		non_standard	Invasion trophoblastique interstitielle physiologique du myomètre	Benirschke, Burton & Baergen, Implantation site / extravillous trophoblast	Libellé ambigu : sans le qualificatif « physiologique », il se confond avec l'invasion myométriale anormale du spectre accreta (référentiel ACCRETA).	Invasion trophoblastique myométriale
FOETO:PP.PLA-NOR-091	BENIRSCHKE	Kystes placentaires bénins (amniotiques / sous-choriaux)	manifestation		oui		Benirschke, Burton & Baergen, Cysts of the placenta and membranes		Kyste amniotique
FOETO:PP.PLA-NOR-092	BENIRSCHKE	Kystes placentaires bénins (amniotiques / sous-choriaux)	manifestation		non_standard	Kyste chorio-amniotique microscopique (membranes)	Benirschke, Burton & Baergen, Cysts of the membranes	Orthographe altérée (« choriamniotique ») ; granularité (« microscopique ») hétérogène par rapport aux autres kystes du vocabulaire.	Kyste choriamniotique microscopique (membranes)
FOETO:PP.PLA-NOR-093	BENIRSCHKE	Kystes placentaires bénins (amniotiques / sous-choriaux)	manifestation		non_standard	Kyste chorial (sous-chorial)	Benirschke, Burton & Baergen, Subchorionic cysts	Libellé orthographiquement altéré (« chorioniaque ») et siège chorial imprécis (plaque choriale vs chorion laeve).	Kyste chorioniaque
FOETO:PP.PLA-NOR-094	BENIRSCHKE	Kystes des îlots cellulaires trophoblastiques (kystes du trophoblaste extravilleux)	manifestation		oui		Benirschke, Burton & Baergen, Cell islands and septal cysts	Doublon de granularité avec « Kystes des îlots cellulaires trophoblastiques » et « Kyste trophoblastique extravilleux ».	Kyste d'îlot cellulaire trophoblastique
FOETO:PP.PLA-NOR-095	BENIRSCHKE	Kystes des îlots cellulaires trophoblastiques (kystes du trophoblaste extravilleux)	manifestation		non_standard	Kyste d'îlot cellulaire trophoblastique	Benirschke, Burton & Baergen, Cell islands and septal cysts	Synonyme redondant des kystes d'îlot cellulaire trophoblastique : trois entrées du vocabulaire désignent la même lésion.	Kyste trophoblastique extravilleux
FOETO:PP.PLA-NOR-096	BENIRSCHKE	Kystes des îlots cellulaires trophoblastiques (kystes du trophoblaste extravilleux)	manifestation		non_standard	Kyste d'îlot cellulaire trophoblastique	Benirschke, Burton & Baergen, Cell islands and septal cysts	Simple variante plurielle d'un terme déjà présent ; la pluralité n'est pas un axe de qualification pertinent.	Kystes des îlots cellulaires trophoblastiques
FOETO:PP.PLA-NOR-097	BENIRSCHKE	Anatomie normale — espace sous-chorial (lac sous-chorial)	structure		oui		Benirschke, Burton & Baergen, Subchorial lake / subchorionic space		Lac sous-chorial
FOETO:PP.PLA-NOR-098	HORS_REFERENTIEL		structure		non_standard	Pores intervilleux (espace intervilleux)		Paramètre morphométrique de recherche (largeur des pores) et non signe diagnostique : aucun référentiel ne le code ; si conservé, il doit l'être comme structure « pores intervilleux », la mesure relevant d'un axe quantitatif distinct.	Largeur des pores intervilleux
FOETO:PP.PLA-NOR-099	BENIRSCHKE	Anatomie normale — lit placentaire / site d'implantation	structure		oui		Benirschke, Burton & Baergen, Placental bed / implantation site		Lit placentaire (site placentaire)
FOETO:PP.PLA-NOR-100	AMSTERDAM	DVM — retard de maturation villositaire (immaturité villositaire distale)	critere		oui		Khong 2016, delayed villous maturation — capillaires de siège central	Classé « maturation » alors qu'il s'agit d'un critère lésionnel du DVM ; doublonne avec « Distribution non périphérique des capillaires villositaires ».	Localisation centrale des capillaires villositaires
FOETO:PP.PLA-MAL-008	BENIRSCHKE	Anomalies du cordon ombilical — reliquat allantoïdien persistant (canal allantoïque patent)	manifestation		oui		Benirschke, Burton & Baergen, Pathology of the Human Placenta — umbilical cord, embryonic remnants (patent allantoic duct)	La parenthèse « (ouraque) » assimile un reliquat du cordon à une structure fœtale (ouraque) : risque de confusion d'axe anatomique.	Canal allantoïque patent (ouraque)
FOETO:PP.PLA-MAL-009	GEMELLAIRE	TTTS — syndrome transfuseur-transfusé (aspect placentaire, versant receveur)	manifestation		oui		Quintero 1999 ; Lewi/Khalil — placenta monochorionique, discordance de perfusion	Libellé composite : signe histologique + attribution clinique au jumeau receveur, deux axes distincts.	Capillaires villositaires congestifs (jumeau receveur, TTTS)
FOETO:PP.PAR-NOR-004	HORS_REFERENTIEL		hors		non_standard	(à supprimer — champ de saisie libre, non terminologique)		Libellé fourre-tout sans contenu médical : aucune lésion, aucun siège, aucune facette factorisable.	Autre (label)
FOETO:PP.PAR-NOR-005	HORS_REFERENTIEL		hors		non_standard	(à supprimer — champ de saisie libre de région, non terminologique)		Libellé fourre-tout désignant une région non précisée : ne correspond à aucune structure anatomique nommée.	Autre (région)
FOETO:PP.PAR-NOR-006	BENIRSCHKE	Apoptose / sénescence du syncytiotrophoblaste	manifestation		oui		Benirschke, Burton & Baergen — trophoblast turnover, apoptosis et ultrastructure du syncytiotrophoblaste	Signe de granularité ultrastructurale/cytologique, non discriminant et sans valeur diagnostique isolée, hétérogène au reste du vocabulaire.	Condensation chromatinienne des noyaux syncytiaux
FOETO:PP.PAR-NOR-007	BENIRSCHKE	Trophoblaste extravilleux de la plaque basale — excès de cellules géantes multinucléées	manifestation		oui		Benirschke, Burton & Baergen — extravillous trophoblast, implantation site giant cells		Excès de trophoblaste multinucléé dans la basale
FOETO:PP.PAR-NOR-008	AMSTERDAM	MVM — maturation villositaire accélérée	critere		oui		Khong 2016, MVM — lésions villositaires (accelerated villous maturation)		MVM — Maturation villositaire accélérée
FOETO:PP.PAR-NOR-009	AMSTERDAM	MVM — nœuds syncytiaux augmentés (changements de Tenney-Parker)	critere		non_standard	Nœuds syncytiaux augmentés (changements de Tenney-Parker)		Le libellé ne porte pas le caractère augmenté (pourtant présent en facette) et introduit un axe d'authenticité (« vrais » vs artefact de coupe) étranger à l'axe lésionnel.	Nœuds syncytiaux (vrais)
FOETO:PP.PAR-NOR-010	AMSTERDAM	DVM — retard de maturation villositaire (immaturité villositaire distale)	synonyme		oui		Khong 2016, delayed villous maturation (DVM)		Retard de maturation villositaire
FOETO:PP.PAR-NOR-011	BENIRSCHKE	Sénescence / vieillissement du trophoblaste	manifestation		non_standard	Modifications de sénescence du syncytiotrophoblaste	Benirschke, Burton & Baergen — trophoblast ageing/senescence ; Fox & Sebire, placental ageing	Notion descriptive globale et non lésionnelle, sans critère morphologique reproductible ni gradation : granularité incohérente avec les autres éléments.	Sénescence placentaire (trophoblastique)
FOETO:PP.PAR-NOR-012	BENIRSCHKE	Épaississement de la membrane basale trophoblastique (placenta diabétique)	manifestation		oui		Fox & Sebire, Pathology of the Placenta — trophoblastic basement membrane thickening ; Benirschke, diabetes		Épaississement de la membrane basale trophoblastique
FOETO:PP.PAR-RET-001	BENIRSCHKE	Modifications post-mortem de rétention in utero (critères de Genest)	manifestation		oui		Genest 1992, placental histologic dating of fetal death ; Benirschke, changes after fetal death		Autolyse villositaire placentaire
FOETO:PP.PAR-RET-002	BENIRSCHKE	Modifications post-mortem de rétention in utero (critères de Genest)	critere		non_standard	Caryolyse trophoblastique (perte de basophilie nucléaire) — rétention estimée > 48 h	Genest 1992, placental histologic dating of fetal death	Orthographe non standard (« cariolyse »), siège non précisé, et libellé mêlant le signe morphologique à l'estimation du délai de rétention.	Cariolyse (rétention >48h)
FOETO:PP.PAR-RET-003	BENIRSCHKE	Artefacts placentaires post-accouchement / modifications post-mortem	manifestation		non_standard	Effondrement des sinusoïdes capillaires villositaires (artefact post-accouchement)	Benirschke, Burton & Baergen — artefacts et modifications après la délivrance	Temporalité ambiguë : « post-mortem » (rétention fœtale) et « post-délivrance » (artefact de drainage) ne désignent pas le même mécanisme.	Effondrement post-mortem des sinusoïdes capillaires villositaires
FOETO:PP.PAR-RET-004	BENIRSCHKE	Artefact de coupe tangentielle — pseudo-nœuds syncytiaux	manifestation		oui		Cantle et al. 1987 ; Benirschke, Burton & Baergen — syncytial knots, tangential sectioning artefact	Terme d'artefact et non lésion : à conserver comme item de diagnostic différentiel des nœuds syncytiaux augmentés (Tenney-Parker).	Faux nœuds syncytiaux (artéfact de section)
FOETO:PP.COR-MAL-001	AMSTERDAM	Cordon — insertion vélamenteuse	synonyme		oui		Khong 2016, terminologie macroscopique — cordon (insertion vélamenteuse)		Insertion vélamenteuse du cordon ombilical
FOETO:PP.COR-MAL-002	AMSTERDAM	Cordon — artère ombilicale unique	synonyme		oui		Khong 2016, terminologie macroscopique — cordon (artère ombilicale unique)		Artère ombilicale unique
FOETO:PP.COR-NOR-000	BENIRSCHKE	Anatomie normale — cordon ombilical	structure		oui		Benirschke, Burton & Baergen, anatomie normale du cordon ombilical		Cordon normal
FOETO:PP.COR-RET-001	BENIRSCHKE	Artefacts du cordon — hémorragie périvasculaire de la gelée de Wharton	manifestation		oui		Benirschke, Burton & Baergen, cordon ombilical — hémorragies périvasculaires et artefacts d'accouchement	Constat artefactuel et non lésionnel, à isoler des lésions vraies du cordon dans le vocabulaire.	Hémorragie périvasculaire dans la gelée de Wharton (artefact)
FOETO:PP.COR-RET-002	BENIRSCHKE	Altérations post-mortem — datation de la rétention fœtale (critères de Genest)	critere		non_standard	Nécrose des myocytes de la paroi des vaisseaux ombilicaux (rétention ≥ 6 jours, critère de Genest)	Benirschke, Burton & Baergen, mort fœtale in utero ; Genest 1992, datation histologique placentaire	Libellé télégraphique mêlant la lésion et son critère chronologique de datation.	Nécrose myocytes cordon (rétention >6j Genest)
FOETO:PP.COR-TUM-001	BENIRSCHKE	Hémangiome du cordon ombilical	synonyme		oui		Benirschke, Burton & Baergen, tumeurs du cordon ombilical — hémangiome		Hémangiome funiculaire
FOETO:PP.COR-VAS-001	AMSTERDAM	Méconium — myonécrose des vaisseaux ombilicaux	synonyme		oui	Myonécrose vasculaire ombilicale induite par le méconium (MAVM)	Khong 2016, méconium — myonécrose des vaisseaux ombilicaux	Doublon avec « Myonécrose vasculaire ombilicale induite par le méconium » et « Nécrose musculaire vasculaire méconique » : trois entrées pour une seule entité.	MAVM (meconium associated vascular myonecrosis)
FOETO:PP.COR-VAS-002	AMSTERDAM	FVM — thrombose des vaisseaux ombilicaux	manifestation		oui		Khong 2016, FVM — thrombus des vaisseaux ombilicaux et de la plaque choriale	Granularité plus grossière que les autres entrées du vocabulaire, qui distinguent artère, veine et ancienneté du thrombus.	Thrombose vasculaire ombilicale
FOETO:PP.VFU-NOR-000	BENIRSCHKE	Anatomie normale — vaisseaux ombilicaux	structure		oui		Benirschke, Burton & Baergen, structure normale des vaisseaux ombilicaux		Vaisseaux funiculaires normaux
FOETO:PP.WHA-NOR-000	BENIRSCHKE	Anatomie normale — gelée de Wharton	structure		oui		Benirschke, Burton & Baergen, gelée de Wharton normale		Gelée de Wharton normale
FOETO:PP.AMN-NOR-000	BENIRSCHKE	Anatomie normale — amnios	structure		oui		Benirschke, Burton & Baergen, membranes — amnios normal		Amnios normal
FOETO:PP.CHO-NOR-000	BENIRSCHKE	Anatomie normale — chorion laeve	structure		oui		Benirschke, Burton & Baergen, membranes — chorion laeve normal		Chorion laeve normal
FOETO:PP.DME-NOR-000	BENIRSCHKE	Anatomie normale — décidue capsulaire des membranes	structure		oui		Benirschke, Burton & Baergen, membranes — décidue capsulaire normale		Décidue des membranes normale
FOETO:PP.IAC-NOR-000	BENIRSCHKE	Anatomie normale — interface amnio-choriale (couche spongieuse)	structure		oui		Benirschke, Burton & Baergen, architecture tricouche des membranes — couche spongieuse	Désigne une zone d'observation plutôt qu'une structure nommée : recouvre la « couche spongieuse amnio-choriale » déjà présente dans le vocabulaire.	Interface amnios/chorion normale
FOETO:PP.ICD-NOR-000	BENIRSCHKE	Anatomie normale — interface chorio-déciduale des membranes	structure		oui		Benirschke, Burton & Baergen, architecture tricouche des membranes — jonction chorion laeve / décidue capsulaire	Désigne une zone d'observation plutôt qu'une structure nommée, redondante avec « Chorion laeve normal » et « Décidue des membranes normale ».	Interface chorion/décidue normale
FOETO:PP.PLA-NOR-056	BENIRSCHKE	Anatomie villositaire normale — cytotrophoblaste villeux (cellules de Langhans)	structure		oui		Benirschke, Burton & Baergen, Pathology of the Human Placenta — trophoblaste villositaire normal		Cytotrophoblaste villositaire (cellules de Langhans)
FOETO:PP.PLA-NOR-057	HORS_REFERENTIEL		hors		non_standard	Dilatation des citernes du réticulum endoplasmique du syncytiotrophoblaste (ultrastructure)		Signe purement ultrastructural (MET), non évaluable en microscopie optique et non codé par les référentiels diagnostiques.	Dilatation des citernes du réticulum endoplasmique syncytial
FOETO:PP.PLA-MAL-010	GEMELLAIRE	TTTS — territoire du jumeau donneur (aspect placentaire)	manifestation		oui		Quintero, TTTS ; De Paepe, placental pathology of monochorionic twins		Capillaires villositaires vides (jumeau donneur, TTTS)
FOETO:PP.PLA-MAL-011	BENIRSCHKE	Anomalie de longueur du cordon ombilical — cordon court	synonyme		oui		Benirschke, Burton & Baergen — umbilical cord length abnormalities	Anomalie macroscopique métrique sans seuil de longueur précisé dans le libellé.	Cordon ombilical court
FOETO:PP.PLA-MAL-012	GEMELLAIRE	Placenta monochorionique — territoires vasculaires partagés	structure		oui		Lewi / Khalil, chorionicité et angioarchitecture monochorionique		Cotylédon partagé (placenta gémellaire monochorionique)
FOETO:PP.PLA-MAL-013	GEMELLAIRE	TAPS — aspect placentaire (discordance de coloration inter-territoires)	manifestation		oui		Slaghekke, TAPS — classification post-natale	Signe macroscopique de discordance inter-jumeaux, non lésion microscopique élémentaire.	Discordance de coloration du parenchyme placentaire (jumeaux monochorioniques)
FOETO:PP.PLA-MAL-014	BENIRSCHKE	Anomalie de la gelée de Wharton — déficit / cordon grêle	synonyme		oui		Benirschke, Burton & Baergen — Wharton jelly deficiency		Déficit en gelée de Wharton
FOETO:PP.PLA-MAL-015	AMSTERDAM	AI — réponse inflammatoire fœtale (FIR), funisite	synonyme		non_standard	Funisite aiguë	Khong 2016, acute inflammation — fetal inflammatory response	Forme latine « funisitis » écartée par Amsterdam ; libellé sans type cellulaire, stade ni grade.	Funisitis
FOETO:PP.PLA-MAL-016	AMSTERDAM	Cordon ombilical — hyperspiralisation	synonyme		oui		Khong 2016, umbilical cord — hypercoiling	Doublon de contenu avec « Cordon ombilical hyperenroulé ».	Hyperenroulement du cordon ombilical
FOETO:PP.PLA-MAL-017	AMSTERDAM	Cordon ombilical — hypospiralisation	synonyme		oui		Khong 2016, umbilical cord — hypocoiling		Hypo-enroulement du cordon ombilical
FOETO:PP.PLA-MAL-018	BENIRSCHKE	Hématopoïèse extramédullaire du cordon ombilical	manifestation		oui		Benirschke, Burton & Baergen — umbilical cord, extramedullary hematopoiesis		Hématopoïèse extra-médullaire du cordon ombilical
FOETO:PP.PLA-MAL-019	GEMELLAIRE	TTTS — séquelles de photocoagulation laser des anastomoses	manifestation		oui		Quintero / Slaghekke — placental findings after fetoscopic laser surgery		Infarctus villositaire superficiel post-ablation laser
FOETO:PP.PLA-MAL-020	BENIRSCHKE	Site d'insertion du cordon — insertion excentrée (variante)	structure		oui		Benirschke, Burton & Baergen — cord insertion sites	Variante anatomique d'insertion, pas une lésion ; niveau « entite » incohérent avec son statut de variante normale.	Insertion excentrée du cordon ombilical
FOETO:PP.PLA-MAL-021	AMSTERDAM	Cordon ombilical — insertion furcate	synonyme		oui		Khong 2016, umbilical cord — furcate insertion		Insertion furcate du cordon ombilical
FOETO:PP.PLA-MAL-022	AMSTERDAM	Cordon ombilical — anomalie du site d'insertion (marginale/battledore)	manifestation		oui		Khong 2016, gross examination — cord insertion		Insertion marginale du cordon ombilical (battledore)
FOETO:PP.PLA-MAL-038	BENIRSCHKE	Tissus ectopiques et reliquats embryonnaires du cordon ombilical	manifestation		non_standard	Tissu ectopique du cordon ombilical (préciser : hépatique, surrénalien, rénal…)	Benirschke, Burton & Baergen, Pathology of the Human Placenta, chap. Umbilical cord — ectopic tissues	Libellé fourre-tout : la nature du tissu ectopique n'est pas précisée, ce qui empêche toute corrélation clinique.	Tissu ectopique dans le cordon ombilical
FOETO:PP.PLA-MAL-039	AMSTERDAM	Anomalies du cordon ombilical — sténose / coarctation	manifestation		non_standard	À scinder : « Sténose (coarctation) du cordon ombilical » et « Torsion du cordon ombilical »	Khong 2016, gross umbilical cord lesions (stricture, coiling)	Libellé composite mêlant deux lésions distinctes (torsion et coarctation/sténose), qui peuvent exister séparément.	Torsion / coarctation du cordon ombilical
FOETO:PP.PAR-VAS-013	AMSTERDAM	MVM — artériopathie déciduale	synonyme		oui		Khong 2016, MVM — decidual arteriopathy		MVM — Artériopathie déciduale
FOETO:PP.PAR-VAS-014	AMSTERDAM	MVM — hypoplasie villositaire distale	critere		oui		Khong 2016, MVM — distal villous hypoplasia		MVM — Hypoplasie villositaire distale
FOETO:PP.PAR-VAS-015	AMSTERDAM	MVM — infarctus villositaire	critere		oui		Khong 2016, MVM — villous infarct		MVM — Infarctus
FOETO:PP.PAR-VAS-016	AMSTERDAM	FVM — malperfusion vasculaire fœtale segmentaire	synonyme		oui		Khong 2016, FVM — segmental (complete obstruction) pattern		Malperfusion vasculaire fœtale segmentaire
FOETO:PP.PAR-VAS-017	AMSTERDAM	MVM — artériopathie déciduale (athérose aiguë)	critere		oui		Khong 2016, MVM — acute atherosis / mural fibrinoid necrosis		Nécrose fibrinoïde de la paroi artérielle déciduale
FOETO:PP.PAR-VAS-018	BENIRSCHKE	Nécrose fibrinoïde villositaire	manifestation		non_standard	Nécrose fibrinoïde villositaire	Fox & Sebire, Pathology of the Placenta — villous fibrinoid necrosis	La facette lésionnelle « nécrose fibrinoïde pariétale », propre à l'artériopathie déciduale, est appliquée à tort au siège villositaire : il s'agit d'une lésion différente.	Nécrose fibrinoïde intravillositaire
FOETO:PP.PAR-VAS-019	BENIRSCHKE	Thrombohématome sous-chorial massif (môle de Breus)	synonyme		oui		Benirschke, Burton & Baergen — massive subchorial thrombohematoma (Breus' mole)		Thrombose sous-choriale massive (môle de Breus)
FOETO:PP.PAR-VAS-020	AMSTERDAM	FVM — malperfusion vasculaire fœtale	critere		oui		Khong 2016, FVM — chorionic plate vessel thrombus		Thrombus de la plaque choriale
FOETO:PP.PAR-VAS-021	AMSTERDAM	Thrombus intervilleux	synonyme		oui		Khong 2016, other lesions — intervillous thrombus		Thrombus intervilleux
FOETO:PP.PAR-VAS-022	AMSTERDAM	MPFD — dépôt massif de fibrinoïde périvillositaire	stade	forme étendue (pattern en travées)	non_standard	MPFD — dépôt périvillositaire de fibrinoïde en travées (forme étendue)	Khong 2016, MPFD / maternal floor infarction	Acronyme NIDF non explicité et non consensuel ; le libellé ne mentionne ni la lésion élémentaire ni le siège, seule une gradation implicite.	NIDF — Travées (stade étendu)
FOETO:PP.PAR-VAS-023	AMSTERDAM	VUE — villite chronique d'étiologie indéterminée	stade	VUE haut grade	non_standard	VUE haut grade (≥ 10 villosités contiguës, multifocale ou diffuse)	Khong 2016, VUE grading (d'après Redline 2007)	Libellé anglophone dans un vocabulaire francophone ; le qualifieur « multifocal » est incomplet, le haut grade pouvant être multifocal ou diffus.	VUE High grade
FOETO:PP.PAR-VAS-024	AMSTERDAM	VUE — villite chronique d'étiologie indéterminée	stade	VUE bas grade	non_standard	VUE bas grade (< 10 villosités contiguës, focale ou multifocale)	Khong 2016, VUE grading (d'après Redline 2007)	Libellé anglophone dans un vocabulaire francophone ; le qualifieur « multifocal » est incomplet, le bas grade pouvant être focal ou multifocal.	VUE Low grade
FOETO:PP.PAR-VAS-025	AMSTERDAM	FVM — malperfusion vasculaire fœtale	synonyme		obsolete	Malperfusion vasculaire fœtale (FVM)	Khong 2016, FVM remplace « fetal thrombotic vasculopathy »	Terminologie explicitement abandonnée par le consensus d'Amsterdam au profit de FVM ; doit être fusionnée avec l'entité FVM du vocabulaire.	Vasculopathie thrombotique fœtale
FOETO:PP.PLA-NOR-146	BENIRSCHKE	Hématopoïèse fœtale circulante dans les vaisseaux villositaires (précurseurs non érythroïdes)	structure		non_standard	Précurseurs hématopoïétiques non érythroïdes circulants dans les vaisseaux fœtaux villositaires	Benirschke, Burton & Baergen, Pathology of the Human Placenta — hématopoïèse fœtale / cellules circulantes	Siège vasculaire fœtal implicite non explicité ; descripteur cytologique isolé, sans seuil ni valeur diagnostique définie (à distinguer des érythroblastes circulants augmentés d'Amsterdam).	Précurseurs hématopoïétiques non érythroïdes circulants
FOETO:PP.PLA-NOR-147	BENIRSCHKE	Kystes septaux (pseudokystes des septa) — anatomie normale du placenta	structure		oui		Benirschke, Burton & Baergen — septa placentaires et kystes septaux	Doublon de contenu avec « Kyste septal placentaire » codé en element ailleurs dans le vocabulaire : granularité incohérente.	Pseudokystes des septa placentaires
FOETO:PP.MEM-CLA-001	AMSTERDAM	Amnion nodosum	synonyme		non_standard	Amnion nodosum	Khong 2016, lésions des membranes (amnion nodosum)		Amnios nodosum
FOETO:PP.MEM-CLA-002	AMSTERDAM	Méconium — macrophages chargés de méconium	critere		non_standard	Macrophages chargés de méconium (amnios)	Khong 2016, méconium (macrophages chargés de méconium)	Le libellé mêle un constat histologique et une datation chronologique (24-48 h) qui n'est pas codifiée par Amsterdam ; la datation doit être un commentaire, pas une facette du terme.	Macrophages chargés de méconium (délai 24-48h)
FOETO:PP.MEM-CLA-003	BENIRSCHKE	Nécrose laminaire de la décidue des membranes (ischémie utéro-placentaire chronique)	manifestation		oui		Benirschke/Fox & Sebire — décidue des membranes, nécrose laminaire ; Stanek, laminar decidual necrosis	Trois libellés du vocabulaire recouvrent la même lésion (« Nécrose déciduale membraneuse », « Nécrose laminaire de la décidua des membranes ») : à fusionner.	Nécrose laminaire des membranes
FOETO:PP.MEM-CLA-004	BENIRSCHKE	Séparation chorio-amniotique	manifestation		oui		Benirschke, Burton & Baergen — membranes, séparation amnio-choriale	Constat souvent artefactuel (dissection/fixation) : sa valeur lésionnelle doit être précisée pour éviter un usage fourre-tout.	Séparation chorioamniotique
FOETO:PP.MEM-INF-001	AMSTERDAM	AI — réponse inflammatoire maternelle (MIR) stade 2 : chorioamnionite aiguë	stade	MIR stade 2	non_standard	Chorioamnionite aiguë (MIR stade 2)	Khong 2016, infection amniotique — MIR stade 2	Orthographe non retenue (« chorioamniotite ») et libellé composite : « modérée » relève de l'axe grade (grade 1) et non de l'axe stade ; stade et grade doivent être portés séparément.	Chorioamniotite aiguë modérée (stade 2)
FOETO:PP.MEM-INF-002	AMSTERDAM	AI — réponse inflammatoire maternelle (MIR) stade 1 : chorionite / subchorionite aiguë	stade	MIR stade 1	erreur	Chorionite / subchorionite aiguë (MIR stade 1)	Khong 2016, infection amniotique — MIR stade 1	Le libellé nomme une « chorioamniotite » alors que le stade 1 est par définition limité au chorion/espace sous-chorial sans atteinte amniotique : dénomination contradictoire avec le stade annoncé.	Chorioamniotite aiguë sous-choriale (stade 1)
FOETO:PP.MEM-INF-003	AMSTERDAM	Chorioamnionite chronique	synonyme		non_standard	Chorioamnionite chronique	Khong 2016, lésions inflammatoires chroniques — chorioamnionite chronique	Orthographe non retenue (« chorioamniotite »).	Chorioamniotite chronique
FOETO:PP.MEM-INF-004	AMSTERDAM	AI — réponse inflammatoire maternelle (MIR) stade 3 : chorioamnionite nécrosante	stade	MIR stade 3	non_standard	Chorioamnionite nécrosante (MIR stade 3)	Khong 2016, infection amniotique — MIR stade 3	Orthographe non retenue (« chorioamniotite »).	Chorioamniotite nécrosante (stade 3)
FOETO:PP.MEM-INF-005	BENIRSCHKE	Chorioamnionite subaiguë	synonyme		non_standard	Chorioamnionite subaiguë	Fox & Sebire / Benirschke — chorioamnionite subaiguë (rupture prolongée des membranes)	Orthographe non retenue ; entité intermédiaire (infiltrat mixte polynucléaires-mononucléés) non codifiée dans la stadification MIR d'Amsterdam, donc non gradable — le libellé ne précise ni type cellulaire ni siège dominant.	Chorioamniotite subaiguë
FOETO:PP.MEM-INF-006	AMSTERDAM	AI — infection amniotique / réponse inflammatoire maternelle (MIR)	manifestation		oui		Khong 2016, inflammation aiguë — déciduite aiguë accompagnant l'infection ascendante	La déciduite aiguë n'entre pas dans la stadification MIR : sa place hiérarchique (manifestation accompagnante) doit être explicite pour éviter qu'elle soit lue comme un stade.	Déciduite aiguë
FOETO:PP.MEM-INF-007	AMSTERDAM	Déciduite chronique à plasmocytes	synonyme		oui		Khong 2016, lésions inflammatoires chroniques — déciduite chronique à plasmocytes	Terme dupliqué dans le vocabulaire (deux entrées « Déciduite chronique ») et facette site = décidue basale incohérente avec le compartiment membranes déclaré.	Déciduite chronique
FOETO:PP.MEM-INF-008	AMSTERDAM	AI — réponse inflammatoire maternelle (MIR), grade 1	stade	MIR grade 1	non_standard	MIR grade 1 (inflammation aiguë légère à modérée)	Khong 2016, infection amniotique — grade de la MIR	Libellé purement gradué, sans lésion ni siège : un grade MIR n'a de sens qu'adossé à un stade (1-3), il ne peut constituer un terme autonome.	MIR Grade 1
FOETO:PP.MEM-INF-009	AMSTERDAM	AI — réponse inflammatoire maternelle (MIR), grade 2 (sévère)	critere	MIR grade 1	erreur	Abcès décidual (inflammation aiguë sévère — MIR grade 2)	Khong 2016, infection amniotique — grade 2 : polynucléaires confluents, microabcès	Rattachement de grade faux : la formation d'abcès/microabcès définit le grade 2 (sévère) et non le grade 1 ; libellé composite mêlant une lésion élémentaire et une étiquette de grade erronée. Doublonne avec « Abcès décidual ».	MIR Grade 1 — Abcès décidual
FOETO:PP.PLA-INF-006	AMSTERDAM	Chorioamnionite chronique	synonyme		oui		Khong 2016, lésions inflammatoires chroniques		Chorioamnionite chronique
FOETO:PP.PLA-INF-007	AMSTERDAM	AI — réponse inflammatoire maternelle (MIR)	synonyme		obsolete	Chorioamnionite aiguë	Khong 2016, infection amniotique — orthographe retenue « chorioamnionite »	Orthographe déviante « chorioamniotite » ; doublon du terme « Chorioamnionite aiguë » présent ailleurs dans le vocabulaire.	Chorioamniotite aiguë
FOETO:PP.PLA-NOR-148	BENIRSCHKE	Anatomie villositaire normale — péricytes péri-capillaires	structure		non_standard	Péricytes péri-capillaires villositaires (MSA+)	Benirschke, Burton & Baergen, Pathology of the Human Placenta — vascularisation villositaire	Libellé composite mêlant un marqueur immunohistochimique et un contexte de prolifération vasculaire ; statut normal/lésionnel non tranché.	Péricytes MSA-positifs autour des vaisseaux villositaires proliférants
FOETO:PP.PLA-NOR-149	VOGEL	Biométrie placentaire — rapport poids placentaire/poids fœtal	structure		non_standard	Rapport poids placentaire / poids fœtal (F/P ratio)	Vogel, Clinical Pathology of the Placenta — corrélations biométriques	Paramètre biométrique quantitatif, non factorisable en lésion/site ; ne relève pas du même axe que les autres termes.	Rapport poids placentaire / poids fœtal
FOETO:PP.PLA-NOR-150	BENIRSCHKE	Anatomie normale du cordon — reliquats embryonnaires (canal allantoïque)	structure		oui		Benirschke, Burton & Baergen — umbilical cord remnants		Reliquat allantoïdien dans le cordon ombilical
FOETO:PP.PLA-NOR-151	BENIRSCHKE	Anatomie normale — reliquat de vésicule vitelline sous-amniotique	structure		oui		Benirschke, Burton & Baergen — yolk sac remnant		Reliquat de vésicule vitelline sous l'amnios
FOETO:PP.PLA-NOR-152	BENIRSCHKE	Anatomie normale — reliquat du canal omphalo-mésentérique	structure		oui		Benirschke, Burton & Baergen — omphalomesenteric duct remnant		Reliquat du canal omphalo-mésentérique (membranes)
FOETO:PP.PLA-NOR-153	BENIRSCHKE	Anatomie normale — reliquat du canal omphalo-mésentérique	structure		oui		Benirschke, Burton & Baergen — omphalomesenteric duct remnant		Reliquat du canal vitellin (duct omphalo-mésentérique) dans le cordon
FOETO:PP.PLA-NOR-154	BENIRSCHKE	Anatomie normale — reliquat de vésicule vitelline	structure		oui		Benirschke, Burton & Baergen — yolk sac remnant	Le qualifieur « gémellaire » n'ajoute rien au contenu : doublon contextuel de « Remnant du sac vitellin ».	Reliquat du sac vitellin (placenta gémellaire)
FOETO:PP.PLA-NOR-155	BENIRSCHKE	Anatomie normale du cordon — vaisseaux vitellins résiduels	structure		oui		Benirschke, Burton & Baergen — vitelline vessel remnants		Reliquat vasculaire vitellin dans le cordon ombilical
FOETO:PP.PLA-NOR-156	BENIRSCHKE	Anatomie normale — reliquat de vésicule vitelline	structure		non_standard	Reliquat de vésicule vitelline	Benirschke, Burton & Baergen — yolk sac remnant	Anglicisme « remnant » ; doublon de PP.PLA-NOR-151/154.	Remnant du sac vitellin
FOETO:PP.PLA-NOR-157	VOGEL	Remodelage physiologique des artères spiralées	structure		non_standard	Remodelage physiologique des artères spiralées	Vogel, Clinical Pathology of the Placenta — maturation utéro-placentaire	Libellé composite associant le remodelage artériel et la « maturation de la plaque basale » ; doublon de PP.PLA-NOR-158.	Remodelage des artères spiralées — maturation de la plaque basale
FOETO:PP.PLA-NOR-158	VOGEL	Remodelage physiologique des artères spiralées	structure		oui		Vogel, Clinical Pathology of the Placenta — maturation utéro-placentaire ; cf. Khong 2016 (défaut de remodelage = MVM)		Remodelage physiologique des artères spiralées
FOETO:PP.PLA-NOR-159	BENIRSCHKE	Anatomie normale du cordon — revêtement amniotique	structure		oui		Benirschke, Burton & Baergen — umbilical cord anatomy		Revêtement épithélial amniotique du cordon ombilical
FOETO:PP.PLA-NOR-160	BENIRSCHKE	Renouvellement/réparation du syncytiotrophoblaste	structure		non_standard	Régénération du syncytiotrophoblaste (réparation trophoblastique)	Benirschke, Burton & Baergen — trophoblast turnover and repair	Processus réparateur physiologique classé en « element » lésionnel ; siège villositaire non précisé.	Régénération du syncytiotrophoblaste
FOETO:PP.PLA-NOR-131	VOGEL	Maturation villositaire — couche cytotrophoblastique (Langhans) selon l'âge gestationnel	structure		oui		Vogel, Clinical Pathology of the Placenta — maturation villositaire normale ; Benirschke/Kaufmann, couche de Langhans	Libellé ambigu : « persistance » suggère une anomalie alors que le terme est classé en maturation ; sans référence à l'âge gestationnel il ne discrimine pas le normal du retard de maturation.	Persistance de la couche cytotrophoblastique (couche de Langhans)
FOETO:PP.PLA-NOR-132	GEMELLAIRE	Chorionicité — grossesse bichorionique biamniotique	structure		oui		Lewi/Khalil, détermination de la chorionicité et de l'amnionicité		Placenta bichorionique biamniotique
FOETO:PP.PLA-NOR-073	VOGEL	Dépôt de fibrine périvillositaire physiologique selon l'âge gestationnel	structure		oui		Vogel, Atlas der morphologischen Plazentadiagnostik — fibrine périvilleuse selon l'âge gestationnel	Paramètre quantitatif sans seuil : la frontière avec le dépôt massif de fibrinoïde périvillositaire (MPFD, Amsterdam) n'est pas définie par le libellé.	Fibrine périvilleuse — dépôt selon l'âge gestationnel
FOETO:PP.PLA-NOR-074	VOGEL	Fibrine sous-choriale (strie de Langhans) — épaisseur selon l'âge gestationnel	structure		oui		Vogel, Atlas der morphologischen Plazentadiagnostik ; Benirschke, subchorionic (Langhans) fibrin	Paramètre quantitatif normal sans seuil énoncé ; doublon partiel avec « Strie fibrinoïde de Langhans » et « Dépôt de fibrine sous-choriale ».	Fibrine sous-choriale (fibrine de Langhans) — épaisseur selon l'âge gestationnel
FOETO:PP.PLA-NOR-075	BENIRSCHKE	Anatomie normale de la plaque basale — fibrinoïde de Nitabuch	structure		oui		Benirschke, Burton & Baergen, Pathology of the Human Placenta — basal plate, Nitabuch's fibrin	Doublon avec le terme composite « Fibrine de Rohr et fibrine de Nitabuch ».	Fibrinoïde de Nitabuch
FOETO:PP.PLA-NOR-076	BENIRSCHKE	Anatomie normale de la plaque basale — fibrinoïde de Rohr	structure		oui		Benirschke, Burton & Baergen, Pathology of the Human Placenta — Rohr's stria	Doublon avec le terme composite « Fibrine de Rohr et fibrine de Nitabuch ».	Fibrinoïde de Rohr
FOETO:PP.PLA-NOR-077	BENIRSCHKE	Fibrinoïde placentaire — type fibrine (classification de Kaufmann)	structure		oui		Benirschke/Kaufmann, Pathology of the Human Placenta — fibrin-type fibrinoid	Terme de biologie matricielle sans siège précisé ni valeur diagnostique propre ; granularité ultrastructurale décalée du reste du vocabulaire.	Fibrinoïde de type fibrine
FOETO:PP.PLA-NOR-078	BENIRSCHKE	Fibrinoïde placentaire — type matriciel (classification de Kaufmann)	structure		oui		Benirschke/Kaufmann, Pathology of the Human Placenta — matrix-type fibrinoid	Terme de biologie matricielle sans siège précisé ni valeur diagnostique propre ; granularité décalée du reste du vocabulaire.	Fibrinoïde de type matriciel
FOETO:PP.PLA-NOR-079	AMSTERDAM	MPFD — dépôt massif de fibrinoïde périvillositaire	manifestation		non_standard	Dépôt de fibrinoïde périvillositaire	Khong 2016, massive perivillous fibrinoid deposition	Libellé non quantifié : ne distingue pas le fibrinoïde périvillositaire physiologique du dépôt massif définissant le MPFD ; doublonne avec « Dépôt périvillositaire de fibrinoïde » et « Fibrine périvillositaire augmentée ».	Fibrinoïde périvillositaire
FOETO:PP.PLA-NOR-080	VOGEL	Maturation villositaire normale — fibrose stromale progressive des villosités	structure		oui		Vogel, Clinical Pathology of the Placenta — maturation villositaire ; Benirschke, stromal fibrosis of stem villi	Doublon partiel avec « Fibrose stromale villositaire » et « Fibrose stromale des villosités souches », qui sont eux codés comme lésions.	Fibrose stromale villositaire progressive
FOETO:PP.PLA-NOR-081	BENIRSCHKE	Anatomie normale — forme discoïde du placenta	structure		oui		Benirschke, Burton & Baergen — placental shape, normal discoid placenta		Forme placentaire normale (discoïde)
FOETO:PP.PLA-NOR-082	GEMELLAIRE	Chorionicité — placentas bichorioniques fusionnés	structure		oui		Lewi/Khalil, chorionicité ; Benirschke, fused dichorionic twin placentas		Fusion choriale (placentas gémellaires bichorioniques fusionnés)
FOETO:PP.PLA-NOR-083	BENIRSCHKE	Anatomie normale du cordon — gelée de Wharton	structure		non_standard	Gelée de Wharton normale	Benirschke, Burton & Baergen — umbilical cord, Wharton's jelly	Le qualifieur « aspect histologique » n'apporte aucune information et crée un doublon avec « Gelée de Wharton — aspect normal » et « Gelée de Wharton normale ».	Gelée de Wharton — aspect histologique
FOETO:PP.PLA-NOR-084	BENIRSCHKE	Anatomie normale du cordon — gelée de Wharton	structure		non_standard	Gelée de Wharton normale	Benirschke, Burton & Baergen — umbilical cord, Wharton's jelly	Triplon avec « Gelée de Wharton — aspect histologique » et « Gelée de Wharton normale » : un seul libellé doit être retenu.	Gelée de Wharton — aspect normal
FOETO:PP.PLA-NOR-085	AMSTERDAM	MVM — artériopathie déciduale	manifestation		non_standard	Hypertrophie pariétale des artérioles déciduales des membranes	Khong 2016, MVM — mural hypertrophy of decidual (membrane) arterioles	Orthographe fautive (« déciduals ») ; doublon avec « Hypertrophie murale des artérioles décidales ». Terme classé en NOR alors qu'il s'agit d'une lésion d'artériopathie déciduale.	Hypertrophie pariétale des vaisseaux déciduals membranaires
FOETO:PP.PLA-NOR-011	BENIRSCHKE	Anatomie normale — lit placentaire / artère utéro-placentaire (spiralée)	structure		oui		Benirschke, Burton & Baergen, Pathology of the Human Placenta — anatomie du lit placentaire		Artère utéroplacentaire (artère spiralée)
FOETO:PP.PLA-NOR-012	VOGEL	Anatomie villositaire normale — arbre villositaire (villosités souches et leurs artères)	structure		oui		Vogel M., Atlas der morphologischen Plazentadiagnostik — architecture villositaire normale		Artères des villosités souches
FOETO:PP.PAR-VAS-028	AMSTERDAM	MVM — hématome rétroplacentaire (abruptio placentae)	stade	stade 1	non_standard	Hémorragie récente de la plaque basale, focale (abruptio placentae, forme limitée)	Khong 2016, MVM — hématome rétroplacentaire / abruption	Amsterdam ne définit aucune stadification histologique de l'abruptio ; le stade 1/2 est une gradation locale non validée.	Abruptio placentae — stade 1 (plaque basale)
FOETO:PP.PAR-VAS-029	AMSTERDAM	MVM — hématome rétroplacentaire (abruptio placentae)	stade	stade 2	non_standard	Hémorragie récente en larges lames décollant la plaque basale (abruptio placentae, forme étendue)	Khong 2016, MVM — hématome rétroplacentaire / abruption	Stadification non définie par Amsterdam ; libellé mêlant l'aspect macroscopique du décollement et le constat histologique de la plaque basale.	Abruptio placentae — stade 2 (plaque basale)
FOETO:PP.VDI-NOR-000	VOGEL	Maturation villositaire normale — villosités distales (intermédiaires matures et terminales)	structure		oui		Vogel M., Clinical Pathology of the Placenta — maturation villositaire normale		Villosité distale normale
FOETO:PP.VIL-NOR-000	VOGEL	Maturation villositaire normale — arbre villositaire adapté à l'âge gestationnel	structure		oui		Vogel M., Clinical Pathology of the Placenta — maturation villositaire normale	Terme générique englobant les autres items « villosité … normale » : granularité incohérente avec le reste du vocabulaire.	Villosités normales
FOETO:PP.VIN-NOR-000	VOGEL	Maturation villositaire normale — villosités intermédiaires (immatures/matures)	structure		oui		Vogel M., Clinical Pathology of the Placenta — maturation villositaire normale	Ne précise pas s'il s'agit des villosités intermédiaires immatures ou matures, dont la signification selon l'âge gestationnel diffère.	Villosité intermédiaire normale
FOETO:PP.VSO-NOR-000	VOGEL	Anatomie villositaire normale — villosité souche	structure		oui		Vogel M., Atlas der morphologischen Plazentadiagnostik — villosités souches normales		Villosité souche normale
FOETO:PP.PLA-CLA-001	AMSTERDAM	MVM — agglutination villositaire	critere		non_standard	Agglutination villositaire	Khong 2016, MVM — lésions villositaires (villous agglutination)	Libellé composite : associe la lésion (agglutination) et une seconde lésion codée par ailleurs (dépôt fibrinoïde périvillositaire).	Agglutination villositaire par fibrinoïde périvillositaire
FOETO:PP.PLA-CLA-002	HORS_REFERENTIEL		hors		non_standard			Constat ultrastructural (MET/MEB) des microvillosités syncytiales, sans valeur diagnostique codifiée en microscopie optique par aucun référentiel.	Distorsion/perte des microvillosités syncytiales
FOETO:PP.PLA-CLA-003	HORS_REFERENTIEL		hors		non_standard	Nécrose syncytiale focale		Terme descriptif fourre-tout : recouvre autolyse post-mortem, ischémie et dénudation trophoblastique, sans entité définie.	Dégénérescence syncytiale
FOETO:PP.PLA-CLA-004	AMSTERDAM	FVM — malperfusion vasculaire fœtale (villosités avasculaires / sclérose post-obstructive)	manifestation		oui		Khong 2016, FVM — lésions segmentaires	Ambigu : la fibrose stromale des villosités souches est un caractère physiologique ; elle n'est lésionnelle qu'associée à l'oblitération vasculaire.	Fibrose stromale des villosités souches
FOETO:PP.PLA-CLA-005	AMSTERDAM	FVM — malperfusion vasculaire fœtale (villosités avasculaires)	manifestation		oui		Khong 2016, FVM — villosités avasculaires	Terme non spécifique : partagé entre FVM, macération post-mortem et fibrose de maturation.	Fibrose stromale villositaire
FOETO:PP.PLA-CLA-006	AMSTERDAM	FVM — caryorrhexie stromale-vasculaire villositaire	critere		non_standard	Caryorrhexie stromale-vasculaire villositaire	Khong 2016, FVM — stromal-vascular karyorrhexis	Graphie anglicisée « karyorrhexie » ; forme française retenue : caryorrhexie.	Karyorrhexie stromale-vasculaire des villosités
FOETO:PP.PLA-CLA-007	HORS_REFERENTIEL		hors		non_standard			Lésion iatrogène post-procédure (ponction/cordocentèse) : aucun référentiel ne code les lésions liées aux gestes invasifs ; libellé mêlant lésion et circonstance étiologique.	Lésion vasculaire de la surface chorionique après traumatisme par aiguille
FOETO:PP.COR-INF-006	AMSTERDAM	AI — réponse inflammatoire fœtale (FIR)	synonyme		obsolete	Funisite aiguë	Khong 2016, infection amniotique — réponse fœtale (FIR) ; orthographe retenue « funisite »	Le libellé accole la lésion et le pattern (FIR) ; « funiculite » n'est pas la forme retenue par Amsterdam (« funisite »).	Funiculite aiguë (réponse fœtale à l'infection)
FOETO:PP.COR-INF-007	AMSTERDAM	AI — réponse inflammatoire fœtale (FIR) stade 2	critere		oui		Khong 2016, FIR stade 2 (vascularite ombilicale avec atteinte artérielle)		Vascularite ombilicale
FOETO:PP.PLA-MET-027	BENIRSCHKE	Maladies de surcharge lysosomale — vacuolisation placentaire	manifestation		oui		Benirschke, Burton & Baergen, storage disorders of the placenta		Vacuolisation du cytotrophoblaste extravilleux
FOETO:PP.PLA-MET-028	BENIRSCHKE	Maladies de surcharge lysosomale — vacuolisation placentaire	manifestation		oui		Benirschke, Burton & Baergen, storage disorders of the placenta		Vacuolisation du stroma villositaire
FOETO:PP.PLA-MET-029	VOGEL	Corrélation clinico-pathologique — diabète maternel	manifestation		non_standard	Épaississement de l'épithélium amniotique	Vogel, Clinical Pathology of the Placenta — placenta et diabète maternel	Le libellé mêle la lésion élémentaire et son contexte clinique ; le contexte doit être un axe séparé.	Épaississement de l'épithélium amniotique (diabète maternel)
FOETO:PP.PLA-NOR-001	BENIRSCHKE	Môle hydatiforme partielle — pseudo-inclusions trophoblastiques	critere		non_standard	Pseudo-inclusion trophoblastique	Benirschke, Burton & Baergen, gestational trophoblastic disease (môle partielle)	Énoncé négatif (constat d'absence) et doublon de l'élément positif « Pseudo-inclusion trophoblastique » déjà présent.	Absence de pseudo-inclusions trophoblastiques
FOETO:PP.PLA-NOR-002	VOGEL	Trouble de maturation villositaire — retard de maturation	manifestation		non_standard	Amas syncytiaux au contact des capillaires ; Épaississement de la membrane basale trophoblastique (deux éléments distincts)	Vogel, Atlas der morphologischen Plazentadiagnostik — troubles de maturation villositaire	Libellé composite associant deux lésions élémentaires distinctes (amas syncytiaux, épaississement de la membrane basale).	Amas syncytiaux recouvrant les capillaires avec épaississement de la membrane basale
FOETO:PP.PLA-NOR-003	BENIRSCHKE	Anatomie normale — amnios	structure		oui		Benirschke, Burton & Baergen, anatomie des membranes (amnios)		Amnion — épithélium pavimenteux à cubique simple
FOETO:PP.PLA-NOR-004	BENIRSCHKE	Anatomie normale — anneau de fermeture sous-chorial (marge placentaire)	structure		oui		Benirschke, Burton & Baergen, anatomie de la marge placentaire (closing ring)		Anneau sous-chorial de fermeture
FOETO:PP.PLA-NOR-005	BENIRSCHKE	Renouvellement trophoblastique physiologique (apoptose du cytotrophoblaste)	structure		oui		Benirschke, Burton & Baergen, trophoblast turnover et apoptose		Apoptose du cytotrophoblaste
FOETO:PP.PLA-NOR-006	BENIRSCHKE	Anatomie normale — architecture placentaire	structure		non_standard	Architecture placentaire normale	Benirschke, Burton & Baergen, anatomie macroscopique du placenta	Libellé fourre-tout, granularité incohérente avec le reste du vocabulaire (ne désigne aucun repère précis).	Architecture générale du placenta
FOETO:PP.PLA-NOR-007	BENIRSCHKE	Anatomie normale — lobule / cotylédon de l'arbre villositaire	structure		oui		Benirschke, Burton & Baergen, architecture lobulaire de l'arbre villositaire		Architecture lobulaire de l'arbre villositaire
FOETO:PP.PLA-NOR-008	BENIRSCHKE	Anatomie normale — arbre villositaire	structure		non_standard	Arbre villositaire (architecture normale)	Benirschke, Burton & Baergen, anatomie de l'arbre villositaire	Libellé générique redondant avec « Architecture lobulaire de l'arbre villositaire » et « Parenchyme villeux — architecture générale ».	Architecture villositaire placentaire
FOETO:PP.PLA-NOR-009	AMSTERDAM	Anomalie du cordon — artère ombilicale unique	synonyme		non_standard	Artère ombilicale unique	Khong 2016, anomalies du cordon ombilical (artère ombilicale unique)	Doublon de « Artère ombilicale unique » ; le qualificatif « isolée » relève du contexte clinique (absence de malformation associée), pas de l'observation placentaire.	Artère ombilicale unique isolée
FOETO:PP.PLA-NOR-010	BENIRSCHKE	Anatomie normale — artère ombilicale	structure		oui		Benirschke, Burton & Baergen, anatomie des vaisseaux ombilicaux		Artère ombilicale — double couche musculaire lisse
FOETO:PP.PLA-NOR-206	BENIRSCHKE	Anatomie villositaire normale — villosité souche (stem villus)	structure		non_standard	Villosité souche	Benirschke, Burton & Baergen, Pathology of the Human Placenta — villous architecture (stem villi)	Le suffixe « aspect histologique » est purement descriptif et ne porte aucun contenu factorisable ; doublon de « Villosités souches (villi souches) ».	Villosités souches — aspect histologique
FOETO:PP.PLA-NOR-207	VOGEL	Maturation villositaire normale — villosités terminales	structure		oui		Vogel, Clinical Pathology of the Placenta — maturation villositaire normale (villosités terminales)		Villosités terminales
FOETO:PP.PBA-VAS-001	AMSTERDAM	MVM — artériopathie déciduale	synonyme		oui		Khong 2016, MVM — decidual arteriopathy		Artériopathie déciduale de la plaque basale
FOETO:PP.PBA-VAS-002	AMSTERDAM	MVM — artériopathie déciduale (athérose aiguë)	critere		oui		Khong 2016, MVM — acute atherosis / mural fibrinoid necrosis		Nécrose fibrinoïde de la paroi artérielle déciduale
FOETO:PP.PBA-VAS-003	AMSTERDAM	MVM — hématome rétroplacentaire	critere		oui		Khong 2016, MVM — gross findings (retroplacental hematoma)	Lésion macroscopique rattachée à un compartiment histologique (plaque basale) : axe macroscopie/microscopie mêlé.	Hématome rétroplacentaire basal
FOETO:PP.PCH-INF-001	AMSTERDAM	MIR stade 1 — chorionite / subchorionite aiguë	synonyme	MIR stade 1	oui		Khong 2016, acute ascending infection — maternal inflammatory response stage 1		Chorionite subchoriale aiguë
FOETO:PP.PCH-INF-002	AMSTERDAM	MIR stade 2 — chorioamnionite aiguë	synonyme	MIR stade 2	non_standard	Chorioamnionite aiguë (MIR stade 2)	Khong 2016, acute ascending infection — MIR stage 2	Orthographe « chorioamniotite » non retenue ; restreindre la chorioamnionite à la plaque choriale est contradictoire puisqu'elle exige l'atteinte de l'amnios — mélange entité et siège.	Chorioamniotite aiguë de la plaque choriale
FOETO:PP.PCH-MET-001	BENIRSCHKE	Fibrine sous-choriale (strie fibrinoïde de Langhans) — constituant normal	structure		oui		Benirschke, Burton & Baergen — subchorionic (Langhans) fibrin	Classé comme élément lésionnel alors que le dépôt fibrinoïde sous-chorial est un constituant physiologique dont seule l'épaisseur excessive est significative.	Dépôts de fibrinoïde sous-choriaux
FOETO:PP.PCH-NOR-000	BENIRSCHKE	Anatomie normale — plaque choriale	structure		oui		Benirschke, Burton & Baergen — chorionic plate (normal anatomy)		Plaque choriale normale
FOETO:PP.PCH-NOR-001	BENIRSCHKE	Anatomie normale — vaisseaux de la plaque choriale (coussinets intimaux myxoïdes)	structure		oui		Benirschke, Burton & Baergen — intimal myxoid cushions of chorionic vessels	Terme dupliqué dans le vocabulaire avec un niveau différent (structure vs element) : granularité incohérente.	Coussinets myxoïdes intimaux des vaisseaux de la plaque choriale
FOETO:PP.PCH-VAS-001	AMSTERDAM	FVM — thrombus de la plaque choriale	critere		oui		Khong 2016, FVM — chorionic plate vessel thrombus		Thrombus de la plaque choriale
FOETO:PP.PCH-VAS-002	AMSTERDAM	FVM globale — ectasie vasculaire	manifestation		non_standard	FVM — ectasie vasculaire d'un vaisseau de la plaque choriale	Khong 2016, FVM — global/partial obstruction (vascular ectasia)	Libellé composite associant deux altérations distinctes (épaississement pariétal et ectasie luminale) dans un seul terme.	Vaisseau de la plaque choriale à paroi épaisse et ectasique
FOETO:PP.PCH-VAS-003	BENIRSCHKE	Thrombohématome sous-chorial massif (môle de Breus)	synonyme		oui		Benirschke, Burton & Baergen — massive subchorionic thrombohematoma (Breus' mole)	Doublon fonctionnel avec « Thrombohématome sous-chorial » du vocabulaire.	Thrombose sous-choriale massive (môle de Breus)
FOETO:PP.PCH-VAS-004	BENIRSCHKE	Vaisseaux de la plaque choriale — variation d'épaisseur pariétale (asymétrie murale)	structure		non_standard	Asymétrie pariétale des vaisseaux de la plaque choriale (variante)	Benirschke, Burton & Baergen — chorionic plate vessels, asymmetric mural muscularization	Doublon de « Asymétrie de l'épaisseur pariétale des vaisseaux chorioniques de surface » ; signification lésionnelle non établie dans la littérature.	Asymétrie de la paroi des vaisseaux de la plaque choriale
FOETO:PP.VAC-INF-001	AMSTERDAM	FIR stade 1 — vascularite choriale / phlébite ombilicale	critere	FIR stade 1	non_standard	Vascularite des vaisseaux de la plaque choriale (FIR stade 1)	Khong 2016, acute ascending infection — fetal inflammatory response stage 1	Terminologie « allanto-chorial » ancienne et stade intégré au libellé alors qu'il relève d'une facette de gradation.	Vascularite des vaisseaux allanto-choriaux (réponse fœtale stade 1)
FOETO:PP.PLA-VAS-049	AMSTERDAM	FVM — thrombus des vaisseaux fœtaux (plaque choriale / villosités tronculaires)	critere		oui		Khong 2016, FVM — fetal vascular malperfusion (thrombi of chorionic plate/stem villous vessels)		Thrombus organisé dans les vaisseaux fœtaux placentaires
FOETO:PP.PLA-VAS-050	AMSTERDAM	FVM — thrombus de la plaque choriale	critere		non_standard	Thrombus organisé d'un vaisseau de la plaque choriale	Khong 2016, FVM — chorionic plate vessel thrombus	Orthographe fautive (« chorioniaque ») et qualifieur de stade discordant FR/EN (organisé vs organizing) ; doublon de « Thrombus de la plaque choriale ».	Thrombus organisé dans un vaisseau chorioniaque
FOETO:PP.PAR-RET-007	BENIRSCHKE	Œdème villositaire (villous edema)	synonyme		oui		Benirschke, Burton & Baergen, villous edema		Œdème villositaire
FOETO:PP.PAR-TUM-001	BENIRSCHKE	Placentomégalie à villosités hydropiques (hydrops placentaire / môle partielle / dysplasie mésenchymateuse)	manifestation		non_standard	Villosités hydropiques (placenta hypertrophique)	Benirschke, Burton & Baergen, hydropic villi / placentomegaly	Libellé composite mêlant une donnée macroscopique (placentomégalie) et une lésion villositaire microscopique, sans étiologie précisée.	Placentomégalie avec villosités hydriques
FOETO:PP.PAR-TUM-002	AMSTERDAM	Érythroblastes circulants augmentés	synonyme		oui		Khong 2016, increased circulating nucleated red blood cells	Doublon fonctionnel avec « Augmentation des érythroblastes intravasculaires » et « Hématies nucléées dans les vaisseaux villositaires ».	Érythroblastes fœtaux en excès dans la circulation placentaire
FOETO:PP.PAR-VAS-001	AMSTERDAM	MVM — artériopathie déciduale	synonyme		oui		Khong 2016, MVM — decidual arteriopathy		Artériopathie déciduale
FOETO:PP.PAR-VAS-002	AMSTERDAM	Chorangiose	synonyme		oui		Khong 2016, chorangiosis (≥10 capillaires / ≥10 villosités / ≥10 champs x10)		Chorangiose
FOETO:PP.PAR-VAS-003	AMSTERDAM	MPFD / MFI — dépôt massif de fibrinoïde périvillositaire	synonyme		oui		Khong 2016, massive perivillous fibrin deposition / maternal floor infarction	Libellé qui fusionne deux dénominations (MPFD et infarctus du plancher maternel) déjà présentes séparément dans le vocabulaire.	Dépôts fibrinoïdes périvillositaires massifs (NIDF / maternal floor infarction)
FOETO:PP.PAR-VAS-004	AMSTERDAM	FVM — malperfusion vasculaire fœtale (caryorrhexie vasculo-stromale villositaire)	critere		obsolete	Caryorrhexie vasculo-stromale villositaire (FVM)	Khong 2016, FVM remplace « endovasculite hémorragique » et « vasculopathie thrombotique fœtale »	Deux termes obsolètes cumulés (endovasculite hémorragique, VTF) et qualifieur de stade discordant FR/EN (précoce vs intermediate).	Endovasculite hémorragique (VTF stade précoce)
FOETO:PP.PAR-VAS-005	AMSTERDAM	FVM haut grade	critere	FVM haut grade	oui		Khong 2016, FVM high grade (≥2 thrombi de vaisseaux de la plaque choriale ou tronculaires)		FVM High grade — Thrombose gros vaisseaux
FOETO:PP.PAR-VAS-006	AMSTERDAM	FVM bas grade	critere	FVM bas grade	oui		Khong 2016, FVM low grade (<45 villosités avasculaires en moyenne sur 3 coupes)	Qualifieurs focal et multifocal cumulés dans le même libellé.	FVM Low grade — Villosités avasculaires focales
FOETO:PP.PAR-VAS-007	AMSTERDAM	MPFD / MFI — dépôt de fibrinoïde périvillositaire	manifestation		oui		Khong 2016, increased perivillous fibrin(oid) deposition	Doublon avec « Fibrinoïde périvillositaire » et « Dépôt périvillositaire de fibrinoïde » ; seuil de « augmenté » non défini.	Fibrine périvillositaire augmentée
FOETO:PP.PAR-VAS-008	AMSTERDAM	Chorangiose	synonyme		oui		Khong 2016, chorangiosis	Doublon strict de « Chorangiose ».	Hypercapillarisation des villosités terminales (chorangiose)
FOETO:PP.PAR-VAS-009	AMSTERDAM	MVM — hématome rétroplacentaire	critere		oui		Khong 2016, MVM — retroplacental hematoma (abruption)	Doublon avec « Hématome décidual basal (hématome rétroplacentaire) » et « Hémorragie rétroplacentaire ».	Hématome rétroplacentaire
FOETO:PP.PAR-VAS-010	BENIRSCHKE	Hémorragie intervilleuse	synonyme		oui		Benirschke, Burton & Baergen, intervillous hemorrhage		Hémorragie intervilleuse
FOETO:PP.PLA-VAS-019	AMSTERDAM	MPFD / MFI — dépôt massif de fibrinoïde périvillositaire / infarctus de la plaque basale	synonyme		oui		Khong 2016, MPFD/MFI	Doublon de contenu avec « Infarctus maternel du plancher placentaire », « Dépôt de fibrine périvillositaire massive (infarctus du plancher maternel) » et « Dépôts fibrinoïdes périvillositaires massifs (NIDF / maternal floor infarction) ».	Infarctus du plancher maternel
FOETO:PP.PLA-VAS-020	AMSTERDAM	MVM — infarctus	manifestation		oui		Khong 2016, MVM (infarctus)	L'infarctus strictement marginal est de signification limitée et n'est pas un critère de MVM ; le libellé ne le précise pas.	Infarctus marginal
FOETO:PP.PLA-TUM-012	AMSTERDAM	FVM — malperfusion vasculaire fœtale	manifestation		oui		Khong 2016, FVM	Doublon strict avec « Congestion vasculaire villositaire » (PP.PLA-VAS-002) ; de plus classé dans la série tumorale alors qu'il s'agit d'une lésion vasculaire.	Congestion villositaire
FOETO:PP.PLA-TUM-013	BENIRSCHKE	Tissu ectopique placentaire (inclusion hépatique)	manifestation		oui		Benirschke, Burton & Baergen, Pathology of the Human Placenta — inclusions et tissus ectopiques	Granularité très fine (une observation au sein d'une inclusion ectopique rarissime) par rapport au reste du vocabulaire.	Hématopoïèse extramédullaire dans le tissu hépatique ectopique placentaire
FOETO:PP.PLA-TUM-014	BENIRSCHKE	Hémosidérose placentaire (hémorragie chronique)	manifestation		non_standard	Dépôt d'hémosidérine dans le stroma villositaire	Benirschke, Burton & Baergen — pigments et hémorragie chronique	Le siège « stroma placentaire » est ambigu (villositaire vs membranaire) ; termes voisins déjà présents pour les membranes et la plaque chorioamniotique.	Hémosidérose stromale placentaire
FOETO:PP.PLA-TUM-015	BENIRSCHKE	Chorangiome	manifestation		oui		Benirschke, Burton & Baergen — tumeurs placentaires, chorangiome		Infarctus de chorangiome
FOETO:PP.PLA-TUM-016	BENIRSCHKE	Tumeur placentaire non trophoblastique — léiomyome	synonyme		oui		Benirschke, Burton & Baergen — tumeurs placentaires rares		Léiomyome placentaire
FOETO:PP.PLA-TUM-017	BENIRSCHKE	Chorangiome	manifestation		oui		Benirschke, Burton & Baergen — chorangiome, modifications secondaires		Prolifération endothéliale intravasculaire dans les chorangiomes
FOETO:PP.PLA-TUM-018	BENIRSCHKE	Chorangiome	manifestation		oui		Benirschke, Burton & Baergen — chorangiome, modifications secondaires	Recouvre le même contenu que « Thrombose vasculaire chronique dans les chorangiomes » (PP.PLA-TUM-019) ; les deux devraient être fusionnés avec un qualifieur d'ancienneté.	Thrombose intratumorale d'un chorangiome
FOETO:PP.PLA-TUM-019	BENIRSCHKE	Chorangiome	manifestation		oui		Benirschke, Burton & Baergen — chorangiome, modifications secondaires	Doublon avec « Thrombose intratumorale d'un chorangiome » (PP.PLA-TUM-018), seule l'ancienneté les distingue.	Thrombose vasculaire chronique dans les chorangiomes
FOETO:PP.PLA-TUM-020	BENIRSCHKE	Tissu ectopique placentaire (inclusion surrénalienne)	structure		oui		Benirschke, Burton & Baergen — inclusions et tissus ectopiques		Tissu surrénalien cortical ectopique placentaire
FOETO:PP.PLA-TUM-021	BENIRSCHKE	Tumeur placentaire non trophoblastique — tératome	synonyme		oui		Benirschke, Burton & Baergen — tumeurs placentaires, tératome		Tératome placentaire
FOETO:PP.PLA-VAS-001	AMSTERDAM	FVM — malperfusion vasculaire fœtale segmentaire	manifestation		non_standard	Fibrose villositaire distale post-obstructive (malperfusion vasculaire fœtale)	Khong 2016, FVM segmentaire	Libellé composite : associe deux lésions élémentaires distinctes (atrophie, fibrose stromale) et un mécanisme causal, au lieu de nommer le pattern FVM.	Atrophie et fibrose villositaires par obstruction vasculaire fœtale
FOETO:PP.PLA-VAS-002	AMSTERDAM	FVM — malperfusion vasculaire fœtale	manifestation		oui		Khong 2016, FVM	Doublon strict avec « Congestion villositaire » (PP.PLA-TUM-012).	Congestion vasculaire villositaire
FOETO:PP.PLA-VAS-003	AMSTERDAM	FVM — malperfusion vasculaire fœtale	manifestation		non_standard	Congestion villositaire récente	Khong 2016, FVM	Le libellé incorpore un mécanisme causal (obstruction vasculaire fœtale) qui relève du pattern FVM et non de la lésion élémentaire.	Congestion villositaire par obstruction vasculaire fœtale récente
FOETO:PP.PLA-VAS-034	BENIRSCHKE	Thrombus des vaisseaux fœtaux (plaque choriale / villosités tronculaires) — contenu de squames amniotiques	manifestation		oui		Benirschke, Burton & Baergen, Pathology of the Human Placenta — thrombose des vaisseaux fœtaux, contenu du thrombus		Squames amniotiques dans un thrombus vasculaire
FOETO:PP.PLA-VAS-035	AMSTERDAM	MVM — artériopathie déciduale	manifestation		oui		Khong 2016, MVM — artériopathie déciduale (thrombose artérielle)		Thrombose artérielle déciduale
FOETO:PP.MEM-INF-012	AMSTERDAM	AI — MIR stade 3 (chorioamnionite nécrosante)	synonyme	MIR stade 3	non_standard	MIR stade 3 — chorioamnionite nécrosante	Khong 2016, inflammation aiguë — réponse maternelle, stade 3	Orthographe « chorioamniotite » non retenue par le consensus (chorioamnionite).	MIR Stage 3 — Chorioamniotite nécrosante
FOETO:PP.MEM-NOR-001	BENIRSCHKE	Anatomie normale — membranes extraplacentaires (amnios, chorion laeve, décidue capsulaire)	structure		oui		Benirschke, Burton & Baergen, Pathology of the Human Placenta — anatomie normale des membranes		Membranes normales
FOETO:PP.MEM-VAS-001	AMSTERDAM	MVM — hématome rétroplacentaire / hémorragie déciduale (abruptio placentae)	manifestation	stade 1	non_standard	Hémorragie déciduale récente focale des membranes (abruptio placentae)	Khong 2016, MVM — hématome rétroplacentaire / hémorragie déciduale	Aucun référentiel ne stadifie l'abruptio placentae : le « stade 1 » est un ajout local non littéral.	Abruptio placentae — stade 1 (membranes)
FOETO:PP.MEM-VAS-002	AMSTERDAM	MVM — hématome rétroplacentaire / hémorragie déciduale (abruptio placentae)	manifestation	stade 2	non_standard	Hémorragie déciduale récente étendue de la décidue des membranes (abruptio placentae)	Khong 2016, MVM — hématome rétroplacentaire / hémorragie déciduale	Aucun référentiel ne stadifie l'abruptio placentae : le « stade 2 » est un ajout local non littéral.	Abruptio placentae — stade 2 (membranes)
FOETO:PP.EIV-NOR-000	BENIRSCHKE	Anatomie normale — espace intervilleux	structure		oui		Benirschke, Burton & Baergen, Pathology of the Human Placenta — anatomie normale, espace intervilleux		Espace intervilleux normal
FOETO:PP.EVI-NOR-000	BENIRSCHKE	Anatomie normale — parenchyme villeux (arbre villositaire)	structure		non_standard	Parenchyme villeux normal	Benirschke, Burton & Baergen, Pathology of the Human Placenta — anatomie normale du parenchyme villeux	« Espace villeux » n'est pas une structure canonique : libellé ambigu et redondant avec « Espace intervilleux normal » et « Villosités normales ».	Espace villeux normal
FOETO:PP.PAR-CLA-001	AMSTERDAM	MVM — malperfusion vasculaire maternelle (lésions villositaires)	critere		oui		Khong 2016, MVM — agglutination villositaire		Agglutination villositaire
FOETO:PP.PAR-CLA-002	AMSTERDAM	MPFD — dépôt massif de fibrinoïde périvillositaire	synonyme		oui		Khong 2016, MPFD / MFI		Dépôt massif de fibrinoïde périvillositaire
FOETO:PP.PAR-CLA-003	AMSTERDAM	Méconium — macrophages chargés de méconium	critere		non_standard	Macrophages chargés de méconium (parenchyme / plaque choriale)	Khong 2016, méconium	Formulation variante et facette de siège absente : doublon des entrées « Macrophages chargés de méconium (membranes) » et « Macrophages pigmentés au méconium ».	Macrophages pigmentés au méconium
FOETO:PP.PAR-DYS-001	BENIRSCHKE	Chorangiomatose	synonyme		oui		Benirschke, Burton & Baergen, Pathology of the Human Placenta — chorangiomatose (hors périmètre Amsterdam)		Chorangiomatose placentaire
FOETO:PP.PAR-DYS-002	BENIRSCHKE	Chorangiome	synonyme		oui		Benirschke, Burton & Baergen, Pathology of the Human Placenta — chorangiome (hors périmètre Amsterdam)	Doublon de l'entrée « Chorioangiome » du vocabulaire.	Chorangiome placentaire
FOETO:PP.PAR-DYS-003	BENIRSCHKE	Dysplasie mésenchymateuse placentaire	synonyme		oui		Benirschke, Burton & Baergen, Pathology of the Human Placenta — dysplasie mésenchymateuse placentaire		Dysplasie mésenchymateuse placentaire
FOETO:PP.PAR-INF-001	BENIRSCHKE	Infarctus villositaire — réaction inflammatoire aiguë péri-lésionnelle	manifestation		non_standard	Réaction inflammatoire aiguë intervillositaire péri-infarctus	Benirschke, Burton & Baergen, Pathology of the Human Placenta — infarctus et réaction péri-lésionnelle	À distinguer explicitement de l'intervillite chronique histiocytaire et de l'intervillite aiguë infectieuse (listériose) : lésion réactionnelle non spécifique.	Intervillosite aiguë réactionnelle périinfarctus
FOETO:PP.PLA-MET-010	BENIRSCHKE	Maladies de surcharge — dépôts de glycogène placentaires	manifestation		non_standard	Dépôts de glycogène dans les cellules endothéliales des capillaires villositaires	Benirschke, Burton & Baergen, Pathology of the Human Placenta — metabolic storage diseases	Siège cellulaire imprécis : le glycogène est intra-endothélial, non « dans les capillaires ».	Dépôts de glycogène dans les capillaires placentaires
FOETO:PP.PLA-MET-011	BENIRSCHKE	Maladies de surcharge — vacuolisation lysosomale placentaire	manifestation		non_standard	Granules PAS-positifs intracytoplasmiques dans les vacuoles (préciser le type cellulaire)	Benirschke, Burton & Baergen, Pathology of the Human Placenta — storage disorders	Descripteur histochimique sans siège ni type cellulaire : granularité incohérente avec le reste du vocabulaire.	Granules PAS-positifs intracytoplasmiques dans les vacuoles
FOETO:PP.PLA-VAS-021	AMSTERDAM	MPFD / MFI — dépôt massif de fibrinoïde périvillositaire / infarctus de la plaque basale	synonyme		non_standard	Infarctus du plancher maternel (MFI)	Khong 2016, massive perivillous fibrin deposition / maternal floor infarction	Libellé éponyme trompeur (il ne s'agit pas d'un infarctus mais d'un dépôt fibrinoïde) et doublon de « Infarctus du plancher maternel » déjà présent.	Infarctus maternel du plancher placentaire
FOETO:PP.PLA-VAS-022	AMSTERDAM	MVM — infarctus	critere		oui		Khong 2016, MVM — villous infarct (remote)		Infarctus villositaire ancien
FOETO:PP.PLA-VAS-023	AMSTERDAM	MVM — infarctus	critere		non_standard	Infarctus villositaire ancien	Khong 2016, MVM — villous infarct (remote)	Doublon de PP.PLA-VAS-022 ; la parenthèse descriptive (villosités fantomatiques) mêle le critère histologique au libellé de la lésion.	Infarctus villositaire ancien (villosités fantomatiques)
FOETO:PP.PLA-VAS-024	AMSTERDAM	MVM — infarctus	critere		non_standard	Infarctus villositaire	Khong 2016, MVM — villous infarct	Redondance « villositaire placentaire » ; terme générique qui recoupe les variantes datées (récent/subaigu/ancien).	Infarctus villositaire placentaire
FOETO:PP.PLA-VAS-025	AMSTERDAM	MVM — infarctus	critere		oui		Khong 2016, MVM — villous infarct (recent)		Infarctus villositaire récent
FOETO:PP.PLA-VAS-026	AMSTERDAM	MVM — infarctus	critere		oui		Khong 2016, MVM — villous infarct (dating)		Infarctus villositaire subaigu
FOETO:PP.PLA-VAS-027	AMSTERDAM	FVM — malperfusion vasculaire fœtale, forme globale (obstruction partielle)	synonyme		oui		Khong 2016, FVM — global/partial obstruction pattern		Malperfusion vasculaire fœtale globale
FOETO:PP.PLA-VAS-028	AMSTERDAM	FVM — malperfusion vasculaire fœtale segmentaire	critere		non_standard	Oblitération / sclérose fibromusculaire des vaisseaux de villosités tronculaires	Khong 2016, FVM — stem vessel obliteration / fibromuscular sclerosis	« Villosités-troncs » est un calque ; le vocabulaire emploie ailleurs « villosité tronculaire / souche ».	Oblitération des vaisseaux des villosités-troncs
FOETO:PP.PLA-VAS-029	AMSTERDAM	FVM — villosités avasculaires, bas grade	critere		non_standard	Villosités avasculaires focales (FVM bas grade)	Khong 2016 / Redline, FVM low grade (< 45 villosités avasculaires en moyenne sur 3 coupes)	Quantification vague (« petits foyers ») là où le référentiel impose un seuil chiffré ; doublon de « FVM Low grade — Villosités avasculaires focales ».	Petits foyers de villosités avasculaires
FOETO:PP.PLA-VAS-030	BENIRSCHKE	Congestion / pléthore vasculaire fœtale placentaire	manifestation		non_standard	Congestion vasculaire fœtale diffuse (pléthore placentaire)	Benirschke, Burton & Baergen — fetal congestion / plethora	Libellé macroscopique global : ni le compartiment vasculaire ni le versant fœtal ou maternel ne sont précisés ; orthographe « pléthore ».	Plétore placentaire
FOETO:PP.PLA-VAS-031	BENIRSCHKE	Anémie fœtale — retentissement placentaire	manifestation		non_standard	Pâleur villositaire diffuse (anémie fœtale)	Benirschke, Burton & Baergen — fetal anemia, pale placenta	Descripteur macroscopique de pâleur transposé au niveau villositaire microscopique.	Pâleur villositaire diffuse
FOETO:PP.PLA-VAS-032	BENIRSCHKE	Anémie fœtale — retentissement placentaire	manifestation		non_standard	Raréfaction des hématies fœtales dans les vaisseaux villositaires (anémie / exsanguination fœtale)	Benirschke, Burton & Baergen — fetal anemia / exsanguination	Formulation descriptive non consacrée ; recoupe la pâleur villositaire diffuse.	Raréfaction du sang fœtal intravasculaire
FOETO:PP.PLA-VAS-033	BENIRSCHKE	Hémorragie fœto-maternelle (hémorragies de Kline)	manifestation		oui		Benirschke, Burton & Baergen — Kline's hemorrhages, fetomaternal hemorrhage		Rupture syncytiale avec érythroblastes périvilleux (hémorragie de Kline)
FOETO:PP.PLA-NOR-221	BENIRSCHKE	Anatomie normale — îlot cellulaire trophoblastique (X-cell island)	structure		oui		Benirschke, Burton & Baergen, Pathology of the Human Placenta — cell islands		Îlot cellulaire trophoblastique
FOETO:PP.PLA-NOR-222	BENIRSCHKE	Anatomie normale — îlot cellulaire trophoblastique (X-cell island)	structure		non_standard	Îlot cellulaire trophoblastique	Benirschke, Burton & Baergen, Pathology of the Human Placenta — cell islands	Doublon : simple variante de nombre de PP.PLA-NOR-221, à fusionner.	Îlots cellulaires trophoblastiques
FOETO:PP.PLA-NOR-058	AMSTERDAM	FVM — malperfusion vasculaire fœtale globale (ectasie vasculaire villositaire)	critere		non_standard	Ectasie vasculaire villositaire	Khong 2016, FVM — global (partial obstruction) : villous vascular ectasia	« Dilatation sinusoïdale » recouvre aussi les sinusoïdes physiologiques des villosités terminales : le libellé ne distingue pas le normal de l'ectasie pathologique.	Dilatation sinusoïdale des capillaires fœtaux
FOETO:PP.PLA-NOR-059	GEMELLAIRE	Grossesse monochorionique — discordance de maturation/parenchyme entre territoires jumeaux (TTTS/TAPS)	manifestation		oui		Lewi/Khalil, chorionicité et placenta monochorionique ; De Paepe, twin placenta		Discordance de maturité villositaire entre jumeaux monochorioniques
FOETO:PP.PLA-NOR-060	BENIRSCHKE	Anatomie normale — décidue capsulaire des membranes libres	structure		oui		Benirschke, Burton & Baergen — decidua capsularis, membranes		Décidua capsulaire (membranes)
FOETO:PP.PLA-NOR-061	BENIRSCHKE	Anatomie normale — décidue pariétale (vaisseaux déciduaux membranaires)	structure		non_standard	Décidue pariétale	Benirschke, Burton & Baergen — decidua parietalis	Le suffixe « architecture vasculaire » ajoute un axe descriptif sans lésion : repère anatomique redondant.	Décidua pariétale — architecture vasculaire
FOETO:PP.PLA-NOR-062	HORS_REFERENTIEL		hors		non_standard			Constatation de biologie vasculaire (phénotype des cellules musculaires lisses des artères villositaires) non codée comme item diagnostique par aucun référentiel placentaire.	Dédifférenciation des cellules musculaires lisses artérielles villeuses
FOETO:PP.PLA-NOR-063	BENIRSCHKE	Effet du méconium sur l'amnios — dégénérescence de l'épithélium amniotique	manifestation		oui		Benirschke, Burton & Baergen — amnion, meconium effect (ballooning degeneration)		Dégénérescence ballonnisante de l'épithélium amniotique
FOETO:PP.PLA-NOR-064	BENIRSCHKE	Lésions dégénératives du syncytiotrophoblaste (dénudation / nécrose syncytiale focale)	manifestation		oui		Benirschke, Burton & Baergen — syncytial denudation and repair		Dénudation focale du syncytiotrophoblaste
FOETO:PP.PLA-NOR-065	BENIRSCHKE	Anatomie normale — fibrine sous-choriale (strie de Langhans)	structure		oui		Benirschke, Burton & Baergen — subchorial fibrin, Langhans stria	Dépôt physiologique dont l'épaisseur varie avec l'âge gestationnel : n'a de valeur lésionnelle que s'il est massif (thrombohématome sous-chorial).	Dépôt de fibrine sous-choriale
FOETO:PP.PLA-NOR-066	BENIRSCHKE	Dépôt de fibrinoïde placentaire (fibrinoïde de type fibrine / matriciel)	manifestation		non_standard	Dépôt de fibrinoïde périvillositaire (préciser siège et étendue)	Benirschke, Burton & Baergen — fibrin(oid) deposition	Libellé générique fourre-tout : ni siège ni quantification, il chevauche à la fois le dépôt physiologique et le MPFD d'Amsterdam.	Dépôt de fibrinoïde placentaire
FOETO:PP.PLA-NOR-067	BENIRSCHKE	Minéralisation de la membrane basale trophoblastique (dépôts calciques et ferriques)	manifestation		oui		Benirschke, Burton & Baergen — mineralization of trophoblastic basement membrane		Dépôts calciques et ferriques dans la membrane basale trophoblastique
FOETO:PP.PLA-NOR-068	AMSTERDAM	MPFD — dépôt massif de fibrinoïde périvillositaire	manifestation		non_standard	Dépôt de fibrinoïde périvillositaire	Khong 2016, MPFD / massive perivillous fibrinoid deposition	Sans quantification, le libellé ne distingue pas le dépôt périvillositaire physiologique focal du MPFD ; doublonne avec « Fibrinoïde périvillositaire ».	Dépôts de fibrine sur la surface villositaire
FOETO:PP.PLA-NOR-069	BENIRSCHKE	Anatomie normale — fibrinoïde de la plaque basale (Nitabuch / Rohr)	structure		oui		Benirschke, Burton & Baergen — basal plate, Nitabuch and Rohr fibrinoid		Dépôts de fibrinoïde dans la plaque basale
FOETO:PP.PLA-NOR-070	BENIRSCHKE	Anatomie normale — espace intervilleux	structure		oui		Benirschke, Burton & Baergen — intervillous space		Espace intervilleux
FOETO:PP.PLA-NOR-176	BENIRSCHKE	Anatomie normale — trophoblaste villositaire (syncytiotrophoblaste)	structure		oui		Benirschke, Burton & Baergen, Pathology of the Human Placenta — architecture villositaire normale		Syncytiotrophoblaste
FOETO:PP.PLA-NOR-177	BENIRSCHKE	Anatomie normale — trophoblaste villositaire (syncytiotrophoblaste)	structure		oui		Benirschke, Burton & Baergen, Pathology of the Human Placenta — architecture villositaire normale	Doublon de « Syncytiotrophoblaste » : même contenu, granularité redondante.	Syncytiotrophoblaste villositaire
FOETO:PP.PLA-NOR-178	BENIRSCHKE	Anatomie normale — trophoblaste extravilleux	structure		oui		Benirschke, Burton & Baergen — trophoblaste extravilleux, colonnes et îlots cellulaires		Trophoblaste extravilleux
FOETO:PP.PLA-NOR-179	BENIRSCHKE	Anatomie normale — trophoblaste extravilleux (plaque basale)	structure		oui		Benirschke, Burton & Baergen — plaque basale, trophoblaste extravilleux		Trophoblaste extravilleux de la plaque basale
FOETO:PP.PLA-NOR-180	BENIRSCHKE	Anatomie normale — trophoblaste extravilleux du chorion laeve	structure		oui		Benirschke, Burton & Baergen — chorion laeve, trophoblaste extravilleux		Trophoblaste extravilleux des membranes
FOETO:PP.PLA-NOR-181	BENIRSCHKE	Anatomie normale — trophoblaste extravilleux inclus dans le fibrinoïde	structure		oui		Benirschke, Burton & Baergen — fibrinoïde de type matriciel et trophoblaste extravilleux		Trophoblaste extravillositaire dans le fibrinoïde
FOETO:PP.PLA-NOR-182	BENIRSCHKE	Anatomie normale — trophoblaste intermédiaire de type chorionique (membranes)	structure		non_standard	Trophoblaste intermédiaire de type chorionique des membranes	Benirschke, Burton & Baergen — trophoblaste intermédiaire, chorion laeve	Anglicisme non corrigé (« chorionic ») dans le libellé français.	Trophoblaste intermédiaire de type chorionic des membranes
FOETO:PP.PLA-NOR-183	BENIRSCHKE	Anatomie normale — trophoblaste villositaire	structure		non_standard	Trophoblaste villositaire d'aspect normal	Benirschke, Burton & Baergen — architecture villositaire normale	Énoncé partiellement négatif (« sans hyperplasie ») : mélange un constat normal et l'exclusion d'une lésion.	Trophoblaste villositaire d'aspect normal sans hyperplasie
FOETO:PP.PLA-NOR-184	BENIRSCHKE	Maladie de surcharge lysosomale — vacuolisation des cellules de Hofbauer	manifestation		non_standard	Vacuolisation des cellules de Hofbauer (macrophages stromaux villositaires)	Benirschke, Burton & Baergen — maladies de surcharge (mucopolysaccharidoses, Gaucher, sialidose)	Doublon de « Vacuolisation des cellules de Hofbauer » ; terme lésionnel classé dans le bloc des structures normales.	Vacuolisation des macrophages stromaux villositaires
FOETO:PP.PLA-NOR-185	BENIRSCHKE	Anatomie normale — plaque choriale et vaisseaux chorioniques	structure		oui		Benirschke, Burton & Baergen — plaque choriale, vaisseaux allanto-choriaux		Vaisseaux chorioniques de la plaque choriale
FOETO:PP.PLA-NOR-186	BENIRSCHKE	Anatomie normale — reliquats vitellins du cordon ombilical	structure		oui		Benirschke, Burton & Baergen — cordon ombilical, reliquats vitellins et allantoïdiens	Doublon de « Reliquat vasculaire vitellin dans le cordon ombilical ».	Vaisseaux vitellins résiduels du cordon
FOETO:PP.PLA-NOR-187	BENIRSCHKE	Anatomie normale — forme placentaire (disque, index de forme)	structure		non_standard	Forme placentaire — variante (index de forme)	Benirschke, Burton & Baergen — morphométrie et forme du disque placentaire	Paramètre morphométrique macroscopique, ni lésion ni structure ; granularité hétérogène par rapport au reste du vocabulaire.	Variabilité de forme placentaire (index de forme)
FOETO:PP.PLA-NOR-188	BENIRSCHKE	Anatomie normale — paroi de la veine ombilicale	structure		oui		Benirschke, Burton & Baergen — histologie des vaisseaux ombilicaux		Veine ombilicale — lame élastique interne
FOETO:PP.PLA-NOR-189	BENIRSCHKE	Dépôt de vernix caseosa / squames sur la face amniotique	manifestation		oui		Benirschke, Burton & Baergen — amnios, vernix et réaction à corps étranger	Terme lésionnel/de dépôt placé dans le bloc des structures normales ; à distinguer de la réaction à corps étranger au vernix déjà présente.	Vernix caseosa sous-amniotique
FOETO:PP.PLA-NOR-190	BENIRSCHKE	Anatomie normale — villosités atrophiques (fantômes) du chorion laeve	structure		non_standard	Villosités atrophiques (fantômes) du chorion laeve	Benirschke, Burton & Baergen — chorion laeve, villosités atrophiques	Homonymie avec « Villosités fantômes (ghosts villositaires) » de l'infarctus ancien, qui est une lésion : deux entités distinctes sous un libellé proche.	Villi fantômes du chorion lisse
